# WaveFront *.obj file (generated by Autodesk ATF)

mtllib Senso v1.mtl

g Körper1

v 9.998473 0.000000 0.000000
v 9.875376 1.564106 0.000000
v 9.509113 3.089698 0.000000
v 8.908705 4.539212 0.000000
v 8.088935 5.876955 0.000000
v 7.069988 7.069988 0.000000
v 5.876955 8.088935 0.000000
v 4.539212 8.908705 0.000000
v 3.089698 9.509113 0.000000
v 1.564106 9.875376 0.000000
v -0.000000 9.998473 -0.000000
v -1.564106 9.875376 -0.000000
v -3.089698 9.509113 -0.000000
v -4.539212 8.908705 -0.000000
v -5.876955 8.088935 -0.000000
v -7.069988 7.069988 -0.000000
v -8.088935 5.876955 -0.000000
v -8.908705 4.539212 -0.000000
v -9.509113 3.089698 -0.000000
v -9.875376 1.564106 -0.000000
v -9.998473 -0.000000 -0.000000
v -9.875376 -1.564106 -0.000000
v -9.509113 -3.089698 -0.000000
v -8.908705 -4.539212 -0.000000
v -8.088935 -5.876955 -0.000000
v -7.069988 -7.069988 -0.000000
v -5.876955 -8.088935 -0.000000
v -4.539212 -8.908705 -0.000000
v -3.089698 -9.509113 -0.000000
v -1.564106 -9.875376 -0.000000
v -0.000000 -9.998473 0.000000
v 1.564106 -9.875376 0.000000
v 3.089698 -9.509113 0.000000
v 4.539212 -8.908705 0.000000
v 5.876955 -8.088935 0.000000
v 7.069988 -7.069988 0.000000
v 8.088935 -5.876955 0.000000
v 8.908705 -4.539212 0.000000
v 9.509113 -3.089698 0.000000
v 9.875376 -1.564106 0.000000
v 9.996947 0.000000 -0.200000
v 9.948809 -0.979872 -0.200000
v 9.804858 -1.950308 -0.200000
v 9.566482 -2.901960 -0.200000
v 9.235975 -3.825666 -0.200000
v 8.816520 -4.712528 -0.200000
v 8.312157 -5.554006 -0.200000
v 7.727744 -6.341996 -0.200000
v 7.068909 -7.068909 -0.200000
v 6.341996 -7.727744 -0.200000
v 5.554006 -8.312157 -0.200000
v 4.712528 -8.816520 -0.200000
v 3.825666 -9.235975 -0.200000
v 2.901960 -9.566482 -0.200000
v 1.950308 -9.804858 -0.200000
v 0.979872 -9.948809 -0.200000
v -0.000000 -9.996947 -0.200000
v -0.979872 -9.948809 -0.200000
v -1.950308 -9.804858 -0.200000
v -2.901960 -9.566482 -0.200000
v -3.825666 -9.235975 -0.200000
v -4.712528 -8.816520 -0.200000
v -5.554006 -8.312157 -0.200000
v -6.341996 -7.727744 -0.200000
v -7.068909 -7.068909 -0.200000
v -7.727744 -6.341996 -0.200000
v -8.312157 -5.554006 -0.200000
v -8.816520 -4.712528 -0.200000
v -9.235975 -3.825666 -0.200000
v -9.566482 -2.901960 -0.200000
v -9.804858 -1.950308 -0.200000
v -9.948809 -0.979872 -0.200000
v -9.996947 -0.000000 -0.200000
v -9.948809 0.979872 -0.200000
v -9.804858 1.950308 -0.200000
v -9.566482 2.901960 -0.200000
v -9.235975 3.825666 -0.200000
v -8.816520 4.712528 -0.200000
v -8.312157 5.554006 -0.200000
v -7.727744 6.341996 -0.200000
v -7.068909 7.068909 -0.200000
v -6.341996 7.727744 -0.200000
v -5.554006 8.312157 -0.200000
v -4.712528 8.816520 -0.200000
v -3.825666 9.235975 -0.200000
v -2.901960 9.566482 -0.200000
v -1.950308 9.804858 -0.200000
v -0.979872 9.948809 -0.200000
v -0.000000 9.996947 -0.200000
v 0.979872 9.948809 -0.200000
v 1.950308 9.804858 -0.200000
v 2.901960 9.566482 -0.200000
v 3.825666 9.235975 -0.200000
v 4.712528 8.816520 -0.200000
v 5.554006 8.312157 -0.200000
v 6.341996 7.727744 -0.200000
v 7.068909 7.068909 -0.200000
v 7.727744 6.341996 -0.200000
v 8.312157 5.554006 -0.200000
v 8.816520 4.712528 -0.200000
v 9.235975 3.825666 -0.200000
v 9.566482 2.901960 -0.200000
v 9.804858 1.950308 -0.200000
v 9.948809 0.979872 -0.200000
v -10.337465 0.000000 -4.121729
v -10.216314 -1.578007 -4.121729
v -9.855702 -3.119026 -4.121729
v -9.264080 -4.586938 -4.121729
v -8.455316 -5.947337 -4.121729
v -7.448367 -7.168334 -4.121729
v -6.266834 -8.221312 -4.121729
v -4.938412 -9.081590 -4.121729
v -3.494238 -9.729002 -4.121729
v -1.968161 -10.148375 -4.121729
v -0.395953 -10.329879 -4.121729
v 1.185536 -10.269259 -4.121729
v 2.739237 -9.967937 -4.121729
v 4.228733 -9.432974 -4.121729
v 5.619111 -8.676911 -4.121729
v 6.877781 -7.717468 -4.121729
v 7.975242 -6.577134 -4.121729
v 8.885771 -5.282638 -4.121729
v 9.588024 -3.864321 -4.121729
v 10.065542 -2.355428 -4.121729
v 10.307133 -0.791325 -4.121729
v 10.307133 0.791325 -4.121729
v 10.065542 2.355428 -4.121729
v 9.588024 3.864321 -4.121729
v 8.885771 5.282638 -4.121729
v 7.975242 6.577134 -4.121729
v 6.877781 7.717468 -4.121729
v 5.619111 8.676911 -4.121729
v 4.228733 9.432974 -4.121729
v 2.739237 9.967937 -4.121729
v 1.185536 10.269259 -4.121729
v -0.395953 10.329879 -4.121729
v -1.968161 10.148375 -4.121729
v -3.494238 9.729002 -4.121729
v -4.938412 9.081590 -4.121729
v -6.266834 8.221312 -4.121729
v -7.448367 7.168334 -4.121729
v -8.455316 5.947337 -4.121729
v -9.264080 4.586938 -4.121729
v -9.855702 3.119026 -4.121729
v -10.216314 1.578007 -4.121729
v -9.195777 0.000000 -4.800000
v -9.070358 1.513575 -4.800000
v -8.697524 2.985864 -4.800000
v -8.087444 4.376706 -4.800000
v -7.256760 5.648163 -4.800000
v -6.228130 6.765553 -4.800000
v -5.029613 7.698396 -4.800000
v -3.693901 8.421247 -4.800000
v -2.257430 8.914388 -4.800000
v -0.759381 9.164368 -4.800000
v 0.759381 9.164368 -4.800000
v 2.257430 8.914388 -4.800000
v 3.693901 8.421247 -4.800000
v 5.029613 7.698396 -4.800000
v 6.228130 6.765553 -4.800000
v 7.256760 5.648163 -4.800000
v 8.087444 4.376706 -4.800000
v 8.697524 2.985864 -4.800000
v 9.070358 1.513575 -4.800000
v 9.195777 0.000000 -4.800000
v 9.070358 -1.513575 -4.800000
v 8.697524 -2.985864 -4.800000
v 8.087444 -4.376706 -4.800000
v 7.256760 -5.648163 -4.800000
v 6.228130 -6.765553 -4.800000
v 5.029613 -7.698396 -4.800000
v 3.693901 -8.421247 -4.800000
v 2.257430 -8.914388 -4.800000
v 0.759381 -9.164368 -4.800000
v -0.759381 -9.164368 -4.800000
v -2.257430 -8.914388 -4.800000
v -3.693901 -8.421247 -4.800000
v -5.029613 -7.698396 -4.800000
v -6.228130 -6.765553 -4.800000
v -7.256760 -5.648163 -4.800000
v -8.087444 -4.376706 -4.800000
v -8.697524 -2.985864 -4.800000
v -9.070358 -1.513575 -4.800000
v 10.132044 -0.000000 -4.401889
v 9.859761 -0.000000 -4.617642
v 9.540062 -0.000000 -4.753582
v -3.902540 -8.705341 -4.753582
v -3.902540 8.705341 -4.753582
v -10.102314 -0.775600 -4.401889
v -9.830831 -0.754757 -4.617642
v -9.512070 -0.730285 -4.753582
v -9.512070 0.730285 -4.753582
v -9.830831 0.754757 -4.617642
v -10.102314 0.775600 -4.401889
v -9.865525 -2.308622 -4.401889
v -9.600405 -2.246581 -4.617642
v -9.289115 -2.173737 -4.753582
v -9.397496 -3.787531 -4.401889
v -9.144953 -3.685747 -4.617642
v -8.848431 -3.566238 -4.753582
v -8.709197 -5.177664 -4.401889
v -8.475151 -5.038522 -4.617642
v -8.200347 -4.875150 -4.753582
v -7.816762 -6.446436 -4.401889
v -7.606699 -6.273199 -4.617642
v -7.360055 -6.069792 -4.753582
v -6.741109 -7.564110 -4.401889
v -6.559953 -7.360837 -4.617642
v -6.347249 -7.122164 -4.753582
v -5.507450 -8.504487 -4.401889
v -5.359446 -8.275943 -4.617642
v -5.185668 -8.007598 -4.753582
v -4.144701 -9.245527 -4.401889
v -4.033319 -8.997068 -4.617642
v -2.684804 -9.769859 -4.401889
v -2.612654 -9.507309 -4.617642
v -2.527940 -9.199038 -4.753582
v -1.161977 -10.065194 -4.401889
v -1.130751 -9.794708 -4.617642
v -1.094087 -9.477118 -4.753582
v 0.388085 -10.124609 -4.401889
v 0.377656 -9.852526 -4.617642
v 0.365410 -9.533061 -4.753582
v 1.929051 -9.946712 -4.401889
v 1.877211 -9.679410 -4.617642
v 1.816343 -9.365558 -4.753582
v 3.424802 -9.535672 -4.401889
v 3.332766 -9.279416 -4.617642
v 3.224702 -8.978535 -4.753582
v 4.840278 -8.901125 -4.401889
v 4.710203 -8.661921 -4.617642
v 4.557477 -8.381061 -4.753582
v 6.142302 -8.057942 -4.401889
v 5.977238 -7.841398 -4.617642
v 5.783428 -7.587143 -4.753582
v 7.300356 -7.025889 -4.401889
v 7.104171 -6.837079 -4.617642
v 6.873821 -6.615389 -4.753582
v 8.287296 -5.829154 -4.401889
v 8.064588 -5.672505 -4.617642
v 7.803097 -5.488576 -4.753582
v 9.079989 -4.495789 -4.401889
v 8.835979 -4.374972 -4.617642
v 8.549475 -4.233115 -4.753582
v 9.659854 -3.057046 -4.401889
v 9.400261 -2.974893 -4.617642
v 9.095461 -2.878433 -4.753582
v 10.013301 -1.546649 -4.401889
v 9.744209 -1.505086 -4.617642
v 9.428257 -1.456284 -4.753582
v 10.013301 1.546649 -4.401889
v 9.744209 1.505086 -4.617642
v 9.428257 1.456284 -4.753582
v 9.659854 3.057046 -4.401889
v 9.400261 2.974893 -4.617642
v 9.095461 2.878433 -4.753582
v 9.079989 4.495789 -4.401889
v 8.835979 4.374972 -4.617642
v 8.549475 4.233115 -4.753582
v 8.287296 5.829154 -4.401889
v 8.064588 5.672505 -4.617642
v 7.803097 5.488576 -4.753582
v 7.300356 7.025889 -4.401889
v 7.104171 6.837079 -4.617642
v 6.873821 6.615389 -4.753582
v 6.142302 8.057942 -4.401889
v 5.977238 7.841398 -4.617642
v 5.783428 7.587143 -4.753582
v 4.840278 8.901125 -4.401889
v 4.710203 8.661921 -4.617642
v 4.557477 8.381061 -4.753582
v 3.424802 9.535672 -4.401889
v 3.332766 9.279416 -4.617642
v 3.224702 8.978535 -4.753582
v 1.929051 9.946712 -4.401889
v 1.877211 9.679410 -4.617642
v 1.816343 9.365558 -4.753582
v 0.388085 10.124609 -4.401889
v 0.377656 9.852526 -4.617642
v 0.365410 9.533061 -4.753582
v -1.161977 10.065194 -4.401889
v -1.130751 9.794708 -4.617642
v -1.094087 9.477118 -4.753582
v -2.684804 9.769859 -4.401889
v -2.612654 9.507309 -4.617642
v -2.527940 9.199038 -4.753582
v -4.144701 9.245527 -4.401889
v -4.033319 8.997068 -4.617642
v -5.507450 8.504487 -4.401889
v -5.359446 8.275943 -4.617642
v -5.185668 8.007598 -4.753582
v -6.741109 7.564110 -4.401889
v -6.559953 7.360837 -4.617642
v -6.347249 7.122164 -4.753582
v -7.816762 6.446436 -4.401889
v -7.606699 6.273199 -4.617642
v -7.360055 6.069792 -4.753582
v -8.709197 5.177664 -4.401889
v -8.475151 5.038522 -4.617642
v -8.200347 4.875150 -4.753582
v -9.397496 3.787531 -4.401889
v -9.144953 3.685747 -4.617642
v -8.848431 3.566238 -4.753582
v -9.865525 2.308622 -4.401889
v -9.600405 2.246581 -4.617642
v -9.289115 2.173737 -4.753582
v -10.025797 0.000000 -0.200000
v -10.321930 0.000000 -0.715246
v -10.550537 0.000000 -1.222481
v -10.707539 0.000000 -1.720821
v -10.788806 0.000000 -2.209477
v -10.790972 0.000000 -2.690464
v -10.715029 0.000000 -3.167487
v -10.562826 0.000000 -3.643972
v -9.977520 -0.982700 -0.200000
v -9.833154 -1.955936 -0.200000
v -9.594089 -2.910335 -0.200000
v -9.262629 -3.836706 -0.200000
v -8.841963 -4.726128 -0.200000
v -8.336145 -5.570034 -0.200000
v -7.750046 -6.360298 -0.200000
v -7.089309 -7.089309 -0.200000
v -6.360298 -7.750046 -0.200000
v -5.570034 -8.336145 -0.200000
v -4.726128 -8.841963 -0.200000
v -3.836706 -9.262629 -0.200000
v -2.910335 -9.594089 -0.200000
v -1.955936 -9.833154 -0.200000
v -0.982700 -9.977520 -0.200000
v -0.000000 -10.025797 -0.200000
v 0.982700 -9.977520 -0.200000
v 1.955936 -9.833154 -0.200000
v 2.910335 -9.594089 -0.200000
v 3.836706 -9.262629 -0.200000
v 4.726128 -8.841963 -0.200000
v 5.570034 -8.336145 -0.200000
v 6.360298 -7.750046 -0.200000
v 7.089309 -7.089309 -0.200000
v 7.750046 -6.360298 -0.200000
v 8.336145 -5.570034 -0.200000
v 8.841963 -4.726128 -0.200000
v 9.262629 -3.836706 -0.200000
v 9.594089 -2.910335 -0.200000
v 9.833154 -1.955936 -0.200000
v 9.977520 -0.982700 -0.200000
v 10.025797 0.000000 -0.200000
v 9.977520 0.982700 -0.200000
v 9.833154 1.955936 -0.200000
v 9.594089 2.910335 -0.200000
v 9.262629 3.836706 -0.200000
v 8.841963 4.726128 -0.200000
v 8.336145 5.570034 -0.200000
v 7.750046 6.360298 -0.200000
v 7.089309 7.089309 -0.200000
v 6.360298 7.750046 -0.200000
v 5.570034 8.336145 -0.200000
v 4.726128 8.841963 -0.200000
v 3.836706 9.262629 -0.200000
v 2.910335 9.594089 -0.200000
v 1.955936 9.833154 -0.200000
v 0.982700 9.977520 -0.200000
v -0.000000 10.025797 -0.200000
v -0.982700 9.977520 -0.200000
v -1.955936 9.833154 -0.200000
v -2.910335 9.594089 -0.200000
v -3.836706 9.262629 -0.200000
v -4.726128 8.841963 -0.200000
v -5.570034 8.336145 -0.200000
v -6.360298 7.750046 -0.200000
v -7.089309 7.089309 -0.200000
v -7.750046 6.360298 -0.200000
v -8.336145 5.570034 -0.200000
v -8.841963 4.726128 -0.200000
v -9.262629 3.836706 -0.200000
v -9.594089 2.910335 -0.200000
v -9.833154 1.955936 -0.200000
v -9.977520 0.982700 -0.200000
v -8.405886 6.560018 -3.360079
v -7.352350 7.722415 -3.360079
v -5.481713 9.145686 -3.360079
v 5.026353 9.403645 -3.360079
v 6.351751 8.564345 -3.360079
v 7.539654 7.539654 -3.360079
v 8.667124 6.210774 -3.360079
v 10.203549 3.095213 -3.360079
v 10.571460 1.391759 -3.360079
v 10.656971 -0.348873 -3.360079
v 10.592816 -1.218605 -3.360079
v 10.252826 -2.927851 -3.360079
v 9.638949 -4.558883 -3.360079
v 8.767583 -6.068133 -3.360079
v 6.351751 -8.564345 -3.360079
v 4.871820 -9.484626 -3.360079
v 3.261746 -10.151540 -3.360079
v 2.421242 -10.384139 -3.360079
v -1.045125 -10.611337 -3.360079
v -2.759705 -10.299358 -3.360079
v -5.923868 -8.865695 -3.360079
v -7.288926 -7.782307 -3.360079
v -8.459273 -6.491029 -3.360079
v -8.961433 -5.778017 -3.360079
v -9.782951 -4.241065 -3.360079
v -10.343133 -2.590820 -3.360079
v -10.547273 1.564540 -3.360079
v -10.638233 1.578033 -2.979911
v -10.680300 1.584273 -2.599027
v -10.679125 1.584099 -2.310198
v -10.649683 1.579731 -2.018767
v -10.592387 1.571232 -1.724038
v -10.507941 1.558706 -1.425738
v -10.397249 1.542286 -1.123912
v -10.261304 1.522121 -0.818797
v -10.101056 1.498350 -0.510717
v -10.203549 3.095213 -3.360079
v -10.291544 3.121906 -2.979911
v -10.332240 3.134251 -2.599027
v -10.331104 3.133906 -2.310198
v -10.302621 3.125266 -2.018767
v -10.247192 3.108452 -1.724038
v -10.165499 3.083670 -1.425738
v -10.058414 3.051187 -1.123912
v -9.926900 3.011292 -0.818797
v -9.771873 2.964265 -0.510717
v -9.638949 4.558883 -3.360079
v -9.722075 4.598199 -2.979911
v -9.760519 4.616382 -2.599027
v -9.759446 4.615874 -2.310198
v -9.732539 4.603148 -2.018767
v -9.680177 4.578383 -1.724038
v -9.603004 4.541883 -1.425738
v -9.501845 4.494038 -1.123912
v -9.377608 4.435278 -0.818797
v -9.231160 4.366013 -0.510717
v -8.865695 5.923868 -3.360079
v -8.942153 5.974955 -2.979911
v -8.977513 5.998582 -2.599027
v -8.976525 5.997922 -2.310198
v -8.951777 5.981386 -2.018767
v -8.903616 5.949206 -1.724038
v -8.832634 5.901777 -1.425738
v -8.739590 5.839607 -1.123912
v -8.625319 5.763254 -0.818797
v -8.490619 5.673250 -0.510717
v -8.478378 6.616591 -2.979911
v -8.511905 6.642755 -2.599027
v -8.510968 6.642025 -2.310198
v -8.487504 6.623713 -2.018767
v -8.441840 6.588077 -1.724038
v -8.374540 6.535555 -1.425738
v -8.286321 6.466709 -1.123912
v -8.177977 6.382156 -0.818797
v -8.050263 6.282487 -0.510717
v -7.415757 7.789013 -2.979911
v -7.445081 7.819813 -2.599027
v -7.444262 7.818953 -2.310198
v -7.423739 7.797397 -2.018767
v -7.383799 7.755446 -1.724038
v -7.324933 7.693617 -1.425738
v -7.247771 7.612572 -1.123912
v -7.153006 7.513037 -0.818797
v -7.041299 7.395707 -0.510717
v -7.566282 6.857678 -0.510717
v -7.686318 6.966472 -0.818797
v -7.788149 7.058766 -1.123912
v -7.871063 7.133916 -1.425738
v -7.934318 7.191247 -1.724038
v -7.977236 7.230145 -2.018767
v -7.999290 7.250134 -2.310198
v -8.000170 7.250931 -2.599027
v -7.968659 7.222372 -2.979911
v -7.900525 7.160619 -3.360079
v -6.139659 8.717646 -3.360079
v -6.192607 8.792827 -2.979911
v -6.217095 8.827596 -2.599027
v -6.216411 8.826625 -2.310198
v -6.199272 8.802290 -2.018767
v -6.165920 8.754933 -1.724038
v -6.116763 8.685137 -1.425738
v -6.052329 8.593646 -1.123912
v -5.973194 8.481284 -0.818797
v -5.879912 8.348833 -0.510717
v -6.478158 7.893659 -0.510717
v -6.580931 8.018888 -0.818797
v -6.668117 8.125125 -1.123912
v -6.739108 8.211627 -1.425738
v -6.793266 8.277618 -1.724038
v -6.830012 8.322393 -2.018767
v -6.848894 8.345401 -2.310198
v -6.849647 8.346319 -2.599027
v -6.822669 8.313446 -2.979911
v -6.764333 8.242363 -3.360079
v -4.080431 9.851032 -3.360079
v -4.115621 9.935988 -2.979911
v -4.131895 9.975277 -2.599027
v -4.131441 9.974180 -2.310198
v -4.120050 9.946682 -2.018767
v -4.097884 9.893168 -1.724038
v -4.065215 9.814297 -1.425738
v -4.022391 9.710912 -1.123912
v -3.969798 9.583941 -0.818797
v -3.907803 9.434270 -0.510717
v -5.249802 8.758765 -0.510717
v -5.333087 8.897719 -0.818797
v -5.403742 9.015598 -1.123912
v -5.461271 9.111581 -1.425738
v -5.505160 9.184805 -1.724038
v -5.534938 9.234487 -2.018767
v -5.550240 9.260017 -2.310198
v -5.550851 9.261035 -2.599027
v -5.528988 9.224559 -2.979911
v -2.590820 10.343133 -3.360079
v -2.613163 10.432333 -2.979911
v -2.623496 10.473585 -2.599027
v -2.623208 10.472433 -2.310198
v -2.615976 10.443561 -2.018767
v -2.601902 10.387374 -1.724038
v -2.581159 10.304563 -1.425738
v -2.553968 10.196013 -1.123912
v -2.520575 10.062699 -0.818797
v -2.481212 9.905552 -0.510717
v -1.045125 10.611337 -3.360079
v -1.054139 10.702849 -2.979911
v -1.058307 10.745171 -2.599027
v -1.058191 10.743989 -2.310198
v -1.055273 10.714368 -2.018767
v -1.049596 10.656724 -1.724038
v -1.041228 10.571766 -1.425738
v -1.030260 10.460402 -1.123912
v -1.016789 10.323631 -0.818797
v -1.000910 10.162409 -0.510717
v 0.523193 10.649837 -3.360079
v 0.527705 10.741681 -2.979911
v 0.529792 10.784157 -2.599027
v 0.529733 10.782971 -2.310198
v 0.528273 10.753242 -2.018767
v 0.525431 10.695389 -1.724038
v 0.521242 10.610122 -1.425738
v 0.515751 10.498354 -1.123912
v 0.509008 10.361087 -0.818797
v 0.501059 10.199280 -0.510717
v 2.080186 10.457800 -3.360079
v 2.098125 10.547988 -2.979911
v 2.106422 10.589698 -2.599027
v 2.106190 10.588533 -2.310198
v 2.100383 10.559341 -2.018767
v 2.089083 10.502531 -1.724038
v 2.072429 10.418802 -1.425738
v 2.050597 10.309049 -1.123912
v 2.023786 10.174257 -0.818797
v 1.992181 10.015368 -0.510717
v 3.592149 10.039383 -3.360079
v 3.623128 10.125963 -2.979911
v 3.637455 10.166004 -2.599027
v 3.637054 10.164886 -2.310198
v 3.627027 10.136862 -2.018767
v 3.607513 10.082325 -1.724038
v 3.578753 10.001946 -1.425738
v 3.541054 9.896584 -1.123912
v 3.494755 9.767185 -0.818797
v 3.440178 9.614653 -0.510717
v 5.069700 9.484742 -2.979911
v 5.089747 9.522247 -2.599027
v 5.089187 9.521200 -2.310198
v 5.075157 9.494950 -2.018767
v 5.047852 9.443867 -1.724038
v 5.007609 9.368577 -1.425738
v 4.954858 9.269888 -1.123912
v 4.890073 9.148683 -0.818797
v 4.813706 9.005810 -0.510717
v 6.406529 8.638204 -2.979911
v 6.431862 8.672362 -2.599027
v 6.431155 8.671408 -2.310198
v 6.413424 8.647501 -2.018767
v 6.378920 8.600977 -1.724038
v 6.328065 8.532408 -1.425738
v 6.261404 8.442527 -1.123912
v 6.179536 8.332140 -0.818797
v 6.083031 8.202018 -0.510717
v 5.463171 8.627290 -0.510717
v 5.549842 8.764158 -0.818797
v 5.623368 8.880269 -1.123912
v 5.683236 8.974810 -1.425738
v 5.728908 9.046935 -1.724038
v 5.759897 9.095871 -2.018767
v 5.775821 9.121018 -2.310198
v 5.776456 9.122021 -2.599027
v 5.753704 9.086092 -2.979911
v 5.704509 9.008404 -3.360079
v 7.604676 7.604676 -2.979911
v 7.634747 7.634747 -2.599027
v 7.633907 7.633907 -2.310198
v 7.612861 7.612861 -2.018767
v 7.571903 7.571903 -1.724038
v 7.511537 7.511537 -1.425738
v 7.432410 7.432410 -1.123912
v 7.335231 7.335231 -0.818797
v 7.220678 7.220678 -0.510717
v 6.669927 7.732299 -0.510717
v 6.775742 7.854968 -0.818797
v 6.865510 7.959034 -1.123912
v 6.938602 8.043768 -1.425738
v 6.994363 8.108410 -1.724038
v 7.032196 8.152270 -2.018767
v 7.051638 8.174808 -2.310198
v 7.052413 8.175707 -2.599027
v 7.024636 8.143505 -2.979911
v 6.964573 8.073876 -3.360079
v 8.741870 6.264335 -2.979911
v 8.776438 6.289106 -2.599027
v 8.775472 6.288415 -2.310198
v 8.751279 6.271078 -2.018767
v 8.704196 6.237339 -1.724038
v 8.634804 6.187613 -1.425738
v 8.543844 6.122432 -1.123912
v 8.432132 6.042380 -0.818797
v 8.300449 5.948018 -0.510717
v 7.786608 6.606445 -0.510717
v 7.910139 6.711253 -0.818797
v 8.014935 6.800166 -1.123912
v 8.100264 6.872562 -1.425738
v 8.165361 6.927793 -1.724038
v 8.209528 6.965266 -2.018767
v 8.232225 6.984522 -2.310198
v 8.233130 6.985291 -2.599027
v 8.200702 6.957778 -2.979911
v 8.130584 6.898287 -3.360079
v 9.563067 4.715983 -3.360079
v 9.645539 4.756654 -2.979911
v 9.683681 4.775463 -2.599027
v 9.682616 4.774938 -2.310198
v 9.655921 4.761773 -2.018767
v 9.603971 4.736155 -1.724038
v 9.527406 4.698397 -1.425738
v 9.427043 4.648903 -1.123912
v 9.303783 4.588118 -0.818797
v 9.158488 4.516467 -0.510717
v 8.758765 5.249802 -0.510717
v 8.897719 5.333087 -0.818797
v 9.015598 5.403742 -1.123912
v 9.111581 5.461271 -1.425738
v 9.184805 5.505160 -1.724038
v 9.234487 5.534938 -2.018767
v 9.260017 5.550240 -2.310198
v 9.261035 5.550851 -2.599027
v 9.224559 5.528988 -2.979911
v 9.145686 5.481713 -3.360079
v 9.916476 3.918705 -3.360079
v 10.001996 3.952500 -2.979911
v 10.041547 3.968129 -2.599027
v 10.040443 3.967693 -2.310198
v 10.012761 3.956754 -2.018767
v 9.958892 3.935466 -1.724038
v 9.879497 3.904092 -1.425738
v 9.775425 3.862966 -1.123912
v 9.647610 3.812457 -0.818797
v 9.496946 3.752919 -0.510717
v 10.422365 2.251015 -3.360079
v 10.512247 2.270428 -2.979911
v 10.553816 2.279406 -2.599027
v 10.552655 2.279155 -2.310198
v 10.523561 2.272871 -2.018767
v 10.466944 2.260643 -1.724038
v 10.383499 2.242621 -1.425738
v 10.274118 2.218997 -1.123912
v 10.139782 2.189983 -0.818797
v 9.981432 2.155783 -0.510717
v 9.771873 2.964265 -0.510717
v 9.926900 3.011292 -0.818797
v 10.058414 3.051187 -1.123912
v 10.165499 3.083670 -1.425738
v 10.247192 3.108452 -1.724038
v 10.302621 3.125266 -2.018767
v 10.331104 3.133906 -2.310198
v 10.332240 3.134251 -2.599027
v 10.291544 3.121906 -2.979911
v 10.649837 0.523193 -3.360079
v 10.741681 0.527705 -2.979911
v 10.784157 0.529792 -2.599027
v 10.782971 0.529733 -2.310198
v 10.753242 0.528273 -2.018767
v 10.695389 0.525431 -1.724038
v 10.610122 0.521242 -1.425738
v 10.498354 0.515751 -1.123912
v 10.361087 0.509008 -0.818797
v 10.199280 0.501059 -0.510717
v 10.124219 1.332879 -0.510717
v 10.284835 1.354024 -0.818797
v 10.421092 1.371963 -1.123912
v 10.532038 1.386569 -1.425738
v 10.616677 1.397712 -1.724038
v 10.674104 1.405272 -2.018767
v 10.703614 1.409157 -2.310198
v 10.704791 1.409313 -2.599027
v 10.662628 1.403762 -2.979911
v 10.684169 -1.229115 -2.979911
v 10.726417 -1.233975 -2.599027
v 10.725237 -1.233839 -2.310198
v 10.695668 -1.230438 -2.018767
v 10.638125 -1.223818 -1.724038
v 10.553314 -1.214061 -1.425738
v 10.442145 -1.201272 -1.123912
v 10.305613 -1.185565 -0.818797
v 10.144672 -1.167051 -0.510717
v 10.206113 -0.334114 -0.510717
v 10.368028 -0.339414 -0.818797
v 10.505387 -0.343911 -1.123912
v 10.617230 -0.347572 -1.425738
v 10.702554 -0.350365 -1.724038
v 10.760446 -0.352261 -2.018767
v 10.790195 -0.353234 -2.310198
v 10.791382 -0.353273 -2.599027
v 10.748877 -0.351882 -2.979911
v 10.341247 -2.953100 -2.979911
v 10.382139 -2.964778 -2.599027
v 10.380997 -2.964452 -2.310198
v 10.352377 -2.956279 -2.018767
v 10.296680 -2.940374 -1.724038
v 10.214592 -2.916932 -1.425738
v 10.106991 -2.886205 -1.123912
v 9.974841 -2.848468 -0.818797
v 9.819066 -2.803984 -0.510717
v 10.015368 -1.992181 -0.510717
v 10.174257 -2.023786 -0.818797
v 10.309049 -2.050597 -1.123912
v 10.418802 -2.072429 -1.425738
v 10.502531 -2.089083 -1.724038
v 10.559341 -2.100383 -2.018767
v 10.588533 -2.106190 -2.310198
v 10.589698 -2.106422 -2.599027
v 10.547988 -2.098125 -2.979911
v 10.457800 -2.080186 -3.360079
v 9.722075 -4.598199 -2.979911
v 9.760519 -4.616382 -2.599027
v 9.759446 -4.615874 -2.310198
v 9.732539 -4.603148 -2.018767
v 9.680177 -4.578383 -1.724038
v 9.603004 -4.541883 -1.425738
v 9.501845 -4.494038 -1.123912
v 9.377608 -4.435278 -0.818797
v 9.231160 -4.366013 -0.510717
v 9.557079 -3.597030 -0.510717
v 9.708697 -3.654095 -0.818797
v 9.837321 -3.702506 -1.123912
v 9.942052 -3.741923 -1.425738
v 10.021950 -3.771995 -1.724038
v 10.076160 -3.792398 -2.018767
v 10.104017 -3.802883 -2.310198
v 10.105128 -3.803301 -2.599027
v 10.065327 -3.788321 -2.979911
v 9.979266 -3.755930 -3.360079
v 8.843195 -6.120465 -2.979911
v 8.878164 -6.144667 -2.599027
v 8.877187 -6.143991 -2.310198
v 8.852713 -6.127052 -2.018767
v 8.805085 -6.094088 -1.724038
v 8.734888 -6.045504 -1.425738
v 8.642874 -5.981820 -1.123912
v 8.529867 -5.903607 -0.818797
v 8.396658 -5.811412 -0.510717
v 8.843488 -5.105790 -0.510717
v 8.983786 -5.186791 -0.818797
v 9.102806 -5.255508 -1.123912
v 9.199717 -5.311459 -1.425738
v 9.273649 -5.354144 -1.724038
v 9.323812 -5.383105 -2.018767
v 9.349589 -5.397987 -2.310198
v 9.350617 -5.398581 -2.599027
v 9.313788 -5.377318 -2.979911
v 9.234152 -5.331340 -3.360079
v 7.662006 -7.415283 -3.360079
v 7.728083 -7.479232 -2.979911
v 7.758643 -7.508807 -2.599027
v 7.757789 -7.507981 -2.310198
v 7.736401 -7.487282 -2.018767
v 7.694779 -7.447000 -1.724038
v 7.633434 -7.387630 -1.425738
v 7.553022 -7.309808 -1.123912
v 7.454266 -7.214232 -0.818797
v 7.337854 -7.101569 -0.510717
v 7.893659 -6.478158 -0.510717
v 8.018888 -6.580931 -0.818797
v 8.125125 -6.668117 -1.123912
v 8.211627 -6.739108 -1.425738
v 8.277618 -6.793266 -1.724038
v 8.322393 -6.830012 -2.018767
v 8.345401 -6.848894 -2.310198
v 8.346319 -6.849647 -2.599027
v 8.313446 -6.822669 -2.979911
v 8.242363 -6.764333 -3.360079
v 7.030394 -8.016628 -3.360079
v 7.091024 -8.085763 -2.979911
v 7.119064 -8.117737 -2.599027
v 7.118281 -8.116844 -2.310198
v 7.098656 -8.094466 -2.018767
v 7.060465 -8.050917 -1.724038
v 7.004177 -7.986733 -1.425738
v 6.930394 -7.902600 -1.123912
v 6.839778 -7.799272 -0.818797
v 6.732963 -7.677473 -0.510717
v 5.630619 -9.054771 -3.360079
v 5.679177 -9.132860 -2.979911
v 5.701634 -9.168974 -2.599027
v 5.701007 -9.167965 -2.310198
v 5.685290 -9.142690 -2.018767
v 5.654702 -9.093501 -1.724038
v 5.609622 -9.021005 -1.425738
v 5.550529 -8.925977 -1.123912
v 5.477955 -8.809269 -0.818797
v 5.392407 -8.671697 -0.510717
v 6.083031 -8.202018 -0.510717
v 6.179536 -8.332140 -0.818797
v 6.261404 -8.442527 -1.123912
v 6.328065 -8.532408 -1.425738
v 6.378920 -8.600977 -1.724038
v 6.413424 -8.647501 -2.018767
v 6.431155 -8.671408 -2.310198
v 6.431862 -8.672362 -2.599027
v 6.406529 -8.638204 -2.979911
v 4.080431 -9.851032 -3.360079
v 4.115621 -9.935988 -2.979911
v 4.131895 -9.975277 -2.599027
v 4.131441 -9.974180 -2.310198
v 4.120050 -9.946682 -2.018767
v 4.097884 -9.893168 -1.724038
v 4.065215 -9.814297 -1.425738
v 4.022391 -9.710912 -1.123912
v 3.969798 -9.583941 -0.818797
v 3.907803 -9.434270 -0.510717
v 4.665711 -9.083365 -0.510717
v 4.739730 -9.227468 -0.818797
v 4.802524 -9.349717 -1.123912
v 4.853652 -9.449256 -1.425738
v 4.892658 -9.525194 -1.724038
v 4.919123 -9.576717 -2.018767
v 4.932723 -9.603193 -2.310198
v 4.933265 -9.604250 -2.599027
v 4.913835 -9.566421 -2.979911
v 2.442122 -10.473692 -2.979911
v 2.451779 -10.515108 -2.599027
v 2.451510 -10.513951 -2.310198
v 2.444751 -10.484965 -2.018767
v 2.431598 -10.428555 -1.724038
v 2.412213 -10.345415 -1.425738
v 2.386802 -10.236436 -1.123912
v 2.355594 -10.102593 -0.818797
v 2.318808 -9.944823 -0.510717
v 3.123753 -9.722065 -0.510717
v 3.173310 -9.876301 -0.818797
v 3.215351 -10.007145 -1.123912
v 3.249583 -10.113684 -1.425738
v 3.275698 -10.194961 -1.724038
v 3.293416 -10.250107 -2.018767
v 3.302521 -10.278445 -2.310198
v 3.302885 -10.279575 -2.599027
v 3.289875 -10.239087 -2.979911
v 0.697373 -10.639851 -3.360079
v 0.703387 -10.731609 -2.979911
v 0.706168 -10.774045 -2.599027
v 0.706091 -10.772860 -2.310198
v 0.704144 -10.743159 -2.018767
v 0.700356 -10.685360 -1.724038
v 0.694772 -10.600174 -1.425738
v 0.687453 -10.488510 -1.123912
v 0.678465 -10.351372 -0.818797
v 0.667869 -10.189717 -0.510717
v 1.498350 -10.101056 -0.510717
v 1.522121 -10.261304 -0.818797
v 1.542286 -10.397249 -1.123912
v 1.558706 -10.507941 -1.425738
v 1.571232 -10.592387 -1.724038
v 1.579731 -10.649683 -2.018767
v 1.584099 -10.679125 -2.310198
v 1.584273 -10.680300 -2.599027
v 1.578033 -10.638233 -2.979911
v 1.564540 -10.547273 -3.360079
v -1.054139 -10.702849 -2.979911
v -1.058307 -10.745171 -2.599027
v -1.058191 -10.743989 -2.310198
v -1.055273 -10.714368 -2.018767
v -1.049596 -10.656724 -1.724038
v -1.041228 -10.571766 -1.425738
v -1.030260 -10.460402 -1.123912
v -1.016789 -10.323631 -0.818797
v -1.000910 -10.162409 -0.510717
v -2.783504 -10.388180 -2.979911
v -2.794511 -10.429258 -2.599027
v -2.794204 -10.428111 -2.310198
v -2.786500 -10.399361 -2.018767
v -2.771509 -10.343412 -1.724038
v -2.749414 -10.260951 -1.425738
v -2.720451 -10.152861 -1.123912
v -2.684881 -10.020111 -0.818797
v -2.642952 -9.863629 -0.510717
v -1.828045 -10.046623 -0.510717
v -1.857046 -10.206008 -0.818797
v -1.881649 -10.341220 -1.123912
v -1.901681 -10.451316 -1.425738
v -1.916964 -10.535306 -1.724038
v -1.927333 -10.592293 -2.018767
v -1.932662 -10.621577 -2.310198
v -1.932874 -10.622745 -2.599027
v -1.925261 -10.580905 -2.979911
v -1.908800 -10.490436 -3.360079
v -4.400563 -9.712250 -3.360079
v -4.438514 -9.796008 -2.979911
v -4.456065 -9.834745 -2.599027
v -4.455575 -9.833663 -2.310198
v -4.443291 -9.806552 -2.018767
v -4.419386 -9.753792 -1.724038
v -4.384153 -9.676032 -1.425738
v -4.337970 -9.574103 -1.123912
v -4.281250 -9.448921 -0.818797
v -4.214391 -9.301359 -0.510717
v -3.440178 -9.614653 -0.510717
v -3.494755 -9.767185 -0.818797
v -3.541054 -9.896584 -1.123912
v -3.578753 -10.001946 -1.425738
v -3.607513 -10.082325 -1.724038
v -3.627027 -10.136862 -2.018767
v -3.637054 -10.164886 -2.310198
v -3.637455 -10.166004 -2.599027
v -3.623128 -10.125963 -2.979911
v -3.592149 -10.039383 -3.360079
v -5.179540 -9.320146 -3.360079
v -5.224208 -9.400523 -2.979911
v -5.244866 -9.437695 -2.599027
v -5.244289 -9.436657 -2.310198
v -5.229831 -9.410641 -2.018767
v -5.201694 -9.360011 -1.724038
v -5.160225 -9.285390 -1.425738
v -5.105866 -9.187577 -1.123912
v -5.039107 -9.067448 -0.818797
v -4.960412 -8.925844 -0.510717
v -6.628568 -8.351936 -3.360079
v -6.685733 -8.423963 -2.979911
v -6.712170 -8.457274 -2.599027
v -6.711432 -8.456344 -2.310198
v -6.692929 -8.433030 -2.018767
v -6.656920 -8.387660 -1.724038
v -6.603849 -8.320791 -1.425738
v -6.534284 -8.233139 -1.123912
v -6.448847 -8.125490 -0.818797
v -6.348137 -7.998596 -0.510717
v -5.673250 -8.490619 -0.510717
v -5.763254 -8.625319 -0.818797
v -5.839607 -8.739590 -1.123912
v -5.901777 -8.832634 -1.425738
v -5.949206 -8.903616 -1.724038
v -5.981386 -8.951777 -2.018767
v -5.997922 -8.976525 -2.310198
v -5.998582 -8.977513 -2.599027
v -5.974955 -8.942153 -2.979911
v -7.900525 -7.160619 -3.360079
v -7.968659 -7.222372 -2.979911
v -8.000170 -7.250931 -2.599027
v -7.999290 -7.250134 -2.310198
v -7.977236 -7.230145 -2.018767
v -7.934318 -7.191247 -1.724038
v -7.871063 -7.133916 -1.425738
v -7.788149 -7.058766 -1.123912
v -7.686318 -6.966472 -0.818797
v -7.566282 -6.857678 -0.510717
v -6.980558 -7.453066 -0.510717
v -7.091301 -7.571305 -0.818797
v -7.185249 -7.671612 -1.123912
v -7.261745 -7.753286 -1.425738
v -7.320103 -7.815595 -1.724038
v -7.359699 -7.857870 -2.018767
v -7.380045 -7.879594 -2.310198
v -7.380857 -7.880461 -2.599027
v -7.351786 -7.849422 -2.979911
v -9.038716 -5.827846 -2.979911
v -9.074458 -5.850891 -2.599027
v -9.073460 -5.850248 -2.310198
v -9.048445 -5.834119 -2.018767
v -8.999763 -5.802731 -1.724038
v -8.928015 -5.756470 -1.425738
v -8.833966 -5.695831 -1.123912
v -8.718461 -5.621357 -0.818797
v -8.582307 -5.533570 -0.510717
v -8.101392 -6.216416 -0.510717
v -8.229916 -6.315037 -0.818797
v -8.338949 -6.398701 -1.123912
v -8.427728 -6.466823 -1.425738
v -8.495456 -6.518793 -1.724038
v -8.541409 -6.554054 -2.018767
v -8.565023 -6.572173 -2.310198
v -8.565965 -6.572896 -2.599027
v -8.532226 -6.547007 -2.979911
v -9.867319 -4.277640 -2.979911
v -9.906337 -4.294555 -2.599027
v -9.905248 -4.294083 -2.310198
v -9.877939 -4.282244 -2.018767
v -9.824795 -4.259205 -1.724038
v -9.746469 -4.225249 -1.425738
v -9.643799 -4.180740 -1.123912
v -9.517705 -4.126077 -0.818797
v -9.369069 -4.061641 -0.510717
v -9.005810 -4.813706 -0.510717
v -9.148683 -4.890073 -0.818797
v -9.269888 -4.954858 -1.123912
v -9.368577 -5.007609 -1.425738
v -9.443867 -5.047852 -1.724038
v -9.494950 -5.075157 -2.018767
v -9.521200 -5.089187 -2.310198
v -9.522247 -5.089747 -2.599027
v -9.484742 -5.069700 -2.979911
v -9.403645 -5.026353 -3.360079
v -10.432333 -2.613163 -2.979911
v -10.473585 -2.623496 -2.599027
v -10.472433 -2.623208 -2.310198
v -10.443561 -2.615976 -2.018767
v -10.387374 -2.601902 -1.724038
v -10.304563 -2.581159 -1.425738
v -10.196013 -2.553968 -1.123912
v -10.062699 -2.520575 -0.818797
v -9.905552 -2.481212 -0.510717
v -9.669653 -3.282405 -0.510717
v -9.823058 -3.334479 -0.818797
v -9.953197 -3.378655 -1.123912
v -10.059161 -3.414625 -1.425738
v -10.140000 -3.442066 -1.724038
v -10.194849 -3.460685 -2.018767
v -10.223034 -3.470252 -2.310198
v -10.224159 -3.470634 -2.599027
v -10.183888 -3.456964 -2.979911
v -10.096813 -3.427406 -3.360079
v -10.627016 -0.871366 -3.360079
v -10.718664 -0.878880 -2.979911
v -10.761049 -0.882356 -2.599027
v -10.759865 -0.882259 -2.310198
v -10.730200 -0.879826 -2.018767
v -10.672471 -0.875093 -1.724038
v -10.587387 -0.868116 -1.425738
v -10.475858 -0.858971 -1.123912
v -10.338885 -0.847740 -0.818797
v -10.177425 -0.834501 -0.510717
v -10.075188 -1.663420 -0.510717
v -10.235026 -1.689810 -0.818797
v -10.370623 -1.712197 -1.123912
v -10.481031 -1.730425 -1.425738
v -10.565261 -1.744332 -1.724038
v -10.622410 -1.753767 -2.018767
v -10.651777 -1.758615 -2.310198
v -10.652948 -1.758809 -2.599027
v -10.610989 -1.751881 -2.979911
v -10.520263 -1.736902 -3.360079
v -10.513109 0.000000 -4.217380
v -10.762190 0.000000 -3.683404
v -10.925867 0.000000 -3.144466
v -10.997308 0.000000 -2.600170
v -10.972604 0.000000 -2.050288
v -10.853910 0.000000 -1.494946
v -10.647772 0.000000 -0.934524
v -10.361380 0.000000 -0.369440
v -10.000000 -0.000000 0.200000
v -9.876883 1.564345 0.200000
v -9.510565 3.090170 0.200000
v -8.910065 4.539905 0.200000
v -8.090170 5.877853 0.200000
v -7.071068 7.071068 0.200000
v -5.877853 8.090170 0.200000
v -4.539905 8.910065 0.200000
v -3.090170 9.510565 0.200000
v -1.564345 9.876883 0.200000
v 0.000000 10.000000 0.200000
v 1.564345 9.876883 0.200000
v 3.090170 9.510565 0.200000
v 4.539905 8.910065 0.200000
v 5.877853 8.090170 0.200000
v 7.071068 7.071068 0.200000
v 8.090170 5.877853 0.200000
v 8.910065 4.539905 0.200000
v 9.510565 3.090170 0.200000
v 9.876883 1.564345 0.200000
v 10.000000 0.000000 0.200000
v 9.876883 -1.564345 0.200000
v 9.510565 -3.090170 0.200000
v 8.910065 -4.539905 0.200000
v 8.090170 -5.877853 0.200000
v 7.071068 -7.071068 0.200000
v 5.877853 -8.090170 0.200000
v 4.539905 -8.910065 0.200000
v 3.090170 -9.510565 0.200000
v 1.564345 -9.876883 0.200000
v 0.000000 -10.000000 0.200000
v -1.564345 -9.876883 0.200000
v -3.090170 -9.510565 0.200000
v -4.539905 -8.910065 0.200000
v -5.877853 -8.090170 0.200000
v -7.071068 -7.071068 0.200000
v -8.090170 -5.877853 0.200000
v -8.910065 -4.539905 0.200000
v -9.510565 -3.090170 0.200000
v -9.876883 -1.564345 0.200000
v -10.389900 -1.604819 -4.217380
v -10.023161 -3.172022 -4.217380
v -9.421487 -4.664875 -4.217380
v -8.598981 -6.048388 -4.217380
v -7.574922 -7.290132 -4.217380
v -6.373314 -8.361001 -4.217380
v -5.022321 -9.235895 -4.217380
v -3.553608 -9.894308 -4.217380
v -2.001603 -10.320807 -4.217380
v -0.402681 -10.505395 -4.217380
v 1.205679 -10.443745 -4.217380
v 2.785780 -10.137303 -4.217380
v 4.300583 -9.593250 -4.217380
v 5.714585 -8.824341 -4.217380
v 6.994642 -7.848596 -4.217380
v 8.110750 -6.688886 -4.217380
v 9.036749 -5.372395 -4.217380
v 9.750935 -3.929980 -4.217380
v 10.236567 -2.395449 -4.217380
v 10.482262 -0.804771 -4.217380
v 10.482262 0.804771 -4.217380
v 10.236567 2.395449 -4.217380
v 9.750935 3.929980 -4.217380
v 9.036749 5.372395 -4.217380
v 8.110750 6.688886 -4.217380
v 6.994642 7.848596 -4.217380
v 5.714585 8.824341 -4.217380
v 4.300583 9.593250 -4.217380
v 2.785780 10.137303 -4.217380
v 1.205679 10.443745 -4.217380
v -0.402681 10.505395 -4.217380
v -2.001603 10.320807 -4.217380
v -3.553608 9.894308 -4.217380
v -5.022321 9.235895 -4.217380
v -6.373314 8.361001 -4.217380
v -7.574922 7.290132 -4.217380
v -8.598981 6.048388 -4.217380
v -9.421487 4.664875 -4.217380
v -10.023161 3.172022 -4.217380
v -10.389900 1.604819 -4.217380
v -9.281252 5.257764 -3.909429
v -8.887573 5.034748 -0.124466
v -8.409322 6.562700 -3.909429
v -7.568504 6.859692 -0.124466
v -7.355356 7.725572 -3.909429
v -6.480061 7.895977 -0.124466
v -5.483954 9.149425 -3.909429
v -5.251343 8.761337 -0.124466
v -4.082099 9.855059 -3.909429
v -3.908950 9.437041 -0.124466
v 5.028408 9.407489 -3.909429
v 5.464776 8.629824 -0.124466
v 6.354348 8.567846 -3.909429
v 6.671886 7.734570 -0.124466
v 7.542736 7.542736 -3.909429
v 8.670668 6.213313 -3.909429
v 8.761337 5.251343 -0.124466
v 10.207720 3.096478 -3.909429
v 9.499735 3.754021 -0.124466
v 10.575781 1.392328 -3.909429
v 9.984363 2.156416 -0.124466
v 10.661328 -0.349016 -3.909429
v 10.202276 0.501206 -0.124466
v 10.597147 -1.219104 -3.909429
v 10.147651 -1.167393 -0.124466
v 10.257018 -2.929048 -3.909429
v 10.018309 -1.992766 -0.124466
v 9.642889 -4.560747 -3.909429
v 9.559886 -3.598086 -0.124466
v 8.771167 -6.070614 -3.909429
v 8.846085 -5.107290 -0.124466
v 7.895977 -6.480061 -0.124466
v 6.354348 -8.567846 -3.909429
v 6.734940 -7.679728 -0.124466
v 4.873812 -9.488503 -3.909429
v 5.393991 -8.674243 -0.124466
v 3.263080 -10.155690 -3.909429
v 2.422231 -10.388384 -3.909429
v 2.319489 -9.947744 -0.124466
v 0.668065 -10.192709 -0.124466
v -1.045553 -10.615675 -3.909429
v -2.760833 -10.303569 -3.909429
v -2.643728 -9.866526 -0.124466
v -4.215629 -9.304091 -0.124466
v -5.926290 -8.869319 -3.909429
v -5.674916 -8.493113 -0.124466
v -7.291906 -7.785489 -3.909429
v -6.350001 -8.000945 -0.124466
v -8.462731 -6.493682 -3.909429
v -7.568504 -6.859692 -0.124466
v -8.965096 -5.780379 -3.909429
v -8.584827 -5.535195 -0.124466
v -9.786950 -4.242799 -3.909429
v -9.371821 -4.062833 -0.124466
v -10.347362 -2.591879 -3.909429
v -9.908461 -2.481940 -0.124466
v -10.104022 1.498790 -0.124466
v -10.506718 1.558524 -0.876116
v -10.710199 1.588708 -1.408066
v -10.836950 1.607510 -1.935510
v -10.881105 1.614059 -2.458103
v -10.871070 1.612571 -2.717514
v -10.839657 1.607911 -2.975669
v -10.773107 1.598039 -3.288654
v -10.676627 1.583728 -3.599880
v -10.551585 1.565180 -3.909429
v -9.774743 2.965136 -0.124466
v -10.164315 3.083311 -0.876116
v -10.361165 3.143025 -1.408066
v -10.483785 3.180222 -1.935510
v -10.526502 3.193179 -2.458103
v -10.516794 3.190234 -2.717514
v -10.486405 3.181016 -2.975669
v -10.422024 3.161486 -3.288654
v -10.328688 3.133173 -3.599880
v -10.207720 3.096478 -3.909429
v -9.233871 4.367296 -0.124466
v -9.601886 4.541354 -0.876116
v -9.787844 4.629305 -1.408066
v -9.903679 4.684091 -1.935510
v -9.944031 4.703177 -2.458103
v -9.934861 4.698839 -2.717514
v -9.906153 4.685262 -2.975669
v -9.845334 4.656496 -3.288654
v -9.757163 4.614795 -3.599880
v -9.642889 4.560747 -3.909429
v -9.241787 5.235408 -0.876116
v -9.420770 5.336801 -1.408066
v -9.532261 5.399959 -1.935510
v -9.571100 5.421961 -2.458103
v -9.562274 5.416961 -2.717514
v -9.534643 5.401308 -2.975669
v -9.476105 5.368147 -3.288654
v -9.391240 5.320072 -3.599880
v -8.052627 6.284332 -0.124466
v -8.373565 6.534794 -0.876116
v -8.535734 6.661352 -1.408066
v -8.636750 6.740186 -1.935510
v -8.671941 6.767649 -2.458103
v -8.663943 6.761408 -2.717514
v -8.638908 6.741870 -2.975669
v -8.585870 6.700478 -3.288654
v -8.508978 6.640471 -3.599880
v -8.869319 5.926290 -3.909429
v -8.974426 5.996520 -3.599880
v -9.055524 6.050707 -3.288654
v -9.111463 6.088085 -2.975669
v -9.137868 6.105728 -2.717514
v -9.146303 6.111364 -2.458103
v -9.109188 6.086565 -1.935510
v -9.002645 6.015375 -1.408066
v -8.831605 5.901090 -0.876116
v -8.493113 5.674916 -0.124466
v -7.043367 7.397879 -0.124466
v -7.324080 7.692722 -0.876116
v -7.465924 7.841705 -1.408066
v -7.554280 7.934508 -1.935510
v -7.585060 7.966837 -2.458103
v -7.578065 7.959490 -2.717514
v -7.556167 7.936491 -2.975669
v -7.509776 7.887765 -3.288654
v -7.442521 7.817125 -3.599880
v -7.903755 7.163546 -3.909429
v -7.997419 7.248438 -3.599880
v -8.069688 7.313939 -3.288654
v -8.119538 7.359120 -2.975669
v -8.143068 7.380447 -2.717514
v -8.150585 7.387259 -2.458103
v -8.117510 7.357282 -1.935510
v -8.022566 7.271230 -1.408066
v -7.870147 7.133085 -0.876116
v -5.881639 8.351285 -0.124466
v -6.116051 8.684126 -0.876116
v -6.234499 8.852309 -1.408066
v -6.308282 8.957072 -1.935510
v -6.333985 8.993568 -2.458103
v -6.328144 8.985274 -2.717514
v -6.309858 8.959310 -2.975669
v -6.271119 8.904305 -3.288654
v -6.214957 8.824561 -3.599880
v -6.142169 8.721209 -3.909429
v -6.767098 8.245733 -3.909429
v -6.847292 8.343450 -3.599880
v -6.909168 8.418846 -3.288654
v -6.951849 8.470853 -2.975669
v -6.971995 8.495401 -2.717514
v -6.978431 8.503242 -2.458103
v -6.950113 8.468737 -1.935510
v -6.868823 8.369685 -1.408066
v -6.738323 8.210671 -0.876116
v -4.592591 9.123911 -0.124466
v -4.775628 9.487544 -0.876116
v -4.868117 9.671287 -1.408066
v -4.925729 9.785743 -1.935510
v -4.945799 9.825615 -2.458103
v -4.941238 9.816553 -2.717514
v -4.926960 9.788188 -2.975669
v -4.896711 9.728093 -3.288654
v -4.852857 9.640972 -3.599880
v -4.796022 9.528059 -3.909429
v -5.548942 9.257851 -3.599880
v -5.599086 9.341510 -3.288654
v -5.633674 9.399217 -2.975669
v -5.650000 9.426455 -2.717514
v -5.655215 9.435156 -2.458103
v -5.632266 9.396869 -1.935510
v -5.566390 9.286961 -1.408066
v -5.460636 9.110520 -0.876116
v -2.481940 9.908461 -0.124466
v -2.580858 10.303363 -0.876116
v -2.630841 10.502906 -1.408066
v -2.661976 10.627203 -1.935510
v -2.672822 10.670504 -2.458103
v -2.670357 10.660663 -2.717514
v -2.662641 10.629859 -2.975669
v -2.646294 10.564597 -3.288654
v -2.622594 10.469984 -3.599880
v -2.591879 10.347362 -3.909429
v -4.130474 9.971848 -3.599880
v -4.167800 10.061959 -3.288654
v -4.193546 10.124116 -2.975669
v -4.205699 10.153455 -2.717514
v -4.209581 10.162827 -2.458103
v -4.192499 10.121587 -1.935510
v -4.143462 10.003203 -1.408066
v -4.064742 9.813154 -0.876116
v -1.001204 10.165394 -0.124466
v -1.041107 10.570535 -0.876116
v -1.061270 10.775252 -1.408066
v -1.073829 10.902773 -1.935510
v -1.078205 10.947196 -2.458103
v -1.077210 10.937100 -2.717514
v -1.074098 10.905497 -2.975669
v -1.067503 10.838543 -3.288654
v -1.057943 10.741477 -3.599880
v -1.045553 10.615675 -3.909429
v 0.501206 10.202276 -0.124466
v 0.521181 10.608887 -0.876116
v 0.531275 10.814347 -1.408066
v 0.537562 10.942330 -1.935510
v 0.539753 10.986915 -2.458103
v 0.539255 10.976782 -2.717514
v 0.537697 10.945064 -2.975669
v 0.534395 10.877867 -3.288654
v 0.529609 10.780449 -3.599880
v 0.523407 10.654190 -3.909429
v 1.992766 10.018309 -0.124466
v 2.072187 10.417589 -0.876116
v 2.112319 10.619344 -1.408066
v 2.137317 10.745019 -1.935510
v 2.146026 10.788800 -2.458103
v 2.144047 10.778850 -2.717514
v 2.137851 10.747704 -2.975669
v 2.124726 10.681718 -3.288654
v 2.105698 10.586057 -3.599880
v 2.081036 10.462075 -3.909429
v 3.441188 9.617477 -0.124466
v 3.578337 10.000781 -0.876116
v 3.647638 10.194464 -1.408066
v 3.690806 10.315111 -1.935510
v 3.705844 10.357140 -2.458103
v 3.702426 10.347588 -2.717514
v 3.691728 10.317688 -2.975669
v 3.669063 10.254343 -3.288654
v 3.636204 10.162509 -3.599880
v 3.593617 10.043488 -3.909429
v 4.815119 9.008455 -0.124466
v 5.007026 9.367487 -0.876116
v 5.103996 9.548905 -1.408066
v 5.164400 9.661912 -1.935510
v 5.185442 9.701279 -2.458103
v 5.180660 9.692333 -2.717514
v 5.165690 9.664326 -2.975669
v 5.133975 9.604992 -3.288654
v 5.087997 9.518973 -3.599880
v 6.084818 8.204427 -0.124466
v 6.327328 8.531415 -0.876116
v 6.449868 8.696641 -1.408066
v 6.526200 8.799562 -1.935510
v 6.552791 8.835415 -2.458103
v 6.546747 8.827267 -2.717514
v 6.527830 8.801760 -2.975669
v 6.487753 8.747722 -3.288654
v 6.429651 8.669380 -3.599880
v 5.706841 9.012086 -3.909429
v 5.774470 9.118885 -3.599880
v 5.826651 9.201288 -3.288654
v 5.862645 9.258128 -2.975669
v 5.879635 9.284958 -2.717514
v 5.885062 9.293529 -2.458103
v 5.861181 9.255816 -1.935510
v 5.792627 9.147558 -1.408066
v 5.682574 8.973766 -0.876116
v 7.788895 6.608385 -0.124466
v 8.099321 6.871762 -0.876116
v 8.256179 7.004846 -1.408066
v 8.353887 7.087745 -1.935510
v 8.387925 7.116624 -2.458103
v 8.380189 7.110061 -2.717514
v 8.355974 7.089516 -2.975669
v 8.304673 7.045990 -3.288654
v 8.230299 6.982889 -3.599880
v 8.133908 6.901107 -3.909429
v 7.632122 7.632122 -3.599880
v 7.701090 7.701090 -3.288654
v 7.748663 7.748663 -2.975669
v 7.771118 7.771118 -2.717514
v 7.778291 7.778291 -2.458103
v 7.746727 7.746727 -1.935510
v 7.656120 7.656120 -1.408066
v 7.510663 7.510663 -0.876116
v 7.222798 7.222798 -0.124466
v 8.302887 5.949765 -0.124466
v 8.633799 6.186893 -0.876116
v 8.801007 6.306713 -1.408066
v 8.905164 6.381350 -1.935510
v 8.941448 6.407351 -2.458103
v 8.933202 6.401442 -2.717514
v 8.907389 6.382944 -2.975669
v 8.852702 6.343756 -3.288654
v 8.773420 6.286944 -3.599880
v 9.161178 4.517793 -0.124466
v 9.526297 4.697850 -0.876116
v 9.710790 4.788832 -1.408066
v 9.825713 4.845506 -1.935510
v 9.865748 4.865249 -2.458103
v 9.856650 4.860762 -2.717514
v 9.828168 4.846716 -2.975669
v 9.767828 4.816960 -3.288654
v 9.680351 4.773821 -3.599880
v 9.566977 4.717911 -3.909429
v 9.149425 5.483954 -3.909429
v 9.257851 5.548942 -3.599880
v 9.341510 5.599086 -3.288654
v 9.399217 5.633674 -2.975669
v 9.426455 5.650000 -2.717514
v 9.435156 5.655215 -2.458103
v 9.396869 5.632266 -1.935510
v 9.286961 5.566390 -1.408066
v 9.110520 5.460636 -0.876116
v 9.774743 2.965136 -0.124466
v 10.164315 3.083311 -0.876116
v 10.361165 3.143025 -1.408066
v 10.483785 3.180222 -1.935510
v 10.526502 3.193179 -2.458103
v 10.516794 3.190234 -2.717514
v 10.486405 3.181016 -2.975669
v 10.422024 3.161486 -3.288654
v 10.328688 3.133173 -3.599880
v 9.920530 3.920307 -3.909429
v 10.038094 3.966765 -3.599880
v 10.128804 4.002611 -3.288654
v 10.191374 4.027337 -2.975669
v 10.220908 4.039008 -2.717514
v 10.230343 4.042736 -2.458103
v 10.188829 4.026331 -1.935510
v 10.069658 3.979238 -1.408066
v 9.878347 3.903637 -0.876116
v 10.127192 1.333270 -0.124466
v 10.530812 1.386408 -0.876116
v 10.734759 1.413258 -1.408066
v 10.861801 1.429983 -1.935510
v 10.906057 1.435810 -2.458103
v 10.895999 1.434485 -2.717514
v 10.864514 1.430340 -2.975669
v 10.797812 1.421559 -3.288654
v 10.701111 1.408828 -3.599880
v 10.426625 2.251935 -3.909429
v 10.550187 2.278622 -3.599880
v 10.645524 2.299213 -3.288654
v 10.711286 2.313416 -2.975669
v 10.742327 2.320120 -2.717514
v 10.752243 2.322262 -2.458103
v 10.708611 2.312838 -1.935510
v 10.583361 2.285787 -1.408066
v 10.382290 2.242360 -0.876116
v 10.209111 -0.334212 -0.124466
v 10.615995 -0.347532 -0.876116
v 10.821592 -0.354262 -1.408066
v 10.949661 -0.358455 -1.935510
v 10.994275 -0.359915 -2.458103
v 10.984136 -0.359583 -2.717514
v 10.952397 -0.358544 -2.975669
v 10.885155 -0.356343 -3.288654
v 10.787671 -0.353152 -3.599880
v 10.654190 0.523407 -3.909429
v 10.780449 0.529609 -3.599880
v 10.877867 0.534395 -3.288654
v 10.945064 0.537697 -2.975669
v 10.976782 0.539255 -2.717514
v 10.986915 0.539753 -2.458103
v 10.942330 0.537562 -1.935510
v 10.814347 0.531275 -1.408066
v 10.608887 0.521181 -0.876116
v 10.417589 -2.072187 -0.876116
v 10.619344 -2.112319 -1.408066
v 10.745019 -2.137317 -1.935510
v 10.788800 -2.146026 -2.458103
v 10.778850 -2.144047 -2.717514
v 10.747704 -2.137851 -2.975669
v 10.681718 -2.124726 -3.288654
v 10.586057 -2.105698 -3.599880
v 10.462075 -2.081036 -3.909429
v 10.722729 -1.233551 -3.599880
v 10.819626 -1.244698 -3.288654
v 10.886463 -1.252387 -2.975669
v 10.918011 -1.256016 -2.717514
v 10.928089 -1.257175 -2.458103
v 10.883744 -1.252074 -1.935510
v 10.756446 -1.237429 -1.408066
v 10.552086 -1.213920 -0.876116
v 9.940895 -3.741488 -0.876116
v 10.133418 -3.813948 -1.408066
v 10.253342 -3.859085 -1.935510
v 10.295120 -3.874809 -2.458103
v 10.285625 -3.871235 -2.717514
v 10.255904 -3.860049 -2.975669
v 10.192938 -3.836350 -3.288654
v 10.101654 -3.801993 -3.599880
v 9.983345 -3.757465 -3.909429
v 10.378569 -2.963759 -3.599880
v 10.472356 -2.990541 -3.288654
v 10.537048 -3.009015 -2.975669
v 10.567584 -3.017734 -2.717514
v 10.577338 -3.020520 -2.458103
v 10.534416 -3.008263 -1.935510
v 10.411204 -2.973078 -1.408066
v 10.213403 -2.916593 -0.876116
v 9.821949 -2.804807 -0.124466
v 9.198646 -5.310841 -0.876116
v 9.376794 -5.413695 -1.408066
v 9.487764 -5.477763 -1.935510
v 9.526422 -5.500082 -2.458103
v 9.517637 -5.495010 -2.717514
v 9.490135 -5.479132 -2.975669
v 9.431870 -5.445493 -3.288654
v 9.347402 -5.396725 -3.599880
v 9.237927 -5.333520 -3.909429
v 9.757163 -4.614795 -3.599880
v 9.845334 -4.656496 -3.288654
v 9.906153 -4.685262 -2.975669
v 9.934861 -4.698839 -2.717514
v 9.944031 -4.703177 -2.458103
v 9.903679 -4.684091 -1.935510
v 9.787844 -4.629305 -1.408066
v 9.601886 -4.541354 -0.876116
v 9.233871 -4.367296 -0.124466
v 8.210671 -6.738323 -0.876116
v 8.369685 -6.868823 -1.408066
v 8.468737 -6.950113 -1.935510
v 8.503242 -6.978431 -2.458103
v 8.495401 -6.971995 -2.717514
v 8.470853 -6.951849 -2.975669
v 8.418846 -6.909168 -3.288654
v 8.343450 -6.847292 -3.599880
v 8.245733 -6.767098 -3.909429
v 8.875111 -6.142554 -3.599880
v 8.955311 -6.198062 -3.288654
v 9.010632 -6.236350 -2.975669
v 9.036744 -6.254422 -2.717514
v 9.045086 -6.260195 -2.458103
v 9.008381 -6.234792 -1.935510
v 8.903018 -6.161869 -1.408066
v 8.733871 -6.044801 -0.876116
v 8.399124 -5.813119 -0.124466
v 7.003361 -7.985803 -0.876116
v 7.138994 -8.140462 -1.408066
v 7.223481 -8.236801 -1.935510
v 7.252913 -8.270362 -2.458103
v 7.246224 -8.262735 -2.717514
v 7.225285 -8.238859 -2.975669
v 7.180926 -8.188277 -3.288654
v 7.116616 -8.114945 -3.599880
v 7.033268 -8.019905 -3.909429
v 7.665138 -7.418314 -3.909429
v 7.755975 -7.506225 -3.599880
v 7.826062 -7.574056 -3.288654
v 7.874407 -7.620844 -2.975669
v 7.897227 -7.642929 -2.717514
v 7.904516 -7.649984 -2.458103
v 7.872440 -7.618940 -1.935510
v 7.780363 -7.529828 -1.408066
v 7.632545 -7.386770 -0.876116
v 7.340009 -7.103654 -0.124466
v 5.608969 -9.019955 -0.876116
v 5.717596 -9.194643 -1.408066
v 5.785261 -9.303457 -1.935510
v 5.808833 -9.341364 -2.458103
v 5.803476 -9.332749 -2.717514
v 5.786707 -9.305782 -2.975669
v 5.751179 -9.248649 -3.288654
v 5.699674 -9.165821 -3.599880
v 5.632921 -9.058473 -3.909429
v 6.429651 -8.669380 -3.599880
v 6.487753 -8.747722 -3.288654
v 6.527830 -8.801760 -2.975669
v 6.546747 -8.827267 -2.717514
v 6.552791 -8.835415 -2.458103
v 6.526200 -8.799562 -1.935510
v 6.449868 -8.696641 -1.408066
v 6.327328 -8.531415 -0.876116
v 6.084818 -8.204427 -0.124466
v 3.908950 -9.437041 -0.124466
v 4.064742 -9.813154 -0.876116
v 4.143462 -10.003203 -1.408066
v 4.192499 -10.121587 -1.935510
v 4.209581 -10.162827 -2.458103
v 4.205699 -10.153455 -2.717514
v 4.193546 -10.124116 -2.975669
v 4.167800 -10.061959 -3.288654
v 4.130474 -9.971848 -3.599880
v 4.082099 -9.855059 -3.909429
v 4.931569 -9.600947 -3.599880
v 4.976134 -9.687707 -3.288654
v 5.006873 -9.747552 -2.975669
v 5.021383 -9.775800 -2.717514
v 5.026018 -9.784824 -2.458103
v 5.005623 -9.745117 -1.935510
v 4.947076 -9.631137 -1.408066
v 4.853087 -9.448156 -0.876116
v 4.667081 -9.086033 -0.124466
v 3.124671 -9.724920 -0.124466
v 3.249204 -10.112507 -0.876116
v 3.312131 -10.308353 -1.408066
v 3.351329 -10.430348 -1.935510
v 3.364984 -10.472846 -2.458103
v 3.361880 -10.463188 -2.717514
v 3.352166 -10.432954 -2.975669
v 3.331585 -10.368901 -3.288654
v 3.301749 -10.276041 -3.599880
v 1.498790 -10.104022 -0.124466
v 1.558524 -10.506718 -0.876116
v 1.588708 -10.710199 -1.408066
v 1.607510 -10.836950 -1.935510
v 1.614059 -10.881105 -2.458103
v 1.612571 -10.871070 -2.717514
v 1.607911 -10.839657 -2.975669
v 1.598039 -10.773107 -3.288654
v 1.583728 -10.676627 -3.599880
v 1.565180 -10.551585 -3.909429
v 2.450936 -10.511492 -3.599880
v 2.473084 -10.606480 -3.288654
v 2.488362 -10.672001 -2.975669
v 2.495573 -10.702928 -2.717514
v 2.497876 -10.712807 -2.458103
v 2.487740 -10.669335 -1.935510
v 2.458643 -10.544545 -1.408066
v 2.411932 -10.344211 -0.876116
v -1.001204 -10.165394 -0.124466
v -1.041107 -10.570535 -0.876116
v -1.061270 -10.775252 -1.408066
v -1.073829 -10.902773 -1.935510
v -1.078205 -10.947196 -2.458103
v -1.077210 -10.937100 -2.717514
v -1.074098 -10.905497 -2.975669
v -1.067503 -10.838543 -3.288654
v -1.057943 -10.741477 -3.599880
v 0.697658 -10.644200 -3.909429
v 0.705925 -10.770340 -3.599880
v 0.712305 -10.867667 -3.288654
v 0.716705 -10.934801 -2.975669
v 0.718782 -10.966490 -2.717514
v 0.719445 -10.976613 -2.458103
v 0.716526 -10.932070 -1.935510
v 0.708145 -10.804207 -1.408066
v 0.694691 -10.598940 -0.876116
v -1.828582 -10.049573 -0.124466
v -1.901460 -10.450099 -0.876116
v -1.938285 -10.652484 -1.408066
v -1.961224 -10.778551 -1.935510
v -1.969215 -10.822468 -2.458103
v -1.967399 -10.812488 -2.717514
v -1.961714 -10.781244 -2.975669
v -1.949670 -10.715053 -3.288654
v -1.932210 -10.619093 -3.599880
v -1.909580 -10.494724 -3.909429
v -3.441188 -9.617477 -0.124466
v -3.578337 -10.000781 -0.876116
v -3.647638 -10.194464 -1.408066
v -3.690806 -10.315111 -1.935510
v -3.705844 -10.357140 -2.458103
v -3.702426 -10.347588 -2.717514
v -3.691728 -10.317688 -2.975669
v -3.669063 -10.254343 -3.288654
v -3.636204 -10.162509 -3.599880
v -3.593617 -10.043488 -3.909429
v -2.793550 -10.425672 -3.599880
v -2.818795 -10.519884 -3.288654
v -2.836207 -10.584870 -2.975669
v -2.844427 -10.615544 -2.717514
v -2.847052 -10.625343 -2.458103
v -2.835499 -10.582226 -1.935510
v -2.802335 -10.458455 -1.408066
v -2.749093 -10.259756 -0.876116
v -4.961869 -8.928465 -0.124466
v -5.159624 -9.284309 -0.876116
v -5.259549 -9.464116 -1.408066
v -5.321794 -9.576120 -1.935510
v -5.343477 -9.615138 -2.458103
v -5.338550 -9.606271 -2.717514
v -5.323123 -9.578513 -2.975669
v -5.290442 -9.519705 -3.288654
v -5.243063 -9.434450 -3.599880
v -5.181657 -9.323956 -3.909429
v -4.402362 -9.716220 -3.909429
v -4.454533 -9.831363 -3.599880
v -4.494786 -9.920205 -3.288654
v -4.522553 -9.981486 -2.975669
v -4.535659 -10.010412 -2.717514
v -4.539845 -10.019652 -2.458103
v -4.521423 -9.978993 -1.935510
v -4.468540 -9.862277 -1.408066
v -4.383643 -9.674905 -0.876116
v -6.603081 -8.319822 -0.876116
v -6.730961 -8.480950 -1.408066
v -6.810619 -8.581319 -1.935510
v -6.838369 -8.616283 -2.458103
v -6.832062 -8.608337 -2.717514
v -6.812321 -8.583463 -2.975669
v -6.770496 -8.530765 -3.288654
v -6.709862 -8.454366 -3.599880
v -6.631278 -8.355351 -3.909429
v -5.996520 -8.974426 -3.599880
v -6.050707 -9.055524 -3.288654
v -6.088085 -9.111463 -2.975669
v -6.105728 -9.137868 -2.717514
v -6.111364 -9.146303 -2.458103
v -6.086565 -9.109188 -1.935510
v -6.015375 -9.002645 -1.408066
v -5.901090 -8.831605 -0.876116
v -7.870147 -7.133085 -0.876116
v -8.022566 -7.271230 -1.408066
v -8.117510 -7.357282 -1.935510
v -8.150585 -7.387259 -2.458103
v -8.143068 -7.380447 -2.717514
v -8.119538 -7.359120 -2.975669
v -8.069688 -7.313939 -3.288654
v -7.997419 -7.248438 -3.599880
v -7.903755 -7.163546 -3.909429
v -7.378319 -7.877751 -3.599880
v -7.444994 -7.948939 -3.288654
v -7.490985 -7.998043 -2.975669
v -7.512693 -8.021221 -2.717514
v -7.519628 -8.028625 -2.458103
v -7.489114 -7.996045 -1.935510
v -7.401520 -7.902522 -1.408066
v -7.260900 -7.752384 -0.876116
v -6.982608 -7.455255 -0.124466
v -8.926975 -5.755800 -0.876116
v -9.099862 -5.867271 -1.408066
v -9.207555 -5.936708 -1.935510
v -9.245071 -5.960897 -2.458103
v -9.236545 -5.955399 -2.717514
v -9.209855 -5.938191 -2.975669
v -9.153312 -5.901733 -3.288654
v -9.071338 -5.848880 -3.599880
v -8.563020 -6.570636 -3.599880
v -8.640400 -6.630012 -3.288654
v -8.693775 -6.670968 -2.975669
v -8.718969 -6.690300 -2.717514
v -8.727018 -6.696476 -2.458103
v -8.691604 -6.669302 -1.935510
v -8.589945 -6.591297 -1.408066
v -8.426747 -6.466070 -0.876116
v -8.103771 -6.218242 -0.124466
v -9.745334 -4.224758 -0.876116
v -9.934070 -4.306578 -1.408066
v -10.051635 -4.357544 -1.935510
v -10.092591 -4.375299 -2.458103
v -10.083283 -4.371264 -2.717514
v -10.054147 -4.358633 -2.975669
v -9.992419 -4.331873 -3.288654
v -9.902931 -4.293078 -3.599880
v -9.407489 -5.028408 -3.909429
v -9.518973 -5.087997 -3.599880
v -9.604992 -5.133975 -3.288654
v -9.664326 -5.165690 -2.975669
v -9.692333 -5.180660 -2.717514
v -9.701279 -5.185442 -2.458103
v -9.661912 -5.164400 -1.935510
v -9.548905 -5.103996 -1.408066
v -9.367487 -5.007026 -0.876116
v -9.008455 -4.815119 -0.124466
v -10.303363 -2.580858 -0.876116
v -10.502906 -2.630841 -1.408066
v -10.627203 -2.661976 -1.935510
v -10.670504 -2.672822 -2.458103
v -10.660663 -2.670357 -2.717514
v -10.629859 -2.662641 -2.975669
v -10.564597 -2.646294 -3.288654
v -10.469984 -2.622594 -3.599880
v -10.100941 -3.428807 -3.909429
v -10.220643 -3.469441 -3.599880
v -10.313003 -3.500793 -3.288654
v -10.376710 -3.522419 -2.975669
v -10.406781 -3.532626 -2.717514
v -10.416388 -3.535887 -2.458103
v -10.374118 -3.521539 -1.935510
v -10.252781 -3.480350 -1.408066
v -10.057990 -3.414228 -0.876116
v -9.672493 -3.283369 -0.124466
v -10.180414 -0.834746 -0.124466
v -10.586155 -0.868015 -0.876116
v -10.791174 -0.884826 -1.408066
v -10.918883 -0.895297 -1.935510
v -10.963372 -0.898945 -2.458103
v -10.953261 -0.898116 -2.717514
v -10.921611 -0.895521 -2.975669
v -10.854558 -0.890023 -3.288654
v -10.757348 -0.882052 -3.599880
v -10.631361 -0.871722 -3.909429
v -10.524563 -1.737612 -3.909429
v -10.649285 -1.758204 -3.599880
v -10.745518 -1.774092 -3.288654
v -10.811898 -1.785052 -2.975669
v -10.843230 -1.790225 -2.717514
v -10.853239 -1.791877 -2.458103
v -10.809197 -1.784606 -1.935510
v -10.682771 -1.763733 -1.408066
v -10.479811 -1.730224 -0.876116
v -10.078147 -1.663909 -0.124466
v 6.967420 8.077177 -3.909429
v 7.049988 8.172896 -3.599880
v 7.113696 8.246751 -3.288654
v 7.157640 8.297694 -2.975669
v 7.178383 8.321741 -2.717514
v 7.185009 8.329422 -2.458103
v 7.155853 8.295622 -1.935510
v 7.072157 8.198595 -1.408066
v 6.937794 8.042831 -0.876116
v -9.195777 0.000000 -5.000000
v -9.070358 -1.513575 -5.000000
v -8.697524 -2.985864 -5.000000
v -8.087444 -4.376706 -5.000000
v -7.256760 -5.648163 -5.000000
v -6.228130 -6.765553 -5.000000
v -5.029613 -7.698396 -5.000000
v -3.693901 -8.421247 -5.000000
v -2.257430 -8.914388 -5.000000
v -0.759381 -9.164368 -5.000000
v 0.759381 -9.164368 -5.000000
v 2.257430 -8.914388 -5.000000
v 3.693901 -8.421247 -5.000000
v 5.029613 -7.698396 -5.000000
v 6.228130 -6.765553 -5.000000
v 7.256760 -5.648163 -5.000000
v 8.087444 -4.376706 -5.000000
v 8.697524 -2.985864 -5.000000
v 9.070358 -1.513575 -5.000000
v 9.195777 0.000000 -5.000000
v 9.070358 1.513575 -5.000000
v 8.697524 2.985864 -5.000000
v 8.087444 4.376706 -5.000000
v 7.256760 5.648163 -5.000000
v 6.228130 6.765553 -5.000000
v 5.029613 7.698396 -5.000000
v 3.693901 8.421247 -5.000000
v 2.257430 8.914388 -5.000000
v 0.759381 9.164368 -5.000000
v -0.759381 9.164368 -5.000000
v -2.257430 8.914388 -5.000000
v -3.693901 8.421247 -5.000000
v -5.029613 7.698396 -5.000000
v -6.228130 6.765553 -5.000000
v -7.256760 5.648163 -5.000000
v -8.087444 4.376706 -5.000000
v -8.697524 2.985864 -5.000000
v -9.070358 1.513575 -5.000000
v 10.276085 0.000000 -4.540641
v 9.961913 0.000000 -4.789587
v 9.593029 0.000000 -4.946441
v -3.924207 -8.753674 -4.946441
v -3.924207 8.753674 -4.946441
v -10.245933 0.786627 -4.540641
v -9.932683 0.762577 -4.789587
v -9.564881 0.734339 -4.946441
v -9.564881 -0.734339 -4.946441
v -9.932683 -0.762577 -4.789587
v -10.245933 -0.786627 -4.540641
v -10.005777 2.341442 -4.540641
v -9.699869 2.269857 -4.789587
v -9.340689 2.185805 -4.946441
v -9.531094 3.841376 -4.540641
v -9.239699 3.723933 -4.789587
v -8.897558 3.586038 -4.946441
v -8.833010 5.251271 -4.540641
v -8.562958 5.090724 -4.789587
v -8.245876 4.902217 -4.946441
v -7.927888 6.538081 -4.540641
v -7.685508 6.338192 -4.789587
v -7.400918 6.103492 -4.946441
v -6.836943 7.671644 -4.540641
v -6.627917 7.437098 -4.789587
v -6.382489 7.161707 -4.946441
v -5.585746 8.625390 -4.540641
v -5.414973 8.361685 -4.789587
v -5.214459 8.052057 -4.946441
v -4.203624 9.376965 -4.540641
v -4.075106 9.090282 -4.789587
v -2.722972 9.908751 -4.540641
v -2.639723 9.605809 -4.789587
v -2.541975 9.250112 -4.946441
v -1.178497 10.208284 -4.540641
v -1.142466 9.896185 -4.789587
v -1.100161 9.529735 -4.946441
v 0.393602 10.268544 -4.540641
v 0.381568 9.954603 -4.789587
v 0.367439 9.585990 -4.946441
v 1.956475 10.088118 -4.540641
v 1.896660 9.779693 -4.789587
v 1.826427 9.417557 -4.946441
v 3.473490 9.671235 -4.540641
v 3.367295 9.375555 -4.789587
v 3.242606 9.028384 -4.946441
v 4.909089 9.027667 -4.540641
v 4.759003 8.751663 -4.789587
v 4.582780 8.427594 -4.946441
v 6.229624 8.172497 -4.540641
v 6.039165 7.922638 -4.789587
v 5.815538 7.629268 -4.946441
v 7.404141 7.125771 -4.540641
v 7.177773 6.907914 -4.789587
v 6.911985 6.652118 -4.946441
v 8.405112 5.912023 -4.540641
v 8.148141 5.731274 -4.789587
v 7.846420 5.519049 -4.946441
v 9.209073 4.559703 -4.540641
v 8.927523 4.420298 -4.789587
v 8.596942 4.256617 -4.946441
v 9.797182 3.100507 -4.540641
v 9.497652 3.005714 -4.789587
v 9.145959 2.894415 -4.946441
v 10.155654 1.568637 -4.540641
v 9.845164 1.520679 -4.789587
v 9.480603 1.464369 -4.946441
v 10.155654 -1.568637 -4.540641
v 9.845164 -1.520679 -4.789587
v 9.480603 -1.464369 -4.946441
v 9.797182 -3.100507 -4.540641
v 9.497652 -3.005714 -4.789587
v 9.145959 -2.894415 -4.946441
v 9.209073 -4.559703 -4.540641
v 8.927523 -4.420298 -4.789587
v 8.596942 -4.256617 -4.946441
v 8.405112 -5.912023 -4.540641
v 8.148141 -5.731274 -4.789587
v 7.846420 -5.519049 -4.946441
v 7.404141 -7.125771 -4.540641
v 7.177773 -6.907914 -4.789587
v 6.911985 -6.652118 -4.946441
v 6.229624 -8.172497 -4.540641
v 6.039165 -7.922638 -4.789587
v 5.815538 -7.629268 -4.946441
v 4.909089 -9.027667 -4.540641
v 4.759003 -8.751663 -4.789587
v 4.582780 -8.427594 -4.946441
v 3.473490 -9.671235 -4.540641
v 3.367295 -9.375555 -4.789587
v 3.242606 -9.028384 -4.946441
v 1.956475 -10.088118 -4.540641
v 1.896660 -9.779693 -4.789587
v 1.826427 -9.417557 -4.946441
v 0.393602 -10.268544 -4.540641
v 0.381568 -9.954603 -4.789587
v 0.367439 -9.585990 -4.946441
v -1.178497 -10.208284 -4.540641
v -1.142466 -9.896185 -4.789587
v -1.100161 -9.529735 -4.946441
v -2.722972 -9.908751 -4.540641
v -2.639723 -9.605809 -4.789587
v -2.541975 -9.250112 -4.946441
v -4.203624 -9.376965 -4.540641
v -4.075106 -9.090282 -4.789587
v -5.585746 -8.625390 -4.540641
v -5.414973 -8.361685 -4.789587
v -5.214459 -8.052057 -4.946441
v -6.836943 -7.671644 -4.540641
v -6.627917 -7.437098 -4.789587
v -6.382489 -7.161707 -4.946441
v -7.927888 -6.538081 -4.540641
v -7.685508 -6.338192 -4.789587
v -7.400918 -6.103492 -4.946441
v -8.833010 -5.251271 -4.540641
v -8.562958 -5.090724 -4.789587
v -8.245876 -4.902217 -4.946441
v -9.531094 -3.841376 -4.540641
v -9.239699 -3.723933 -4.789587
v -8.897558 -3.586038 -4.946441
v -10.005777 -2.341442 -4.540641
v -9.699869 -2.269857 -4.789587
v -9.340689 -2.185805 -4.946441
v 0.000000 0.000000 -5.000000
v 0.000000 0.000000 -4.800000
v 9.186403 0.200000 0.000000
v 3.261901 0.200000 0.000000
v 3.261901 0.200000 0.200000
v 9.186403 0.200000 0.200000
v 9.485960 0.516304 0.000000
v 9.481674 0.446943 0.000000
v 9.461544 0.380428 0.000000
v 9.426650 0.320330 0.000000
v 9.378864 0.269873 0.000000
v 9.320751 0.231764 0.000000
v 9.255429 0.208049 0.000000
v 9.255429 0.208049 0.200000
v 9.320751 0.231764 0.200000
v 9.378864 0.269873 0.200000
v 9.426650 0.320330 0.200000
v 9.461544 0.380428 0.200000
v 9.481674 0.446943 0.200000
v 9.485960 0.516304 0.200000
v 0.516304 9.485960 0.000000
v 2.043729 9.277563 0.000000
v 3.517338 8.824870 0.000000
v 4.898329 8.139802 0.000000
v 6.150338 7.240397 0.000000
v 7.240397 6.150338 0.000000
v 8.139802 4.898329 0.000000
v 8.824870 3.517338 0.000000
v 9.277563 2.043729 0.000000
v 9.277563 2.043729 0.200000
v 8.824870 3.517338 0.200000
v 8.139802 4.898329 0.200000
v 7.240397 6.150338 0.200000
v 6.150338 7.240397 0.200000
v 4.898329 8.139802 0.200000
v 3.517338 8.824870 0.200000
v 2.043729 9.277563 0.200000
v 0.516304 9.485960 0.200000
v 0.200000 9.186403 0.000000
v 0.208049 9.255429 0.000000
v 0.231764 9.320751 0.000000
v 0.269873 9.378864 0.000000
v 0.320330 9.426650 0.000000
v 0.380428 9.461544 0.000000
v 0.446943 9.481674 0.000000
v 0.446943 9.481674 0.200000
v 0.380428 9.461544 0.200000
v 0.320330 9.426650 0.200000
v 0.269873 9.378864 0.200000
v 0.231764 9.320751 0.200000
v 0.208049 9.255429 0.200000
v 0.200000 9.186403 0.200000
v 0.200000 3.261901 0.000000
v 0.200000 3.261901 0.200000
v 0.454545 2.965365 0.000000
v 0.386346 2.984263 0.000000
v 0.324471 3.018612 0.000000
v 0.272364 3.066500 0.000000
v 0.232924 3.125261 0.000000
v 0.208347 3.191626 0.000000
v 0.208347 3.191626 0.200000
v 0.232924 3.125261 0.200000
v 0.272364 3.066500 0.200000
v 0.324471 3.018612 0.200000
v 0.386346 2.984263 0.200000
v 0.454545 2.965365 0.200000
v 2.965365 0.454545 0.000000
v 2.756811 1.183214 0.000000
v 2.372295 1.836360 0.000000
v 1.836360 2.372295 0.000000
v 1.183214 2.756811 0.000000
v 1.183214 2.756811 0.200000
v 1.836360 2.372295 0.200000
v 2.372295 1.836360 0.200000
v 2.756811 1.183214 0.200000
v 2.965365 0.454545 0.200000
v 3.191626 0.208347 0.000000
v 3.125261 0.232924 0.000000
v 3.066500 0.272364 0.000000
v 3.018612 0.324471 0.000000
v 2.984263 0.386346 0.000000
v 2.984263 0.386346 0.200000
v 3.018612 0.324471 0.200000
v 3.066500 0.272364 0.200000
v 3.125261 0.232924 0.200000
v 3.191626 0.208347 0.200000
v 0.200000 -9.186403 0.000000
v 0.200000 -3.261901 0.000000
v 0.200000 -3.261901 0.200000
v 0.200000 -9.186403 0.200000
v 0.516304 -9.485960 0.000000
v 0.446943 -9.481674 0.000000
v 0.380428 -9.461544 0.000000
v 0.320330 -9.426650 0.000000
v 0.269873 -9.378864 0.000000
v 0.231764 -9.320751 0.000000
v 0.208049 -9.255429 0.000000
v 0.208049 -9.255429 0.200000
v 0.231764 -9.320751 0.200000
v 0.269873 -9.378864 0.200000
v 0.320330 -9.426650 0.200000
v 0.380428 -9.461544 0.200000
v 0.446943 -9.481674 0.200000
v 0.516304 -9.485960 0.200000
v 9.485960 -0.516304 0.000000
v 9.277563 -2.043729 0.000000
v 8.824870 -3.517338 0.000000
v 8.139802 -4.898329 0.000000
v 7.240397 -6.150338 0.000000
v 6.150338 -7.240397 0.000000
v 4.898329 -8.139802 0.000000
v 3.517338 -8.824870 0.000000
v 2.043729 -9.277563 0.000000
v 2.043729 -9.277563 0.200000
v 3.517338 -8.824870 0.200000
v 4.898329 -8.139802 0.200000
v 6.150338 -7.240397 0.200000
v 7.240397 -6.150338 0.200000
v 8.139802 -4.898329 0.200000
v 8.824870 -3.517338 0.200000
v 9.277563 -2.043729 0.200000
v 9.485960 -0.516304 0.200000
v 9.186403 -0.200000 0.000000
v 9.255429 -0.208049 0.000000
v 9.320751 -0.231764 0.000000
v 9.378864 -0.269873 0.000000
v 9.426650 -0.320330 0.000000
v 9.461544 -0.380428 0.000000
v 9.481674 -0.446943 0.000000
v 9.481674 -0.446943 0.200000
v 9.461544 -0.380428 0.200000
v 9.426650 -0.320330 0.200000
v 9.378864 -0.269873 0.200000
v 9.320751 -0.231764 0.200000
v 9.255429 -0.208049 0.200000
v 9.186403 -0.200000 0.200000
v 3.261901 -0.200000 0.000000
v 3.261901 -0.200000 0.200000
v 2.965365 -0.454545 0.000000
v 2.984263 -0.386346 0.000000
v 3.018612 -0.324471 0.000000
v 3.066500 -0.272364 0.000000
v 3.125261 -0.232924 0.000000
v 3.191626 -0.208347 0.000000
v 3.191626 -0.208347 0.200000
v 3.125261 -0.232924 0.200000
v 3.066500 -0.272364 0.200000
v 3.018612 -0.324471 0.200000
v 2.984263 -0.386346 0.200000
v 2.965365 -0.454545 0.200000
v 0.454545 -2.965365 0.000000
v 1.183214 -2.756811 0.000000
v 1.836360 -2.372295 0.000000
v 2.372295 -1.836360 0.000000
v 2.756811 -1.183214 0.000000
v 2.756811 -1.183214 0.200000
v 2.372295 -1.836360 0.200000
v 1.836360 -2.372295 0.200000
v 1.183214 -2.756811 0.200000
v 0.454545 -2.965365 0.200000
v 0.208347 -3.191626 0.000000
v 0.232924 -3.125261 0.000000
v 0.272364 -3.066500 0.000000
v 0.324471 -3.018612 0.000000
v 0.386346 -2.984263 0.000000
v 0.386346 -2.984263 0.200000
v 0.324471 -3.018612 0.200000
v 0.272364 -3.066500 0.200000
v 0.232924 -3.125261 0.200000
v 0.208347 -3.191626 0.200000
v -0.200000 9.186403 0.000000
v -0.200000 3.261901 0.000000
v -0.200000 3.261901 0.200000
v -0.200000 9.186403 0.200000
v -0.516304 9.485960 0.000000
v -0.446943 9.481674 0.000000
v -0.380428 9.461544 0.000000
v -0.320330 9.426650 0.000000
v -0.269873 9.378864 0.000000
v -0.231764 9.320751 0.000000
v -0.208049 9.255429 0.000000
v -0.208049 9.255429 0.200000
v -0.231764 9.320751 0.200000
v -0.269873 9.378864 0.200000
v -0.320330 9.426650 0.200000
v -0.380428 9.461544 0.200000
v -0.446943 9.481674 0.200000
v -0.516304 9.485960 0.200000
v -9.485960 0.516304 0.000000
v -9.277563 2.043729 0.000000
v -8.824870 3.517338 0.000000
v -8.139802 4.898329 0.000000
v -7.240397 6.150338 0.000000
v -6.150338 7.240397 0.000000
v -4.898329 8.139802 0.000000
v -3.517338 8.824870 0.000000
v -2.043729 9.277563 0.000000
v -2.043729 9.277563 0.200000
v -3.517338 8.824870 0.200000
v -4.898329 8.139802 0.200000
v -6.150338 7.240397 0.200000
v -7.240397 6.150338 0.200000
v -8.139802 4.898329 0.200000
v -8.824870 3.517338 0.200000
v -9.277563 2.043729 0.200000
v -9.485960 0.516304 0.200000
v -9.186403 0.200000 0.000000
v -9.255429 0.208049 0.000000
v -9.320751 0.231764 0.000000
v -9.378864 0.269873 0.000000
v -9.426650 0.320330 0.000000
v -9.461544 0.380428 0.000000
v -9.481674 0.446943 0.000000
v -9.481674 0.446943 0.200000
v -9.461544 0.380428 0.200000
v -9.426650 0.320330 0.200000
v -9.378864 0.269873 0.200000
v -9.320751 0.231764 0.200000
v -9.255429 0.208049 0.200000
v -9.186403 0.200000 0.200000
v -3.261901 0.200000 0.000000
v -3.261901 0.200000 0.200000
v -2.965365 0.454545 0.000000
v -2.984263 0.386346 0.000000
v -3.018612 0.324471 0.000000
v -3.066500 0.272364 0.000000
v -3.125261 0.232924 0.000000
v -3.191626 0.208347 0.000000
v -3.191626 0.208347 0.200000
v -3.125261 0.232924 0.200000
v -3.066500 0.272364 0.200000
v -3.018612 0.324471 0.200000
v -2.984263 0.386346 0.200000
v -2.965365 0.454545 0.200000
v -0.454545 2.965365 0.000000
v -1.183214 2.756811 0.000000
v -1.836360 2.372295 0.000000
v -2.372295 1.836360 0.000000
v -2.756811 1.183214 0.000000
v -2.756811 1.183214 0.200000
v -2.372295 1.836360 0.200000
v -1.836360 2.372295 0.200000
v -1.183214 2.756811 0.200000
v -0.454545 2.965365 0.200000
v -0.208347 3.191626 0.000000
v -0.232924 3.125261 0.000000
v -0.272364 3.066500 0.000000
v -0.324471 3.018612 0.000000
v -0.386346 2.984263 0.000000
v -0.386346 2.984263 0.200000
v -0.324471 3.018612 0.200000
v -0.272364 3.066500 0.200000
v -0.232924 3.125261 0.200000
v -0.208347 3.191626 0.200000
v -9.186403 -0.200000 0.000000
v -3.261901 -0.200000 0.000000
v -3.261901 -0.200000 0.200000
v -9.186403 -0.200000 0.200000
v -9.485960 -0.516304 0.000000
v -9.481674 -0.446943 0.000000
v -9.461544 -0.380428 0.000000
v -9.426650 -0.320330 0.000000
v -9.378864 -0.269873 0.000000
v -9.320751 -0.231764 0.000000
v -9.255429 -0.208049 0.000000
v -9.255429 -0.208049 0.200000
v -9.320751 -0.231764 0.200000
v -9.378864 -0.269873 0.200000
v -9.426650 -0.320330 0.200000
v -9.461544 -0.380428 0.200000
v -9.481674 -0.446943 0.200000
v -9.485960 -0.516304 0.200000
v -0.516304 -9.485960 0.000000
v -2.043729 -9.277563 0.000000
v -3.517338 -8.824870 0.000000
v -4.898329 -8.139802 0.000000
v -6.150338 -7.240397 0.000000
v -7.240397 -6.150338 0.000000
v -8.139802 -4.898329 0.000000
v -8.824870 -3.517338 0.000000
v -9.277563 -2.043729 0.000000
v -9.277563 -2.043729 0.200000
v -8.824870 -3.517338 0.200000
v -8.139802 -4.898329 0.200000
v -7.240397 -6.150338 0.200000
v -6.150338 -7.240397 0.200000
v -4.898329 -8.139802 0.200000
v -3.517338 -8.824870 0.200000
v -2.043729 -9.277563 0.200000
v -0.516304 -9.485960 0.200000
v -0.200000 -9.186403 0.000000
v -0.208049 -9.255429 0.000000
v -0.231764 -9.320751 0.000000
v -0.269873 -9.378864 0.000000
v -0.320330 -9.426650 0.000000
v -0.380428 -9.461544 0.000000
v -0.446943 -9.481674 0.000000
v -0.446943 -9.481674 0.200000
v -0.380428 -9.461544 0.200000
v -0.320330 -9.426650 0.200000
v -0.269873 -9.378864 0.200000
v -0.231764 -9.320751 0.200000
v -0.208049 -9.255429 0.200000
v -0.200000 -9.186403 0.200000
v -0.200000 -3.261901 0.000000
v -0.200000 -3.261901 0.200000
v -0.454545 -2.965365 0.000000
v -0.386346 -2.984263 0.000000
v -0.324471 -3.018612 0.000000
v -0.272364 -3.066500 0.000000
v -0.232924 -3.125261 0.000000
v -0.208347 -3.191626 0.000000
v -0.208347 -3.191626 0.200000
v -0.232924 -3.125261 0.200000
v -0.272364 -3.066500 0.200000
v -0.324471 -3.018612 0.200000
v -0.386346 -2.984263 0.200000
v -0.454545 -2.965365 0.200000
v -2.965365 -0.454545 0.000000
v -2.756811 -1.183214 0.000000
v -2.372295 -1.836360 0.000000
v -1.836360 -2.372295 0.000000
v -1.183214 -2.756811 0.000000
v -1.183214 -2.756811 0.200000
v -1.836360 -2.372295 0.200000
v -2.372295 -1.836360 0.200000
v -2.756811 -1.183214 0.200000
v -2.965365 -0.454545 0.200000
v -3.191626 -0.208347 0.000000
v -3.125261 -0.232924 0.000000
v -3.066500 -0.272364 0.000000
v -3.018612 -0.324471 0.000000
v -2.984263 -0.386346 0.000000
v -2.984263 -0.386346 0.200000
v -3.018612 -0.324471 0.200000
v -3.066500 -0.272364 0.200000
v -3.125261 -0.232924 0.200000
v -3.191626 -0.208347 0.200000
v -2.000000 1.500000 0.000000
v 2.000000 1.500000 0.000000
v 2.000000 1.500000 0.200000
v -2.000000 1.500000 0.200000
v -2.000000 -1.500000 0.000000
v -2.000000 -1.500000 0.200000
v 2.000000 -1.500000 0.000000
v 2.000000 -1.500000 0.200000
v -0.000000 -9.485960 0.200000
v -0.000000 -9.485960 0.000000
vt -0.100003 -1.570437 0.000000
vt 0.100003 -0.981523 0.000000
vt -0.100003 0.000000 0.000000
vt 0.100003 0.000000 0.000000
vt 0.100003 0.981523 0.000000
vt 0.100003 -1.963046 0.000000
vt -0.100003 -3.140873 0.000000
vt 0.100003 -2.944569 0.000000
vt 0.100003 -3.926092 0.000000
vt -0.100003 -4.711310 0.000000
vt 0.100003 -4.907614 0.000000
vt 0.100003 -5.889137 0.000000
vt -0.100003 -6.281747 0.000000
vt 0.100003 -6.870660 0.000000
vt -0.100003 -7.852183 0.000000
vt 0.100003 -7.852183 0.000000
vt 0.100003 -8.833706 0.000000
vt -0.100003 -9.422620 0.000000
vt 0.100003 -9.815229 0.000000
vt -0.100003 -10.993056 0.000000
vt 0.100003 -10.796752 0.000000
vt 0.100003 -11.778275 0.000000
vt -0.100003 -12.563493 0.000000
vt 0.100003 -12.759798 0.000000
vt 0.100003 -13.741321 0.000000
vt -0.100003 -14.133930 0.000000
vt 0.100003 -14.722843 0.000000
vt -0.100003 -15.704366 0.000000
vt 0.100003 -15.704366 0.000000
vt 0.100003 -16.685889 0.000000
vt -0.100003 -17.274803 0.000000
vt 0.100003 -17.667412 0.000000
vt -0.100003 -18.845240 0.000000
vt 0.100003 -18.648935 0.000000
vt 0.100003 -19.630458 0.000000
vt -0.100003 -20.415676 0.000000
vt 0.100003 -20.611981 0.000000
vt 0.100003 -21.593504 0.000000
vt -0.100003 -21.986113 0.000000
vt 0.100003 -22.575027 0.000000
vt -0.100003 -23.556550 0.000000
vt 0.100003 -23.556550 0.000000
vt 0.100003 -24.538072 0.000000
vt -0.100003 -25.126986 0.000000
vt 0.100003 -25.519595 0.000000
vt -0.100003 -26.697423 0.000000
vt 0.100003 -26.501118 0.000000
vt 0.100003 -27.482641 0.000000
vt -0.100003 -28.267859 0.000000
vt 0.100003 -28.464164 0.000000
vt 0.100003 -29.445687 0.000000
vt -0.100003 -29.838296 0.000000
vt 0.100003 -30.427210 0.000000
vt -0.100003 -31.408733 0.000000
vt 0.100003 -31.408733 0.000000
vt 0.100003 31.408733 0.000000
vt -0.100003 31.408733 0.000000
vt 0.100003 30.427210 0.000000
vt -0.100003 29.838296 0.000000
vt 0.100003 29.445687 0.000000
vt -0.100003 28.267859 0.000000
vt 0.100003 28.464164 0.000000
vt 0.100003 27.482641 0.000000
vt -0.100003 26.697423 0.000000
vt 0.100003 26.501118 0.000000
vt 0.100003 25.519595 0.000000
vt -0.100003 25.126986 0.000000
vt 0.100003 24.538072 0.000000
vt -0.100003 23.556550 0.000000
vt 0.100003 23.556550 0.000000
vt 0.100003 22.575027 0.000000
vt -0.100003 21.986113 0.000000
vt 0.100003 21.593504 0.000000
vt -0.100003 20.415676 0.000000
vt 0.100003 20.611981 0.000000
vt 0.100003 19.630458 0.000000
vt -0.100003 18.845240 0.000000
vt 0.100003 18.648935 0.000000
vt 0.100003 17.667412 0.000000
vt -0.100003 17.274803 0.000000
vt 0.100003 16.685889 0.000000
vt -0.100003 15.704366 0.000000
vt 0.100003 15.704366 0.000000
vt 0.100003 14.722843 0.000000
vt -0.100003 14.133930 0.000000
vt 0.100003 13.741321 0.000000
vt -0.100003 12.563493 0.000000
vt 0.100003 12.759798 0.000000
vt 0.100003 11.778275 0.000000
vt -0.100003 10.993056 0.000000
vt 0.100003 10.796752 0.000000
vt 0.100003 9.815229 0.000000
vt -0.100003 9.422620 0.000000
vt 0.100003 8.833706 0.000000
vt -0.100003 7.852183 0.000000
vt 0.100003 7.852183 0.000000
vt 0.100003 6.870660 0.000000
vt -0.100003 6.281747 0.000000
vt 0.100003 5.889137 0.000000
vt -0.100003 4.711310 0.000000
vt 0.100003 4.907614 0.000000
vt 0.100003 3.926092 0.000000
vt -0.100003 3.140873 0.000000
vt 0.100003 2.944569 0.000000
vt 0.100003 1.963046 0.000000
vt -0.100003 1.570437 0.000000
vt 0.648264 -1.510993 0.000000
vt 0.996707 -0.755496 0.000000
vt 0.648264 0.000000 0.000000
vt 0.996707 0.755496 0.000000
vt 0.648264 1.510993 0.000000
vt 0.996707 2.266489 0.000000
vt 0.648264 3.021986 0.000000
vt 0.996707 3.777482 0.000000
vt 0.648264 4.532979 0.000000
vt 0.996707 5.288475 0.000000
vt 0.648264 6.043972 0.000000
vt 0.996707 6.799468 0.000000
vt 0.648264 7.554964 0.000000
vt 0.996707 8.310461 0.000000
vt 0.648264 9.065957 0.000000
vt 0.996707 9.821454 0.000000
vt 0.648264 10.576950 0.000000
vt 0.996707 11.332447 0.000000
vt 0.648264 12.087943 0.000000
vt 0.996707 12.843440 0.000000
vt 0.648264 13.598936 0.000000
vt 0.996707 14.354432 0.000000
vt 0.648264 15.109929 0.000000
vt 0.996707 15.865425 0.000000
vt 0.648264 16.620922 0.000000
vt 0.996707 17.376418 0.000000
vt 0.648264 18.131915 0.000000
vt 0.996707 18.887411 0.000000
vt 0.648264 19.642907 0.000000
vt 0.996707 20.398404 0.000000
vt 0.648264 21.153900 0.000000
vt 0.996707 21.909397 0.000000
vt 0.648264 22.664893 0.000000
vt 0.996707 23.420390 0.000000
vt 0.648264 24.175886 0.000000
vt 0.996707 24.931383 0.000000
vt 0.648264 25.686879 0.000000
vt 0.996707 26.442375 0.000000
vt 0.648264 27.197872 0.000000
vt 0.996707 27.953368 0.000000
vt 0.648264 28.708865 0.000000
vt 0.996707 29.464361 0.000000
vt 0.648264 30.219858 0.000000
vt 0.996707 30.975354 0.000000
vt 0.648264 31.730851 0.000000
vt 0.648264 -30.219858 0.000000
vt 0.996707 -30.975354 0.000000
vt 0.996707 -29.464361 0.000000
vt 0.648264 -28.708865 0.000000
vt 0.996707 -27.953368 0.000000
vt 0.648264 -27.197872 0.000000
vt 0.996707 -26.442375 0.000000
vt 0.648264 -25.686879 0.000000
vt 0.996707 -24.931383 0.000000
vt 0.648264 -24.175886 0.000000
vt 0.996707 -23.420390 0.000000
vt 0.648264 -22.664893 0.000000
vt 0.996707 -21.909397 0.000000
vt 0.648264 -21.153900 0.000000
vt 0.996707 -20.398404 0.000000
vt 0.648264 -19.642907 0.000000
vt 0.996707 -18.887411 0.000000
vt 0.648264 -18.131915 0.000000
vt 0.996707 -17.376418 0.000000
vt 0.648264 -16.620922 0.000000
vt 0.996707 -15.865425 0.000000
vt 0.648264 -15.109929 0.000000
vt 0.996707 -14.354432 0.000000
vt 0.648264 -13.598936 0.000000
vt 0.996707 -12.843440 0.000000
vt 0.648264 -12.087943 0.000000
vt 0.996707 -11.332447 0.000000
vt 0.648264 -10.576950 0.000000
vt 0.996707 -9.821454 0.000000
vt 0.648264 -9.065957 0.000000
vt 0.996707 -8.310461 0.000000
vt 0.648264 -7.554964 0.000000
vt 0.996707 -6.799468 0.000000
vt 0.648264 -6.043972 0.000000
vt 0.996707 -5.288475 0.000000
vt 0.648264 -4.532979 0.000000
vt 0.996707 -3.777482 0.000000
vt 0.648264 -3.021986 0.000000
vt 0.996707 -2.266489 0.000000
vt 2.042035 1.630282 0.000000
vt 1.693592 0.755496 0.000000
vt 2.042035 0.000000 0.000000
vt 1.693592 -0.755496 0.000000
vt 2.042035 -1.630282 0.000000
vt 1.693592 -2.266489 0.000000
vt 2.042035 -3.260564 0.000000
vt 1.693592 -3.777482 0.000000
vt 2.042035 -4.890845 0.000000
vt 1.693592 -5.288475 0.000000
vt 2.042035 -6.521127 0.000000
vt 1.693592 -6.799468 0.000000
vt 2.042035 -8.151409 0.000000
vt 1.693592 -8.310461 0.000000
vt 2.042035 -9.781691 0.000000
vt 1.693592 -9.821454 0.000000
vt 1.693592 -11.332447 0.000000
vt 1.345150 -9.821454 0.000000
vt 1.345150 -11.332447 0.000000
vt 1.693592 2.266489 0.000000
vt 2.042035 3.260564 0.000000
vt 1.693592 3.777482 0.000000
vt 2.042035 4.890845 0.000000
vt 1.693592 5.288475 0.000000
vt 2.042035 6.521127 0.000000
vt 1.693592 6.799468 0.000000
vt 2.042035 8.151409 0.000000
vt 1.693592 8.310461 0.000000
vt 2.042035 9.781691 0.000000
vt 1.693592 9.821454 0.000000
vt 1.693592 11.332447 0.000000
vt 1.345150 11.332447 0.000000
vt 1.345150 12.843440 0.000000
vt 2.042035 11.411973 0.000000
vt 1.693592 12.843440 0.000000
vt 1.345150 14.354432 0.000000
vt 2.042035 13.042254 0.000000
vt 1.693592 14.354432 0.000000
vt 1.345150 15.865425 0.000000
vt 2.042035 14.672536 0.000000
vt 1.693592 15.865425 0.000000
vt 1.345150 17.376418 0.000000
vt 2.042035 16.302818 0.000000
vt 1.693592 17.376418 0.000000
vt 1.345150 18.887411 0.000000
vt 2.042035 17.933100 0.000000
vt 1.693592 18.887411 0.000000
vt 1.345150 20.398404 0.000000
vt 2.042035 19.563382 0.000000
vt 1.693592 20.398404 0.000000
vt 1.345150 21.909397 0.000000
vt 2.042035 21.193663 0.000000
vt 1.693592 21.909397 0.000000
vt 1.345150 23.420390 0.000000
vt 2.042035 22.823945 0.000000
vt 1.693592 23.420390 0.000000
vt 1.345150 24.931383 0.000000
vt 2.042035 24.454227 0.000000
vt 1.693592 24.931383 0.000000
vt 1.345150 26.442375 0.000000
vt 2.042035 26.084509 0.000000
vt 1.693592 26.442375 0.000000
vt 1.345150 27.953368 0.000000
vt 2.042035 27.714791 0.000000
vt 1.693592 27.953368 0.000000
vt 1.345150 29.464361 0.000000
vt 2.042035 29.345072 0.000000
vt 1.693592 29.464361 0.000000
vt 1.345150 30.975354 0.000000
vt 1.345150 -30.975354 0.000000
vt 2.042035 30.975354 0.000000
vt 1.693592 30.975354 0.000000
vt 1.693592 -30.975354 0.000000
vt 1.345150 -29.464361 0.000000
vt 2.042035 -30.975354 0.000000
vt 1.693592 -29.464361 0.000000
vt 2.042035 -29.345072 0.000000
vt 1.693592 -27.953368 0.000000
vt 2.042035 -27.714791 0.000000
vt 1.693592 -26.442375 0.000000
vt 2.042035 -26.084509 0.000000
vt 1.693592 -24.931383 0.000000
vt 2.042035 -24.454227 0.000000
vt 1.693592 -23.420390 0.000000
vt 2.042035 -22.823945 0.000000
vt 1.693592 -21.909397 0.000000
vt 2.042035 -21.193663 0.000000
vt 1.693592 -20.398404 0.000000
vt 2.042035 -19.563382 0.000000
vt 1.693592 -18.887411 0.000000
vt 2.042035 -17.933100 0.000000
vt 1.693592 -17.376418 0.000000
vt 2.042035 -16.302818 0.000000
vt 1.693592 -15.865425 0.000000
vt 2.042035 -14.672536 0.000000
vt 1.693592 -14.354432 0.000000
vt 2.042035 -13.042254 0.000000
vt 1.693592 -12.843440 0.000000
vt 2.042035 -11.411973 0.000000
vt 1.345150 -0.755496 0.000000
vt 1.345150 0.755496 0.000000
vt 1.345150 2.266489 0.000000
vt 1.345150 3.777482 0.000000
vt 1.345150 5.288475 0.000000
vt 1.345150 6.799468 0.000000
vt 1.345150 8.310461 0.000000
vt 1.345150 9.821454 0.000000
vt 1.345150 -2.266489 0.000000
vt 1.345150 -3.777482 0.000000
vt 1.345150 -5.288475 0.000000
vt 1.345150 -6.799468 0.000000
vt 1.345150 -8.310461 0.000000
vt 1.345150 -12.843440 0.000000
vt 1.345150 -14.354432 0.000000
vt 1.345150 -15.865425 0.000000
vt 1.345150 -17.376418 0.000000
vt 1.345150 -18.887411 0.000000
vt 1.345150 -20.398404 0.000000
vt 1.345150 -21.909397 0.000000
vt 1.345150 -23.420390 0.000000
vt 1.345150 -24.931383 0.000000
vt 1.345150 -26.442375 0.000000
vt 1.345150 -27.953368 0.000000
vt 0.266626 0.000000 0.000000
vt 0.752364 0.000000 0.000000
vt 0.266626 1.059195 0.000000
vt 0.558674 1.588793 0.000000
vt 0.266626 2.118390 0.000000
vt 0.558674 3.177586 0.000000
vt 0.266626 3.177586 0.000000
vt 0.266626 4.236781 0.000000
vt 0.558674 4.766378 0.000000
vt 0.266626 5.295976 0.000000
vt 0.558674 6.355171 0.000000
vt 0.266626 6.355171 0.000000
vt 0.558674 7.149568 0.000000
vt 0.266626 7.414366 0.000000
vt 0.558674 7.943964 0.000000
vt 0.266626 8.473562 0.000000
vt 0.558674 8.738361 0.000000
vt 0.266626 9.532757 0.000000
vt 0.558674 9.532757 0.000000
vt 0.558674 10.327153 0.000000
vt 0.850723 9.532757 0.000000
vt 0.850723 10.327153 0.000000
vt 1.142771 9.532757 0.000000
vt 1.142771 10.327153 0.000000
vt 1.434820 9.532757 0.000000
vt 1.434820 10.327153 0.000000
vt 1.726868 9.532757 0.000000
vt 1.726868 10.327153 0.000000
vt 2.018917 9.532757 0.000000
vt 2.018917 10.327153 0.000000
vt 2.310965 9.532757 0.000000
vt 2.310965 10.327153 0.000000
vt 2.603014 9.532757 0.000000
vt 2.603014 10.327153 0.000000
vt 2.990436 9.532757 0.000000
vt 2.990436 10.327153 0.000000
vt 3.377859 9.532757 0.000000
vt 3.377859 10.327153 0.000000
vt 4.152704 9.920267 0.000000
vt 3.377859 11.121550 0.000000
vt 4.152704 11.573645 0.000000
vt 3.377859 12.710343 0.000000
vt 4.152704 13.227023 0.000000
vt 3.377859 14.299135 0.000000
vt 4.152704 14.880401 0.000000
vt 3.377859 15.887928 0.000000
vt 4.152704 16.533779 0.000000
vt 3.377859 17.476721 0.000000
vt 4.152704 18.187157 0.000000
vt 3.377859 19.065514 0.000000
vt 4.152704 19.840535 0.000000
vt 3.377859 20.654307 0.000000
vt 4.152704 21.493913 0.000000
vt 3.377859 22.243099 0.000000
vt 4.152704 23.147291 0.000000
vt 3.377859 23.037496 0.000000
vt 3.377859 23.831892 0.000000
vt 2.990436 23.831892 0.000000
vt 2.990436 24.626289 0.000000
vt 2.603014 24.626289 0.000000
vt 2.603014 25.420685 0.000000
vt 2.310965 25.420685 0.000000
vt 2.310965 26.303348 0.000000
vt 2.018917 26.303348 0.000000
vt 2.018917 27.186010 0.000000
vt 1.726868 27.186010 0.000000
vt 1.726868 28.068673 0.000000
vt 1.434820 28.068673 0.000000
vt 1.434820 28.951336 0.000000
vt 1.142771 28.951336 0.000000
vt 1.142771 29.833998 0.000000
vt 0.850723 29.833998 0.000000
vt 0.850723 30.716661 0.000000
vt 0.558674 30.716661 0.000000
vt 0.558674 31.599324 0.000000
vt 0.266626 30.716661 0.000000
vt 0.266626 31.775856 0.000000
vt 0.558674 32.481987 0.000000
vt 0.266626 32.835052 0.000000
vt 0.558674 33.364649 0.000000
vt 0.266626 33.894247 0.000000
vt 0.558674 34.247312 0.000000
vt 0.266626 34.953442 0.000000
vt 0.558674 35.129975 0.000000
vt 0.266626 36.012637 0.000000
vt 0.558674 36.012637 0.000000
vt 0.558674 36.895300 0.000000
vt 0.850723 36.012637 0.000000
vt 0.850723 36.895300 0.000000
vt 1.142771 36.012637 0.000000
vt 1.142771 36.895300 0.000000
vt 1.434820 36.012637 0.000000
vt 1.434820 36.895300 0.000000
vt 1.726868 36.012637 0.000000
vt 1.726868 36.895300 0.000000
vt 2.018917 36.012637 0.000000
vt 2.018917 36.895300 0.000000
vt 2.310965 36.012637 0.000000
vt 2.310965 36.895300 0.000000
vt 2.603014 36.012637 0.000000
vt 2.603014 36.895300 0.000000
vt 2.990436 36.012637 0.000000
vt 2.990436 36.895300 0.000000
vt 3.377859 36.012637 0.000000
vt 3.377859 36.895300 0.000000
vt 4.152704 36.374314 0.000000
vt 4.152704 38.027692 0.000000
vt 0.850723 1.588793 0.000000
vt 1.237870 0.000000 0.000000
vt 1.142771 1.588793 0.000000
vt 1.434820 1.588793 0.000000
vt 1.142771 3.177586 0.000000
vt 1.434820 3.177586 0.000000
vt 1.142771 4.766378 0.000000
vt 1.434820 4.766378 0.000000
vt 1.142771 6.355171 0.000000
vt 1.434820 6.355171 0.000000
vt 1.142771 7.149568 0.000000
vt 1.434820 7.149568 0.000000
vt 1.142771 7.943964 0.000000
vt 1.434820 7.943964 0.000000
vt 1.142771 8.738361 0.000000
vt 1.434820 8.738361 0.000000
vt 1.723707 0.000000 0.000000
vt 1.726868 1.588793 0.000000
vt 1.726868 3.177586 0.000000
vt 1.726868 4.766378 0.000000
vt 1.726868 6.355171 0.000000
vt 1.726868 7.149568 0.000000
vt 1.726868 7.943964 0.000000
vt 1.726868 8.738361 0.000000
vt 2.018917 1.588793 0.000000
vt 2.209684 0.000000 0.000000
vt 2.310965 1.588793 0.000000
vt 2.695899 0.000000 0.000000
vt 2.603014 1.588793 0.000000
vt 2.990436 1.588793 0.000000
vt 2.603014 3.177586 0.000000
vt 2.990436 3.177586 0.000000
vt 2.603014 4.766378 0.000000
vt 2.990436 4.766378 0.000000
vt 2.603014 6.355171 0.000000
vt 2.990436 6.355171 0.000000
vt 2.603014 7.149568 0.000000
vt 2.990436 7.149568 0.000000
vt 2.603014 7.943964 0.000000
vt 2.990436 7.943964 0.000000
vt 2.603014 8.738361 0.000000
vt 2.990436 8.738361 0.000000
vt 3.181670 0.000000 0.000000
vt 3.377859 1.588793 0.000000
vt 3.377859 3.177586 0.000000
vt 3.377859 4.766378 0.000000
vt 3.377859 6.355171 0.000000
vt 3.377859 7.149568 0.000000
vt 3.377859 7.943964 0.000000
vt 3.377859 8.738361 0.000000
vt 3.666944 0.000000 0.000000
vt 4.152704 1.653378 0.000000
vt 4.152704 3.306756 0.000000
vt 4.152704 4.960134 0.000000
vt 4.152704 6.613512 0.000000
vt 4.152704 8.266889 0.000000
vt 4.152704 0.000000 0.000000
vt 4.152704 24.800668 0.000000
vt 3.377859 24.626289 0.000000
vt 2.990436 25.420685 0.000000
vt 2.603014 26.303348 0.000000
vt 2.310965 27.186010 0.000000
vt 2.018917 28.068673 0.000000
vt 1.726868 28.951336 0.000000
vt 1.434820 29.833998 0.000000
vt 1.142771 30.716661 0.000000
vt 0.850723 31.599324 0.000000
vt 3.377859 25.420685 0.000000
vt 4.152704 26.454046 0.000000
vt 3.377859 26.303348 0.000000
vt 3.377859 27.186010 0.000000
vt 2.990436 27.186010 0.000000
vt 2.990436 28.068673 0.000000
vt 2.603014 28.068673 0.000000
vt 2.603014 28.951336 0.000000
vt 2.310965 28.951336 0.000000
vt 2.310965 29.833998 0.000000
vt 2.018917 29.833998 0.000000
vt 2.018917 30.716661 0.000000
vt 1.726868 30.716661 0.000000
vt 1.726868 31.599324 0.000000
vt 1.434820 31.599324 0.000000
vt 1.434820 32.481987 0.000000
vt 1.142771 32.481987 0.000000
vt 1.142771 33.364649 0.000000
vt 0.850723 33.364649 0.000000
vt 0.850723 34.247312 0.000000
vt 4.152704 28.107424 0.000000
vt 3.377859 28.068673 0.000000
vt 2.990436 28.951336 0.000000
vt 2.603014 29.833998 0.000000
vt 2.310965 30.716661 0.000000
vt 2.018917 31.599324 0.000000
vt 1.726868 32.481987 0.000000
vt 1.434820 33.364649 0.000000
vt 1.142771 34.247312 0.000000
vt 0.850723 35.129975 0.000000
vt 3.377859 28.951336 0.000000
vt 4.152704 29.760802 0.000000
vt 3.377859 29.833998 0.000000
vt 3.377859 30.716661 0.000000
vt 2.990436 30.716661 0.000000
vt 2.990436 31.599324 0.000000
vt 2.603014 31.599324 0.000000
vt 2.603014 32.481987 0.000000
vt 2.310965 32.481987 0.000000
vt 2.310965 33.364649 0.000000
vt 2.018917 33.364649 0.000000
vt 2.018917 34.247312 0.000000
vt 1.726868 34.247312 0.000000
vt 1.726868 35.129975 0.000000
vt 1.434820 35.129975 0.000000
vt 4.152704 31.414180 0.000000
vt 3.377859 31.599324 0.000000
vt 2.990436 32.481987 0.000000
vt 2.603014 33.364649 0.000000
vt 2.310965 34.247312 0.000000
vt 2.018917 35.129975 0.000000
vt 3.377859 32.481987 0.000000
vt 4.152704 33.067558 0.000000
vt 3.377859 33.364649 0.000000
vt 3.377859 34.247312 0.000000
vt 2.990436 34.247312 0.000000
vt 2.990436 35.129975 0.000000
vt 2.603014 35.129975 0.000000
vt 4.152704 34.720936 0.000000
vt 3.377859 35.129975 0.000000
vt 4.152704 39.681069 0.000000
vt 3.377859 38.660625 0.000000
vt 3.377859 37.777963 0.000000
vt 2.990436 37.777963 0.000000
vt 2.603014 37.777963 0.000000
vt 2.310965 37.777963 0.000000
vt 2.018917 37.777963 0.000000
vt 1.726868 37.777963 0.000000
vt 1.434820 37.777963 0.000000
vt 1.142771 37.777963 0.000000
vt 0.850723 37.777963 0.000000
vt 0.558674 37.777963 0.000000
vt 0.266626 37.071832 0.000000
vt 4.152704 41.334447 0.000000
vt 3.377859 40.425951 0.000000
vt 3.377859 39.543288 0.000000
vt 2.990436 39.543288 0.000000
vt 2.990436 38.660625 0.000000
vt 2.603014 39.543288 0.000000
vt 2.603014 38.660625 0.000000
vt 2.310965 39.543288 0.000000
vt 2.310965 38.660625 0.000000
vt 2.018917 39.543288 0.000000
vt 2.018917 38.660625 0.000000
vt 1.726868 39.543288 0.000000
vt 1.726868 38.660625 0.000000
vt 1.434820 39.543288 0.000000
vt 1.434820 38.660625 0.000000
vt 1.142771 39.543288 0.000000
vt 1.142771 38.660625 0.000000
vt 0.850723 39.543288 0.000000
vt 0.850723 38.660625 0.000000
vt 0.558674 39.543288 0.000000
vt 0.558674 38.660625 0.000000
vt 0.266626 39.190223 0.000000
vt 0.266626 38.131028 0.000000
vt 4.152704 42.987825 0.000000
vt 3.377859 42.191276 0.000000
vt 3.377859 41.308613 0.000000
vt 2.990436 41.308613 0.000000
vt 2.990436 40.425951 0.000000
vt 2.603014 41.308613 0.000000
vt 2.603014 40.425951 0.000000
vt 2.310965 41.308613 0.000000
vt 2.310965 40.425951 0.000000
vt 2.018917 41.308613 0.000000
vt 2.018917 40.425951 0.000000
vt 1.726868 41.308613 0.000000
vt 1.726868 40.425951 0.000000
vt 1.434820 41.308613 0.000000
vt 1.434820 40.425951 0.000000
vt 1.142771 41.308613 0.000000
vt 1.142771 40.425951 0.000000
vt 0.850723 41.308613 0.000000
vt 0.850723 40.425951 0.000000
vt 0.558674 41.308613 0.000000
vt 0.558674 40.425951 0.000000
vt 0.266626 41.308613 0.000000
vt 0.266626 40.249418 0.000000
vt 4.152704 44.641203 0.000000
vt 3.377859 43.956601 0.000000
vt 3.377859 43.073939 0.000000
vt 2.990436 43.073939 0.000000
vt 2.990436 42.191276 0.000000
vt 2.603014 43.073939 0.000000
vt 2.603014 42.191276 0.000000
vt 2.310965 43.073939 0.000000
vt 2.310965 42.191276 0.000000
vt 2.018917 43.073939 0.000000
vt 2.018917 42.191276 0.000000
vt 1.726868 43.073939 0.000000
vt 1.726868 42.191276 0.000000
vt 1.434820 43.073939 0.000000
vt 1.434820 42.191276 0.000000
vt 1.142771 43.073939 0.000000
vt 1.142771 42.191276 0.000000
vt 0.850723 43.073939 0.000000
vt 0.850723 42.191276 0.000000
vt 0.558674 43.073939 0.000000
vt 0.558674 42.191276 0.000000
vt 0.266626 42.367809 0.000000
vt 4.152704 46.294581 0.000000
vt 3.377859 45.721927 0.000000
vt 3.377859 44.839264 0.000000
vt 2.990436 44.839264 0.000000
vt 2.990436 43.956601 0.000000
vt 2.603014 44.839264 0.000000
vt 2.603014 43.956601 0.000000
vt 2.310965 44.839264 0.000000
vt 2.310965 43.956601 0.000000
vt 2.018917 44.839264 0.000000
vt 2.018917 43.956601 0.000000
vt 1.726868 44.839264 0.000000
vt 1.726868 43.956601 0.000000
vt 1.434820 44.839264 0.000000
vt 1.434820 43.956601 0.000000
vt 1.142771 44.839264 0.000000
vt 1.142771 43.956601 0.000000
vt 0.850723 44.839264 0.000000
vt 0.850723 43.956601 0.000000
vt 0.558674 44.839264 0.000000
vt 0.558674 43.956601 0.000000
vt 0.266626 44.486199 0.000000
vt 0.266626 43.427004 0.000000
vt 4.152704 47.947959 0.000000
vt 3.377859 47.487252 0.000000
vt 3.377859 46.604589 0.000000
vt 2.990436 46.604589 0.000000
vt 2.990436 45.721927 0.000000
vt 2.603014 46.604589 0.000000
vt 2.603014 45.721927 0.000000
vt 2.310965 46.604589 0.000000
vt 2.310965 45.721927 0.000000
vt 2.018917 46.604589 0.000000
vt 2.018917 45.721927 0.000000
vt 1.726868 46.604589 0.000000
vt 1.726868 45.721927 0.000000
vt 1.434820 46.604589 0.000000
vt 1.434820 45.721927 0.000000
vt 1.142771 46.604589 0.000000
vt 1.142771 45.721927 0.000000
vt 0.850723 46.604589 0.000000
vt 0.850723 45.721927 0.000000
vt 0.558674 46.604589 0.000000
vt 0.558674 45.721927 0.000000
vt 0.266626 46.604589 0.000000
vt 0.266626 45.545394 0.000000
vt 3.377859 48.369915 0.000000
vt 4.152704 49.601337 0.000000
vt 3.377859 49.252577 0.000000
vt 3.377859 50.135240 0.000000
vt 2.990436 50.135240 0.000000
vt 2.990436 51.900565 0.000000
vt 2.603014 51.900565 0.000000
vt 2.603014 52.783228 0.000000
vt 2.310965 52.783228 0.000000
vt 2.310965 53.665891 0.000000
vt 2.018917 53.665891 0.000000
vt 2.018917 54.548553 0.000000
vt 1.726868 54.548553 0.000000
vt 1.726868 55.431216 0.000000
vt 1.434820 55.431216 0.000000
vt 1.434820 56.313879 0.000000
vt 1.142771 56.313879 0.000000
vt 1.142771 57.196541 0.000000
vt 0.850723 57.196541 0.000000
vt 0.850723 58.079204 0.000000
vt 0.558674 58.079204 0.000000
vt 0.558674 58.961867 0.000000
vt 0.266626 58.255737 0.000000
vt 0.266626 59.314932 0.000000
vt 0.558674 59.844530 0.000000
vt 0.266626 60.374127 0.000000
vt 0.558674 60.727192 0.000000
vt 0.266626 61.433322 0.000000
vt 0.558674 61.609855 0.000000
vt 0.266626 62.492518 0.000000
vt 0.558674 62.492518 0.000000
vt 0.558674 63.375180 0.000000
vt 0.850723 62.492518 0.000000
vt 0.850723 63.375180 0.000000
vt 1.142771 62.492518 0.000000
vt 1.142771 63.375180 0.000000
vt 1.434820 62.492518 0.000000
vt 1.434820 63.375180 0.000000
vt 1.726868 62.492518 0.000000
vt 1.726868 63.375180 0.000000
vt 2.018917 62.492518 0.000000
vt 2.018917 63.375180 0.000000
vt 2.310965 62.492518 0.000000
vt 2.310965 63.375180 0.000000
vt 2.603014 62.492518 0.000000
vt 2.603014 63.375180 0.000000
vt 2.990436 62.492518 0.000000
vt 2.990436 63.375180 0.000000
vt 3.377859 62.492518 0.000000
vt 3.377859 63.375180 0.000000
vt 4.152704 62.828360 0.000000
vt 4.152704 64.481738 0.000000
vt 4.152704 51.254715 0.000000
vt 3.377859 51.900565 0.000000
vt 2.990436 52.783228 0.000000
vt 2.603014 53.665891 0.000000
vt 2.310965 54.548553 0.000000
vt 2.018917 55.431216 0.000000
vt 1.726868 56.313879 0.000000
vt 1.434820 57.196541 0.000000
vt 1.142771 58.079204 0.000000
vt 0.850723 58.961867 0.000000
vt 4.152704 52.908093 0.000000
vt 3.377859 52.783228 0.000000
vt 2.990436 53.665891 0.000000
vt 2.603014 54.548553 0.000000
vt 2.310965 55.431216 0.000000
vt 2.018917 56.313879 0.000000
vt 1.726868 57.196541 0.000000
vt 1.434820 58.079204 0.000000
vt 1.142771 58.961867 0.000000
vt 0.850723 59.844530 0.000000
vt 3.377859 53.665891 0.000000
vt 4.152704 54.561470 0.000000
vt 3.377859 54.548553 0.000000
vt 3.377859 55.431216 0.000000
vt 2.990436 55.431216 0.000000
vt 2.990436 56.313879 0.000000
vt 2.603014 56.313879 0.000000
vt 2.603014 57.196541 0.000000
vt 2.310965 57.196541 0.000000
vt 2.310965 58.079204 0.000000
vt 2.018917 58.079204 0.000000
vt 2.018917 58.961867 0.000000
vt 1.726868 58.961867 0.000000
vt 1.726868 59.844530 0.000000
vt 1.434820 59.844530 0.000000
vt 1.434820 60.727192 0.000000
vt 1.142771 60.727192 0.000000
vt 1.142771 61.609855 0.000000
vt 0.850723 61.609855 0.000000
vt 4.152704 56.214848 0.000000
vt 3.377859 56.313879 0.000000
vt 2.990436 57.196541 0.000000
vt 2.603014 58.079204 0.000000
vt 2.310965 58.961867 0.000000
vt 2.018917 59.844530 0.000000
vt 1.726868 60.727192 0.000000
vt 1.434820 61.609855 0.000000
vt 3.377859 57.196541 0.000000
vt 4.152704 57.868226 0.000000
vt 3.377859 58.079204 0.000000
vt 3.377859 58.961867 0.000000
vt 2.990436 58.961867 0.000000
vt 2.990436 59.844530 0.000000
vt 2.603014 59.844530 0.000000
vt 2.603014 60.727192 0.000000
vt 2.310965 60.727192 0.000000
vt 2.310965 61.609855 0.000000
vt 2.018917 61.609855 0.000000
vt 4.152704 59.521604 0.000000
vt 3.377859 59.844530 0.000000
vt 2.990436 60.727192 0.000000
vt 2.603014 61.609855 0.000000
vt 3.377859 60.727192 0.000000
vt 4.152704 61.174982 0.000000
vt 3.377859 61.609855 0.000000
vt 4.152704 66.135116 0.000000
vt 3.377859 65.140506 0.000000
vt 3.377859 64.257843 0.000000
vt 2.990436 64.257843 0.000000
vt 2.603014 64.257843 0.000000
vt 2.310965 64.257843 0.000000
vt 2.018917 64.257843 0.000000
vt 1.726868 64.257843 0.000000
vt 1.434820 64.257843 0.000000
vt 1.142771 64.257843 0.000000
vt 0.850723 64.257843 0.000000
vt 0.558674 64.257843 0.000000
vt 0.266626 63.551713 0.000000
vt 4.152704 67.788494 0.000000
vt 3.666944 67.788494 0.000000
vt 3.377859 66.905831 0.000000
vt 3.377859 66.023168 0.000000
vt 2.990436 66.905831 0.000000
vt 2.990436 66.023168 0.000000
vt 2.603014 66.905831 0.000000
vt 2.603014 66.023168 0.000000
vt 2.310965 66.905831 0.000000
vt 2.310965 66.023168 0.000000
vt 2.018917 66.905831 0.000000
vt 2.018917 66.023168 0.000000
vt 1.726868 66.905831 0.000000
vt 1.726868 66.023168 0.000000
vt 1.434820 66.905831 0.000000
vt 1.434820 66.023168 0.000000
vt 1.142771 66.905831 0.000000
vt 1.142771 66.023168 0.000000
vt 0.850723 66.905831 0.000000
vt 0.850723 66.023168 0.000000
vt 0.558674 66.905831 0.000000
vt 0.558674 66.023168 0.000000
vt 0.266626 66.729298 0.000000
vt 0.266626 65.670103 0.000000
vt 3.181670 67.788494 0.000000
vt 2.695899 67.788494 0.000000
vt 2.209684 67.788494 0.000000
vt 1.723707 67.788494 0.000000
vt 1.237870 67.788494 0.000000
vt 0.752364 67.788494 0.000000
vt 0.266626 67.788494 0.000000
vt 0.558674 65.140506 0.000000
vt 0.266626 64.610908 0.000000
vt 0.266626 57.196541 0.000000
vt 0.558674 57.196541 0.000000
vt 0.850723 56.313879 0.000000
vt 1.142771 55.431216 0.000000
vt 1.434820 54.548553 0.000000
vt 1.726868 53.665891 0.000000
vt 2.018917 52.783228 0.000000
vt 2.310965 51.900565 0.000000
vt 2.603014 50.135240 0.000000
vt 2.990436 49.252577 0.000000
vt 0.558674 56.313879 0.000000
vt 0.266626 56.137346 0.000000
vt 0.558674 55.431216 0.000000
vt 0.266626 55.078151 0.000000
vt 0.558674 54.548553 0.000000
vt 0.266626 54.018956 0.000000
vt 0.558674 53.665891 0.000000
vt 0.266626 52.959761 0.000000
vt 0.558674 52.783228 0.000000
vt 0.266626 51.900565 0.000000
vt 0.558674 51.900565 0.000000
vt 0.266626 50.841370 0.000000
vt 0.558674 50.135240 0.000000
vt 0.266626 49.782175 0.000000
vt 0.558674 49.252577 0.000000
vt 0.266626 48.722980 0.000000
vt 0.558674 48.369915 0.000000
vt 0.266626 47.663785 0.000000
vt 0.558674 47.487252 0.000000
vt 0.558674 29.833998 0.000000
vt 0.266626 29.657466 0.000000
vt 0.558674 28.951336 0.000000
vt 0.266626 28.598271 0.000000
vt 0.558674 28.068673 0.000000
vt 0.266626 27.539076 0.000000
vt 0.558674 27.186010 0.000000
vt 0.266626 26.479880 0.000000
vt 0.558674 26.303348 0.000000
vt 0.266626 25.420685 0.000000
vt 0.558674 25.420685 0.000000
vt 0.558674 24.626289 0.000000
vt 0.850723 24.626289 0.000000
vt 0.850723 23.831892 0.000000
vt 1.142771 23.831892 0.000000
vt 1.142771 23.037496 0.000000
vt 1.434820 23.037496 0.000000
vt 1.434820 22.243099 0.000000
vt 1.726868 22.243099 0.000000
vt 1.726868 20.654307 0.000000
vt 2.018917 20.654307 0.000000
vt 2.018917 19.065514 0.000000
vt 2.310965 19.065514 0.000000
vt 2.310965 17.476721 0.000000
vt 2.603014 17.476721 0.000000
vt 2.603014 15.887928 0.000000
vt 2.990436 15.887928 0.000000
vt 2.990436 14.299135 0.000000
vt 0.266626 24.361490 0.000000
vt 0.558674 23.831892 0.000000
vt 0.850723 23.037496 0.000000
vt 1.142771 22.243099 0.000000
vt 1.434820 20.654307 0.000000
vt 1.726868 19.065514 0.000000
vt 2.018917 17.476721 0.000000
vt 2.310965 15.887928 0.000000
vt 2.603014 14.299135 0.000000
vt 2.990436 12.710343 0.000000
vt 0.266626 23.302295 0.000000
vt 0.558674 23.037496 0.000000
vt 0.850723 22.243099 0.000000
vt 1.142771 20.654307 0.000000
vt 1.434820 19.065514 0.000000
vt 1.726868 17.476721 0.000000
vt 2.018917 15.887928 0.000000
vt 2.310965 14.299135 0.000000
vt 2.603014 12.710343 0.000000
vt 2.990436 11.121550 0.000000
vt 0.266626 22.243099 0.000000
vt 0.558674 22.243099 0.000000
vt 0.850723 20.654307 0.000000
vt 1.142771 19.065514 0.000000
vt 1.434820 17.476721 0.000000
vt 1.726868 15.887928 0.000000
vt 2.018917 14.299135 0.000000
vt 2.310965 12.710343 0.000000
vt 2.603014 11.121550 0.000000
vt 0.266626 21.183904 0.000000
vt 0.558674 20.654307 0.000000
vt 0.850723 19.065514 0.000000
vt 1.142771 17.476721 0.000000
vt 1.434820 15.887928 0.000000
vt 1.726868 14.299135 0.000000
vt 2.018917 12.710343 0.000000
vt 2.310965 11.121550 0.000000
vt 0.266626 20.124709 0.000000
vt 0.558674 19.065514 0.000000
vt 0.850723 17.476721 0.000000
vt 1.142771 15.887928 0.000000
vt 1.434820 14.299135 0.000000
vt 1.726868 12.710343 0.000000
vt 2.018917 11.121550 0.000000
vt 0.266626 19.065514 0.000000
vt 0.266626 18.006319 0.000000
vt 0.558674 17.476721 0.000000
vt 0.266626 16.947123 0.000000
vt 0.558674 15.887928 0.000000
vt 0.266626 15.887928 0.000000
vt 0.266626 14.828733 0.000000
vt 0.558674 14.299135 0.000000
vt 0.266626 13.769538 0.000000
vt 0.558674 12.710343 0.000000
vt 0.266626 12.710343 0.000000
vt 0.266626 11.651147 0.000000
vt 0.558674 11.121550 0.000000
vt 0.266626 10.591952 0.000000
vt 2.990436 65.140506 0.000000
vt 2.603014 65.140506 0.000000
vt 2.310965 65.140506 0.000000
vt 2.018917 65.140506 0.000000
vt 1.726868 65.140506 0.000000
vt 1.434820 65.140506 0.000000
vt 1.142771 65.140506 0.000000
vt 0.850723 65.140506 0.000000
vt 2.310965 3.177586 0.000000
vt 2.310965 4.766378 0.000000
vt 2.310965 6.355171 0.000000
vt 2.310965 7.149568 0.000000
vt 2.310965 7.943964 0.000000
vt 2.310965 8.738361 0.000000
vt 2.018917 3.177586 0.000000
vt 2.018917 4.766378 0.000000
vt 2.018917 6.355171 0.000000
vt 2.018917 7.149568 0.000000
vt 2.018917 7.943964 0.000000
vt 2.018917 8.738361 0.000000
vt 0.850723 3.177586 0.000000
vt 0.850723 4.766378 0.000000
vt 0.850723 6.355171 0.000000
vt 0.850723 7.149568 0.000000
vt 0.850723 7.943964 0.000000
vt 0.850723 8.738361 0.000000
vt 1.726868 11.121550 0.000000
vt 1.434820 11.121550 0.000000
vt 1.142771 11.121550 0.000000
vt 0.850723 11.121550 0.000000
vt 1.434820 12.710343 0.000000
vt 1.142771 12.710343 0.000000
vt 1.142771 14.299135 0.000000
vt 0.850723 12.710343 0.000000
vt 0.850723 14.299135 0.000000
vt 0.850723 15.887928 0.000000
vt 2.990436 17.476721 0.000000
vt 2.603014 19.065514 0.000000
vt 2.310965 20.654307 0.000000
vt 2.018917 22.243099 0.000000
vt 1.726868 23.037496 0.000000
vt 1.434820 23.831892 0.000000
vt 1.142771 24.626289 0.000000
vt 0.850723 25.420685 0.000000
vt 2.990436 19.065514 0.000000
vt 2.603014 20.654307 0.000000
vt 2.310965 22.243099 0.000000
vt 2.018917 23.037496 0.000000
vt 1.726868 23.831892 0.000000
vt 1.434820 24.626289 0.000000
vt 1.142771 25.420685 0.000000
vt 0.850723 26.303348 0.000000
vt 2.990436 20.654307 0.000000
vt 2.603014 22.243099 0.000000
vt 2.310965 23.037496 0.000000
vt 2.018917 23.831892 0.000000
vt 1.726868 24.626289 0.000000
vt 1.434820 25.420685 0.000000
vt 1.142771 26.303348 0.000000
vt 0.850723 27.186010 0.000000
vt 2.990436 22.243099 0.000000
vt 2.603014 23.037496 0.000000
vt 2.310965 23.831892 0.000000
vt 2.018917 24.626289 0.000000
vt 1.726868 25.420685 0.000000
vt 1.434820 26.303348 0.000000
vt 1.142771 27.186010 0.000000
vt 0.850723 28.068673 0.000000
vt 2.990436 23.037496 0.000000
vt 2.603014 23.831892 0.000000
vt 2.310965 24.626289 0.000000
vt 2.018917 25.420685 0.000000
vt 1.726868 26.303348 0.000000
vt 1.434820 27.186010 0.000000
vt 1.142771 28.068673 0.000000
vt 0.850723 28.951336 0.000000
vt 2.990436 26.303348 0.000000
vt 2.603014 27.186010 0.000000
vt 2.310965 28.068673 0.000000
vt 2.018917 28.951336 0.000000
vt 1.726868 29.833998 0.000000
vt 1.434820 30.716661 0.000000
vt 1.142771 31.599324 0.000000
vt 0.850723 32.481987 0.000000
vt 2.990436 29.833998 0.000000
vt 2.603014 30.716661 0.000000
vt 2.310965 31.599324 0.000000
vt 2.018917 32.481987 0.000000
vt 1.726868 33.364649 0.000000
vt 1.434820 34.247312 0.000000
vt 1.142771 35.129975 0.000000
vt 2.990436 33.364649 0.000000
vt 2.603014 34.247312 0.000000
vt 2.310965 35.129975 0.000000
vt 2.990436 47.487252 0.000000
vt 2.990436 48.369915 0.000000
vt 2.603014 47.487252 0.000000
vt 2.603014 48.369915 0.000000
vt 2.603014 49.252577 0.000000
vt 2.310965 47.487252 0.000000
vt 2.310965 48.369915 0.000000
vt 2.310965 49.252577 0.000000
vt 2.310965 50.135240 0.000000
vt 2.018917 47.487252 0.000000
vt 2.018917 48.369915 0.000000
vt 2.018917 49.252577 0.000000
vt 2.018917 50.135240 0.000000
vt 2.018917 51.900565 0.000000
vt 1.726868 47.487252 0.000000
vt 1.726868 48.369915 0.000000
vt 1.726868 49.252577 0.000000
vt 1.726868 50.135240 0.000000
vt 1.726868 51.900565 0.000000
vt 1.726868 52.783228 0.000000
vt 1.434820 47.487252 0.000000
vt 1.434820 48.369915 0.000000
vt 1.434820 49.252577 0.000000
vt 1.434820 50.135240 0.000000
vt 1.434820 51.900565 0.000000
vt 1.434820 52.783228 0.000000
vt 1.434820 53.665891 0.000000
vt 1.142771 47.487252 0.000000
vt 1.142771 48.369915 0.000000
vt 1.142771 49.252577 0.000000
vt 1.142771 50.135240 0.000000
vt 1.142771 51.900565 0.000000
vt 1.142771 52.783228 0.000000
vt 1.142771 53.665891 0.000000
vt 1.142771 54.548553 0.000000
vt 0.850723 47.487252 0.000000
vt 0.850723 48.369915 0.000000
vt 0.850723 49.252577 0.000000
vt 0.850723 50.135240 0.000000
vt 0.850723 51.900565 0.000000
vt 0.850723 52.783228 0.000000
vt 0.850723 53.665891 0.000000
vt 0.850723 54.548553 0.000000
vt 0.850723 55.431216 0.000000
vt 2.990436 54.548553 0.000000
vt 2.603014 55.431216 0.000000
vt 2.310965 56.313879 0.000000
vt 2.018917 57.196541 0.000000
vt 1.726868 58.079204 0.000000
vt 1.434820 58.961867 0.000000
vt 1.142771 59.844530 0.000000
vt 0.850723 60.727192 0.000000
vt 2.990436 58.079204 0.000000
vt 2.603014 58.961867 0.000000
vt 2.310965 59.844530 0.000000
vt 2.018917 60.727192 0.000000
vt 1.726868 61.609855 0.000000
vt 2.990436 61.609855 0.000000
vt -19.951862 -0.979872 0.000000
vt -20.000000 0.000000 0.000000
vt -20.028850 0.000000 0.000000
vt -19.951862 0.979872 0.000000
vt -19.980573 0.982700 0.000000
vt -19.807912 1.950308 0.000000
vt -19.836207 1.955936 0.000000
vt -19.569535 2.901960 0.000000
vt -19.597143 2.910335 0.000000
vt -19.239028 3.825666 0.000000
vt -19.265682 3.836706 0.000000
vt -18.819573 4.712528 0.000000
vt -18.845017 4.726128 0.000000
vt -18.315211 5.554006 0.000000
vt -18.339199 5.570034 0.000000
vt -17.730798 6.341996 0.000000
vt -17.753099 6.360298 0.000000
vt -17.071962 7.068909 0.000000
vt -17.092362 7.089309 0.000000
vt -16.345049 7.727744 0.000000
vt -16.363352 7.750046 0.000000
vt -15.557060 8.312157 0.000000
vt -15.573088 8.336145 0.000000
vt -14.715582 8.816520 0.000000
vt -14.729181 8.841963 0.000000
vt -13.828719 9.235975 0.000000
vt -13.839760 9.262629 0.000000
vt -12.905014 9.566482 0.000000
vt -12.913389 9.594089 0.000000
vt -11.953361 9.804858 0.000000
vt -11.958989 9.833154 0.000000
vt -10.982926 9.948809 0.000000
vt -10.985753 9.977520 0.000000
vt -10.003053 9.996947 0.000000
vt -10.003053 10.025797 0.000000
vt -9.020354 9.977520 0.000000
vt -9.023181 9.948809 0.000000
vt -8.047118 9.833154 0.000000
vt -8.052746 9.804858 0.000000
vt -7.092718 9.594089 0.000000
vt -7.101093 9.566482 0.000000
vt -6.166347 9.262629 0.000000
vt -6.177388 9.235975 0.000000
vt -5.276926 8.841963 0.000000
vt -5.290525 8.816520 0.000000
vt -4.433019 8.336145 0.000000
vt -4.449047 8.312157 0.000000
vt -3.642755 7.750046 0.000000
vt -3.661058 7.727744 0.000000
vt -2.913745 7.089309 0.000000
vt -2.934145 7.068909 0.000000
vt -2.253008 6.360298 0.000000
vt -2.275309 6.341996 0.000000
vt -1.666908 5.570034 0.000000
vt -1.690896 5.554006 0.000000
vt -1.161090 4.726128 0.000000
vt -1.186534 4.712528 0.000000
vt -0.740425 3.836706 0.000000
vt -0.767079 3.825666 0.000000
vt -0.408964 2.910335 0.000000
vt -0.436572 2.901960 0.000000
vt -0.169900 1.955936 0.000000
vt -0.198195 1.950308 0.000000
vt -0.025534 0.982700 0.000000
vt -0.054245 0.979872 0.000000
vt 0.022743 0.000000 0.000000
vt -0.006107 -0.000000 0.000000
vt -0.025534 -0.982700 0.000000
vt -0.054245 -0.979872 0.000000
vt -0.198195 -1.950308 0.000000
vt -0.169900 -1.955936 0.000000
vt -0.436572 -2.901960 0.000000
vt -0.408964 -2.910335 0.000000
vt -0.767079 -3.825666 0.000000
vt -0.740425 -3.836706 0.000000
vt -1.186534 -4.712528 0.000000
vt -1.161090 -4.726128 0.000000
vt -1.690896 -5.554006 0.000000
vt -1.666908 -5.570034 0.000000
vt -2.275309 -6.341996 0.000000
vt -2.253008 -6.360298 0.000000
vt -2.934145 -7.068909 0.000000
vt -2.913745 -7.089309 0.000000
vt -3.661058 -7.727744 0.000000
vt -3.642755 -7.750046 0.000000
vt -4.449047 -8.312157 0.000000
vt -4.433019 -8.336145 0.000000
vt -5.290525 -8.816520 0.000000
vt -5.276926 -8.841963 0.000000
vt -6.177388 -9.235975 0.000000
vt -6.166347 -9.262629 0.000000
vt -7.101093 -9.566482 0.000000
vt -7.092718 -9.594089 0.000000
vt -8.052746 -9.804858 0.000000
vt -8.047118 -9.833154 0.000000
vt -9.023181 -9.948809 0.000000
vt -9.020354 -9.977520 0.000000
vt -10.003053 -9.996947 0.000000
vt -10.003053 -10.025797 0.000000
vt -10.985753 -9.977520 0.000000
vt -10.982926 -9.948809 0.000000
vt -11.958989 -9.833154 0.000000
vt -11.953361 -9.804858 0.000000
vt -12.913389 -9.594089 0.000000
vt -12.905014 -9.566482 0.000000
vt -13.839760 -9.262629 0.000000
vt -13.828719 -9.235975 0.000000
vt -14.729181 -8.841963 0.000000
vt -14.715582 -8.816520 0.000000
vt -15.573088 -8.336145 0.000000
vt -15.557060 -8.312157 0.000000
vt -16.363352 -7.750046 0.000000
vt -16.345049 -7.727744 0.000000
vt -17.092362 -7.089309 0.000000
vt -17.071962 -7.068909 0.000000
vt -17.753099 -6.360298 0.000000
vt -17.730798 -6.341996 0.000000
vt -18.339199 -5.570034 0.000000
vt -18.315211 -5.554006 0.000000
vt -18.845017 -4.726128 0.000000
vt -18.819573 -4.712528 0.000000
vt -19.265682 -3.836706 0.000000
vt -19.239028 -3.825666 0.000000
vt -19.597143 -2.910335 0.000000
vt -19.569535 -2.901960 0.000000
vt -19.836207 -1.955936 0.000000
vt -19.807912 -1.950308 0.000000
vt -19.980573 -0.982700 0.000000
vt -4.459314 1.681534 0.000000
vt -4.459314 0.000000 0.000000
vt -4.137240 1.615849 0.000000
vt -3.901900 0.000000 0.000000
vt -3.815165 1.615849 0.000000
vt -3.493091 1.615849 0.000000
vt -3.815165 3.231699 0.000000
vt -3.493091 3.231699 0.000000
vt -3.815165 4.847548 0.000000
vt -3.493091 4.847548 0.000000
vt -3.815165 5.655473 0.000000
vt -3.493091 5.655473 0.000000
vt -3.815165 6.463397 0.000000
vt -3.493091 6.463397 0.000000
vt -3.815165 7.271322 0.000000
vt -3.493091 7.271322 0.000000
vt -3.815165 8.079247 0.000000
vt -3.493091 8.079247 0.000000
vt -3.815165 8.887172 0.000000
vt -3.493091 8.887172 0.000000
vt -3.815165 9.695096 0.000000
vt -3.493091 9.695096 0.000000
vt -3.815165 10.503021 0.000000
vt -3.493091 10.503021 0.000000
vt -3.815165 11.310946 0.000000
vt -3.493091 11.310946 0.000000
vt -3.815165 12.118870 0.000000
vt -3.493091 12.118870 0.000000
vt -3.815165 12.926795 0.000000
vt -3.493091 12.926795 0.000000
vt -3.815165 14.542644 0.000000
vt -3.493091 14.542644 0.000000
vt -3.815165 16.158494 0.000000
vt -3.493091 16.158494 0.000000
vt -3.815165 17.774343 0.000000
vt -3.493091 17.774343 0.000000
vt -3.815165 19.390192 0.000000
vt -3.493091 19.390192 0.000000
vt -3.815165 21.006042 0.000000
vt -3.493091 21.006042 0.000000
vt -3.815165 22.621891 0.000000
vt -3.493091 22.621891 0.000000
vt -3.815165 23.429816 0.000000
vt -3.493091 23.429816 0.000000
vt -3.815165 24.237741 0.000000
vt -3.493091 24.237741 0.000000
vt -3.815165 25.045665 0.000000
vt -3.493091 25.045665 0.000000
vt -3.815165 25.853590 0.000000
vt -3.493091 25.853590 0.000000
vt -3.815165 26.751284 0.000000
vt -3.493091 26.751284 0.000000
vt -3.815165 27.648978 0.000000
vt -3.493091 27.648978 0.000000
vt -3.815165 28.546672 0.000000
vt -3.493091 28.546672 0.000000
vt -3.815165 29.444366 0.000000
vt -3.493091 29.444366 0.000000
vt -3.815165 30.342060 0.000000
vt -3.493091 30.342060 0.000000
vt -3.815165 31.239754 0.000000
vt -3.493091 31.239754 0.000000
vt -3.815165 32.137449 0.000000
vt -3.493091 32.137449 0.000000
vt -3.815165 33.035143 0.000000
vt -3.493091 33.035143 0.000000
vt -3.815165 33.932837 0.000000
vt -3.493091 33.932837 0.000000
vt -3.815165 34.830531 0.000000
vt -3.493091 34.830531 0.000000
vt -3.815165 35.728225 0.000000
vt -3.493091 35.728225 0.000000
vt -3.815165 36.625919 0.000000
vt -3.493091 36.625919 0.000000
vt -3.815165 37.523613 0.000000
vt -3.493091 37.523613 0.000000
vt -3.815165 38.421307 0.000000
vt -3.493091 38.421307 0.000000
vt -3.815165 39.319001 0.000000
vt -3.493091 39.319001 0.000000
vt -3.815165 40.216695 0.000000
vt -3.493091 40.216695 0.000000
vt -3.815165 41.114390 0.000000
vt -3.493091 41.114390 0.000000
vt -3.815165 42.012084 0.000000
vt -3.493091 42.012084 0.000000
vt -3.815165 42.909778 0.000000
vt -3.493091 42.909778 0.000000
vt -3.815165 43.807472 0.000000
vt -3.493091 43.807472 0.000000
vt -3.815165 44.705166 0.000000
vt -3.493091 44.705166 0.000000
vt -3.815165 45.602860 0.000000
vt -3.493091 45.602860 0.000000
vt -3.815165 46.500554 0.000000
vt -3.493091 46.500554 0.000000
vt -3.815165 47.398248 0.000000
vt -3.493091 47.398248 0.000000
vt -3.815165 48.295942 0.000000
vt -3.493091 48.295942 0.000000
vt -3.815165 49.193636 0.000000
vt -3.493091 49.193636 0.000000
vt -3.815165 50.091330 0.000000
vt -3.493091 50.091330 0.000000
vt -3.815165 50.989025 0.000000
vt -3.493091 50.989025 0.000000
vt -3.815165 52.784413 0.000000
vt -3.493091 52.784413 0.000000
vt -3.815165 53.682107 0.000000
vt -3.493091 53.682107 0.000000
vt -3.815165 54.579801 0.000000
vt -3.493091 54.579801 0.000000
vt -3.815165 55.477495 0.000000
vt -3.493091 55.477495 0.000000
vt -3.815165 56.375189 0.000000
vt -3.493091 56.375189 0.000000
vt -3.815165 57.272883 0.000000
vt -3.493091 57.272883 0.000000
vt -3.815165 58.170577 0.000000
vt -3.493091 58.170577 0.000000
vt -3.815165 59.068271 0.000000
vt -3.493091 59.068271 0.000000
vt -3.815165 59.965966 0.000000
vt -3.493091 59.965966 0.000000
vt -3.815165 60.863660 0.000000
vt -3.493091 60.863660 0.000000
vt -3.815165 61.761354 0.000000
vt -3.493091 61.761354 0.000000
vt -3.815165 62.659048 0.000000
vt -3.493091 62.659048 0.000000
vt -3.815165 63.556742 0.000000
vt -3.493091 63.556742 0.000000
vt -3.815165 64.454436 0.000000
vt -3.493091 64.454436 0.000000
vt -3.815165 65.352130 0.000000
vt -3.493091 65.352130 0.000000
vt -3.815165 66.249824 0.000000
vt -3.493091 66.249824 0.000000
vt -3.815165 67.147518 0.000000
vt -3.493091 67.147518 0.000000
vt -3.815165 68.045212 0.000000
vt -3.493091 68.045212 0.000000
vt -3.901900 68.942906 0.000000
vt -3.344486 68.942906 0.000000
vt -3.171016 68.045212 0.000000
vt -2.787072 68.942906 0.000000
vt -2.906765 68.045212 0.000000
vt -2.642514 68.045212 0.000000
vt -2.642514 67.147518 0.000000
vt -2.114011 67.147518 0.000000
vt -2.114011 66.249824 0.000000
vt -1.585508 66.249824 0.000000
vt -1.585508 65.352130 0.000000
vt -1.057005 65.352130 0.000000
vt -1.057005 64.454436 0.000000
vt -0.317102 64.454436 0.000000
vt -0.317102 63.556742 0.000000
vt -0.000000 63.772188 0.000000
vt -0.317102 62.659048 0.000000
vt -0.000000 62.048616 0.000000
vt -0.317102 61.761354 0.000000
vt -0.317102 60.863660 0.000000
vt -1.057005 61.761354 0.000000
vt -1.057005 60.863660 0.000000
vt -1.585508 61.761354 0.000000
vt -1.585508 60.863660 0.000000
vt -2.114011 61.761354 0.000000
vt -2.114011 60.863660 0.000000
vt -2.642514 61.761354 0.000000
vt -2.642514 60.863660 0.000000
vt -2.906765 61.761354 0.000000
vt -2.906765 60.863660 0.000000
vt -3.171016 61.761354 0.000000
vt -3.171016 60.863660 0.000000
vt -3.344486 0.000000 0.000000
vt -3.171016 1.615849 0.000000
vt -3.171016 3.231699 0.000000
vt -3.171016 4.847548 0.000000
vt -3.171016 5.655473 0.000000
vt -3.171016 6.463397 0.000000
vt -3.171016 7.271322 0.000000
vt -3.171016 8.079247 0.000000
vt -3.171016 8.887172 0.000000
vt -3.171016 9.695096 0.000000
vt -3.171016 10.503021 0.000000
vt -3.171016 11.310946 0.000000
vt -3.171016 12.118870 0.000000
vt -3.171016 12.926795 0.000000
vt -3.171016 14.542644 0.000000
vt -3.171016 16.158494 0.000000
vt -3.171016 17.774343 0.000000
vt -3.171016 19.390192 0.000000
vt -3.171016 21.006042 0.000000
vt -3.171016 22.621891 0.000000
vt -3.171016 23.429816 0.000000
vt -3.171016 24.237741 0.000000
vt -3.171016 25.045665 0.000000
vt -3.171016 25.853590 0.000000
vt -3.171016 26.751284 0.000000
vt -3.171016 27.648978 0.000000
vt -3.171016 28.546672 0.000000
vt -3.171016 29.444366 0.000000
vt -3.171016 30.342060 0.000000
vt -3.171016 31.239754 0.000000
vt -3.171016 32.137449 0.000000
vt -3.171016 33.035143 0.000000
vt -3.171016 33.932837 0.000000
vt -3.171016 34.830531 0.000000
vt -3.171016 35.728225 0.000000
vt -3.171016 36.625919 0.000000
vt -3.171016 37.523613 0.000000
vt -3.171016 38.421307 0.000000
vt -3.171016 39.319001 0.000000
vt -3.171016 40.216695 0.000000
vt -3.171016 41.114390 0.000000
vt -3.171016 42.012084 0.000000
vt -3.171016 42.909778 0.000000
vt -3.171016 43.807472 0.000000
vt -3.171016 44.705166 0.000000
vt -3.171016 45.602860 0.000000
vt -3.171016 46.500554 0.000000
vt -3.171016 47.398248 0.000000
vt -3.171016 48.295942 0.000000
vt -3.171016 49.193636 0.000000
vt -3.171016 50.091330 0.000000
vt -3.171016 50.989025 0.000000
vt -3.171016 52.784413 0.000000
vt -3.171016 53.682107 0.000000
vt -3.171016 54.579801 0.000000
vt -3.171016 55.477495 0.000000
vt -3.171016 56.375189 0.000000
vt -3.171016 57.272883 0.000000
vt -3.171016 58.170577 0.000000
vt -3.171016 59.068271 0.000000
vt -3.171016 59.965966 0.000000
vt -2.787072 0.000000 0.000000
vt -2.906765 1.615849 0.000000
vt -2.906765 3.231699 0.000000
vt -2.906765 4.847548 0.000000
vt -2.906765 5.655473 0.000000
vt -2.906765 6.463397 0.000000
vt -2.906765 7.271322 0.000000
vt -2.906765 8.079247 0.000000
vt -2.906765 8.887172 0.000000
vt -2.906765 9.695096 0.000000
vt -2.906765 10.503021 0.000000
vt -2.906765 11.310946 0.000000
vt -2.906765 12.118870 0.000000
vt -2.906765 12.926795 0.000000
vt -2.906765 14.542644 0.000000
vt -2.906765 16.158494 0.000000
vt -2.906765 17.774343 0.000000
vt -2.906765 19.390192 0.000000
vt -2.906765 21.006042 0.000000
vt -2.906765 22.621891 0.000000
vt -2.906765 23.429816 0.000000
vt -2.906765 24.237741 0.000000
vt -2.906765 25.045665 0.000000
vt -2.906765 25.853590 0.000000
vt -2.906765 26.751284 0.000000
vt -2.906765 27.648978 0.000000
vt -2.906765 28.546672 0.000000
vt -2.906765 29.444366 0.000000
vt -2.906765 30.342060 0.000000
vt -2.906765 31.239754 0.000000
vt -2.906765 32.137449 0.000000
vt -2.906765 33.035143 0.000000
vt -2.906765 33.932837 0.000000
vt -2.906765 34.830531 0.000000
vt -2.906765 35.728225 0.000000
vt -2.906765 36.625919 0.000000
vt -2.906765 37.523613 0.000000
vt -2.906765 38.421307 0.000000
vt -2.906765 39.319001 0.000000
vt -2.906765 40.216695 0.000000
vt -2.906765 41.114390 0.000000
vt -2.906765 42.012084 0.000000
vt -2.906765 42.909778 0.000000
vt -2.906765 43.807472 0.000000
vt -2.906765 44.705166 0.000000
vt -2.906765 45.602860 0.000000
vt -2.906765 46.500554 0.000000
vt -2.906765 47.398248 0.000000
vt -2.906765 48.295942 0.000000
vt -2.906765 49.193636 0.000000
vt -2.906765 50.091330 0.000000
vt -2.906765 50.989025 0.000000
vt -2.906765 52.784413 0.000000
vt -2.906765 53.682107 0.000000
vt -2.906765 54.579801 0.000000
vt -2.906765 55.477495 0.000000
vt -2.906765 56.375189 0.000000
vt -2.906765 57.272883 0.000000
vt -2.906765 58.170577 0.000000
vt -2.906765 59.068271 0.000000
vt -2.906765 59.965966 0.000000
vt -2.642514 1.615849 0.000000
vt -2.229657 0.000000 0.000000
vt -2.114011 1.615849 0.000000
vt -1.672243 0.000000 0.000000
vt -1.585508 1.615849 0.000000
vt -1.114829 0.000000 0.000000
vt -1.057005 1.615849 0.000000
vt -0.557414 0.000000 0.000000
vt -0.317102 1.615849 0.000000
vt -0.000000 0.000000 0.000000
vt -0.000000 1.723573 0.000000
vt -0.317102 3.231699 0.000000
vt -0.000000 3.447145 0.000000
vt -0.317102 4.847548 0.000000
vt -0.000000 5.170718 0.000000
vt -0.317102 5.655473 0.000000
vt -0.000000 6.894291 0.000000
vt -0.317102 6.463397 0.000000
vt -0.317102 7.271322 0.000000
vt -1.057005 7.271322 0.000000
vt -1.057005 8.079247 0.000000
vt -1.585508 8.079247 0.000000
vt -1.585508 8.887172 0.000000
vt -2.114011 8.887172 0.000000
vt -2.114011 9.695096 0.000000
vt -2.642514 9.695096 0.000000
vt -2.642514 10.503021 0.000000
vt -0.317102 8.079247 0.000000
vt -0.000000 8.617863 0.000000
vt -0.317102 8.887172 0.000000
vt -0.317102 9.695096 0.000000
vt -1.057005 9.695096 0.000000
vt -1.057005 10.503021 0.000000
vt -1.585508 10.503021 0.000000
vt -1.585508 11.310946 0.000000
vt -2.114011 11.310946 0.000000
vt -2.114011 12.118870 0.000000
vt -2.642514 12.118870 0.000000
vt -2.642514 12.926795 0.000000
vt -0.000000 10.341436 0.000000
vt -0.317102 10.503021 0.000000
vt -1.057005 11.310946 0.000000
vt -1.585508 12.118870 0.000000
vt -2.114011 12.926795 0.000000
vt -2.642514 14.542644 0.000000
vt -0.317102 11.310946 0.000000
vt -0.000000 12.065009 0.000000
vt -0.317102 12.118870 0.000000
vt -0.317102 12.926795 0.000000
vt -1.057005 12.926795 0.000000
vt -1.057005 14.542644 0.000000
vt -1.585508 14.542644 0.000000
vt -1.585508 16.158494 0.000000
vt -2.114011 16.158494 0.000000
vt -2.114011 17.774343 0.000000
vt -2.642514 17.774343 0.000000
vt -2.642514 19.390192 0.000000
vt -0.000000 13.788581 0.000000
vt -0.317102 14.542644 0.000000
vt -1.057005 16.158494 0.000000
vt -1.585508 17.774343 0.000000
vt -2.114011 19.390192 0.000000
vt -2.642514 21.006042 0.000000
vt -0.000000 15.512154 0.000000
vt -0.317102 16.158494 0.000000
vt -1.057005 17.774343 0.000000
vt -1.585508 19.390192 0.000000
vt -2.114011 21.006042 0.000000
vt -2.642514 22.621891 0.000000
vt -0.000000 17.235727 0.000000
vt -0.317102 17.774343 0.000000
vt -1.057005 19.390192 0.000000
vt -1.585508 21.006042 0.000000
vt -2.114011 22.621891 0.000000
vt -2.642514 23.429816 0.000000
vt -0.000000 18.959299 0.000000
vt -0.317102 19.390192 0.000000
vt -1.057005 21.006042 0.000000
vt -1.585508 22.621891 0.000000
vt -2.114011 23.429816 0.000000
vt -2.642514 24.237741 0.000000
vt -0.000000 20.682872 0.000000
vt -0.317102 21.006042 0.000000
vt -1.057005 22.621891 0.000000
vt -1.585508 23.429816 0.000000
vt -2.114011 24.237741 0.000000
vt -2.642514 25.045665 0.000000
vt -0.000000 22.406445 0.000000
vt -0.317102 22.621891 0.000000
vt -1.057005 23.429816 0.000000
vt -1.585508 24.237741 0.000000
vt -2.114011 25.045665 0.000000
vt -2.642514 25.853590 0.000000
vt -0.317102 23.429816 0.000000
vt -0.000000 24.130017 0.000000
vt -0.317102 24.237741 0.000000
vt -0.317102 25.045665 0.000000
vt -1.057005 25.045665 0.000000
vt -1.057005 25.853590 0.000000
vt -1.585508 25.853590 0.000000
vt -1.585508 26.751284 0.000000
vt -2.114011 26.751284 0.000000
vt -2.114011 27.648978 0.000000
vt -2.642514 27.648978 0.000000
vt -2.642514 28.546672 0.000000
vt -0.000000 25.853590 0.000000
vt -0.317102 25.853590 0.000000
vt -1.057005 26.751284 0.000000
vt -1.585508 27.648978 0.000000
vt -2.114011 28.546672 0.000000
vt -2.642514 29.444366 0.000000
vt -0.317102 26.751284 0.000000
vt -0.000000 27.577163 0.000000
vt -0.317102 27.648978 0.000000
vt -0.317102 28.546672 0.000000
vt -1.057005 28.546672 0.000000
vt -1.057005 29.444366 0.000000
vt -1.585508 29.444366 0.000000
vt -1.585508 30.342060 0.000000
vt -2.114011 30.342060 0.000000
vt -2.114011 31.239754 0.000000
vt -2.642514 31.239754 0.000000
vt -2.642514 32.137449 0.000000
vt -0.000000 29.300735 0.000000
vt -0.317102 29.444366 0.000000
vt -1.057005 30.342060 0.000000
vt -1.585508 31.239754 0.000000
vt -2.114011 32.137449 0.000000
vt -2.642514 33.035143 0.000000
vt -0.317102 30.342060 0.000000
vt -0.000000 31.024308 0.000000
vt -0.317102 31.239754 0.000000
vt -0.317102 32.137449 0.000000
vt -1.057005 32.137449 0.000000
vt -1.057005 33.035143 0.000000
vt -1.585508 33.035143 0.000000
vt -1.585508 33.932837 0.000000
vt -2.114011 33.932837 0.000000
vt -2.114011 34.830531 0.000000
vt -2.642514 34.830531 0.000000
vt -2.642514 35.728225 0.000000
vt -0.000000 32.747881 0.000000
vt -0.317102 33.035143 0.000000
vt -1.057005 33.932837 0.000000
vt -1.585508 34.830531 0.000000
vt -2.114011 35.728225 0.000000
vt -2.642514 36.625919 0.000000
vt -0.317102 33.932837 0.000000
vt -0.000000 34.471453 0.000000
vt -0.317102 34.830531 0.000000
vt -0.317102 35.728225 0.000000
vt -1.057005 35.728225 0.000000
vt -1.057005 36.625919 0.000000
vt -1.585508 36.625919 0.000000
vt -1.585508 37.523613 0.000000
vt -2.114011 37.523613 0.000000
vt -2.114011 38.421307 0.000000
vt -2.642514 38.421307 0.000000
vt -2.642514 39.319001 0.000000
vt -0.000000 36.195026 0.000000
vt -0.317102 36.625919 0.000000
vt -1.057005 37.523613 0.000000
vt -1.585508 38.421307 0.000000
vt -2.114011 39.319001 0.000000
vt -2.642514 40.216695 0.000000
vt -0.000000 37.918599 0.000000
vt -0.317102 37.523613 0.000000
vt -1.057005 38.421307 0.000000
vt -1.585508 39.319001 0.000000
vt -2.114011 40.216695 0.000000
vt -2.642514 41.114390 0.000000
vt -0.317102 38.421307 0.000000
vt -0.000000 39.642171 0.000000
vt -0.317102 39.319001 0.000000
vt -0.317102 40.216695 0.000000
vt -1.057005 40.216695 0.000000
vt -1.057005 41.114390 0.000000
vt -1.585508 41.114390 0.000000
vt -1.585508 42.012084 0.000000
vt -2.114011 42.012084 0.000000
vt -2.114011 42.909778 0.000000
vt -2.642514 42.909778 0.000000
vt -2.642514 43.807472 0.000000
vt -0.000000 41.365744 0.000000
vt -0.317102 41.114390 0.000000
vt -1.057005 42.012084 0.000000
vt -1.585508 42.909778 0.000000
vt -2.114011 43.807472 0.000000
vt -2.642514 44.705166 0.000000
vt -0.317102 42.012084 0.000000
vt -0.000000 43.089317 0.000000
vt -0.317102 42.909778 0.000000
vt -0.317102 43.807472 0.000000
vt -1.057005 43.807472 0.000000
vt -1.057005 44.705166 0.000000
vt -1.585508 44.705166 0.000000
vt -1.585508 45.602860 0.000000
vt -2.114011 45.602860 0.000000
vt -2.114011 46.500554 0.000000
vt -2.642514 46.500554 0.000000
vt -2.642514 47.398248 0.000000
vt -0.000000 44.812889 0.000000
vt -0.317102 44.705166 0.000000
vt -1.057005 45.602860 0.000000
vt -1.585508 46.500554 0.000000
vt -2.114011 47.398248 0.000000
vt -2.642514 48.295942 0.000000
vt -0.317102 45.602860 0.000000
vt -0.000000 46.536462 0.000000
vt -0.317102 46.500554 0.000000
vt -0.317102 47.398248 0.000000
vt -1.057005 47.398248 0.000000
vt -1.057005 48.295942 0.000000
vt -1.585508 48.295942 0.000000
vt -1.585508 49.193636 0.000000
vt -2.114011 49.193636 0.000000
vt -2.114011 50.091330 0.000000
vt -2.642514 50.091330 0.000000
vt -2.642514 50.989025 0.000000
vt -0.000000 48.260035 0.000000
vt -0.317102 48.295942 0.000000
vt -1.057005 49.193636 0.000000
vt -1.585508 50.091330 0.000000
vt -2.114011 50.989025 0.000000
vt -2.642514 52.784413 0.000000
vt -0.317102 49.193636 0.000000
vt -0.000000 49.983607 0.000000
vt -0.317102 50.091330 0.000000
vt -0.317102 50.989025 0.000000
vt -1.057005 50.989025 0.000000
vt -1.057005 52.784413 0.000000
vt -1.585508 52.784413 0.000000
vt -1.585508 53.682107 0.000000
vt -2.114011 53.682107 0.000000
vt -2.114011 54.579801 0.000000
vt -2.642514 54.579801 0.000000
vt -2.642514 55.477495 0.000000
vt -0.000000 51.707180 0.000000
vt -0.317102 52.784413 0.000000
vt -1.057005 53.682107 0.000000
vt -1.585508 54.579801 0.000000
vt -2.114011 55.477495 0.000000
vt -2.642514 56.375189 0.000000
vt -0.000000 53.430753 0.000000
vt -0.317102 53.682107 0.000000
vt -1.057005 54.579801 0.000000
vt -1.585508 55.477495 0.000000
vt -2.114011 56.375189 0.000000
vt -2.642514 57.272883 0.000000
vt -0.317102 54.579801 0.000000
vt -0.000000 55.154325 0.000000
vt -0.317102 55.477495 0.000000
vt -0.317102 56.375189 0.000000
vt -1.057005 56.375189 0.000000
vt -1.057005 57.272883 0.000000
vt -1.585508 57.272883 0.000000
vt -1.585508 58.170577 0.000000
vt -2.114011 58.170577 0.000000
vt -2.114011 59.068271 0.000000
vt -2.642514 59.068271 0.000000
vt -2.642514 59.965966 0.000000
vt -0.000000 56.877898 0.000000
vt -0.317102 57.272883 0.000000
vt -1.057005 58.170577 0.000000
vt -1.585508 59.068271 0.000000
vt -2.114011 59.965966 0.000000
vt -0.317102 58.170577 0.000000
vt -0.000000 58.601470 0.000000
vt -0.317102 59.068271 0.000000
vt -0.000000 60.325043 0.000000
vt -0.317102 59.965966 0.000000
vt -0.000000 65.495761 0.000000
vt -0.317102 65.352130 0.000000
vt -1.057005 66.249824 0.000000
vt -1.585508 67.147518 0.000000
vt -2.114011 68.045212 0.000000
vt -2.229657 68.942906 0.000000
vt -0.317102 66.249824 0.000000
vt -0.000000 67.219334 0.000000
vt -0.317102 67.147518 0.000000
vt -0.317102 68.045212 0.000000
vt -1.057005 68.045212 0.000000
vt -0.557414 68.942906 0.000000
vt -1.114829 68.942906 0.000000
vt 0.000000 68.942906 0.000000
vt -1.585508 68.045212 0.000000
vt -1.672243 68.942906 0.000000
vt -4.137240 68.045212 0.000000
vt -4.459314 68.942906 0.000000
vt -4.459314 67.261372 0.000000
vt -4.459314 65.579838 0.000000
vt -4.137240 66.249824 0.000000
vt -4.137240 67.147518 0.000000
vt -4.459314 63.898304 0.000000
vt -4.137240 64.454436 0.000000
vt -4.137240 65.352130 0.000000
vt -4.459314 62.216769 0.000000
vt -4.137240 62.659048 0.000000
vt -4.137240 63.556742 0.000000
vt -4.137240 61.761354 0.000000
vt -4.459314 60.535235 0.000000
vt -4.137240 60.863660 0.000000
vt -4.137240 59.965966 0.000000
vt -4.459314 58.853701 0.000000
vt -4.137240 59.068271 0.000000
vt -4.137240 58.170577 0.000000
vt -4.459314 57.172166 0.000000
vt -4.137240 57.272883 0.000000
vt -4.137240 56.375189 0.000000
vt -4.459314 55.490632 0.000000
vt -4.137240 55.477495 0.000000
vt -4.137240 54.579801 0.000000
vt -4.459314 53.809098 0.000000
vt -4.137240 53.682107 0.000000
vt -4.137240 52.784413 0.000000
vt -4.459314 52.127563 0.000000
vt -4.137240 50.989025 0.000000
vt -4.459314 50.446029 0.000000
vt -4.137240 50.091330 0.000000
vt -4.137240 49.193636 0.000000
vt -4.459314 48.764495 0.000000
vt -4.137240 48.295942 0.000000
vt -4.459314 47.082961 0.000000
vt -4.137240 47.398248 0.000000
vt -4.137240 46.500554 0.000000
vt -4.459314 45.401426 0.000000
vt -4.137240 45.602860 0.000000
vt -4.137240 44.705166 0.000000
vt -4.459314 43.719892 0.000000
vt -4.137240 43.807472 0.000000
vt -4.137240 42.909778 0.000000
vt -4.459314 42.038358 0.000000
vt -4.137240 42.012084 0.000000
vt -4.137240 41.114390 0.000000
vt -4.459314 40.356823 0.000000
vt -4.137240 40.216695 0.000000
vt -4.137240 39.319001 0.000000
vt -4.459314 38.675289 0.000000
vt -4.137240 38.421307 0.000000
vt -4.137240 37.523613 0.000000
vt -4.459314 36.993755 0.000000
vt -4.137240 36.625919 0.000000
vt -4.137240 35.728225 0.000000
vt -4.459314 35.312220 0.000000
vt -4.137240 34.830531 0.000000
vt -4.459314 33.630686 0.000000
vt -4.137240 33.932837 0.000000
vt -4.137240 33.035143 0.000000
vt -4.459314 31.949152 0.000000
vt -4.137240 32.137449 0.000000
vt -4.137240 31.239754 0.000000
vt -4.459314 30.267617 0.000000
vt -4.137240 30.342060 0.000000
vt -4.137240 29.444366 0.000000
vt -4.459314 28.586083 0.000000
vt -4.137240 28.546672 0.000000
vt -4.137240 27.648978 0.000000
vt -4.459314 26.904549 0.000000
vt -4.137240 26.751284 0.000000
vt -4.137240 25.853590 0.000000
vt -4.459314 25.223015 0.000000
vt -4.137240 25.045665 0.000000
vt -4.137240 24.237741 0.000000
vt -4.459314 23.541480 0.000000
vt -4.137240 23.429816 0.000000
vt -4.137240 22.621891 0.000000
vt -4.459314 21.859946 0.000000
vt -4.137240 21.006042 0.000000
vt -4.459314 20.178412 0.000000
vt -4.137240 19.390192 0.000000
vt -4.459314 18.496877 0.000000
vt -4.137240 17.774343 0.000000
vt -4.459314 16.815343 0.000000
vt -4.137240 16.158494 0.000000
vt -4.459314 15.133809 0.000000
vt -4.137240 14.542644 0.000000
vt -4.459314 13.452274 0.000000
vt -4.137240 12.926795 0.000000
vt -4.459314 11.770740 0.000000
vt -4.137240 12.118870 0.000000
vt -4.137240 11.310946 0.000000
vt -4.459314 10.089206 0.000000
vt -4.137240 10.503021 0.000000
vt -4.459314 8.407672 0.000000
vt -4.137240 8.887172 0.000000
vt -4.137240 9.695096 0.000000
vt -4.459314 6.726137 0.000000
vt -4.137240 7.271322 0.000000
vt -4.137240 8.079247 0.000000
vt -4.459314 5.044603 0.000000
vt -4.137240 5.655473 0.000000
vt -4.137240 6.463397 0.000000
vt -4.137240 4.847548 0.000000
vt -4.459314 3.363069 0.000000
vt -4.137240 3.231699 0.000000
vt -1.057005 3.231699 0.000000
vt -1.057005 4.847548 0.000000
vt -1.057005 5.655473 0.000000
vt -1.057005 6.463397 0.000000
vt -1.585508 3.231699 0.000000
vt -1.585508 4.847548 0.000000
vt -1.585508 5.655473 0.000000
vt -1.585508 6.463397 0.000000
vt -1.585508 7.271322 0.000000
vt -2.114011 3.231699 0.000000
vt -2.114011 4.847548 0.000000
vt -2.114011 5.655473 0.000000
vt -2.114011 6.463397 0.000000
vt -2.114011 7.271322 0.000000
vt -2.114011 8.079247 0.000000
vt -2.642514 3.231699 0.000000
vt -2.642514 4.847548 0.000000
vt -2.642514 5.655473 0.000000
vt -2.642514 6.463397 0.000000
vt -2.642514 7.271322 0.000000
vt -2.642514 8.079247 0.000000
vt -2.642514 8.887172 0.000000
vt -1.057005 8.887172 0.000000
vt -1.585508 9.695096 0.000000
vt -2.114011 10.503021 0.000000
vt -2.642514 11.310946 0.000000
vt -1.057005 12.118870 0.000000
vt -1.585508 12.926795 0.000000
vt -2.114011 14.542644 0.000000
vt -2.642514 16.158494 0.000000
vt -1.057005 24.237741 0.000000
vt -1.585508 25.045665 0.000000
vt -2.114011 25.853590 0.000000
vt -2.642514 26.751284 0.000000
vt -1.057005 27.648978 0.000000
vt -1.585508 28.546672 0.000000
vt -2.114011 29.444366 0.000000
vt -2.642514 30.342060 0.000000
vt -1.057005 31.239754 0.000000
vt -1.585508 32.137449 0.000000
vt -2.114011 33.035143 0.000000
vt -2.642514 33.932837 0.000000
vt -1.057005 34.830531 0.000000
vt -1.585508 35.728225 0.000000
vt -2.114011 36.625919 0.000000
vt -2.642514 37.523613 0.000000
vt -1.057005 39.319001 0.000000
vt -1.585508 40.216695 0.000000
vt -2.114011 41.114390 0.000000
vt -2.642514 42.012084 0.000000
vt -1.057005 42.909778 0.000000
vt -1.585508 43.807472 0.000000
vt -2.114011 44.705166 0.000000
vt -2.642514 45.602860 0.000000
vt -1.057005 46.500554 0.000000
vt -1.585508 47.398248 0.000000
vt -2.114011 48.295942 0.000000
vt -2.642514 49.193636 0.000000
vt -1.057005 50.091330 0.000000
vt -1.585508 50.989025 0.000000
vt -2.114011 52.784413 0.000000
vt -2.642514 53.682107 0.000000
vt -1.057005 55.477495 0.000000
vt -1.585508 56.375189 0.000000
vt -2.114011 57.272883 0.000000
vt -2.642514 58.170577 0.000000
vt -1.057005 59.068271 0.000000
vt -1.585508 59.965966 0.000000
vt -1.057005 59.965966 0.000000
vt -1.057005 62.659048 0.000000
vt -1.057005 63.556742 0.000000
vt -1.585508 62.659048 0.000000
vt -1.585508 63.556742 0.000000
vt -1.585508 64.454436 0.000000
vt -2.114011 62.659048 0.000000
vt -2.114011 63.556742 0.000000
vt -2.114011 64.454436 0.000000
vt -2.114011 65.352130 0.000000
vt -2.642514 62.659048 0.000000
vt -2.642514 63.556742 0.000000
vt -2.642514 64.454436 0.000000
vt -2.642514 65.352130 0.000000
vt -2.642514 66.249824 0.000000
vt -2.906765 62.659048 0.000000
vt -2.906765 63.556742 0.000000
vt -2.906765 64.454436 0.000000
vt -2.906765 65.352130 0.000000
vt -2.906765 66.249824 0.000000
vt -2.906765 67.147518 0.000000
vt -3.171016 62.659048 0.000000
vt -3.171016 63.556742 0.000000
vt -3.171016 64.454436 0.000000
vt -3.171016 65.352130 0.000000
vt -3.171016 66.249824 0.000000
vt -3.171016 67.147518 0.000000
vt -1.057005 67.147518 0.000000
vt -0.747997 1.526647 0.000000
vt -1.150046 0.763324 0.000000
vt -0.747997 0.000000 0.000000
vt -1.150046 -0.763324 0.000000
vt -0.747997 -1.526647 0.000000
vt -1.150046 -2.289971 0.000000
vt -0.747997 -3.053295 0.000000
vt -1.150046 -3.816619 0.000000
vt -0.747997 -4.579942 0.000000
vt -1.150046 -5.343266 0.000000
vt -0.747997 -6.106590 0.000000
vt -1.150046 -6.869914 0.000000
vt -0.747997 -7.633237 0.000000
vt -1.150046 -8.396561 0.000000
vt -0.747997 -9.159885 0.000000
vt -1.150046 -9.923208 0.000000
vt -0.747997 -10.686532 0.000000
vt -1.150046 -11.449856 0.000000
vt -0.747997 -12.213180 0.000000
vt -1.150046 -12.976503 0.000000
vt -0.747997 -13.739827 0.000000
vt -1.150046 -14.503151 0.000000
vt -0.747997 -15.266474 0.000000
vt -1.150046 -16.029798 0.000000
vt -0.747997 -16.793122 0.000000
vt -1.150046 -17.556446 0.000000
vt -0.747997 -18.319769 0.000000
vt -1.150046 -19.083093 0.000000
vt -0.747997 -19.846417 0.000000
vt -1.150046 -20.609741 0.000000
vt -0.747997 -21.373064 0.000000
vt -1.150046 -22.136388 0.000000
vt -0.747997 -22.899712 0.000000
vt -1.150046 -23.663035 0.000000
vt -0.747997 -24.426359 0.000000
vt -1.150046 -25.189683 0.000000
vt -0.747997 -25.953007 0.000000
vt -1.150046 -26.716330 0.000000
vt -0.747997 -27.479654 0.000000
vt -1.150046 -28.242978 0.000000
vt -0.747997 -29.006301 0.000000
vt -1.150046 -29.769625 0.000000
vt -0.747997 -30.532949 0.000000
vt -1.150046 -31.296273 0.000000
vt -0.747997 -32.059596 0.000000
vt -0.747997 30.532949 0.000000
vt -1.150046 31.296273 0.000000
vt -1.150046 29.769625 0.000000
vt -0.747997 29.006301 0.000000
vt -1.150046 28.242978 0.000000
vt -0.747997 27.479654 0.000000
vt -1.150046 26.716330 0.000000
vt -0.747997 25.953007 0.000000
vt -1.150046 25.189683 0.000000
vt -0.747997 24.426359 0.000000
vt -1.150046 23.663035 0.000000
vt -0.747997 22.899712 0.000000
vt -1.150046 22.136388 0.000000
vt -0.747997 21.373064 0.000000
vt -1.150046 20.609741 0.000000
vt -0.747997 19.846417 0.000000
vt -1.150046 19.083093 0.000000
vt -0.747997 18.319769 0.000000
vt -1.150046 17.556446 0.000000
vt -0.747997 16.793122 0.000000
vt -1.150046 16.029798 0.000000
vt -0.747997 15.266474 0.000000
vt -1.150046 14.503151 0.000000
vt -0.747997 13.739827 0.000000
vt -1.150046 12.976503 0.000000
vt -0.747997 12.213180 0.000000
vt -1.150046 11.449856 0.000000
vt -0.747997 10.686532 0.000000
vt -1.150046 9.923208 0.000000
vt -0.747997 9.159885 0.000000
vt -1.150046 8.396561 0.000000
vt -0.747997 7.633237 0.000000
vt -1.150046 6.869914 0.000000
vt -0.747997 6.106590 0.000000
vt -1.150046 5.343266 0.000000
vt -0.747997 4.579942 0.000000
vt -1.150046 3.816619 0.000000
vt -0.747997 3.053295 0.000000
vt -1.150046 2.289971 0.000000
vt -2.356194 -1.647172 0.000000
vt -1.954145 -0.763324 0.000000
vt -2.356194 0.000000 0.000000
vt -1.954145 0.763324 0.000000
vt -2.356194 1.647172 0.000000
vt -1.954145 2.289971 0.000000
vt -2.356194 3.294344 0.000000
vt -1.954145 3.816619 0.000000
vt -2.356194 4.941517 0.000000
vt -1.954145 5.343266 0.000000
vt -2.356194 6.588689 0.000000
vt -1.954145 6.869914 0.000000
vt -2.356194 8.235861 0.000000
vt -1.954145 8.396561 0.000000
vt -2.356194 9.883033 0.000000
vt -1.954145 9.923208 0.000000
vt -1.954145 11.449856 0.000000
vt -1.552096 9.923208 0.000000
vt -1.552096 11.449856 0.000000
vt -1.954145 -2.289971 0.000000
vt -2.356194 -3.294344 0.000000
vt -1.954145 -3.816619 0.000000
vt -2.356194 -4.941517 0.000000
vt -1.954145 -5.343266 0.000000
vt -2.356194 -6.588689 0.000000
vt -1.954145 -6.869914 0.000000
vt -2.356194 -8.235861 0.000000
vt -1.954145 -8.396561 0.000000
vt -2.356194 -9.883033 0.000000
vt -1.954145 -9.923208 0.000000
vt -1.954145 -11.449856 0.000000
vt -1.552096 -11.449856 0.000000
vt -1.552096 -12.976503 0.000000
vt -2.356194 -11.530206 0.000000
vt -1.954145 -12.976503 0.000000
vt -1.552096 -14.503151 0.000000
vt -2.356194 -13.177378 0.000000
vt -1.954145 -14.503151 0.000000
vt -1.552096 -16.029798 0.000000
vt -2.356194 -14.824550 0.000000
vt -1.954145 -16.029798 0.000000
vt -1.552096 -17.556446 0.000000
vt -2.356194 -16.471722 0.000000
vt -1.954145 -17.556446 0.000000
vt -1.552096 -19.083093 0.000000
vt -2.356194 -18.118895 0.000000
vt -1.954145 -19.083093 0.000000
vt -1.552096 -20.609741 0.000000
vt -2.356194 -19.766067 0.000000
vt -1.954145 -20.609741 0.000000
vt -1.552096 -22.136388 0.000000
vt -2.356194 -21.413239 0.000000
vt -1.954145 -22.136388 0.000000
vt -1.552096 -23.663035 0.000000
vt -2.356194 -23.060411 0.000000
vt -1.954145 -23.663035 0.000000
vt -1.552096 -25.189683 0.000000
vt -2.356194 -24.707584 0.000000
vt -1.954145 -25.189683 0.000000
vt -1.552096 -26.716330 0.000000
vt -2.356194 -26.354756 0.000000
vt -1.954145 -26.716330 0.000000
vt -1.552096 -28.242978 0.000000
vt -2.356194 -28.001928 0.000000
vt -1.954145 -28.242978 0.000000
vt -1.552096 -29.769625 0.000000
vt -2.356194 -29.649100 0.000000
vt -1.954145 -29.769625 0.000000
vt -1.552096 -31.296273 0.000000
vt -1.552096 31.296273 0.000000
vt -2.356194 -31.296273 0.000000
vt -1.954145 -31.296273 0.000000
vt -1.954145 31.296273 0.000000
vt -1.552096 29.769625 0.000000
vt -2.356194 31.296273 0.000000
vt -1.954145 29.769625 0.000000
vt -2.356194 29.649100 0.000000
vt -1.954145 28.242978 0.000000
vt -2.356194 28.001928 0.000000
vt -1.954145 26.716330 0.000000
vt -2.356194 26.354756 0.000000
vt -1.954145 25.189683 0.000000
vt -2.356194 24.707584 0.000000
vt -1.954145 23.663035 0.000000
vt -2.356194 23.060411 0.000000
vt -1.954145 22.136388 0.000000
vt -2.356194 21.413239 0.000000
vt -1.954145 20.609741 0.000000
vt -2.356194 19.766067 0.000000
vt -1.954145 19.083093 0.000000
vt -2.356194 18.118895 0.000000
vt -1.954145 17.556446 0.000000
vt -2.356194 16.471722 0.000000
vt -1.954145 16.029798 0.000000
vt -2.356194 14.824550 0.000000
vt -1.954145 14.503151 0.000000
vt -2.356194 13.177378 0.000000
vt -1.954145 12.976503 0.000000
vt -2.356194 11.530206 0.000000
vt -1.552096 0.763324 0.000000
vt -1.552096 -0.763324 0.000000
vt -1.552096 -2.289971 0.000000
vt -1.552096 -3.816619 0.000000
vt -1.552096 -5.343266 0.000000
vt -1.552096 -6.869914 0.000000
vt -1.552096 -8.396561 0.000000
vt -1.552096 -9.923208 0.000000
vt -1.552096 2.289971 0.000000
vt -1.552096 3.816619 0.000000
vt -1.552096 5.343266 0.000000
vt -1.552096 6.869914 0.000000
vt -1.552096 8.396561 0.000000
vt -1.552096 12.976503 0.000000
vt -1.552096 14.503151 0.000000
vt -1.552096 16.029798 0.000000
vt -1.552096 17.556446 0.000000
vt -1.552096 19.083093 0.000000
vt -1.552096 20.609741 0.000000
vt -1.552096 22.136388 0.000000
vt -1.552096 23.663035 0.000000
vt -1.552096 25.189683 0.000000
vt -1.552096 26.716330 0.000000
vt -1.552096 28.242978 0.000000
vt 9.070358 -1.513575 0.000000
vt 9.195777 0.000000 0.000000
vt 0.000000 0.000000 0.000000
vt 9.070358 1.513575 0.000000
vt 8.697524 2.985864 0.000000
vt 8.087444 4.376706 0.000000
vt 7.256760 5.648163 0.000000
vt 6.228130 6.765553 0.000000
vt 5.029613 7.698396 0.000000
vt 3.693901 8.421247 0.000000
vt 2.257430 8.914388 0.000000
vt 0.759381 9.164368 0.000000
vt -0.759381 9.164368 0.000000
vt -2.257430 8.914388 0.000000
vt -3.693901 8.421247 0.000000
vt -5.029613 7.698396 0.000000
vt -6.228130 6.765553 0.000000
vt -7.256760 5.648163 0.000000
vt -8.087444 4.376706 0.000000
vt -8.697524 2.985864 0.000000
vt -9.070358 1.513575 0.000000
vt -9.195777 0.000000 0.000000
vt -9.070358 -1.513575 0.000000
vt -8.697524 -2.985864 0.000000
vt -8.087444 -4.376706 0.000000
vt -7.256760 -5.648163 0.000000
vt -6.228130 -6.765553 0.000000
vt -5.029613 -7.698396 0.000000
vt -3.693901 -8.421247 0.000000
vt -2.257430 -8.914388 0.000000
vt -0.759381 -9.164368 0.000000
vt 0.759381 -9.164368 0.000000
vt 2.257430 -8.914388 0.000000
vt 3.693901 -8.421247 0.000000
vt 5.029613 -7.698396 0.000000
vt 6.228130 -6.765553 0.000000
vt 7.256760 -5.648163 0.000000
vt 8.087444 -4.376706 0.000000
vt 8.697524 -2.985864 0.000000
vt 0.125418 1.513575 0.000000
vt 0.000000 0.000000 0.000000
vt 9.195777 0.000000 0.000000
vt 0.125418 -1.513575 0.000000
vt 0.498253 -2.985864 0.000000
vt 1.108332 -4.376706 0.000000
vt 1.939017 -5.648163 0.000000
vt 2.967647 -6.765553 0.000000
vt 4.166163 -7.698396 0.000000
vt 5.501875 -8.421247 0.000000
vt 6.938347 -8.914388 0.000000
vt 8.436395 -9.164368 0.000000
vt 9.955158 -9.164368 0.000000
vt 11.453206 -8.914388 0.000000
vt 12.889678 -8.421247 0.000000
vt 14.225390 -7.698396 0.000000
vt 15.423907 -6.765553 0.000000
vt 16.452536 -5.648163 0.000000
vt 17.283221 -4.376706 0.000000
vt 17.893301 -2.985864 0.000000
vt 18.266135 -1.513575 0.000000
vt 18.391553 0.000000 0.000000
vt 18.266135 1.513575 0.000000
vt 17.893301 2.985864 0.000000
vt 17.283221 4.376706 0.000000
vt 16.452536 5.648163 0.000000
vt 15.423907 6.765553 0.000000
vt 14.225390 7.698396 0.000000
vt 12.889678 8.421247 0.000000
vt 11.453206 8.914388 0.000000
vt 9.955158 9.164368 0.000000
vt 8.436395 9.164368 0.000000
vt 6.938347 8.914388 0.000000
vt 5.501875 8.421247 0.000000
vt 4.166163 7.698396 0.000000
vt 2.967647 6.765553 0.000000
vt 1.939017 5.648163 0.000000
vt 1.108332 4.376706 0.000000
vt 0.498253 2.985864 0.000000
vt 0.000000 0.000000 0.000000
vt 5.924502 0.000000 0.000000
vt -0.000000 0.200000 0.000000
vt 5.924502 0.200000 0.000000
vt 0.200000 0.487551 0.000000
vt 0.000000 0.487551 0.000000
vt 0.200000 0.417901 0.000000
vt -0.000000 0.417901 0.000000
vt 0.200000 0.348251 0.000000
vt -0.000000 0.348251 0.000000
vt 0.200000 0.278601 0.000000
vt 0.000000 0.278601 0.000000
vt 0.200000 0.208951 0.000000
vt -0.000000 0.208951 0.000000
vt 0.200000 0.139300 0.000000
vt 0.000000 0.139300 0.000000
vt 0.200000 0.069650 0.000000
vt 0.000000 0.069650 0.000000
vt 0.200000 0.000000 0.000000
vt 0.000000 0.000000 0.000000
vt 0.200000 13.889447 0.000000
vt 0.000000 13.889447 0.000000
vt 0.200000 12.346175 0.000000
vt -0.000000 12.346175 0.000000
vt 0.200000 10.802904 0.000000
vt -0.000000 10.802904 0.000000
vt 0.200000 9.259632 0.000000
vt -0.000000 9.259632 0.000000
vt 0.200000 7.716360 0.000000
vt -0.000000 7.716360 0.000000
vt 0.200000 6.173088 0.000000
vt -0.000000 6.173088 0.000000
vt 0.200000 4.629816 0.000000
vt 0.000000 4.629816 0.000000
vt 0.200000 3.086544 0.000000
vt -0.000000 3.086544 0.000000
vt 0.200000 1.543272 0.000000
vt -0.000000 1.543272 0.000000
vt 0.200000 0.000000 0.000000
vt 0.000000 0.000000 0.000000
vt 0.200000 0.487551 0.000000
vt 0.000000 0.487551 0.000000
vt 0.200000 0.417901 0.000000
vt 0.000000 0.417901 0.000000
vt 0.200000 0.348251 0.000000
vt 0.000000 0.348251 0.000000
vt 0.200000 0.278601 0.000000
vt -0.000000 0.278601 0.000000
vt 0.200000 0.208951 0.000000
vt -0.000000 0.208951 0.000000
vt 0.200000 0.139300 0.000000
vt 0.000000 0.139300 0.000000
vt 0.200000 0.069650 0.000000
vt 0.000000 0.069650 0.000000
vt 0.200000 0.000000 0.000000
vt 0.000000 0.000000 0.000000
vt 0.000000 0.000000 0.000000
vt 5.924502 0.000000 0.000000
vt -0.000000 0.200000 0.000000
vt 5.924502 0.200000 0.000000
vt 0.200000 0.425609 0.000000
vt 0.000000 0.425609 0.000000
vt 0.200000 0.354674 0.000000
vt 0.000000 0.354674 0.000000
vt 0.200000 0.283739 0.000000
vt 0.000000 0.283739 0.000000
vt 0.200000 0.212804 0.000000
vt 0.000000 0.212804 0.000000
vt 0.200000 0.141870 0.000000
vt 0.000000 0.141870 0.000000
vt 0.200000 0.070935 0.000000
vt 0.000000 0.070935 0.000000
vt 0.200000 0.000000 0.000000
vt 0.000000 0.000000 0.000000
vt -0.200000 -0.000000 0.000000
vt -0.000000 -0.000000 0.000000
vt -0.200000 0.759957 0.000000
vt -0.000000 0.759957 0.000000
vt -0.200000 1.519913 0.000000
vt -0.000000 1.519913 0.000000
vt -0.200000 2.279870 0.000000
vt -0.000000 2.279870 0.000000
vt -0.200000 3.039827 0.000000
vt -0.000000 3.039827 0.000000
vt -0.200000 3.799783 0.000000
vt -0.000000 3.799783 0.000000
vt 0.200000 0.425609 0.000000
vt 0.000000 0.425609 0.000000
vt 0.200000 0.354674 0.000000
vt -0.000000 0.354674 0.000000
vt 0.200000 0.283739 0.000000
vt 0.000000 0.283739 0.000000
vt 0.200000 0.212804 0.000000
vt 0.000000 0.212804 0.000000
vt 0.200000 0.141870 0.000000
vt -0.000000 0.141870 0.000000
vt 0.200000 0.070935 0.000000
vt -0.000000 0.070935 0.000000
vt 0.200000 0.000000 0.000000
vt 0.000000 0.000000 0.000000
vt 0.000000 0.000000 0.000000
vt 5.924502 0.000000 0.000000
vt -0.000000 0.200000 0.000000
vt 5.924502 0.200000 0.000000
vt 0.200000 0.487551 0.000000
vt 0.000000 0.487551 0.000000
vt 0.200000 0.417901 0.000000
vt 0.000000 0.417901 0.000000
vt 0.200000 0.348251 0.000000
vt -0.000000 0.348251 0.000000
vt 0.200000 0.278601 0.000000
vt 0.000000 0.278601 0.000000
vt 0.200000 0.208951 0.000000
vt 0.000000 0.208951 0.000000
vt 0.200000 0.139300 0.000000
vt -0.000000 0.139300 0.000000
vt 0.200000 0.069650 0.000000
vt 0.000000 0.069650 0.000000
vt 0.200000 -0.000000 0.000000
vt 0.000000 0.000000 0.000000
vt 0.200000 13.889447 0.000000
vt 0.000000 13.889447 0.000000
vt 0.200000 12.346175 0.000000
vt -0.000000 12.346175 0.000000
vt 0.200000 10.802904 0.000000
vt -0.000000 10.802904 0.000000
vt 0.200000 9.259632 0.000000
vt 0.000000 9.259632 0.000000
vt 0.200000 7.716360 0.000000
vt -0.000000 7.716360 0.000000
vt 0.200000 6.173088 0.000000
vt -0.000000 6.173088 0.000000
vt 0.200000 4.629816 0.000000
vt -0.000000 4.629816 0.000000
vt 0.200000 3.086544 0.000000
vt -0.000000 3.086544 0.000000
vt 0.200000 1.543272 0.000000
vt -0.000000 1.543272 0.000000
vt 0.200000 0.000000 0.000000
vt 0.000000 0.000000 0.000000
vt 0.200000 0.487551 0.000000
vt 0.000000 0.487551 0.000000
vt 0.200000 0.417901 0.000000
vt 0.000000 0.417901 0.000000
vt 0.200000 0.348251 0.000000
vt 0.000000 0.348251 0.000000
vt 0.200000 0.278601 0.000000
vt 0.000000 0.278601 0.000000
vt 0.200000 0.208951 0.000000
vt 0.000000 0.208951 0.000000
vt 0.200000 0.139300 0.000000
vt 0.000000 0.139300 0.000000
vt 0.200000 0.069650 0.000000
vt 0.000000 0.069650 0.000000
vt 0.200000 -0.000000 0.000000
vt 0.000000 0.000000 0.000000
vt 0.000000 0.000000 0.000000
vt 5.924502 0.000000 0.000000
vt 0.000000 0.200000 0.000000
vt 5.924502 0.200000 0.000000
vt 0.200000 0.425609 0.000000
vt 0.000000 0.425609 0.000000
vt 0.200000 0.354674 0.000000
vt 0.000000 0.354674 0.000000
vt 0.200000 0.283739 0.000000
vt -0.000000 0.283739 0.000000
vt 0.200000 0.212804 0.000000
vt -0.000000 0.212804 0.000000
vt 0.200000 0.141870 0.000000
vt 0.000000 0.141870 0.000000
vt 0.200000 0.070935 0.000000
vt 0.000000 0.070935 0.000000
vt 0.200000 0.000000 0.000000
vt 0.000000 0.000000 0.000000
vt -0.200000 0.000000 0.000000
vt -0.000000 0.000000 0.000000
vt -0.200000 0.759957 0.000000
vt -0.000000 0.759957 0.000000
vt -0.200000 1.519913 0.000000
vt -0.000000 1.519913 0.000000
vt -0.200000 2.279870 0.000000
vt -0.000000 2.279870 0.000000
vt -0.200000 3.039827 0.000000
vt -0.000000 3.039827 0.000000
vt -0.200000 3.799783 0.000000
vt -0.000000 3.799783 0.000000
vt 0.200000 0.425609 0.000000
vt 0.000000 0.425609 0.000000
vt 0.200000 0.354674 0.000000
vt 0.000000 0.354674 0.000000
vt 0.200000 0.283739 0.000000
vt 0.000000 0.283739 0.000000
vt 0.200000 0.212804 0.000000
vt 0.000000 0.212804 0.000000
vt 0.200000 0.141870 0.000000
vt -0.000000 0.141870 0.000000
vt 0.200000 0.070935 0.000000
vt -0.000000 0.070935 0.000000
vt 0.200000 -0.000000 0.000000
vt 0.000000 0.000000 0.000000
vt -0.000000 0.000000 0.000000
vt 5.924502 0.000000 0.000000
vt -0.000000 0.200000 0.000000
vt 5.924502 0.200000 0.000000
vt 0.200000 0.487551 0.000000
vt 0.000000 0.487551 0.000000
vt 0.200000 0.417901 0.000000
vt -0.000000 0.417901 0.000000
vt 0.200000 0.348251 0.000000
vt -0.000000 0.348251 0.000000
vt 0.200000 0.278601 0.000000
vt 0.000000 0.278601 0.000000
vt 0.200000 0.208951 0.000000
vt -0.000000 0.208951 0.000000
vt 0.200000 0.139300 0.000000
vt 0.000000 0.139300 0.000000
vt 0.200000 0.069650 0.000000
vt 0.000000 0.069650 0.000000
vt 0.200000 0.000000 0.000000
vt 0.000000 0.000000 0.000000
vt 0.200000 13.889447 0.000000
vt 0.000000 13.889447 0.000000
vt 0.200000 12.346175 0.000000
vt -0.000000 12.346175 0.000000
vt 0.200000 10.802904 0.000000
vt 0.000000 10.802904 0.000000
vt 0.200000 9.259632 0.000000
vt 0.000000 9.259632 0.000000
vt 0.200000 7.716360 0.000000
vt -0.000000 7.716360 0.000000
vt 0.200000 6.173088 0.000000
vt -0.000000 6.173088 0.000000
vt 0.200000 4.629816 0.000000
vt -0.000000 4.629816 0.000000
vt 0.200000 3.086544 0.000000
vt -0.000000 3.086544 0.000000
vt 0.200000 1.543272 0.000000
vt -0.000000 1.543272 0.000000
vt 0.200000 -0.000000 0.000000
vt 0.000000 0.000000 0.000000
vt 0.200000 0.487551 0.000000
vt 0.000000 0.487551 0.000000
vt 0.200000 0.417901 0.000000
vt 0.000000 0.417901 0.000000
vt 0.200000 0.348251 0.000000
vt 0.000000 0.348251 0.000000
vt 0.200000 0.278601 0.000000
vt 0.000000 0.278601 0.000000
vt 0.200000 0.208951 0.000000
vt -0.000000 0.208951 0.000000
vt 0.200000 0.139300 0.000000
vt 0.000000 0.139300 0.000000
vt 0.200000 0.069650 0.000000
vt -0.000000 0.069650 0.000000
vt 0.200000 0.000000 0.000000
vt 0.000000 0.000000 0.000000
vt 0.000000 0.000000 0.000000
vt 5.924502 0.000000 0.000000
vt -0.000000 0.200000 0.000000
vt 5.924502 0.200000 0.000000
vt 0.200000 0.425609 0.000000
vt -0.000000 0.425609 0.000000
vt 0.200000 0.354674 0.000000
vt -0.000000 0.354674 0.000000
vt 0.200000 0.283739 0.000000
vt 0.000000 0.283739 0.000000
vt 0.200000 0.212804 0.000000
vt 0.000000 0.212804 0.000000
vt 0.200000 0.141870 0.000000
vt 0.000000 0.141870 0.000000
vt 0.200000 0.070935 0.000000
vt -0.000000 0.070935 0.000000
vt 0.200000 0.000000 0.000000
vt 0.000000 0.000000 0.000000
vt -0.200000 0.000000 0.000000
vt -0.000000 0.000000 0.000000
vt -0.200000 0.759957 0.000000
vt -0.000000 0.759957 0.000000
vt -0.200000 1.519913 0.000000
vt -0.000000 1.519913 0.000000
vt -0.200000 2.279870 0.000000
vt -0.000000 2.279870 0.000000
vt -0.200000 3.039827 0.000000
vt -0.000000 3.039827 0.000000
vt -0.200000 3.799783 0.000000
vt -0.000000 3.799783 0.000000
vt 0.200000 0.425609 0.000000
vt 0.000000 0.425609 0.000000
vt 0.200000 0.354674 0.000000
vt -0.000000 0.354674 0.000000
vt 0.200000 0.283739 0.000000
vt -0.000000 0.283739 0.000000
vt 0.200000 0.212804 0.000000
vt 0.000000 0.212804 0.000000
vt 0.200000 0.141870 0.000000
vt -0.000000 0.141870 0.000000
vt 0.200000 0.070935 0.000000
vt -0.000000 0.070935 0.000000
vt 0.200000 -0.000000 0.000000
vt 0.000000 0.000000 0.000000
vt 0.000000 0.000000 0.000000
vt 5.924502 0.000000 0.000000
vt 0.000000 0.200000 0.000000
vt 5.924502 0.200000 0.000000
vt 0.200000 0.487551 0.000000
vt 0.000000 0.487551 0.000000
vt 0.200000 0.417901 0.000000
vt 0.000000 0.417901 0.000000
vt 0.200000 0.348251 0.000000
vt -0.000000 0.348251 0.000000
vt 0.200000 0.278601 0.000000
vt 0.000000 0.278601 0.000000
vt 0.200000 0.208951 0.000000
vt 0.000000 0.208951 0.000000
vt 0.200000 0.139300 0.000000
vt 0.000000 0.139300 0.000000
vt 0.200000 0.069650 0.000000
vt 0.000000 0.069650 0.000000
vt 0.200000 0.000000 0.000000
vt 0.000000 0.000000 0.000000
vt 0.200000 13.889447 0.000000
vt 0.000000 13.889447 0.000000
vt 0.200000 12.346175 0.000000
vt -0.000000 12.346175 0.000000
vt 0.200000 10.802904 0.000000
vt -0.000000 10.802904 0.000000
vt 0.200000 9.259632 0.000000
vt 0.000000 9.259632 0.000000
vt 0.200000 7.716360 0.000000
vt -0.000000 7.716360 0.000000
vt 0.200000 6.173088 0.000000
vt 0.000000 6.173088 0.000000
vt 0.200000 4.629816 0.000000
vt -0.000000 4.629816 0.000000
vt 0.200000 3.086544 0.000000
vt -0.000000 3.086544 0.000000
vt 0.200000 1.543272 0.000000
vt -0.000000 1.543272 0.000000
vt 0.200000 0.000000 0.000000
vt 0.000000 0.000000 0.000000
vt 0.200000 0.487551 0.000000
vt 0.000000 0.487551 0.000000
vt 0.200000 0.417901 0.000000
vt -0.000000 0.417901 0.000000
vt 0.200000 0.348251 0.000000
vt -0.000000 0.348251 0.000000
vt 0.200000 0.278601 0.000000
vt 0.000000 0.278601 0.000000
vt 0.200000 0.208951 0.000000
vt 0.000000 0.208951 0.000000
vt 0.200000 0.139300 0.000000
vt -0.000000 0.139300 0.000000
vt 0.200000 0.069650 0.000000
vt -0.000000 0.069650 0.000000
vt 0.200000 -0.000000 0.000000
vt 0.000000 0.000000 0.000000
vt 0.000000 0.000000 0.000000
vt 5.924502 0.000000 0.000000
vt 0.000000 0.200000 0.000000
vt 5.924502 0.200000 0.000000
vt 0.200000 0.425609 0.000000
vt 0.000000 0.425609 0.000000
vt 0.200000 0.354674 0.000000
vt 0.000000 0.354674 0.000000
vt 0.200000 0.283739 0.000000
vt -0.000000 0.283739 0.000000
vt 0.200000 0.212804 0.000000
vt -0.000000 0.212804 0.000000
vt 0.200000 0.141870 0.000000
vt -0.000000 0.141870 0.000000
vt 0.200000 0.070935 0.000000
vt 0.000000 0.070935 0.000000
vt 0.200000 -0.000000 0.000000
vt 0.000000 0.000000 0.000000
vt -0.200000 -0.000000 0.000000
vt -0.000000 0.000000 0.000000
vt -0.200000 0.759957 0.000000
vt -0.000000 0.759957 0.000000
vt -0.200000 1.519913 0.000000
vt -0.000000 1.519913 0.000000
vt -0.200000 2.279870 0.000000
vt -0.000000 2.279870 0.000000
vt -0.200000 3.039827 0.000000
vt -0.000000 3.039827 0.000000
vt -0.200000 3.799783 0.000000
vt -0.000000 3.799783 0.000000
vt 0.200000 0.425609 0.000000
vt 0.000000 0.425609 0.000000
vt 0.200000 0.354674 0.000000
vt -0.000000 0.354674 0.000000
vt 0.200000 0.283739 0.000000
vt 0.000000 0.283739 0.000000
vt 0.200000 0.212804 0.000000
vt 0.000000 0.212804 0.000000
vt 0.200000 0.141870 0.000000
vt 0.000000 0.141870 0.000000
vt 0.200000 0.070935 0.000000
vt 0.000000 0.070935 0.000000
vt 0.200000 0.000000 0.000000
vt 0.000000 0.000000 0.000000
vt 0.000000 0.000000 0.000000
vt 4.000000 0.000000 0.000000
vt 0.000000 0.200000 0.000000
vt 4.000000 0.200000 0.000000
vt 0.000000 0.000000 0.000000
vt 3.000000 0.000000 0.000000
vt 0.000000 0.200000 0.000000
vt 3.000000 0.200000 0.000000
vt -0.000000 0.000000 0.000000
vt 4.000000 0.000000 0.000000
vt -0.000000 0.200000 0.000000
vt 4.000000 0.200000 0.000000
vt -0.000000 0.000000 0.000000
vt 3.000000 0.000000 0.000000
vt -0.000000 0.200000 0.000000
vt 3.000000 0.200000 0.000000
vt 2.000000 -1.500000 0.000000
vt 2.965365 -0.454545 0.000000
vt 2.000000 1.500000 0.000000
vt 2.965365 0.454545 0.000000
vt 2.756811 1.183214 0.000000
vt -2.000000 -1.500000 0.000000
vt -0.454545 -2.965365 0.000000
vt 0.454545 -2.965365 0.000000
vt 1.183214 -2.756811 0.000000
vt -2.000000 1.500000 0.000000
vt -2.965365 0.454545 0.000000
vt -2.965365 -0.454545 0.000000
vt -2.756811 -1.183214 0.000000
vt 0.454545 2.965365 0.000000
vt -0.454545 2.965365 0.000000
vt -1.183214 2.756811 0.000000
vt -9.186403 -0.200000 0.000000
vt -3.261901 -0.200000 0.000000
vt -3.261901 0.200000 0.000000
vt -3.191626 -0.208347 0.000000
vt -3.191626 0.208347 0.000000
vt -3.125261 -0.232924 0.000000
vt -3.125261 0.232924 0.000000
vt -3.066500 -0.272364 0.000000
vt -3.066500 0.272364 0.000000
vt -3.018612 -0.324471 0.000000
vt -3.018612 0.324471 0.000000
vt -2.984263 0.386346 0.000000
vt -2.984263 -0.386346 0.000000
vt -2.372295 -1.836360 0.000000
vt -1.836360 -2.372295 0.000000
vt -1.183214 -2.756811 0.000000
vt 0.386346 -2.984263 0.000000
vt -0.386346 -2.984263 0.000000
vt 0.324471 -3.018612 0.000000
vt -0.324471 -3.018612 0.000000
vt -0.272364 -3.066500 0.000000
vt 0.272364 -3.066500 0.000000
vt -0.232924 -3.125261 0.000000
vt 0.232924 -3.125261 0.000000
vt -0.208347 -3.191626 0.000000
vt 0.208347 -3.191626 0.000000
vt -0.200000 -3.261901 0.000000
vt 0.200000 -3.261901 0.000000
vt -0.200000 -9.186403 0.000000
vt 0.200000 -9.186403 0.000000
vt -0.208049 -9.255429 0.000000
vt 0.208049 -9.255429 0.000000
vt -0.000000 -9.485960 0.000000
vt 0.231764 -9.320751 0.000000
vt 0.269873 -9.378864 0.000000
vt 0.320330 -9.426650 0.000000
vt 0.380428 -9.461544 0.000000
vt 0.000000 -10.000000 0.000000
vt 0.446943 -9.481674 0.000000
vt 0.516304 -9.485960 0.000000
vt 1.564345 -9.876883 0.000000
vt 2.043729 -9.277563 0.000000
vt 3.090170 -9.510565 0.000000
vt 3.517338 -8.824870 0.000000
vt 4.539905 -8.910065 0.000000
vt 4.898329 -8.139802 0.000000
vt 5.877853 -8.090170 0.000000
vt 6.150338 -7.240397 0.000000
vt 7.071068 -7.071068 0.000000
vt 7.240397 -6.150338 0.000000
vt 8.090170 -5.877853 0.000000
vt 8.139802 -4.898329 0.000000
vt 8.910065 -4.539905 0.000000
vt 8.824870 -3.517338 0.000000
vt 9.510565 -3.090170 0.000000
vt 9.277563 -2.043729 0.000000
vt 9.876883 -1.564345 0.000000
vt 9.485960 -0.516304 0.000000
vt 10.000000 0.000000 0.000000
vt 9.481674 -0.446943 0.000000
vt 9.461544 -0.380428 0.000000
vt 9.426650 -0.320330 0.000000
vt 9.378864 -0.269873 0.000000
vt 9.378864 0.269873 0.000000
vt 9.320751 -0.231764 0.000000
vt 9.320751 0.231764 0.000000
vt 9.255429 -0.208049 0.000000
vt 9.255429 0.208049 0.000000
vt 9.186403 -0.200000 0.000000
vt 9.186403 0.200000 0.000000
vt 3.261901 -0.200000 0.000000
vt 3.261901 0.200000 0.000000
vt 3.191626 0.208347 0.000000
vt -0.231764 -9.320751 0.000000
vt -0.269873 -9.378864 0.000000
vt -0.320330 -9.426650 0.000000
vt -0.380428 -9.461544 0.000000
vt -0.446943 -9.481674 0.000000
vt -0.516304 -9.485960 0.000000
vt -1.564345 -9.876883 0.000000
vt -2.043729 -9.277563 0.000000
vt -3.090170 -9.510565 0.000000
vt -3.517338 -8.824870 0.000000
vt -4.539905 -8.910065 0.000000
vt -4.898329 -8.139802 0.000000
vt -5.877853 -8.090170 0.000000
vt -6.150338 -7.240397 0.000000
vt -7.071068 -7.071068 0.000000
vt -7.240397 -6.150338 0.000000
vt -8.090170 -5.877853 0.000000
vt -8.139802 -4.898329 0.000000
vt -8.910065 -4.539905 0.000000
vt -8.824870 -3.517338 0.000000
vt -9.510565 -3.090170 0.000000
vt -9.277563 -2.043729 0.000000
vt -9.876883 -1.564345 0.000000
vt -9.485960 -0.516304 0.000000
vt -10.000000 -0.000000 0.000000
vt -9.481674 -0.446943 0.000000
vt -9.461544 -0.380428 0.000000
vt -9.426650 -0.320330 0.000000
vt -9.378864 -0.269873 0.000000
vt -9.378864 0.269873 0.000000
vt -9.320751 0.231764 0.000000
vt -9.320751 -0.231764 0.000000
vt -9.255429 0.208049 0.000000
vt -9.255429 -0.208049 0.000000
vt -9.186403 0.200000 0.000000
vt -0.200000 9.186403 0.000000
vt -0.200000 3.261901 0.000000
vt 0.200000 3.261901 0.000000
vt -0.208347 3.191626 0.000000
vt 0.208347 3.191626 0.000000
vt -0.232924 3.125261 0.000000
vt 0.232924 3.125261 0.000000
vt -0.272364 3.066500 0.000000
vt 0.272364 3.066500 0.000000
vt -0.324471 3.018612 0.000000
vt 0.324471 3.018612 0.000000
vt -0.386346 2.984263 0.000000
vt 0.386346 2.984263 0.000000
vt -1.836360 2.372295 0.000000
vt -2.372295 1.836360 0.000000
vt -2.756811 1.183214 0.000000
vt -9.426650 0.320330 0.000000
vt -9.461544 0.380428 0.000000
vt -9.481674 0.446943 0.000000
vt -9.485960 0.516304 0.000000
vt -9.876883 1.564345 0.000000
vt -9.277563 2.043729 0.000000
vt -9.510565 3.090170 0.000000
vt -8.824870 3.517338 0.000000
vt -8.910065 4.539905 0.000000
vt -8.139802 4.898329 0.000000
vt -8.090170 5.877853 0.000000
vt -7.240397 6.150338 0.000000
vt -7.071068 7.071068 0.000000
vt -6.150338 7.240397 0.000000
vt -5.877853 8.090170 0.000000
vt -4.898329 8.139802 0.000000
vt -4.539905 8.910065 0.000000
vt -3.517338 8.824870 0.000000
vt -3.090170 9.510565 0.000000
vt -2.043729 9.277563 0.000000
vt -1.564345 9.876883 0.000000
vt -0.516304 9.485960 0.000000
vt 0.000000 10.000000 0.000000
vt -0.446943 9.481674 0.000000
vt -0.380428 9.461544 0.000000
vt -0.320330 9.426650 0.000000
vt -0.269873 9.378864 0.000000
vt 0.269873 9.378864 0.000000
vt -0.231764 9.320751 0.000000
vt 0.231764 9.320751 0.000000
vt -0.208049 9.255429 0.000000
vt 0.208049 9.255429 0.000000
vt 0.200000 9.186403 0.000000
vt 1.836360 -2.372295 0.000000
vt 2.372295 -1.836360 0.000000
vt 2.756811 -1.183214 0.000000
vt 2.984263 0.386346 0.000000
vt 2.984263 -0.386346 0.000000
vt 3.018612 -0.324471 0.000000
vt 3.018612 0.324471 0.000000
vt 3.066500 -0.272364 0.000000
vt 3.066500 0.272364 0.000000
vt 3.125261 -0.232924 0.000000
vt 3.125261 0.232924 0.000000
vt 3.191626 -0.208347 0.000000
vt 2.372295 1.836360 0.000000
vt 1.836360 2.372295 0.000000
vt 1.183214 2.756811 0.000000
vt 0.320330 9.426650 0.000000
vt 0.380428 9.461544 0.000000
vt 0.446943 9.481674 0.000000
vt 0.516304 9.485960 0.000000
vt 1.564345 9.876883 0.000000
vt 2.043729 9.277563 0.000000
vt 3.090170 9.510565 0.000000
vt 3.517338 8.824870 0.000000
vt 4.539905 8.910065 0.000000
vt 4.898329 8.139802 0.000000
vt 5.877853 8.090170 0.000000
vt 6.150338 7.240397 0.000000
vt 7.071068 7.071068 0.000000
vt 7.240397 6.150338 0.000000
vt 8.090170 5.877853 0.000000
vt 8.139802 4.898329 0.000000
vt 8.910065 4.539905 0.000000
vt 8.824870 3.517338 0.000000
vt 9.510565 3.090170 0.000000
vt 9.277563 2.043729 0.000000
vt 9.876883 1.564345 0.000000
vt 9.485960 0.516304 0.000000
vt 9.481674 0.446943 0.000000
vt 9.461544 0.380428 0.000000
vt 9.426650 0.320330 0.000000
vt -9.875376 -1.564106 0.000000
vt -9.485960 -0.516304 0.000000
vt -9.998473 0.000000 0.000000
vt -9.481674 -0.446943 0.000000
vt -9.461544 -0.380428 0.000000
vt -9.277563 -2.043729 0.000000
vt -9.509113 -3.089698 0.000000
vt -8.824870 -3.517338 0.000000
vt -8.908705 -4.539212 0.000000
vt -8.139802 -4.898329 0.000000
vt -8.088935 -5.876955 0.000000
vt -7.240397 -6.150338 0.000000
vt -7.069988 -7.069988 0.000000
vt -6.150338 -7.240397 0.000000
vt -5.876955 -8.088935 0.000000
vt -4.898329 -8.139802 0.000000
vt -4.539212 -8.908705 0.000000
vt -3.517338 -8.824870 0.000000
vt -3.089698 -9.509113 0.000000
vt -2.043729 -9.277563 0.000000
vt -1.564106 -9.875376 0.000000
vt -0.516304 -9.485960 0.000000
vt 0.000000 -9.998473 0.000000
vt -0.446943 -9.481674 0.000000
vt -0.380428 -9.461544 0.000000
vt 0.000000 -9.485960 0.000000
vt -0.320330 -9.426650 0.000000
vt -0.269873 -9.378864 0.000000
vt -0.231764 -9.320751 0.000000
vt -0.208049 -9.255429 0.000000
vt 0.208049 -9.255429 0.000000
vt 0.200000 -9.186403 0.000000
vt 1.564106 -9.875376 0.000000
vt 0.516304 -9.485960 0.000000
vt 0.446943 -9.481674 0.000000
vt 0.380428 -9.461544 0.000000
vt 2.043729 -9.277563 0.000000
vt 3.089698 -9.509113 0.000000
vt 3.517338 -8.824870 0.000000
vt 4.539212 -8.908705 0.000000
vt 4.898329 -8.139802 0.000000
vt 5.876955 -8.088935 0.000000
vt 6.150338 -7.240397 0.000000
vt 7.069988 -7.069988 0.000000
vt 7.240397 -6.150338 0.000000
vt 8.088935 -5.876955 0.000000
vt 8.139802 -4.898329 0.000000
vt 8.908705 -4.539212 0.000000
vt 8.824870 -3.517338 0.000000
vt 9.509113 -3.089698 0.000000
vt 9.277563 -2.043729 0.000000
vt 9.875376 -1.564106 0.000000
vt 9.485960 -0.516304 0.000000
vt 9.998473 -0.000000 0.000000
vt 9.481674 -0.446943 0.000000
vt 9.461544 -0.380428 0.000000
vt 9.426650 -0.320330 0.000000
vt 9.378864 -0.269873 0.000000
vt 9.378864 0.269873 0.000000
vt 9.320751 -0.231764 0.000000
vt 9.320751 0.231764 0.000000
vt 9.255429 -0.208049 0.000000
vt 9.255429 0.208049 0.000000
vt 9.186403 -0.200000 0.000000
vt 9.186403 0.200000 0.000000
vt 3.261901 0.200000 0.000000
vt 9.875376 1.564106 0.000000
vt 9.485960 0.516304 0.000000
vt 9.481674 0.446943 0.000000
vt 9.461544 0.380428 0.000000
vt 9.277563 2.043729 0.000000
vt 9.509113 3.089698 0.000000
vt 8.824870 3.517338 0.000000
vt 8.908705 4.539212 0.000000
vt 8.139802 4.898329 0.000000
vt 8.088935 5.876955 0.000000
vt 7.240397 6.150338 0.000000
vt 7.069988 7.069988 0.000000
vt 6.150338 7.240397 0.000000
vt 5.876955 8.088935 0.000000
vt 4.898329 8.139802 0.000000
vt 4.539212 8.908705 0.000000
vt 3.517338 8.824870 0.000000
vt 3.089698 9.509113 0.000000
vt 2.043729 9.277563 0.000000
vt 1.564106 9.875376 0.000000
vt 0.516304 9.485960 0.000000
vt 0.000000 9.998473 0.000000
vt 0.446943 9.481674 0.000000
vt 0.380428 9.461544 0.000000
vt 0.320330 9.426650 0.000000
vt 0.269873 9.378864 0.000000
vt -0.269873 9.378864 0.000000
vt -0.231764 9.320751 0.000000
vt -1.564106 9.875376 0.000000
vt -0.516304 9.485960 0.000000
vt -0.446943 9.481674 0.000000
vt -0.380428 9.461544 0.000000
vt -2.043729 9.277563 0.000000
vt -3.089698 9.509113 0.000000
vt -3.517338 8.824870 0.000000
vt -4.539212 8.908705 0.000000
vt -4.898329 8.139802 0.000000
vt -5.876955 8.088935 0.000000
vt -6.150338 7.240397 0.000000
vt -7.069988 7.069988 0.000000
vt -7.240397 6.150338 0.000000
vt -8.088935 5.876955 0.000000
vt -8.139802 4.898329 0.000000
vt -8.908705 4.539212 0.000000
vt -8.824870 3.517338 0.000000
vt -9.509113 3.089698 0.000000
vt -9.277563 2.043729 0.000000
vt -9.875376 1.564106 0.000000
vt -9.485960 0.516304 0.000000
vt -9.481674 0.446943 0.000000
vt -9.461544 0.380428 0.000000
vt -9.426650 0.320330 0.000000
vt -9.378864 0.269873 0.000000
vt -9.378864 -0.269873 0.000000
vt -9.320751 0.231764 0.000000
vt -9.320751 -0.231764 0.000000
vt -9.255429 0.208049 0.000000
vt -9.255429 -0.208049 0.000000
vt -9.186403 0.200000 0.000000
vt -9.186403 -0.200000 0.000000
vt -3.261901 -0.200000 0.000000
vt -2.000000 1.500000 0.000000
vt -2.965365 -0.454545 0.000000
vt -2.000000 -1.500000 0.000000
vt -2.756811 -1.183214 0.000000
vt -2.372295 -1.836360 0.000000
vt 2.000000 1.500000 0.000000
vt -0.454545 2.965365 0.000000
vt -1.183214 2.756811 0.000000
vt -1.836360 2.372295 0.000000
vt 2.000000 -1.500000 0.000000
vt 2.965365 -0.454545 0.000000
vt 2.965365 0.454545 0.000000
vt 2.756811 1.183214 0.000000
vt -0.454545 -2.965365 0.000000
vt 0.454545 -2.965365 0.000000
vt 1.183214 -2.756811 0.000000
vt 2.984263 0.386346 0.000000
vt 2.984263 -0.386346 0.000000
vt 3.018612 -0.324471 0.000000
vt 3.018612 0.324471 0.000000
vt 3.066500 -0.272364 0.000000
vt 3.066500 0.272364 0.000000
vt 3.125261 -0.232924 0.000000
vt 3.125261 0.232924 0.000000
vt 3.191626 -0.208347 0.000000
vt 3.191626 0.208347 0.000000
vt 3.261901 -0.200000 0.000000
vt 0.320330 -9.426650 0.000000
vt 0.269873 -9.378864 0.000000
vt 0.231764 -9.320751 0.000000
vt -0.200000 -9.186403 0.000000
vt 0.200000 -3.261901 0.000000
vt -0.200000 -3.261901 0.000000
vt 0.208347 -3.191626 0.000000
vt -0.208347 -3.191626 0.000000
vt 0.232924 -3.125261 0.000000
vt -0.232924 -3.125261 0.000000
vt 0.272364 -3.066500 0.000000
vt -0.272364 -3.066500 0.000000
vt 0.324471 -3.018612 0.000000
vt -0.324471 -3.018612 0.000000
vt -0.386346 -2.984263 0.000000
vt 0.386346 -2.984263 0.000000
vt 1.836360 -2.372295 0.000000
vt 2.372295 -1.836360 0.000000
vt 2.756811 -1.183214 0.000000
vt 0.386346 2.984263 0.000000
vt 0.454545 2.965365 0.000000
vt 1.183214 2.756811 0.000000
vt 1.836360 2.372295 0.000000
vt 2.372295 1.836360 0.000000
vt -0.386346 2.984263 0.000000
vt 0.324471 3.018612 0.000000
vt -0.324471 3.018612 0.000000
vt 0.272364 3.066500 0.000000
vt -0.272364 3.066500 0.000000
vt 0.232924 3.125261 0.000000
vt -0.232924 3.125261 0.000000
vt 0.208347 3.191626 0.000000
vt -0.208347 3.191626 0.000000
vt 0.200000 3.261901 0.000000
vt -0.200000 3.261901 0.000000
vt -0.200000 9.186403 0.000000
vt 0.200000 9.186403 0.000000
vt 0.208049 9.255429 0.000000
vt -0.208049 9.255429 0.000000
vt 0.231764 9.320751 0.000000
vt 9.426650 0.320330 0.000000
vt -9.426650 -0.320330 0.000000
vt -3.261901 0.200000 0.000000
vt -3.191626 -0.208347 0.000000
vt -3.191626 0.208347 0.000000
vt -3.125261 -0.232924 0.000000
vt -3.125261 0.232924 0.000000
vt -3.066500 -0.272364 0.000000
vt -3.066500 0.272364 0.000000
vt -3.018612 -0.324471 0.000000
vt -3.018612 0.324471 0.000000
vt -2.984263 -0.386346 0.000000
vt -2.984263 0.386346 0.000000
vt -2.965365 0.454545 0.000000
vt -2.756811 1.183214 0.000000
vt -2.372295 1.836360 0.000000
vt -1.836360 -2.372295 0.000000
vt -1.183214 -2.756811 0.000000
vt -0.320330 9.426650 0.000000
vn -0.987660 -0.156430 0.007633
vn -0.995156 -0.098014 0.007633
vn -0.999971 0.000000 0.007633
vn -0.999971 0.000000 0.007633
vn -0.995156 0.098014 0.007633
vn -0.980757 -0.195085 0.007633
vn -0.951029 -0.309008 0.007633
vn -0.956912 -0.290276 0.007633
vn -0.923853 -0.382672 0.007633
vn -0.890981 -0.453977 0.007633
vn -0.881896 -0.471383 0.007633
vn -0.831445 -0.555554 0.007633
vn -0.808993 -0.587768 0.007633
vn -0.772988 -0.634375 0.007633
vn -0.707086 -0.707086 0.007633
vn -0.707086 -0.707086 0.007633
vn -0.634375 -0.772988 0.007633
vn -0.587768 -0.808993 0.007633
vn -0.555554 -0.831445 0.007633
vn -0.453977 -0.890981 0.007633
vn -0.471383 -0.881896 0.007633
vn -0.382672 -0.923853 0.007633
vn -0.309008 -0.951029 0.007633
vn -0.290276 -0.956912 0.007633
vn -0.195085 -0.980757 0.007633
vn -0.156430 -0.987660 0.007633
vn -0.098014 -0.995156 0.007633
vn 0.000000 -0.999971 0.007633
vn 0.000000 -0.999971 0.007633
vn 0.098014 -0.995156 0.007633
vn 0.156430 -0.987660 0.007633
vn 0.195085 -0.980757 0.007633
vn 0.309008 -0.951029 0.007633
vn 0.290276 -0.956912 0.007633
vn 0.382672 -0.923853 0.007633
vn 0.453977 -0.890981 0.007633
vn 0.471383 -0.881896 0.007633
vn 0.555554 -0.831445 0.007633
vn 0.587768 -0.808993 0.007633
vn 0.634375 -0.772988 0.007633
vn 0.707086 -0.707086 0.007633
vn 0.707086 -0.707086 0.007633
vn 0.772988 -0.634375 0.007633
vn 0.808993 -0.587768 0.007633
vn 0.831445 -0.555554 0.007633
vn 0.890981 -0.453977 0.007633
vn 0.881896 -0.471383 0.007633
vn 0.923853 -0.382672 0.007633
vn 0.951029 -0.309008 0.007633
vn 0.956912 -0.290276 0.007633
vn 0.980757 -0.195085 0.007633
vn 0.987660 -0.156430 0.007633
vn 0.995156 -0.098014 0.007633
vn 0.999971 -0.000000 0.007633
vn 0.999971 -0.000000 0.007633
vn 0.995156 0.098014 0.007633
vn 0.987660 0.156430 0.007633
vn 0.980757 0.195085 0.007633
vn 0.951029 0.309008 0.007633
vn 0.956912 0.290276 0.007633
vn 0.923853 0.382672 0.007633
vn 0.890981 0.453977 0.007633
vn 0.881896 0.471383 0.007633
vn 0.831445 0.555554 0.007633
vn 0.808993 0.587768 0.007633
vn 0.772988 0.634375 0.007633
vn 0.707086 0.707086 0.007633
vn 0.707086 0.707086 0.007633
vn 0.634375 0.772988 0.007633
vn 0.587768 0.808993 0.007633
vn 0.555554 0.831445 0.007633
vn 0.453977 0.890981 0.007633
vn 0.471383 0.881896 0.007633
vn 0.382672 0.923853 0.007633
vn 0.309008 0.951029 0.007633
vn 0.290276 0.956912 0.007633
vn 0.195085 0.980757 0.007633
vn 0.156430 0.987660 0.007633
vn 0.098014 0.995156 0.007633
vn -0.000000 0.999971 0.007633
vn -0.000000 0.999971 0.007633
vn -0.098014 0.995156 0.007633
vn -0.156430 0.987660 0.007633
vn -0.195085 0.980757 0.007633
vn -0.309008 0.951029 0.007633
vn -0.290276 0.956912 0.007633
vn -0.382672 0.923853 0.007633
vn -0.453977 0.890981 0.007633
vn -0.471383 0.881896 0.007633
vn -0.555554 0.831445 0.007633
vn -0.587768 0.808993 0.007633
vn -0.634375 0.772988 0.007633
vn -0.707086 0.707086 0.007633
vn -0.707086 0.707086 0.007633
vn -0.772988 0.634375 0.007633
vn -0.808993 0.587768 0.007633
vn -0.831445 0.555554 0.007633
vn -0.890981 0.453977 0.007633
vn -0.881896 0.471383 0.007633
vn -0.923853 0.382672 0.007633
vn -0.951029 0.309008 0.007633
vn -0.956912 0.290276 0.007633
vn -0.980757 0.195085 0.007633
vn -0.987660 0.156430 0.007633
vn 0.867930 0.134060 0.478253
vn 0.718092 0.055131 0.693761
vn 0.878222 -0.000000 0.478253
vn 0.718092 -0.055131 0.693761
vn 0.867930 -0.134060 0.478253
vn 0.701261 -0.164101 0.693761
vn 0.837294 -0.264978 0.478253
vn 0.667993 -0.269225 0.693761
vn 0.787032 -0.389685 0.478253
vn 0.619067 -0.368039 0.693761
vn 0.718324 -0.505257 0.478253
vn 0.555631 -0.458225 0.693761
vn 0.632778 -0.608988 0.478253
vn 0.479171 -0.537672 0.693761
vn 0.532400 -0.698444 0.478253
vn 0.391480 -0.604516 0.693761
vn 0.419544 -0.771529 0.478253
vn 0.294614 -0.657190 0.693761
vn 0.296854 -0.826530 0.478253
vn 0.190841 -0.694461 0.693761
vn 0.167206 -0.862158 0.478253
vn 0.082596 -0.715454 0.693761
vn 0.033638 -0.877578 0.478253
vn -0.027586 -0.719677 0.693761
vn -0.100718 -0.872428 0.478253
vn -0.137121 -0.707032 0.693761
vn -0.232713 -0.846829 0.478253
vn -0.243442 -0.677814 0.693761
vn -0.359253 -0.801381 0.478253
vn -0.344057 -0.632709 0.693761
vn -0.477373 -0.737149 0.478253
vn -0.436607 -0.572774 0.693761
vn -0.584304 -0.655639 0.478253
vn -0.518924 -0.499414 0.693761
vn -0.677539 -0.558762 0.478253
vn -0.589077 -0.414348 0.693761
vn -0.754893 -0.448788 0.478253
vn -0.645424 -0.319570 0.693761
vn -0.814553 -0.328294 0.478253
vn -0.686641 -0.217301 0.693761
vn -0.855121 -0.200106 0.478253
vn -0.711765 -0.109939 0.693761
vn -0.875645 -0.067227 0.478253
vn -0.720206 -0.000000 0.693761
vn -0.875645 0.067227 0.478253
vn -0.711765 0.109939 0.693761
vn -0.855121 0.200106 0.478253
vn -0.686641 0.217301 0.693761
vn -0.814553 0.328294 0.478253
vn -0.645424 0.319570 0.693761
vn -0.754893 0.448788 0.478253
vn -0.589077 0.414348 0.693761
vn -0.677539 0.558762 0.478253
vn -0.518924 0.499414 0.693761
vn -0.584304 0.655639 0.478253
vn -0.436607 0.572774 0.693761
vn -0.477373 0.737149 0.478253
vn -0.344057 0.632709 0.693761
vn -0.359253 0.801381 0.478253
vn -0.243442 0.677814 0.693761
vn -0.232713 0.846829 0.478253
vn -0.137121 0.707032 0.693761
vn -0.100718 0.872428 0.478253
vn -0.027586 0.719677 0.693761
vn 0.033638 0.877578 0.478253
vn 0.082596 0.715454 0.693761
vn 0.167206 0.862158 0.478253
vn 0.190841 0.694461 0.693761
vn 0.296854 0.826530 0.478253
vn 0.294614 0.657190 0.693761
vn 0.419544 0.771529 0.478253
vn 0.391480 0.604516 0.693761
vn 0.532400 0.698444 0.478253
vn 0.479171 0.537672 0.693761
vn 0.632778 0.608988 0.478253
vn 0.555631 0.458225 0.693761
vn 0.718324 0.505257 0.478253
vn 0.619067 0.368039 0.693761
vn 0.787032 0.389685 0.478253
vn 0.667993 0.269225 0.693761
vn 0.837294 0.264978 0.478253
vn 0.701261 0.164101 0.693761
vn -0.000000 -0.000000 1.000000
vn 0.264058 -0.020273 0.964294
vn -0.000000 0.000000 1.000000
vn 0.264058 0.020273 0.964294
vn 0.000000 0.000000 1.000000
vn 0.257869 0.060344 0.964294
vn -0.000000 0.000000 1.000000
vn 0.245635 0.099000 0.964294
vn -0.000000 0.000000 1.000000
vn 0.227644 0.135336 0.964294
vn -0.000000 0.000000 1.000000
vn 0.204317 0.168499 0.964294
vn -0.000000 0.000000 1.000000
vn 0.176202 0.197713 0.964294
vn -0.000000 0.000000 1.000000
vn 0.143956 0.222293 0.964294
vn 0.108336 0.241663 0.964294
vn 0.277631 0.428712 0.859725
vn 0.208935 0.466068 0.859725
vn 0.257869 -0.060344 0.964294
vn -0.000000 -0.000000 1.000000
vn 0.245635 -0.099000 0.964294
vn -0.000000 -0.000000 1.000000
vn 0.227644 -0.135336 0.964294
vn -0.000000 -0.000000 1.000000
vn 0.204317 -0.168499 0.964294
vn -0.000000 -0.000000 1.000000
vn 0.176202 -0.197713 0.964294
vn -0.000000 -0.000000 1.000000
vn 0.143956 -0.222293 0.964294
vn 0.108336 -0.241663 0.964294
vn 0.208935 -0.466068 0.859725
vn 0.135341 -0.492500 0.859725
vn -0.000000 -0.000000 1.000000
vn 0.070176 -0.255368 0.964294
vn 0.058575 -0.507388 0.859725
vn -0.000000 -0.000000 1.000000
vn 0.030372 -0.263088 0.964294
vn -0.019563 -0.510383 0.859725
vn -0.000000 -0.000000 1.000000
vn -0.010144 -0.264641 0.964294
vn -0.097244 -0.501415 0.859725
vn -0.000000 -0.000000 1.000000
vn -0.050422 -0.259991 0.964294
vn -0.172645 -0.480694 0.859725
vn -0.000000 -0.000000 1.000000
vn -0.089519 -0.249247 0.964294
vn -0.243999 -0.448707 0.859725
vn -0.000000 -0.000000 1.000000
vn -0.126517 -0.232661 0.964294
vn -0.309634 -0.406202 0.859725
vn -0.000000 -0.000000 1.000000
vn -0.160550 -0.210621 0.964294
vn -0.368012 -0.354176 0.859725
vn -0.000000 -0.000000 1.000000
vn -0.190819 -0.183645 0.964294
vn -0.417764 -0.293848 0.859725
vn -0.000000 -0.000000 1.000000
vn -0.216616 -0.152365 0.964294
vn -0.457723 -0.226633 0.859725
vn -0.000000 -0.000000 1.000000
vn -0.237336 -0.117513 0.964294
vn -0.486954 -0.154106 0.859725
vn -0.000000 -0.000000 1.000000
vn -0.252493 -0.079906 0.964294
vn -0.504772 -0.077967 0.859725
vn -0.000000 -0.000000 1.000000
vn -0.261731 -0.040427 0.964294
vn -0.510758 -0.000000 0.859725
vn -0.000000 -0.000000 1.000000
vn -0.264835 -0.000000 0.964294
vn -0.504772 0.077967 0.859725
vn -0.261731 0.040427 0.964294
vn -0.000000 0.000000 1.000000
vn -0.252493 0.079906 0.964294
vn -0.000000 0.000000 1.000000
vn -0.237336 0.117513 0.964294
vn -0.000000 0.000000 1.000000
vn -0.216616 0.152365 0.964294
vn -0.000000 0.000000 1.000000
vn -0.190819 0.183645 0.964294
vn -0.000000 0.000000 1.000000
vn -0.160550 0.210621 0.964294
vn -0.000000 0.000000 1.000000
vn -0.126517 0.232661 0.964294
vn -0.000000 0.000000 1.000000
vn -0.089519 0.249247 0.964294
vn -0.000000 0.000000 1.000000
vn -0.050422 0.259991 0.964294
vn -0.000000 0.000000 1.000000
vn -0.010144 0.264641 0.964294
vn -0.000000 0.000000 1.000000
vn 0.030372 0.263088 0.964294
vn -0.000000 0.000000 1.000000
vn 0.070176 0.255368 0.964294
vn -0.000000 0.000000 1.000000
vn 0.509259 0.039098 0.859725
vn 0.509259 -0.039098 0.859725
vn 0.497322 -0.116378 0.859725
vn 0.473729 -0.190930 0.859725
vn 0.439032 -0.261007 0.859725
vn 0.394044 -0.324966 0.859725
vn 0.339820 -0.381308 0.859725
vn 0.277631 -0.428712 0.859725
vn 0.497322 0.116378 0.859725
vn 0.473729 0.190930 0.859725
vn 0.439032 0.261007 0.859725
vn 0.394044 0.324966 0.859725
vn 0.339820 0.381308 0.859725
vn 0.135341 0.492500 0.859725
vn 0.058575 0.507388 0.859725
vn -0.019563 0.510383 0.859725
vn -0.097244 0.501415 0.859725
vn -0.172645 0.480694 0.859725
vn -0.243999 0.448707 0.859725
vn -0.309634 0.406202 0.859725
vn -0.368012 0.354176 0.859725
vn -0.417764 0.293848 0.859725
vn -0.457723 0.226633 0.859725
vn -0.486954 0.154106 0.859725
vn 0.844920 0.000000 -0.534893
vn 0.889435 0.000000 -0.457063
vn 0.840851 -0.082817 -0.534893
vn 0.862216 -0.127898 -0.490129
vn 0.828685 -0.164836 -0.534893
vn 0.834117 -0.253027 -0.490129
vn 0.808538 -0.245267 -0.534893
vn 0.780604 -0.323337 -0.534893
vn 0.787962 -0.372678 -0.490129
vn 0.745153 -0.398292 -0.534893
vn 0.724750 -0.484263 -0.490129
vn 0.702525 -0.469412 -0.534893
vn 0.687162 -0.536267 -0.490129
vn 0.653132 -0.536011 -0.534893
vn 0.645850 -0.585364 -0.490129
vn 0.597448 -0.597448 -0.534893
vn 0.601038 -0.631290 -0.490129
vn 0.536011 -0.653132 -0.534893
vn 0.552969 -0.673794 -0.490129
vn 0.501903 -0.712648 -0.490129
vn 0.569968 -0.694508 -0.439085
vn 0.517332 -0.734555 -0.439085
vn 0.586707 -0.714904 -0.380377
vn 0.532526 -0.756128 -0.380377
vn 0.602575 -0.734240 -0.312722
vn 0.546928 -0.776579 -0.312722
vn 0.616580 -0.751305 -0.235310
vn 0.559640 -0.794627 -0.235310
vn 0.627377 -0.764462 -0.148310
vn 0.569440 -0.808543 -0.148310
vn 0.633487 -0.771906 -0.053431
vn 0.574986 -0.816417 -0.053431
vn 0.633733 -0.772206 0.045620
vn 0.575209 -0.816734 0.045620
vn 0.624639 -0.761125 0.174685
vn 0.566955 -0.805014 0.174685
vn 0.606713 -0.739282 0.292168
vn 0.550684 -0.781911 0.292168
vn 0.491671 -0.820303 0.292168
vn 0.365986 -0.883568 0.292168
vn 0.232378 -0.927706 0.292168
vn 0.093740 -0.951762 0.292168
vn -0.046927 -0.955215 0.292168
vn -0.186578 -0.937991 0.292168
vn -0.322190 -0.900462 0.292168
vn -0.450828 -0.843440 0.292168
vn -0.511654 -0.807990 0.292168
vn -0.569707 -0.768161 0.292168
vn -0.586540 -0.790858 0.174685
vn -0.643130 -0.745566 0.174685
vn -0.652493 -0.756421 0.045620
vn -0.706371 -0.706371 0.045620
vn -0.706097 -0.706097 -0.053431
vn -0.761438 -0.646032 -0.053431
vn -0.754094 -0.639801 -0.148310
vn -0.803857 -0.576036 -0.148310
vn -0.790022 -0.566122 -0.235310
vn -0.833644 -0.499667 -0.235310
vn -0.814709 -0.488318 -0.312722
vn -0.851890 -0.420106 -0.312722
vn -0.829456 -0.409042 -0.380377
vn -0.860109 -0.339890 -0.380377
vn -0.835570 -0.330193 -0.439085
vn -0.859759 -0.260805 -0.439085
vn -0.834117 -0.253027 -0.490129
vn -0.852005 -0.184015 -0.490129
vn -0.808538 -0.245267 -0.534893
vn -0.828685 -0.164836 -0.534893
vn -0.864193 -0.113773 -0.490129
vn -0.840851 -0.082817 -0.534893
vn -0.870600 -0.042770 -0.490129
vn -0.844920 -0.000000 -0.534893
vn -0.871183 0.028520 -0.490129
vn -0.840851 0.082817 -0.534893
vn -0.865939 0.099618 -0.490129
vn -0.828685 0.164836 -0.534893
vn -0.854901 0.170050 -0.490129
vn -0.838145 0.239345 -0.490129
vn -0.881182 0.175278 -0.439085
vn -0.863911 0.246703 -0.439085
vn -0.907061 0.180426 -0.380377
vn -0.889283 0.253948 -0.380377
vn -0.931594 0.185306 -0.312722
vn -0.913334 0.260817 -0.312722
vn -0.953245 0.189612 -0.235310
vn -0.934562 0.266878 -0.235310
vn -0.969939 0.192933 -0.148310
vn -0.950928 0.271552 -0.148310
vn -0.979384 0.194812 -0.053431
vn -0.960188 0.274196 -0.053431
vn -0.979764 0.194887 0.045620
vn -0.960561 0.274303 0.045620
vn -0.965705 0.192091 0.174685
vn -0.946777 0.270367 0.174685
vn -0.937991 0.186578 0.292168
vn -0.919606 0.262608 0.292168
vn 0.888721 -0.131829 -0.439085
vn 0.933190 0.000000 -0.359382
vn 0.914822 -0.135701 -0.380377
vn 0.939564 -0.139371 -0.312722
vn 0.885009 -0.268464 -0.380377
vn 0.908945 -0.275725 -0.312722
vn 0.836038 -0.395416 -0.380377
vn 0.858649 -0.406111 -0.312722
vn 0.768969 -0.513809 -0.380377
vn 0.789767 -0.527705 -0.312722
vn 0.729088 -0.568986 -0.380377
vn 0.748807 -0.584374 -0.312722
vn 0.685255 -0.621079 -0.380377
vn 0.703789 -0.637877 -0.312722
vn 0.637709 -0.669806 -0.380377
vn 0.654956 -0.687922 -0.312722
vn 0.971704 0.000000 -0.236200
vn 0.961401 -0.142610 -0.235310
vn 0.930070 -0.282134 -0.235310
vn 0.878606 -0.415550 -0.235310
vn 0.808122 -0.539970 -0.235310
vn 0.766210 -0.597956 -0.235310
vn 0.720146 -0.652702 -0.235310
vn 0.670179 -0.703911 -0.235310
vn 0.978237 -0.145108 -0.148310
vn 0.996205 0.000000 -0.087040
vn 0.987764 -0.146521 -0.053431
vn 0.997019 -0.000000 0.077162
vn 0.988147 -0.146578 0.045620
vn 0.973967 -0.144474 0.174685
vn 0.955944 -0.289982 0.045620
vn 0.942227 -0.285821 0.174685
vn 0.903048 -0.427110 0.045620
vn 0.890090 -0.420981 0.174685
vn 0.830604 -0.554992 0.045620
vn 0.818685 -0.547028 0.174685
vn 0.787526 -0.614591 0.045620
vn 0.776225 -0.605772 0.174685
vn 0.740180 -0.670860 0.045620
vn 0.729559 -0.661233 0.174685
vn 0.688823 -0.723493 0.045620
vn 0.678938 -0.713111 0.174685
vn 0.972106 -0.000000 0.234543
vn 0.946016 -0.140328 0.292168
vn 0.915186 -0.277619 0.292168
vn 0.864546 -0.408900 0.292168
vn 0.795190 -0.531329 0.292168
vn 0.753949 -0.588387 0.292168
vn 0.708621 -0.642257 0.292168
vn 0.659454 -0.692646 0.292168
vn 0.929310 -0.000000 0.369300
vn -0.624673 -0.724170 0.292168
vn -0.696235 -0.696235 0.174685
vn -0.761733 -0.646283 0.045620
vn -0.811686 -0.581646 -0.053431
vn -0.848243 -0.508417 -0.148310
vn -0.871689 -0.429869 -0.235310
vn -0.883372 -0.349083 -0.312722
vn -0.885009 -0.268464 -0.380377
vn -0.878196 -0.189672 -0.439085
vn -0.676254 -0.676254 0.292168
vn -0.729256 -0.618728 0.292168
vn -0.777380 -0.557062 0.292168
vn -0.800349 -0.573522 0.174685
vn -0.844540 -0.506198 0.174685
vn -0.856836 -0.513568 0.045620
vn -0.895939 -0.441828 0.045620
vn -0.895592 -0.441657 -0.053431
vn -0.928689 -0.366991 -0.053431
vn -0.919732 -0.363452 -0.148310
vn -0.946357 -0.287074 -0.148310
vn -0.930070 -0.282134 -0.235310
vn -0.950015 -0.205184 -0.235310
vn -0.928437 -0.200523 -0.312722
vn -0.941719 -0.123980 -0.312722
vn -0.916919 -0.120715 -0.380377
vn -0.923717 -0.045379 -0.380377
vn -0.897363 -0.044085 -0.439085
vn -0.897965 0.029396 -0.439085
vn -0.820303 -0.491671 0.292168
vn -0.883083 -0.435488 0.174685
vn -0.929049 -0.367133 0.045620
vn -0.955573 -0.289870 -0.053431
vn -0.966652 -0.208777 -0.148310
vn -0.963606 -0.126861 -0.235310
vn -0.948701 -0.046607 -0.312722
vn -0.924336 0.030260 -0.380377
vn -0.892559 0.102681 -0.439085
vn -0.857740 -0.422990 0.292168
vn -0.889438 -0.351480 0.292168
vn -0.915186 -0.277619 0.292168
vn -0.942227 -0.285821 0.174685
vn -0.962433 -0.207866 0.174685
vn -0.976444 -0.210892 0.045620
vn -0.990413 -0.130390 0.045620
vn -0.990029 -0.130340 -0.053431
vn -0.997369 -0.048998 -0.053431
vn -0.987750 -0.048525 -0.148310
vn -0.988411 0.032357 -0.148310
vn -0.971400 0.031800 -0.235310
vn -0.965552 0.111078 -0.235310
vn -0.943621 0.108555 -0.312722
vn -0.934812 -0.201900 0.292168
vn -0.976201 -0.128519 0.174685
vn -0.997756 -0.049017 0.045620
vn -0.998037 0.032672 -0.053431
vn -0.982461 0.113023 -0.148310
vn -0.948185 -0.124831 0.292168
vn -0.955215 -0.046927 0.292168
vn -0.955855 0.031291 0.292168
vn -0.984097 0.032216 0.174685
vn -0.978173 0.112530 0.174685
vn -0.992413 0.114168 0.045620
vn -0.950101 0.109300 0.292168
vn -0.864546 0.408900 0.292168
vn -0.895070 0.336880 0.292168
vn -0.921516 0.346834 0.174685
vn -0.934932 0.351883 0.045620
vn -0.934569 0.351747 -0.053431
vn -0.925556 0.348354 -0.148310
vn -0.909626 0.342359 -0.235310
vn -0.888965 0.334583 -0.312722
vn -0.865555 0.325772 -0.380377
vn -0.840861 0.316478 -0.439085
vn -0.815782 0.307039 -0.490129
vn -0.808538 0.245267 -0.534893
vn -0.786390 0.544269 0.292168
vn -0.828238 0.478184 0.292168
vn -0.852710 0.492312 0.174685
vn -0.890090 0.420981 0.174685
vn -0.865124 0.499479 0.045620
vn -0.903048 0.427110 0.045620
vn -0.864788 0.499286 -0.053431
vn -0.902698 0.426944 -0.053431
vn -0.856448 0.494470 -0.148310
vn -0.893992 0.422827 -0.148310
vn -0.841708 0.485960 -0.235310
vn -0.878606 0.415550 -0.235310
vn -0.822590 0.474922 -0.312722
vn -0.858649 0.406111 -0.312722
vn -0.800928 0.462416 -0.380377
vn -0.836038 0.395416 -0.380377
vn -0.778077 0.449223 -0.439085
vn -0.812185 0.384135 -0.439085
vn -0.754871 0.435825 -0.490129
vn -0.787962 0.372678 -0.490129
vn -0.745153 0.398292 -0.534893
vn -0.780604 0.323337 -0.534893
vn -0.687228 0.665098 0.292168
vn -0.739282 0.606713 0.292168
vn -0.761125 0.624639 0.174685
vn -0.809625 0.560350 0.174685
vn -0.772206 0.633733 0.045620
vn -0.821412 0.568508 0.045620
vn -0.771906 0.633487 -0.053431
vn -0.821094 0.568287 -0.053431
vn -0.764462 0.627377 -0.148310
vn -0.813175 0.562806 -0.148310
vn -0.751305 0.616580 -0.235310
vn -0.799179 0.553120 -0.235310
vn -0.734240 0.602575 -0.312722
vn -0.781027 0.540557 -0.312722
vn -0.714904 0.586707 -0.380377
vn -0.760460 0.526322 -0.380377
vn -0.694508 0.569968 -0.439085
vn -0.738763 0.511306 -0.439085
vn -0.673794 0.552969 -0.490129
vn -0.716730 0.496056 -0.490129
vn -0.653132 0.536011 -0.534893
vn -0.702525 0.469412 -0.534893
vn -0.477373 0.737149 0.478253
vn -0.569707 0.768161 0.292168
vn -0.630577 0.719035 0.292168
vn -0.649208 0.740280 0.174685
vn -0.707533 0.684750 0.174685
vn -0.658659 0.751057 0.045620
vn -0.717833 0.694719 0.045620
vn -0.658404 0.750766 -0.053431
vn -0.717555 0.694449 -0.053431
vn -0.652054 0.743525 -0.148310
vn -0.710635 0.687752 -0.148310
vn -0.640832 0.730728 -0.235310
vn -0.698404 0.675915 -0.235310
vn -0.626276 0.714131 -0.312722
vn -0.682541 0.660563 -0.312722
vn -0.609784 0.695325 -0.380377
vn -0.664567 0.643167 -0.380377
vn -0.592386 0.675487 -0.439085
vn -0.645606 0.624817 -0.439085
vn -0.574719 0.655341 -0.490129
vn -0.626352 0.606182 -0.490129
vn -0.597448 0.597448 -0.534893
vn -0.436968 0.850704 0.292168
vn -0.505027 0.812149 0.292168
vn -0.519948 0.836145 0.174685
vn -0.586540 0.790858 0.174685
vn -0.527518 0.848318 0.045620
vn -0.595079 0.802371 0.045620
vn -0.527314 0.847989 -0.053431
vn -0.594848 0.802060 -0.053431
vn -0.522228 0.839811 -0.148310
vn -0.589111 0.794325 -0.148310
vn -0.513240 0.825357 -0.235310
vn -0.578972 0.780654 -0.235310
vn -0.501582 0.806610 -0.312722
vn -0.565822 0.762922 -0.312722
vn -0.488374 0.785369 -0.380377
vn -0.550921 0.742832 -0.380377
vn -0.474440 0.762962 -0.439085
vn -0.535203 0.721638 -0.439085
vn -0.460290 0.740207 -0.490129
vn -0.519241 0.700116 -0.490129
vn -0.469412 0.702525 -0.534893
vn -0.536011 0.653132 -0.534893
vn -0.292556 0.910521 0.292168
vn -0.365986 0.883568 0.292168
vn -0.376799 0.909674 0.174685
vn -0.449879 0.875839 0.174685
vn -0.382285 0.922918 0.045620
vn -0.456428 0.888590 0.045620
vn -0.382137 0.922560 -0.053431
vn -0.456251 0.888245 -0.053431
vn -0.378451 0.913662 -0.148310
vn -0.451851 0.879679 -0.148310
vn -0.371938 0.897937 -0.235310
vn -0.444074 0.864539 -0.235310
vn -0.363490 0.877542 -0.312722
vn -0.433988 0.844902 -0.312722
vn -0.353918 0.854433 -0.380377
vn -0.422559 0.822652 -0.380377
vn -0.343820 0.830055 -0.439085
vn -0.410503 0.799182 -0.439085
vn -0.333566 0.805299 -0.490129
vn -0.398260 0.775347 -0.490129
vn -0.323337 0.780604 -0.534893
vn -0.398292 0.745153 -0.534893
vn -0.217168 0.931384 0.292168
vn -0.140328 0.946016 0.292168
vn -0.062549 0.954319 0.292168
vn -0.064398 0.982516 0.174685
vn 0.096510 0.979883 0.174685
vn 0.097915 0.994149 0.045620
vn 0.178830 0.982822 0.045620
vn 0.178761 0.982441 -0.053431
vn 0.258449 0.964546 -0.053431
vn 0.255957 0.955244 -0.148310
vn 0.333164 0.931131 -0.148310
vn 0.327430 0.915106 -0.235310
vn 0.401118 0.885287 -0.235310
vn 0.392008 0.865179 -0.312722
vn 0.461400 0.830250 -0.312722
vn 0.449249 0.808386 -0.380377
vn 0.513809 0.768969 -0.380377
vn 0.499150 0.747030 -0.439085
vn 0.558528 0.703741 -0.439085
vn 0.541870 0.682752 -0.490129
vn 0.595853 0.636186 -0.490129
vn 0.536011 0.653132 -0.534893
vn 0.597448 0.597448 -0.534893
vn 0.645850 0.585364 -0.490129
vn 0.653132 0.536011 -0.534893
vn 0.691526 0.530627 -0.490129
vn 0.702525 0.469412 -0.534893
vn 0.732577 0.472340 -0.490129
vn 0.745153 0.398292 -0.534893
vn 0.768727 0.410893 -0.490129
vn 0.799734 0.346697 -0.490129
vn 0.792358 0.423524 -0.439085
vn 0.824319 0.357355 -0.439085
vn 0.815629 0.435963 -0.380377
vn 0.848528 0.367850 -0.380377
vn 0.837688 0.447754 -0.312722
vn 0.871477 0.377799 -0.312722
vn 0.857157 0.458160 -0.235310
vn 0.891732 0.386580 -0.235310
vn 0.872168 0.466184 -0.148310
vn 0.907348 0.393350 -0.148310
vn 0.880661 0.470723 -0.053431
vn 0.916184 0.397180 -0.053431
vn 0.881003 0.470906 0.045620
vn 0.916539 0.397334 0.045620
vn 0.868361 0.464149 0.174685
vn 0.903387 0.391633 0.174685
vn 0.843440 0.450828 0.292168
vn 0.877462 0.380394 0.292168
vn 0.093740 0.951762 0.292168
vn 0.176264 0.968719 0.174685
vn 0.258550 0.964920 0.045620
vn 0.336409 0.940199 -0.053431
vn 0.408143 0.900791 -0.148310
vn 0.472123 0.849546 -0.235310
vn 0.527705 0.789767 -0.312722
vn 0.574931 0.724408 -0.380377
vn 0.614170 0.655743 -0.439085
vn 0.171206 0.940918 0.292168
vn 0.254840 0.951074 0.174685
vn 0.336539 0.940564 0.045620
vn 0.412117 0.909563 -0.053431
vn 0.480391 0.864424 -0.148310
vn 0.539970 0.808122 -0.235310
vn 0.590481 0.744001 -0.312722
vn 0.632208 0.675001 -0.380377
vn 0.665704 0.603359 -0.439085
vn 0.247526 0.923780 0.292168
vn 0.322190 0.900462 0.292168
vn 0.394699 0.871120 0.292168
vn 0.406361 0.896859 0.174685
vn 0.478294 0.860651 0.174685
vn 0.485258 0.873180 0.045620
vn 0.554992 0.830604 0.045620
vn 0.554777 0.830282 -0.053431
vn 0.620773 0.782168 -0.053431
vn 0.614786 0.774624 -0.148310
vn 0.676032 0.721792 -0.148310
vn 0.664397 0.709370 -0.235310
vn 0.720146 0.652702 -0.235310
vn 0.703789 0.637877 -0.312722
vn 0.753563 0.578229 -0.312722
vn 0.733718 0.563002 -0.380377
vn 0.777273 0.501158 -0.380377
vn 0.755097 0.486860 -0.439085
vn 0.464568 0.835951 0.292168
vn 0.547028 0.818685 0.174685
vn 0.621013 0.782471 0.045620
vn 0.682616 0.728821 -0.053431
vn 0.732757 0.664132 -0.148310
vn 0.771076 0.591668 -0.235310
vn 0.798296 0.514713 -0.312722
vn 0.531329 0.795190 0.292168
vn 0.594536 0.749110 0.292168
vn 0.653765 0.698018 0.292168
vn 0.673082 0.718642 0.174685
vn 0.729559 0.661233 0.174685
vn 0.740180 0.670860 0.045620
vn 0.792527 0.608128 0.045620
vn 0.792220 0.607892 -0.053431
vn 0.839248 0.541118 -0.053431
vn 0.831154 0.535899 -0.148310
vn 0.708621 0.642257 0.292168
vn 0.781155 0.599401 0.174685
vn 0.839573 0.541327 0.045620
vn 0.758737 0.582199 0.292168
vn 0.803777 0.518247 0.292168
vn 0.927706 0.232378 0.292168
vn 0.905613 0.307414 0.292168
vn 0.932370 0.316497 0.174685
vn 0.945944 0.321105 0.045620
vn 0.945577 0.320980 -0.053431
vn 0.936458 0.317885 -0.148310
vn 0.920341 0.312414 -0.235310
vn 0.899437 0.305318 -0.312722
vn 0.875751 0.297277 -0.380377
vn 0.850765 0.288796 -0.439085
vn 0.825391 0.280183 -0.490129
vn 0.780604 0.323337 -0.534893
vn 0.953168 0.078155 0.292168
vn 0.943593 0.155788 0.292168
vn 0.981331 0.080465 0.174685
vn 0.971473 0.160391 0.174685
vn 0.995618 0.081636 0.045620
vn 0.985616 0.162726 0.045620
vn 0.995232 0.081604 -0.053431
vn 0.985234 0.162663 -0.053431
vn 0.985633 0.080817 -0.148310
vn 0.975732 0.161094 -0.148310
vn 0.968670 0.079426 -0.235310
vn 0.958939 0.158321 -0.235310
vn 0.946668 0.077622 -0.312722
vn 0.937158 0.154725 -0.312722
vn 0.921738 0.075578 -0.380377
vn 0.912479 0.150651 -0.380377
vn 0.895441 0.073422 -0.439085
vn 0.886445 0.146353 -0.439085
vn 0.868734 0.071232 -0.490129
vn 0.860007 0.141988 -0.490129
vn 0.840851 0.082817 -0.534893
vn 0.828685 0.164836 -0.534893
vn 0.845528 0.211794 -0.490129
vn 0.808538 0.245267 -0.534893
vn 0.469412 0.702525 -0.534893
vn 0.484263 0.724750 -0.490129
vn 0.436432 0.785323 -0.439085
vn 0.381684 0.842396 -0.380377
vn 0.319993 0.894321 -0.312722
vn 0.251552 0.938803 -0.235310
vn 0.177037 0.972966 -0.148310
vn 0.097877 0.993763 -0.053431
vn -0.065335 0.996820 0.045620
vn -0.144474 0.973967 0.174685
vn 0.423416 0.761901 -0.490129
vn 0.398292 0.745153 -0.534893
vn 0.359736 0.793954 -0.490129
vn 0.323337 0.780604 -0.534893
vn 0.293650 0.820697 -0.490129
vn 0.245267 0.808538 -0.534893
vn 0.225600 0.841949 -0.490129
vn 0.164836 0.828685 -0.534893
vn 0.156040 0.857569 -0.490129
vn 0.082817 0.840851 -0.534893
vn 0.085437 0.867453 -0.490129
vn 0.000000 0.844920 -0.534893
vn -0.057009 0.869784 -0.490129
vn -0.082817 0.840851 -0.534893
vn -0.127898 0.862216 -0.490129
vn -0.164836 0.828685 -0.534893
vn -0.197931 0.848880 -0.490129
vn -0.245267 0.808538 -0.534893
vn -0.266640 0.829865 -0.490129
vn -0.810649 -0.320345 -0.490129
vn -0.780604 -0.323337 -0.534893
vn -0.781759 -0.385521 -0.490129
vn -0.745153 -0.398292 -0.534893
vn -0.747639 -0.448118 -0.490129
vn -0.702525 -0.469412 -0.534893
vn -0.708518 -0.507717 -0.490129
vn -0.653132 -0.536011 -0.534893
vn -0.664657 -0.563919 -0.490129
vn -0.597448 -0.597448 -0.534893
vn -0.616349 -0.616349 -0.490129
vn -0.569338 -0.660021 -0.490129
vn -0.586840 -0.680311 -0.439085
vn -0.535203 -0.721638 -0.439085
vn -0.550921 -0.742832 -0.380377
vn -0.494783 -0.781347 -0.380377
vn -0.508165 -0.802480 -0.312722
vn -0.447754 -0.837688 -0.312722
vn -0.458160 -0.857157 -0.235310
vn -0.327430 -0.915106 -0.235310
vn -0.333164 -0.931131 -0.148310
vn -0.192933 -0.969939 -0.148310
vn -0.194812 -0.979384 -0.053431
vn -0.048998 -0.997369 -0.053431
vn -0.049017 -0.997756 0.045620
vn 0.097915 -0.994149 0.045620
vn 0.096510 -0.979883 0.174685
vn 0.239244 -0.955116 0.174685
vn -0.536011 -0.653132 -0.534893
vn -0.519241 -0.700116 -0.490129
vn -0.480666 -0.759055 -0.439085
vn -0.435963 -0.815629 -0.380377
vn -0.319993 -0.894321 -0.312722
vn -0.189612 -0.953245 -0.235310
vn -0.048525 -0.987750 -0.148310
vn 0.097877 -0.993763 -0.053431
vn 0.242727 -0.969021 0.045620
vn 0.376799 -0.909674 0.174685
vn -0.469412 -0.702525 -0.534893
vn -0.466331 -0.736416 -0.490129
vn -0.423524 -0.792358 -0.439085
vn -0.311566 -0.870770 -0.380377
vn -0.185306 -0.931594 -0.312722
vn -0.047690 -0.970750 -0.235310
vn 0.096933 -0.984179 -0.148310
vn 0.242633 -0.968646 -0.053431
vn 0.382285 -0.922918 0.045620
vn 0.506198 -0.844540 0.174685
vn -0.398292 -0.745153 -0.534893
vn -0.410893 -0.768727 -0.490129
vn -0.302677 -0.845926 -0.439085
vn -0.180426 -0.907061 -0.380377
vn -0.046607 -0.948701 -0.312722
vn 0.095265 -0.967240 -0.235310
vn 0.240293 -0.959304 -0.148310
vn 0.382137 -0.922560 -0.053431
vn 0.513568 -0.856836 0.045620
vn -0.323337 -0.780604 -0.534893
vn -0.293650 -0.820697 -0.490129
vn -0.175278 -0.881182 -0.439085
vn -0.045379 -0.923717 -0.380377
vn 0.093101 -0.945271 -0.312722
vn 0.236157 -0.942793 -0.235310
vn 0.378451 -0.913662 -0.148310
vn 0.513368 -0.856503 -0.053431
vn -0.245267 -0.808538 -0.534893
vn -0.170050 -0.854901 -0.490129
vn -0.044085 -0.897363 -0.439085
vn 0.090649 -0.920378 -0.380377
vn 0.230793 -0.921379 -0.312722
vn 0.371938 -0.897937 -0.235310
vn 0.508417 -0.848243 -0.148310
vn -0.164836 -0.828685 -0.534893
vn -0.082817 -0.840851 -0.534893
vn -0.042770 -0.870600 -0.490129
vn 0.000000 -0.844920 -0.534893
vn 0.085437 -0.867453 -0.490129
vn 0.082817 -0.840851 -0.534893
vn 0.164836 -0.828685 -0.534893
vn 0.211794 -0.845528 -0.490129
vn 0.245267 -0.808538 -0.534893
vn 0.333566 -0.805299 -0.490129
vn 0.323337 -0.780604 -0.534893
vn 0.398292 -0.745153 -0.534893
vn 0.448118 -0.747639 -0.490129
vn 0.469412 -0.702525 -0.534893
vn 0.955116 0.239244 0.174685
vn 0.969021 0.242727 0.045620
vn 0.968646 0.242633 -0.053431
vn 0.959304 0.240293 -0.148310
vn 0.942793 0.236157 -0.235310
vn 0.921379 0.230793 -0.312722
vn 0.897115 0.224716 -0.380377
vn 0.871520 0.218304 -0.439085
vn 0.955573 -0.289870 -0.053431
vn 0.902698 -0.426944 -0.053431
vn 0.830282 -0.554777 -0.053431
vn 0.787220 -0.614353 -0.053431
vn 0.739893 -0.670600 -0.053431
vn 0.688556 -0.723213 -0.053431
vn 0.946357 -0.287074 -0.148310
vn 0.893992 -0.422827 -0.148310
vn 0.822274 -0.549426 -0.148310
vn 0.779628 -0.608428 -0.148310
vn 0.732757 -0.664132 -0.148310
vn 0.681915 -0.716238 -0.148310
vn 0.859759 -0.260805 -0.439085
vn 0.812185 -0.384135 -0.439085
vn 0.747030 -0.499150 -0.439085
vn 0.708286 -0.552752 -0.439085
vn 0.665704 -0.603359 -0.439085
vn 0.619515 -0.650697 -0.439085
vn 0.499667 -0.833644 -0.235310
vn 0.488318 -0.814709 -0.312722
vn 0.475458 -0.793254 -0.380377
vn 0.461893 -0.770622 -0.439085
vn 0.363490 -0.877542 -0.312722
vn 0.353918 -0.854433 -0.380377
vn 0.224716 -0.897115 -0.380377
vn 0.343820 -0.830055 -0.439085
vn 0.218304 -0.871520 -0.439085
vn 0.088063 -0.894119 -0.439085
vn -0.048313 -0.983438 0.174685
vn -0.194887 -0.979764 0.045620
vn -0.336409 -0.940199 -0.053431
vn -0.466184 -0.872168 -0.148310
vn -0.519975 -0.821130 -0.235310
vn -0.565822 -0.762922 -0.312722
vn -0.604075 -0.700291 -0.380377
vn -0.635297 -0.635297 -0.439085
vn -0.192091 -0.965705 0.174685
vn -0.336539 -0.940564 0.045620
vn -0.470723 -0.880661 -0.053431
vn -0.529081 -0.835510 -0.148310
vn -0.578972 -0.780654 -0.235310
vn -0.620413 -0.719231 -0.312722
vn -0.653955 -0.653955 -0.380377
vn -0.685089 -0.581255 -0.439085
vn -0.331710 -0.927067 0.174685
vn -0.470906 -0.881003 0.045620
vn -0.534233 -0.843647 -0.053431
vn -0.589111 -0.794325 -0.148310
vn -0.634832 -0.735947 -0.235310
vn -0.671642 -0.671642 -0.312722
vn -0.705209 -0.598325 -0.380377
vn -0.730299 -0.523325 -0.439085
vn -0.464149 -0.868361 0.174685
vn -0.534441 -0.843974 0.045620
vn -0.594848 -0.802060 -0.053431
vn -0.645949 -0.748835 -0.148310
vn -0.687252 -0.687252 -0.235310
vn -0.724282 -0.614508 -0.312722
vn -0.751746 -0.538694 -0.380377
vn -0.770622 -0.461893 -0.439085
vn -0.526772 -0.831863 0.174685
vn -0.595079 -0.802371 0.045620
vn -0.652240 -0.756127 -0.053431
vn -0.699287 -0.699287 -0.148310
vn -0.741116 -0.628790 -0.235310
vn -0.772078 -0.553263 -0.312722
vn -0.793254 -0.475458 -0.380377
vn -0.805791 -0.397372 -0.439085
vn -0.750803 -0.637009 0.174685
vn -0.812000 -0.581871 0.045620
vn -0.856503 -0.513368 -0.053431
vn -0.886954 -0.437397 -0.148310
vn -0.903903 -0.357196 -0.235310
vn -0.908945 -0.275725 -0.312722
vn -0.903988 -0.195243 -0.380377
vn -0.890759 -0.117271 -0.439085
vn -0.915718 -0.361865 0.174685
vn -0.955944 -0.289982 0.045620
vn -0.976066 -0.210810 -0.053431
vn -0.980480 -0.129083 -0.148310
vn -0.970750 -0.047690 -0.235310
vn -0.949336 0.031078 -0.312722
vn -0.918772 0.105696 -0.380377
vn -0.983438 -0.048313 0.174685
vn -0.998424 0.032685 0.045620
vn -0.992029 0.114124 -0.053431
vn -0.301200 0.937424 0.174685
vn -0.223585 0.958903 0.174685
vn -0.305585 0.951071 0.045620
vn -0.226840 0.972863 0.045620
vn -0.146578 0.988147 0.045620
vn -0.305466 0.950703 -0.053431
vn -0.226752 0.972486 -0.053431
vn -0.146521 0.987764 -0.053431
vn -0.065310 0.996434 -0.053431
vn -0.302520 0.941534 -0.148310
vn -0.224565 0.963107 -0.148310
vn -0.145108 0.978237 -0.148310
vn -0.064680 0.986824 -0.148310
vn 0.096933 0.984179 -0.148310
vn -0.297313 0.925329 -0.235310
vn -0.220700 0.946531 -0.235310
vn -0.142610 0.961401 -0.235310
vn -0.063567 0.969839 -0.235310
vn 0.095265 0.967240 -0.235310
vn 0.173990 0.956220 -0.235310
vn -0.290560 0.904312 -0.312722
vn -0.215687 0.925032 -0.312722
vn -0.139371 0.939564 -0.312722
vn -0.062123 0.947811 -0.312722
vn 0.093101 0.945271 -0.312722
vn 0.170038 0.934501 -0.312722
vn 0.245838 0.917480 -0.312722
vn -0.282909 0.880497 -0.380377
vn -0.210007 0.900672 -0.380377
vn -0.135701 0.914822 -0.380377
vn -0.060487 0.922851 -0.380377
vn 0.090649 0.920378 -0.380377
vn 0.165560 0.909892 -0.380377
vn 0.239364 0.893319 -0.380377
vn 0.311566 0.870770 -0.380377
vn -0.274837 0.855377 -0.439085
vn -0.204016 0.874975 -0.439085
vn -0.131829 0.888721 -0.439085
vn -0.058761 0.896522 -0.439085
vn 0.088063 0.894119 -0.439085
vn 0.160837 0.883932 -0.439085
vn 0.232535 0.867832 -0.439085
vn 0.302677 0.845926 -0.439085
vn 0.370795 0.818362 -0.439085
vn 0.331710 0.927067 0.174685
vn 0.412277 0.909916 0.045620
vn 0.485069 0.872842 -0.053431
vn 0.549426 0.822274 -0.148310
vn 0.604205 0.761292 -0.235310
vn 0.649307 0.693258 -0.312722
vn 0.685255 0.621079 -0.380377
vn 0.712785 0.546939 -0.439085
vn 0.612102 0.771243 0.174685
vn 0.682881 0.729104 0.045620
vn 0.739893 0.670600 -0.053431
vn 0.784580 0.602029 -0.148310
vn 0.816849 0.526676 -0.235310
vn 0.827526 0.533560 0.174685
vn 0.000000 0.000000 -1.000000
vn 0.000000 0.000000 -1.000000
vn 0.000000 0.000000 -1.000000
vn 0.000000 0.000000 -1.000000
vn 0.000000 0.000000 -1.000000
vn 0.000000 0.000000 -1.000000
vn 0.000000 0.000000 -1.000000
vn 0.000000 0.000000 -1.000000
vn 0.000000 0.000000 -1.000000
vn 0.000000 0.000000 -1.000000
vn 0.000000 0.000000 -1.000000
vn 0.000000 0.000000 -1.000000
vn 0.000000 0.000000 -1.000000
vn 0.000000 0.000000 -1.000000
vn 0.000000 0.000000 -1.000000
vn 0.000000 0.000000 -1.000000
vn 0.000000 0.000000 -1.000000
vn 0.000000 0.000000 -1.000000
vn 0.000000 0.000000 -1.000000
vn 0.000000 0.000000 -1.000000
vn 0.000000 0.000000 -1.000000
vn 0.000000 0.000000 -1.000000
vn 0.000000 0.000000 -1.000000
vn 0.000000 0.000000 -1.000000
vn 0.000000 0.000000 -1.000000
vn 0.000000 0.000000 -1.000000
vn 0.000000 0.000000 -1.000000
vn 0.000000 0.000000 -1.000000
vn 0.000000 0.000000 -1.000000
vn 0.000000 0.000000 -1.000000
vn 0.000000 0.000000 -1.000000
vn 0.000000 0.000000 -1.000000
vn 0.000000 0.000000 -1.000000
vn 0.000000 0.000000 -1.000000
vn 0.000000 0.000000 -1.000000
vn 0.000000 0.000000 -1.000000
vn 0.000000 0.000000 -1.000000
vn 0.000000 0.000000 -1.000000
vn 0.000000 0.000000 -1.000000
vn 0.000000 0.000000 -1.000000
vn 0.000000 0.000000 -1.000000
vn 0.000000 0.000000 -1.000000
vn 0.000000 0.000000 -1.000000
vn 0.000000 0.000000 -1.000000
vn 0.000000 0.000000 -1.000000
vn 0.000000 0.000000 -1.000000
vn 0.000000 0.000000 -1.000000
vn 0.000000 0.000000 -1.000000
vn 0.000000 0.000000 -1.000000
vn 0.000000 0.000000 -1.000000
vn 0.000000 0.000000 -1.000000
vn 0.000000 0.000000 -1.000000
vn 0.000000 0.000000 -1.000000
vn 0.000000 0.000000 -1.000000
vn 0.000000 0.000000 -1.000000
vn 0.000000 0.000000 -1.000000
vn 0.000000 0.000000 -1.000000
vn 0.000000 0.000000 -1.000000
vn 0.000000 0.000000 -1.000000
vn 0.000000 0.000000 -1.000000
vn 0.000000 0.000000 -1.000000
vn 0.000000 0.000000 -1.000000
vn 0.000000 0.000000 -1.000000
vn 0.000000 0.000000 -1.000000
vn 0.000000 0.000000 -1.000000
vn 0.000000 0.000000 -1.000000
vn 0.000000 0.000000 -1.000000
vn 0.000000 0.000000 -1.000000
vn 0.000000 0.000000 -1.000000
vn 0.000000 0.000000 -1.000000
vn 0.000000 0.000000 -1.000000
vn 0.000000 0.000000 -1.000000
vn 0.000000 0.000000 -1.000000
vn 0.000000 0.000000 -1.000000
vn 0.000000 0.000000 -1.000000
vn 0.000000 0.000000 -1.000000
vn 0.000000 0.000000 -1.000000
vn 0.000000 0.000000 -1.000000
vn 0.000000 0.000000 -1.000000
vn 0.000000 0.000000 -1.000000
vn 0.000000 0.000000 -1.000000
vn 0.000000 0.000000 -1.000000
vn 0.000000 0.000000 -1.000000
vn 0.000000 0.000000 -1.000000
vn 0.000000 0.000000 -1.000000
vn 0.000000 0.000000 -1.000000
vn 0.000000 0.000000 -1.000000
vn 0.000000 0.000000 -1.000000
vn 0.000000 0.000000 -1.000000
vn 0.000000 0.000000 -1.000000
vn 0.000000 0.000000 -1.000000
vn 0.000000 0.000000 -1.000000
vn 0.000000 0.000000 -1.000000
vn 0.000000 0.000000 -1.000000
vn 0.000000 0.000000 -1.000000
vn 0.000000 0.000000 -1.000000
vn 0.000000 0.000000 -1.000000
vn 0.000000 0.000000 -1.000000
vn 0.000000 0.000000 -1.000000
vn 0.000000 0.000000 -1.000000
vn 0.000000 0.000000 -1.000000
vn 0.000000 0.000000 -1.000000
vn 0.000000 0.000000 -1.000000
vn 0.000000 0.000000 -1.000000
vn 0.000000 0.000000 -1.000000
vn 0.000000 0.000000 -1.000000
vn 0.000000 0.000000 -1.000000
vn 0.000000 0.000000 -1.000000
vn 0.000000 0.000000 -1.000000
vn 0.000000 0.000000 -1.000000
vn 0.000000 0.000000 -1.000000
vn 0.000000 0.000000 -1.000000
vn 0.000000 0.000000 -1.000000
vn 0.000000 0.000000 -1.000000
vn 0.000000 0.000000 -1.000000
vn 0.000000 0.000000 -1.000000
vn 0.000000 0.000000 -1.000000
vn 0.000000 0.000000 -1.000000
vn 0.000000 0.000000 -1.000000
vn 0.000000 0.000000 -1.000000
vn 0.000000 0.000000 -1.000000
vn 0.000000 0.000000 -1.000000
vn 0.000000 0.000000 -1.000000
vn 0.000000 0.000000 -1.000000
vn 0.000000 0.000000 -1.000000
vn 0.000000 0.000000 -1.000000
vn 0.000000 0.000000 -1.000000
vn 0.000000 0.000000 -1.000000
vn -0.867930 0.134060 -0.478253
vn -0.878222 0.000000 -0.478253
vn -0.900458 0.133570 -0.413925
vn -0.932608 0.000000 -0.360890
vn -0.930251 0.137990 -0.339987
vn -0.956229 0.141843 -0.255942
vn -0.899935 0.272992 -0.339987
vn -0.925067 0.280616 -0.255942
vn -0.850139 0.402086 -0.339987
vn -0.873879 0.413314 -0.255942
vn -0.818256 0.463536 -0.339987
vn -0.841106 0.476481 -0.255942
vn -0.781939 0.522475 -0.339987
vn -0.803775 0.537065 -0.255942
vn -0.741385 0.578582 -0.339987
vn -0.762088 0.594740 -0.255942
vn -0.696813 0.631554 -0.339987
vn -0.716272 0.649191 -0.255942
vn -0.648465 0.681104 -0.339987
vn -0.666573 0.700124 -0.255942
vn -0.596603 0.726962 -0.339987
vn -0.613263 0.747263 -0.255942
vn -0.541507 0.768881 -0.339987
vn -0.556629 0.790353 -0.255942
vn -0.483478 0.806634 -0.339987
vn -0.496979 0.829160 -0.255942
vn -0.422828 0.840015 -0.339987
vn -0.434636 0.863473 -0.255942
vn -0.359887 0.868844 -0.339987
vn -0.369937 0.893107 -0.255942
vn -0.228506 0.912247 -0.339987
vn -0.234887 0.937722 -0.255942
vn -0.092178 0.935902 -0.339987
vn -0.094752 0.962037 -0.255942
vn 0.046145 0.939297 -0.339987
vn 0.047433 0.965528 -0.255942
vn 0.183469 0.922360 -0.339987
vn 0.188592 0.948117 -0.255942
vn 0.316821 0.885456 -0.339987
vn 0.325669 0.910183 -0.255942
vn 0.443316 0.829385 -0.339987
vn 0.455696 0.852546 -0.255942
vn 0.503128 0.794526 -0.339987
vn 0.517178 0.816713 -0.255942
vn 0.560214 0.755361 -0.339987
vn 0.575858 0.776454 -0.255942
vn 0.614263 0.712102 -0.339987
vn 0.631417 0.731988 -0.255942
vn 0.664984 0.664984 -0.339987
vn 0.683555 0.683555 -0.255942
vn 0.717104 0.608417 -0.339987
vn 0.737129 0.625407 -0.255942
vn 0.764425 0.547780 -0.339987
vn 0.785773 0.563077 -0.255942
vn 0.806634 0.483478 -0.339987
vn 0.829160 0.496979 -0.255942
vn 0.843446 0.415942 -0.339987
vn 0.867000 0.427557 -0.255942
vn 0.874616 0.345623 -0.339987
vn 0.899040 0.355275 -0.255942
vn 0.899935 0.272992 -0.339987
vn 0.925067 0.280616 -0.255942
vn 0.919235 0.198536 -0.339987
vn 0.944905 0.204080 -0.255942
vn 0.932385 0.122751 -0.339987
vn 0.958422 0.126179 -0.255942
vn 0.939297 0.046145 -0.339987
vn 0.965528 0.047433 -0.255942
vn 0.939927 -0.030770 -0.339987
vn 0.966175 -0.031629 -0.255942
vn 0.934268 -0.107479 -0.339987
vn 0.960358 -0.110480 -0.255942
vn 0.922360 -0.183469 -0.339987
vn 0.948117 -0.188592 -0.255942
vn 0.904282 -0.258231 -0.339987
vn 0.929534 -0.265443 -0.255942
vn 0.880154 -0.331267 -0.339987
vn 0.904733 -0.340517 -0.255942
vn 0.850139 -0.402086 -0.339987
vn 0.873879 -0.413314 -0.255942
vn 0.814436 -0.470215 -0.339987
vn 0.837180 -0.483346 -0.255942
vn 0.773286 -0.535199 -0.339987
vn 0.794880 -0.550145 -0.255942
vn 0.726962 -0.596603 -0.339987
vn 0.747263 -0.613263 -0.255942
vn 0.675776 -0.654015 -0.339987
vn 0.694647 -0.672279 -0.255942
vn 0.620069 -0.707053 -0.339987
vn 0.637384 -0.726798 -0.255942
vn 0.560214 -0.755361 -0.339987
vn 0.575858 -0.776454 -0.255942
vn 0.496611 -0.798615 -0.339987
vn 0.510479 -0.820917 -0.255942
vn 0.429686 -0.836528 -0.339987
vn 0.441685 -0.859888 -0.255942
vn 0.359887 -0.868844 -0.339987
vn 0.369937 -0.893107 -0.255942
vn 0.287680 -0.895348 -0.339987
vn 0.295714 -0.920352 -0.255942
vn 0.213549 -0.915863 -0.339987
vn 0.219513 -0.941439 -0.255942
vn 0.137990 -0.930251 -0.339987
vn 0.141843 -0.956229 -0.255942
vn 0.061507 -0.938417 -0.339987
vn 0.063225 -0.964622 -0.255942
vn -0.092178 -0.935902 -0.339987
vn -0.094752 -0.962037 -0.255942
vn -0.168353 -0.925238 -0.339987
vn -0.173054 -0.951076 -0.255942
vn -0.243401 -0.908386 -0.339987
vn -0.250198 -0.933753 -0.255942
vn -0.316821 -0.885456 -0.339987
vn -0.325669 -0.910183 -0.255942
vn -0.388122 -0.856604 -0.339987
vn -0.398961 -0.880525 -0.255942
vn -0.456827 -0.822021 -0.339987
vn -0.469584 -0.844976 -0.255942
vn -0.522475 -0.781939 -0.339987
vn -0.537065 -0.803775 -0.255942
vn -0.584628 -0.736626 -0.339987
vn -0.600954 -0.757197 -0.255942
vn -0.642871 -0.686386 -0.339987
vn -0.660823 -0.705554 -0.255942
vn -0.696813 -0.631554 -0.339987
vn -0.716272 -0.649191 -0.255942
vn -0.746093 -0.572498 -0.339987
vn -0.766928 -0.588485 -0.255942
vn -0.790383 -0.509611 -0.339987
vn -0.812455 -0.523842 -0.255942
vn -0.829385 -0.443316 -0.339987
vn -0.852546 -0.455696 -0.255942
vn -0.862839 -0.374055 -0.339987
vn -0.886935 -0.384500 -0.255942
vn -0.890522 -0.302291 -0.339987
vn -0.915390 -0.310733 -0.255942
vn -0.912247 -0.228506 -0.339987
vn -0.937722 -0.234887 -0.255942
vn -0.927869 -0.153192 -0.339987
vn -0.953780 -0.157470 -0.255942
vn -0.937285 -0.076853 -0.339987
vn -0.963459 -0.078999 -0.255942
vn -0.976853 -0.000000 -0.213911
vn -0.983393 -0.080634 -0.162593
vn -0.999073 -0.000000 -0.043041
vn -0.993390 -0.081453 -0.080885
vn -0.996651 -0.081721 0.002814
vn -0.986639 -0.162895 0.002814
vn -0.973299 -0.160692 0.163914
vn -0.956911 -0.239694 0.163914
vn -0.924652 -0.231613 0.302282
vn -0.902631 -0.306402 0.302282
vn -0.862286 -0.292707 0.413262
vn -0.835482 -0.362195 0.413262
vn -0.777609 -0.337106 0.530739
vn -0.747459 -0.399525 0.530739
vn -0.731245 -0.372588 0.571366
vn -0.712310 -0.459272 0.530739
vn -0.663956 -0.482393 0.571366
vn -0.672395 -0.515947 0.530739
vn -0.627982 -0.569170 0.530739
vn -0.722437 -0.554346 0.413262
vn -0.674719 -0.611530 0.413262
vn -0.756239 -0.580283 0.302282
vn -0.706288 -0.640142 0.302282
vn -0.782623 -0.600528 0.163914
vn -0.730929 -0.662476 0.163914
vn -0.793350 -0.608759 0.002814
vn -0.740948 -0.671556 0.002814
vn -0.790754 -0.606767 -0.080885
vn -0.738523 -0.669359 -0.080885
vn -0.782796 -0.600661 -0.162593
vn -0.731091 -0.662623 -0.162593
vn -0.976014 0.144778 -0.162593
vn -0.944207 0.286422 -0.162593
vn -0.891960 0.421866 -0.162593
vn -0.858509 0.486339 -0.162593
vn -0.820405 0.548177 -0.162593
vn -0.777856 0.607045 -0.162593
vn -0.731091 0.662623 -0.162593
vn -0.680365 0.714610 -0.162593
vn -0.625952 0.762724 -0.162593
vn -0.568146 0.806705 -0.162593
vn -0.507262 0.846315 -0.162593
vn -0.443628 0.881338 -0.162593
vn -0.377591 0.911586 -0.162593
vn -0.239747 0.957123 -0.162593
vn -0.096713 0.981942 -0.162593
vn 0.048415 0.985505 -0.162593
vn 0.192494 0.967734 -0.162593
vn 0.332407 0.929015 -0.162593
vn 0.465124 0.870186 -0.162593
vn 0.527879 0.833611 -0.162593
vn 0.587772 0.792519 -0.162593
vn 0.644481 0.747133 -0.162593
vn 0.697697 0.697697 -0.162593
vn 0.752380 0.638347 -0.162593
vn 0.802030 0.574727 -0.162593
vn 0.846315 0.507262 -0.162593
vn 0.884938 0.436403 -0.162593
vn 0.917642 0.362625 -0.162593
vn 0.944207 0.286422 -0.162593
vn 0.964455 0.208302 -0.162593
vn 0.978252 0.128789 -0.162593
vn 0.985505 0.048415 -0.162593
vn 0.986165 -0.032284 -0.162593
vn 0.980228 -0.112766 -0.162593
vn 0.967734 -0.192494 -0.162593
vn 0.948766 -0.270935 -0.162593
vn 0.923452 -0.347563 -0.162593
vn 0.891960 -0.421866 -0.162593
vn 0.854501 -0.493347 -0.162593
vn 0.811326 -0.561527 -0.162593
vn 0.762724 -0.625952 -0.162593
vn 0.709020 -0.686189 -0.162593
vn 0.650572 -0.741835 -0.162593
vn 0.587772 -0.792519 -0.162593
vn 0.521041 -0.837902 -0.162593
vn 0.450824 -0.877679 -0.162593
vn 0.377591 -0.911586 -0.162593
vn 0.301832 -0.939394 -0.162593
vn 0.224055 -0.960918 -0.162593
vn 0.144778 -0.976014 -0.162593
vn 0.064533 -0.984581 -0.162593
vn -0.096713 -0.981942 -0.162593
vn -0.176635 -0.970754 -0.162593
vn -0.255375 -0.953072 -0.162593
vn -0.332407 -0.929015 -0.162593
vn -0.407215 -0.898743 -0.162593
vn -0.479299 -0.862459 -0.162593
vn -0.548177 -0.820405 -0.162593
vn -0.613388 -0.772864 -0.162593
vn -0.674496 -0.720152 -0.162593
vn -0.985935 0.146250 -0.080885
vn -0.953805 0.289334 -0.080885
vn -0.901027 0.426154 -0.080885
vn -0.867236 0.491283 -0.080885
vn -0.828745 0.553750 -0.080885
vn -0.785763 0.613216 -0.080885
vn -0.738523 0.669359 -0.080885
vn -0.687281 0.721874 -0.080885
vn -0.632315 0.770478 -0.080885
vn -0.573922 0.814906 -0.080885
vn -0.512418 0.854918 -0.080885
vn -0.448138 0.890298 -0.080885
vn -0.381430 0.920852 -0.080885
vn -0.242184 0.966853 -0.080885
vn -0.097696 0.991924 -0.080885
vn 0.048907 0.995523 -0.080885
vn 0.194451 0.977572 -0.080885
vn 0.335786 0.938459 -0.080885
vn 0.469852 0.879032 -0.080885
vn 0.533245 0.842085 -0.080885
vn 0.593747 0.800576 -0.080885
vn 0.651033 0.754728 -0.080885
vn 0.704790 0.704790 -0.080885
vn 0.760029 0.644836 -0.080885
vn 0.810183 0.580569 -0.080885
vn 0.854918 0.512418 -0.080885
vn 0.893934 0.440840 -0.080885
vn 0.926970 0.366312 -0.080885
vn 0.953805 0.289334 -0.080885
vn 0.974259 0.210420 -0.080885
vn 0.988196 0.130099 -0.080885
vn 0.995523 0.048907 -0.080885
vn 0.996190 -0.032612 -0.080885
vn 0.990193 -0.113913 -0.080885
vn 0.977572 -0.194451 -0.080885
vn 0.958411 -0.273689 -0.080885
vn 0.932839 -0.351096 -0.080885
vn 0.901027 -0.426154 -0.080885
vn 0.863188 -0.498362 -0.080885
vn 0.819574 -0.567235 -0.080885
vn 0.770478 -0.632315 -0.080885
vn 0.716227 -0.693164 -0.080885
vn 0.657185 -0.749376 -0.080885
vn 0.593747 -0.800576 -0.080885
vn 0.526338 -0.846420 -0.080885
vn 0.455407 -0.886602 -0.080885
vn 0.381430 -0.920852 -0.080885
vn 0.304901 -0.948943 -0.080885
vn 0.226332 -0.970686 -0.080885
vn 0.146250 -0.985935 -0.080885
vn 0.065189 -0.994589 -0.080885
vn -0.097696 -0.991924 -0.080885
vn -0.178430 -0.980622 -0.080885
vn -0.257971 -0.962761 -0.080885
vn -0.335786 -0.938459 -0.080885
vn -0.411355 -0.907879 -0.080885
vn -0.484172 -0.871226 -0.080885
vn -0.553750 -0.828745 -0.080885
vn -0.619624 -0.780720 -0.080885
vn -0.681352 -0.727473 -0.080885
vn -0.989173 0.146730 0.002814
vn -0.991490 0.000000 0.130187
vn -0.975798 0.144746 0.163914
vn -0.959569 0.000000 0.281473
vn -0.942901 0.139866 0.302282
vn -0.915477 0.000000 0.402370
vn -0.900756 0.133615 0.413262
vn -0.868017 0.000000 0.496535
vn -0.838362 0.124359 0.530739
vn -0.820695 0.000000 0.571366
vn -0.810591 0.128385 0.571366
vn -0.811041 0.246026 0.530739
vn -0.780527 0.253609 0.571366
vn -0.766163 0.362368 0.530739
vn -0.731245 0.372588 0.571366
vn -0.737429 0.417749 0.530739
vn -0.663956 0.482393 0.571366
vn -0.704700 0.470865 0.530739
vn -0.668151 0.521430 0.530739
vn -0.717878 0.560237 0.413262
vn -0.674719 0.611530 0.413262
vn -0.706288 0.640142 0.302282
vn -0.657283 0.690366 0.302282
vn -0.680214 0.714451 0.163914
vn -0.625813 0.762555 0.163914
vn -0.634391 0.773007 0.002814
vn -0.575806 0.817582 0.002814
vn -0.627982 0.569170 0.530739
vn -0.580319 0.580319 0.571366
vn -0.584410 0.613825 0.530739
vn -0.537671 0.655154 0.530739
vn -0.577686 0.703913 0.413262
vn -0.524338 0.744503 0.413262
vn -0.548871 0.779337 0.302282
vn -0.490052 0.817603 0.302282
vn -0.507149 0.846127 0.163914
vn -0.443530 0.881143 0.163914
vn -0.449610 0.893221 0.002814
vn -0.382682 0.923876 0.002814
vn -0.482393 0.663956 0.571366
vn -0.488018 0.692932 0.530739
vn -0.468148 0.781058 0.413262
vn -0.428578 0.851438 0.302282
vn -0.377507 0.911384 0.163914
vn -0.242979 0.970027 0.002814
vn -0.435720 0.726955 0.530739
vn -0.372588 0.731245 0.571366
vn -0.381061 0.757039 0.530739
vn -0.324338 0.783020 0.530739
vn -0.348476 0.841296 0.413262
vn -0.221261 0.883322 0.413262
vn -0.231613 0.924652 0.302282
vn -0.093432 0.948629 0.302282
vn -0.096691 0.981724 0.163914
vn 0.048404 0.985286 0.163914
vn 0.049067 0.998792 0.002814
vn 0.195090 0.980781 0.002814
vn -0.253609 0.780527 0.571366
vn -0.205934 0.822136 0.530739
vn -0.089256 0.906227 0.413262
vn 0.046772 0.952070 0.302282
vn 0.192452 0.967520 0.163914
vn 0.336889 0.941540 0.002814
vn -0.128385 0.810591 0.571366
vn -0.083073 0.843454 0.530739
vn 0.044682 0.909515 0.413262
vn 0.185964 0.934903 0.302282
vn 0.332333 0.928809 0.163914
vn 0.471395 0.881918 0.002814
vn -0.000000 0.820695 0.571366
vn 0.041587 0.846514 0.530739
vn 0.177652 0.893115 0.413262
vn 0.321130 0.897497 0.302282
vn 0.465021 0.869993 0.163914
vn 0.534996 0.844850 0.002814
vn 0.128385 0.810591 0.571366
vn 0.165346 0.831250 0.530739
vn 0.306776 0.857382 0.413262
vn 0.449344 0.840664 0.302282
vn 0.527762 0.833427 0.163914
vn 0.595697 0.803204 0.002814
vn 0.253609 0.780527 0.571366
vn 0.285526 0.797992 0.530739
vn 0.429260 0.803088 0.413262
vn 0.509970 0.805330 0.302282
vn 0.587642 0.792344 0.163914
vn 0.653170 0.757206 0.002814
vn 0.372588 0.731245 0.571366
vn 0.399525 0.747459 0.530739
vn 0.487175 0.769334 0.413262
vn 0.567832 0.765632 0.302282
vn 0.644338 0.746967 0.163914
vn 0.707104 0.707104 0.002814
vn 0.453429 0.716043 0.530739
vn 0.482393 0.663956 0.571366
vn 0.504876 0.680747 0.530739
vn 0.553587 0.641761 0.530739
vn 0.594787 0.689524 0.413262
vn 0.643900 0.643900 0.413262
vn 0.674027 0.674027 0.302282
vn 0.726855 0.616691 0.302282
vn 0.752214 0.638206 0.163914
vn 0.801853 0.574599 0.163914
vn 0.812843 0.582475 0.002814
vn 0.857725 0.514101 0.002814
vn 0.580319 0.580319 0.571366
vn 0.599298 0.599298 0.530739
vn 0.694367 0.589126 0.413262
vn 0.774821 0.555229 0.302282
vn 0.846127 0.507149 0.163914
vn 0.896869 0.442287 0.002814
vn 0.646269 0.548318 0.530739
vn 0.663956 0.482393 0.571366
vn 0.688916 0.493670 0.530739
vn 0.726955 0.435720 0.530739
vn 0.781058 0.468148 0.413262
vn 0.816703 0.402754 0.413262
vn 0.854916 0.421598 0.302282
vn 0.886510 0.350323 0.302282
vn 0.917438 0.362545 0.163914
vn 0.943997 0.286358 0.163914
vn 0.956937 0.290284 0.002814
vn 0.977458 0.211111 0.002814
vn 0.731245 0.372588 0.571366
vn 0.760131 0.374855 0.530739
vn 0.846885 0.334665 0.413262
vn 0.912173 0.276705 0.302282
vn 0.964241 0.208256 0.163914
vn 0.991441 0.130526 0.002814
vn 0.788222 0.311483 0.530739
vn 0.780527 0.253609 0.571366
vn 0.811041 0.246026 0.530739
vn 0.828433 0.178924 0.530739
vn 0.890089 0.192241 0.413262
vn 0.902822 0.118859 0.413262
vn 0.945064 0.124420 0.302282
vn 0.952070 0.046772 0.302282
vn 0.985286 0.048404 0.163914
vn 0.985946 -0.032277 0.163914
vn 0.999461 -0.032719 0.002814
vn 0.993444 -0.114287 0.002814
vn 0.810591 0.128385 0.571366
vn 0.840284 0.110626 0.530739
vn 0.909515 0.044682 0.413262
vn 0.952708 -0.031188 0.302282
vn 0.980011 -0.112741 0.163914
vn 0.980781 -0.195090 0.002814
vn 0.846514 0.041587 0.530739
vn 0.820695 0.000000 0.571366
vn 0.847081 -0.027731 0.530739
vn 0.841982 -0.096862 0.530739
vn 0.904646 -0.104071 0.413262
vn 0.893115 -0.177652 0.413262
vn 0.934903 -0.185964 0.302282
vn 0.916579 -0.261743 0.302282
vn 0.948556 -0.270875 0.163914
vn 0.923247 -0.347486 0.163914
vn 0.935902 -0.352249 0.002814
vn 0.903986 -0.427553 0.002814
vn 0.810591 -0.128385 0.571366
vn 0.831250 -0.165346 0.530739
vn 0.875610 -0.250044 0.413262
vn 0.892123 -0.335771 0.302282
vn 0.891762 -0.421772 0.163914
vn 0.866022 -0.499998 0.002814
vn 0.780527 -0.253609 0.571366
vn 0.814957 -0.232724 0.530739
vn 0.852247 -0.320763 0.413262
vn 0.861699 -0.407553 0.302282
vn 0.854312 -0.493237 0.163914
vn 0.822265 -0.569098 0.002814
vn 0.793213 -0.298544 0.530739
vn 0.731245 -0.372588 0.571366
vn 0.766163 -0.362368 0.530739
vn 0.733987 -0.423768 0.530739
vn 0.788613 -0.455306 0.413262
vn 0.748768 -0.518230 0.413262
vn 0.783801 -0.542477 0.302282
vn 0.736848 -0.604715 0.302282
vn 0.762555 -0.625813 0.163914
vn 0.708863 -0.686036 0.163914
vn 0.718579 -0.695440 0.002814
vn 0.659343 -0.751837 0.002814
vn 0.663956 -0.482393 0.571366
vn 0.696901 -0.482332 0.530739
vn 0.703913 -0.577686 0.413262
vn 0.684965 -0.662909 0.302282
vn 0.650428 -0.741671 0.163914
vn 0.595697 -0.803204 0.002814
vn 0.655154 -0.537671 0.530739
vn 0.580319 -0.580319 0.571366
vn 0.609023 -0.589412 0.530739
vn 0.558819 -0.637211 0.530739
vn 0.600408 -0.684635 0.413262
vn 0.542451 -0.731411 0.413262
vn 0.567832 -0.765632 0.302282
vn 0.503364 -0.809475 0.302282
vn 0.520926 -0.837716 0.163914
vn 0.450724 -0.877485 0.163914
vn 0.456902 -0.889513 0.002814
vn 0.382682 -0.923876 0.002814
vn 0.482393 -0.663956 0.571366
vn 0.504876 -0.680747 0.530739
vn 0.480865 -0.773294 0.413262
vn 0.435529 -0.847903 0.302282
vn 0.377507 -0.911384 0.163914
vn 0.305902 -0.952059 0.002814
vn 0.447556 -0.719729 0.530739
vn 0.372588 -0.731245 0.571366
vn 0.387242 -0.753896 0.530739
vn 0.324338 -0.783020 0.530739
vn 0.348476 -0.841296 0.413262
vn 0.278559 -0.866960 0.413262
vn 0.291592 -0.907524 0.302282
vn 0.216453 -0.928318 0.302282
vn 0.224005 -0.960705 0.163914
vn 0.144746 -0.975798 0.163914
vn 0.146730 -0.989173 0.002814
vn 0.065403 -0.997855 0.002814
vn 0.253609 -0.780527 0.571366
vn 0.259264 -0.806907 0.530739
vn 0.206778 -0.886824 0.413262
vn 0.139866 -0.942901 0.302282
vn 0.064519 -0.984362 0.163914
vn -0.098017 -0.995181 0.002814
vn 0.192455 -0.825395 0.530739
vn 0.128385 -0.810591 0.571366
vn 0.124359 -0.838362 0.530739
vn 0.055431 -0.845721 0.530739
vn 0.059557 -0.908663 0.413262
vn -0.089256 -0.906227 0.413262
vn -0.093432 -0.948629 0.302282
vn -0.170642 -0.937820 0.302282
vn -0.176596 -0.970539 0.163914
vn -0.255318 -0.952861 0.163914
vn -0.258818 -0.965922 0.002814
vn -0.336889 -0.941540 0.002814
vn -0.000000 -0.820695 0.571366
vn -0.083073 -0.843454 0.530739
vn -0.163015 -0.895902 0.413262
vn -0.246711 -0.920738 0.302282
vn -0.332333 -0.928809 0.163914
vn -0.412705 -0.910860 0.002814
vn -0.128385 -0.810591 0.571366
vn -0.151723 -0.833844 0.530739
vn -0.235684 -0.879584 0.413262
vn -0.321130 -0.897497 0.302282
vn -0.407125 -0.898544 0.163914
vn -0.485761 -0.874087 0.002814
vn -0.219358 -0.818656 0.530739
vn -0.253609 -0.780527 0.571366
vn -0.285526 -0.797992 0.530739
vn -0.349784 -0.771989 0.530739
vn -0.375816 -0.829444 0.413262
vn -0.442342 -0.795957 0.413262
vn -0.463039 -0.833199 0.302282
vn -0.529580 -0.792572 0.302282
vn -0.548056 -0.820224 0.163914
vn -0.613252 -0.772692 0.163914
vn -0.621658 -0.783284 0.002814
vn -0.683590 -0.729861 0.002814
vn -0.372588 -0.731245 0.571366
vn -0.411702 -0.740822 0.530739
vn -0.505909 -0.757146 0.413262
vn -0.592578 -0.746643 0.302282
vn -0.674346 -0.719992 0.163914
vn -0.470865 -0.704700 0.530739
vn -0.482393 -0.663956 0.571366
vn -0.526879 -0.663863 0.530739
vn -0.580319 -0.580319 0.571366
vn -0.579369 -0.618585 0.530739
vn -0.780527 -0.253609 0.571366
vn -0.802557 -0.272431 0.530739
vn -0.883322 -0.221261 0.413262
vn -0.940487 -0.155275 0.302282
vn -0.983175 -0.080616 0.163914
vn -0.822136 -0.205934 0.530739
vn -0.810591 -0.128385 0.571366
vn -0.836215 -0.138060 0.530739
vn -0.844700 -0.069261 0.530739
vn -0.907567 -0.074416 0.413262
vn -0.950030 -0.077898 0.302282
vn -0.907266 -0.074392 -0.413925
vn -0.867930 -0.134060 -0.478253
vn -0.837294 -0.264978 -0.478253
vn -0.883030 -0.221188 -0.413925
vn -0.898152 -0.148286 -0.413925
vn -0.787032 -0.389685 -0.478253
vn -0.835205 -0.362075 -0.413925
vn -0.862001 -0.292610 -0.413925
vn -0.718324 -0.505257 -0.478253
vn -0.765069 -0.493290 -0.413925
vn -0.802823 -0.429118 -0.413925
vn -0.722198 -0.554162 -0.413925
vn -0.632778 -0.608988 -0.478253
vn -0.674496 -0.611327 -0.413925
vn -0.622282 -0.664403 -0.413925
vn -0.532400 -0.698444 -0.478253
vn -0.565904 -0.713034 -0.413925
vn -0.505742 -0.756896 -0.413925
vn -0.419544 -0.771529 -0.478253
vn -0.442196 -0.795694 -0.413925
vn -0.375692 -0.829169 -0.413925
vn -0.296854 -0.826530 -0.478253
vn -0.306674 -0.857098 -0.413925
vn -0.235606 -0.879293 -0.413925
vn -0.167206 -0.862158 -0.478253
vn -0.162961 -0.895606 -0.413925
vn -0.089226 -0.905927 -0.413925
vn -0.033638 -0.877578 -0.478253
vn 0.059537 -0.908362 -0.413925
vn 0.100718 -0.872428 -0.478253
vn 0.133570 -0.900458 -0.413925
vn 0.206710 -0.886531 -0.413925
vn 0.232713 -0.846829 -0.478253
vn 0.278467 -0.866673 -0.413925
vn 0.359253 -0.801381 -0.478253
vn 0.348361 -0.841018 -0.413925
vn 0.415925 -0.809736 -0.413925
vn 0.477373 -0.737149 -0.478253
vn 0.480706 -0.773038 -0.413925
vn 0.542272 -0.731169 -0.413925
vn 0.584304 -0.655639 -0.478253
vn 0.600210 -0.684408 -0.413925
vn 0.654133 -0.633069 -0.413925
vn 0.677539 -0.558762 -0.478253
vn 0.703680 -0.577495 -0.413925
vn 0.748520 -0.518058 -0.413925
vn 0.754893 -0.448788 -0.478253
vn 0.788352 -0.455155 -0.413925
vn 0.822911 -0.389208 -0.413925
vn 0.814553 -0.328294 -0.478253
vn 0.851965 -0.320657 -0.413925
vn 0.875320 -0.249961 -0.413925
vn 0.855121 -0.200106 -0.478253
vn 0.892820 -0.177593 -0.413925
vn 0.904346 -0.104037 -0.413925
vn 0.875645 -0.067227 -0.478253
vn 0.909823 -0.029785 -0.413925
vn 0.875645 0.067227 -0.478253
vn 0.909214 0.044667 -0.413925
vn 0.902523 0.118819 -0.413925
vn 0.855121 0.200106 -0.478253
vn 0.889794 0.192177 -0.413925
vn 0.871113 0.264249 -0.413925
vn 0.814553 0.328294 -0.478253
vn 0.846605 0.334554 -0.413925
vn 0.816433 0.402620 -0.413925
vn 0.754893 0.448788 -0.478253
vn 0.780800 0.467993 -0.413925
vn 0.739943 0.530236 -0.413925
vn 0.677539 0.558762 -0.478253
vn 0.694137 0.588931 -0.413925
vn 0.643687 0.643687 -0.413925
vn 0.584304 0.655639 -0.478253
vn 0.594590 0.689295 -0.413925
vn 0.542272 0.731169 -0.413925
vn 0.477373 0.737149 -0.478253
vn 0.487014 0.769079 -0.413925
vn 0.429118 0.802823 -0.413925
vn 0.359253 0.801381 -0.478253
vn 0.306674 0.857098 -0.413925
vn 0.232713 0.846829 -0.478253
vn 0.177593 0.892820 -0.413925
vn 0.100718 0.872428 -0.478253
vn 0.044667 0.909214 -0.413925
vn -0.033638 0.877578 -0.478253
vn -0.089226 0.905927 -0.413925
vn -0.167206 0.862158 -0.478253
vn -0.221188 0.883030 -0.413925
vn -0.296854 0.826530 -0.478253
vn -0.348361 0.841018 -0.413925
vn -0.419544 0.771529 -0.478253
vn -0.409286 0.813112 -0.413925
vn -0.467993 0.780800 -0.413925
vn -0.532400 0.698444 -0.478253
vn -0.524164 0.744256 -0.413925
vn -0.632778 0.608988 -0.478253
vn -0.627696 0.659290 -0.413925
vn -0.577495 0.703680 -0.413925
vn -0.718324 0.505257 -0.478253
vn -0.717640 0.560052 -0.413925
vn -0.674496 0.611327 -0.413925
vn -0.787032 0.389685 -0.478253
vn -0.792050 0.448691 -0.413925
vn -0.756896 0.505742 -0.413925
vn -0.822911 0.389208 -0.413925
vn -0.837294 0.264978 -0.478253
vn -0.871113 0.264249 -0.413925
vn -0.871402 0.264337 0.413262
vn -0.823184 0.389337 0.413262
vn -0.792312 0.448839 0.413262
vn -0.757146 0.505909 0.413262
vn -0.912173 0.276705 0.302282
vn -0.861699 0.407553 0.302282
vn -0.829383 0.469840 0.302282
vn -0.792572 0.529580 0.302282
vn -0.751466 0.586450 0.302282
vn -0.943997 0.286358 0.163914
vn -0.891762 0.421772 0.163914
vn -0.858319 0.486232 0.163914
vn -0.820224 0.548056 0.163914
vn -0.777684 0.606910 0.163914
vn -0.730929 0.662476 0.163914
vn -0.956937 0.290284 0.002814
vn -0.903986 0.427553 0.002814
vn -0.870084 0.492896 0.002814
vn -0.831466 0.555568 0.002814
vn -0.788343 0.615229 0.002814
vn -0.740948 0.671556 0.002814
vn -0.689538 0.724244 0.002814
vn -0.627904 0.659508 0.413262
vn -0.604715 0.736848 0.302282
vn -0.568020 0.806527 0.163914
vn -0.514101 0.857725 0.002814
vn -0.409422 0.813381 0.413262
vn -0.364781 0.880659 0.302282
vn -0.239694 0.956911 0.163914
vn -0.098017 0.995181 0.002814
vn 0.542451 0.731411 0.413262
vn 0.622616 0.721786 0.302282
vn 0.697543 0.697543 0.163914
vn 0.762524 0.646954 0.002814
vn 0.740188 0.530411 0.413262
vn 0.817603 0.490052 0.302282
vn 0.884742 0.436307 0.163914
vn 0.930014 0.367514 0.002814
vn 0.871402 0.264337 0.413262
vn 0.931735 0.201235 0.302282
vn 0.978035 0.128761 0.163914
vn 0.998792 0.049067 0.002814
vn 0.910125 -0.029794 0.413262
vn 0.946973 -0.108940 0.302282
vn 0.967520 -0.192452 0.163914
vn 0.961558 -0.274588 0.002814
vn 0.823184 -0.389337 0.413262
vn 0.825511 -0.476609 0.302282
vn 0.811147 -0.561403 0.163914
vn 0.773007 -0.634391 0.002814
vn 0.654349 -0.633279 0.413262
vn 0.628501 -0.716668 0.302282
vn 0.587642 -0.792344 0.163914
vn 0.528066 -0.849199 0.002814
vn 0.416062 -0.810004 0.413262
vn 0.364781 -0.880659 0.302282
vn 0.301766 -0.939186 0.163914
vn 0.227075 -0.973873 0.002814
vn 0.133615 -0.900756 0.413262
vn 0.062343 -0.951178 0.302282
vn -0.096691 -0.981724 0.163914
vn -0.179016 -0.983842 0.002814
vn -0.306776 -0.857382 0.413262
vn -0.393400 -0.868252 0.302282
vn -0.479193 -0.862268 0.163914
vn -0.555568 -0.831466 0.002814
vn -0.566092 -0.713271 0.413262
vn -0.651613 -0.695720 0.302282
vn -0.622488 -0.664623 0.413262
vn -0.765323 -0.493453 0.413262
vn -0.803088 -0.429260 0.413262
vn -0.801131 -0.516541 0.302282
vn -0.840664 -0.449344 0.302282
vn -0.874573 -0.379141 0.302282
vn -0.829081 -0.534562 0.163914
vn -0.869993 -0.465021 0.163914
vn -0.905085 -0.392369 0.163914
vn -0.934123 -0.317092 0.163914
vn -0.840445 -0.541889 0.002814
vn -0.881918 -0.471395 0.002814
vn -0.917491 -0.397747 0.002814
vn -0.946926 -0.321438 0.002814
vn -0.970027 -0.242979 0.002814
vn -0.837695 -0.540116 -0.080885
vn -0.879032 -0.469852 -0.080885
vn -0.914488 -0.396445 -0.080885
vn -0.943827 -0.320386 -0.080885
vn -0.966853 -0.242184 -0.080885
vn -0.983411 -0.162362 -0.080885
vn -0.829265 -0.534681 -0.162593
vn -0.870186 -0.465124 -0.162593
vn -0.905286 -0.392456 -0.162593
vn -0.934330 -0.317162 -0.162593
vn -0.957123 -0.239747 -0.162593
vn -0.973514 -0.160728 -0.162593
vn -0.898450 -0.148335 0.413262
vn -0.718092 0.055131 -0.693761
vn -0.718092 -0.055131 -0.693761
vn -0.701261 -0.164101 -0.693761
vn -0.667993 -0.269225 -0.693761
vn -0.619067 -0.368039 -0.693761
vn -0.555631 -0.458225 -0.693761
vn -0.479171 -0.537672 -0.693761
vn -0.391480 -0.604516 -0.693761
vn -0.294614 -0.657190 -0.693761
vn -0.190841 -0.694461 -0.693761
vn -0.082596 -0.715454 -0.693761
vn 0.027586 -0.719677 -0.693761
vn 0.137121 -0.707032 -0.693761
vn 0.243442 -0.677814 -0.693761
vn 0.344057 -0.632709 -0.693761
vn 0.436607 -0.572774 -0.693761
vn 0.518924 -0.499414 -0.693761
vn 0.589077 -0.414348 -0.693761
vn 0.645424 -0.319570 -0.693761
vn 0.686641 -0.217301 -0.693761
vn 0.711765 -0.109939 -0.693761
vn 0.720206 -0.000000 -0.693761
vn 0.711765 0.109939 -0.693761
vn 0.686641 0.217301 -0.693761
vn 0.645424 0.319570 -0.693761
vn 0.589077 0.414348 -0.693761
vn 0.518924 0.499414 -0.693761
vn 0.436607 0.572774 -0.693761
vn 0.344057 0.632709 -0.693761
vn 0.243442 0.677814 -0.693761
vn 0.137121 0.707032 -0.693761
vn 0.027586 0.719677 -0.693761
vn -0.082596 0.715454 -0.693761
vn -0.190841 0.694461 -0.693761
vn -0.294614 0.657190 -0.693761
vn -0.391480 0.604516 -0.693761
vn -0.479171 0.537672 -0.693761
vn -0.555631 0.458225 -0.693761
vn -0.619067 0.368039 -0.693761
vn -0.667993 0.269225 -0.693761
vn -0.701261 0.164101 -0.693761
vn 0.000000 -0.000000 -1.000000
vn -0.264058 -0.020273 -0.964294
vn 0.000000 -0.000000 -1.000000
vn -0.264058 0.020273 -0.964294
vn 0.000000 0.000000 -1.000000
vn -0.257869 0.060344 -0.964294
vn 0.000000 0.000000 -1.000000
vn -0.245635 0.099000 -0.964294
vn 0.000000 0.000000 -1.000000
vn -0.227644 0.135336 -0.964294
vn 0.000000 0.000000 -1.000000
vn -0.204317 0.168499 -0.964294
vn 0.000000 0.000000 -1.000000
vn -0.176202 0.197713 -0.964294
vn 0.000000 0.000000 -1.000000
vn -0.143956 0.222293 -0.964294
vn -0.108336 0.241663 -0.964294
vn -0.277631 0.428712 -0.859725
vn -0.208935 0.466068 -0.859725
vn -0.257869 -0.060344 -0.964294
vn 0.000000 -0.000000 -1.000000
vn -0.245635 -0.099000 -0.964294
vn 0.000000 -0.000000 -1.000000
vn -0.227644 -0.135336 -0.964294
vn 0.000000 -0.000000 -1.000000
vn -0.204317 -0.168499 -0.964294
vn 0.000000 -0.000000 -1.000000
vn -0.176202 -0.197713 -0.964294
vn 0.000000 -0.000000 -1.000000
vn -0.143956 -0.222293 -0.964294
vn -0.108336 -0.241663 -0.964294
vn -0.208935 -0.466068 -0.859725
vn -0.135341 -0.492500 -0.859725
vn 0.000000 -0.000000 -1.000000
vn -0.070176 -0.255368 -0.964294
vn -0.058575 -0.507388 -0.859725
vn 0.000000 -0.000000 -1.000000
vn -0.030372 -0.263088 -0.964294
vn 0.019563 -0.510383 -0.859725
vn 0.000000 -0.000000 -1.000000
vn 0.010144 -0.264641 -0.964294
vn 0.097244 -0.501415 -0.859725
vn 0.000000 -0.000000 -1.000000
vn 0.050422 -0.259991 -0.964294
vn 0.172645 -0.480694 -0.859725
vn 0.000000 -0.000000 -1.000000
vn 0.089519 -0.249247 -0.964294
vn 0.243999 -0.448707 -0.859725
vn 0.000000 -0.000000 -1.000000
vn 0.126517 -0.232661 -0.964294
vn 0.309634 -0.406202 -0.859725
vn 0.000000 -0.000000 -1.000000
vn 0.160550 -0.210621 -0.964294
vn 0.368012 -0.354176 -0.859725
vn 0.000000 -0.000000 -1.000000
vn 0.190819 -0.183645 -0.964294
vn 0.417764 -0.293848 -0.859725
vn 0.000000 -0.000000 -1.000000
vn 0.216616 -0.152365 -0.964294
vn 0.457723 -0.226633 -0.859725
vn 0.000000 -0.000000 -1.000000
vn 0.237336 -0.117513 -0.964294
vn 0.486954 -0.154106 -0.859725
vn 0.000000 -0.000000 -1.000000
vn 0.252493 -0.079906 -0.964294
vn 0.504772 -0.077967 -0.859725
vn 0.000000 -0.000000 -1.000000
vn 0.261731 -0.040427 -0.964294
vn 0.510758 -0.000000 -0.859725
vn 0.000000 -0.000000 -1.000000
vn 0.264835 -0.000000 -0.964294
vn 0.504772 0.077967 -0.859725
vn 0.261731 0.040427 -0.964294
vn 0.000000 0.000000 -1.000000
vn 0.252493 0.079906 -0.964294
vn 0.000000 0.000000 -1.000000
vn 0.237336 0.117513 -0.964294
vn 0.000000 0.000000 -1.000000
vn 0.216616 0.152365 -0.964294
vn 0.000000 0.000000 -1.000000
vn 0.190819 0.183645 -0.964294
vn 0.000000 0.000000 -1.000000
vn 0.160550 0.210621 -0.964294
vn 0.000000 0.000000 -1.000000
vn 0.126517 0.232661 -0.964294
vn 0.000000 0.000000 -1.000000
vn 0.089519 0.249247 -0.964294
vn 0.000000 0.000000 -1.000000
vn 0.050422 0.259991 -0.964294
vn 0.000000 0.000000 -1.000000
vn 0.010144 0.264641 -0.964294
vn 0.000000 0.000000 -1.000000
vn -0.030372 0.263088 -0.964294
vn 0.000000 0.000000 -1.000000
vn -0.070176 0.255368 -0.964294
vn 0.000000 0.000000 -1.000000
vn -0.509259 0.039098 -0.859725
vn -0.509259 -0.039098 -0.859725
vn -0.497322 -0.116378 -0.859725
vn -0.473729 -0.190930 -0.859725
vn -0.439032 -0.261007 -0.859725
vn -0.394044 -0.324966 -0.859725
vn -0.339820 -0.381308 -0.859725
vn -0.277631 -0.428712 -0.859725
vn -0.497322 0.116378 -0.859725
vn -0.473729 0.190930 -0.859725
vn -0.439032 0.261007 -0.859725
vn -0.394044 0.324966 -0.859725
vn -0.339820 0.381308 -0.859725
vn -0.135341 0.492500 -0.859725
vn -0.058575 0.507388 -0.859725
vn 0.019563 0.510383 -0.859725
vn 0.097244 0.501415 -0.859725
vn 0.172645 0.480694 -0.859725
vn 0.243999 0.448707 -0.859725
vn 0.309634 0.406202 -0.859725
vn 0.368012 0.354176 -0.859725
vn 0.417764 0.293848 -0.859725
vn 0.457723 0.226633 -0.859725
vn 0.486954 0.154106 -0.859725
vn 0.000000 0.000000 -1.000000
vn -0.000000 -0.000000 1.000000
vn 0.000000 1.000000 -0.000000
vn 0.000000 1.000000 -0.000000
vn 0.000000 1.000000 -0.000000
vn 0.000000 1.000000 -0.000000
vn -0.998522 -0.054348 0.000000
vn -0.998522 -0.054348 0.000000
vn -0.984236 0.176857 0.000000
vn -0.984236 0.176857 0.000000
vn -0.917137 0.398573 0.000000
vn -0.917137 0.398573 0.000000
vn -0.800824 0.598900 0.000000
vn -0.800824 0.598900 0.000000
vn -0.641538 0.767091 0.000000
vn -0.641538 0.767091 0.000000
vn -0.447828 0.894120 0.000000
vn -0.447828 0.894120 0.000000
vn -0.230087 0.973170 0.000000
vn -0.230087 0.973170 0.000000
vn -0.054348 -0.998522 0.000000
vn -0.054348 -0.998522 0.000000
vn -0.215129 -0.976586 0.000000
vn -0.215129 -0.976586 0.000000
vn -0.370246 -0.928934 0.000000
vn -0.370246 -0.928934 0.000000
vn -0.515614 -0.856821 0.000000
vn -0.515614 -0.856821 0.000000
vn -0.647404 -0.762147 0.000000
vn -0.647404 -0.762147 0.000000
vn -0.762147 -0.647404 0.000000
vn -0.762147 -0.647404 0.000000
vn -0.856821 -0.515614 0.000000
vn -0.856821 -0.515614 0.000000
vn -0.928934 -0.370246 0.000000
vn -0.928934 -0.370246 0.000000
vn -0.976586 -0.215129 0.000000
vn -0.976586 -0.215129 0.000000
vn 1.000000 0.000000 -0.000000
vn 1.000000 0.000000 -0.000000
vn 0.973170 -0.230087 0.000000
vn 0.973170 -0.230087 0.000000
vn 0.894120 -0.447828 0.000000
vn 0.894120 -0.447828 0.000000
vn 0.767091 -0.641538 0.000000
vn 0.767091 -0.641538 0.000000
vn 0.598900 -0.800824 0.000000
vn 0.598900 -0.800824 0.000000
vn 0.398573 -0.917137 0.000000
vn 0.398573 -0.917137 0.000000
vn 0.176857 -0.984236 0.000000
vn 0.176857 -0.984236 0.000000
vn 1.000000 -0.000000 0.000000
vn 1.000000 -0.000000 0.000000
vn 0.151515 0.988455 -0.000000
vn 0.151515 0.988455 -0.000000
vn 0.378847 0.925459 -0.000000
vn 0.378847 0.925459 -0.000000
vn 0.585097 0.810963 -0.000000
vn 0.585097 0.810963 -0.000000
vn 0.758787 0.651339 -0.000000
vn 0.758787 0.651339 -0.000000
vn 0.890252 0.455469 -0.000000
vn 0.890252 0.455469 -0.000000
vn 0.972176 0.234252 -0.000000
vn 0.972176 0.234252 -0.000000
vn 0.988455 0.151515 -0.000000
vn 0.988455 0.151515 -0.000000
vn 0.918937 0.394405 -0.000000
vn 0.918937 0.394405 -0.000000
vn 0.790765 0.612120 -0.000000
vn 0.790765 0.612120 -0.000000
vn 0.612120 0.790765 -0.000000
vn 0.612120 0.790765 -0.000000
vn 0.394405 0.918937 -0.000000
vn 0.394405 0.918937 -0.000000
vn 0.234252 0.972176 -0.000000
vn 0.234252 0.972176 -0.000000
vn 0.455469 0.890252 -0.000000
vn 0.455469 0.890252 -0.000000
vn 0.651339 0.758787 -0.000000
vn 0.651339 0.758787 -0.000000
vn 0.810963 0.585097 -0.000000
vn 0.810963 0.585097 -0.000000
vn 0.925459 0.378847 -0.000000
vn 0.925459 0.378847 -0.000000
vn 1.000000 0.000000 -0.000000
vn 1.000000 0.000000 -0.000000
vn 1.000000 0.000000 -0.000000
vn 1.000000 0.000000 -0.000000
vn -0.054348 0.998522 0.000000
vn -0.054348 0.998522 0.000000
vn 0.176857 0.984236 -0.000000
vn 0.176857 0.984236 -0.000000
vn 0.398573 0.917137 -0.000000
vn 0.398573 0.917137 -0.000000
vn 0.598900 0.800824 -0.000000
vn 0.598900 0.800824 -0.000000
vn 0.767091 0.641538 -0.000000
vn 0.767091 0.641538 -0.000000
vn 0.894120 0.447828 -0.000000
vn 0.894120 0.447828 -0.000000
vn 0.973170 0.230087 -0.000000
vn 0.973170 0.230087 -0.000000
vn -0.998522 0.054348 0.000000
vn -0.998522 0.054348 0.000000
vn -0.976586 0.215129 0.000000
vn -0.976586 0.215129 0.000000
vn -0.928934 0.370246 0.000000
vn -0.928934 0.370246 0.000000
vn -0.856821 0.515614 0.000000
vn -0.856821 0.515614 0.000000
vn -0.762147 0.647404 0.000000
vn -0.762147 0.647404 0.000000
vn -0.647404 0.762147 0.000000
vn -0.647404 0.762147 0.000000
vn -0.515614 0.856821 0.000000
vn -0.515614 0.856821 0.000000
vn -0.370246 0.928934 0.000000
vn -0.370246 0.928934 0.000000
vn -0.215129 0.976586 0.000000
vn -0.215129 0.976586 0.000000
vn 0.000000 -1.000000 0.000000
vn 0.000000 -1.000000 0.000000
vn -0.230087 -0.973170 0.000000
vn -0.230087 -0.973170 0.000000
vn -0.447828 -0.894120 0.000000
vn -0.447828 -0.894120 0.000000
vn -0.641538 -0.767091 0.000000
vn -0.641538 -0.767091 0.000000
vn -0.800824 -0.598900 0.000000
vn -0.800824 -0.598900 0.000000
vn -0.917137 -0.398573 0.000000
vn -0.917137 -0.398573 0.000000
vn -0.984236 -0.176857 0.000000
vn -0.984236 -0.176857 0.000000
vn -0.000000 -1.000000 0.000000
vn -0.000000 -1.000000 0.000000
vn 0.988455 -0.151515 0.000000
vn 0.988455 -0.151515 0.000000
vn 0.925459 -0.378847 0.000000
vn 0.925459 -0.378847 0.000000
vn 0.810963 -0.585097 0.000000
vn 0.810963 -0.585097 0.000000
vn 0.651339 -0.758787 0.000000
vn 0.651339 -0.758787 0.000000
vn 0.455469 -0.890252 0.000000
vn 0.455469 -0.890252 0.000000
vn 0.234252 -0.972176 0.000000
vn 0.234252 -0.972176 0.000000
vn 0.151515 -0.988455 -0.000000
vn 0.151515 -0.988455 -0.000000
vn 0.394405 -0.918937 -0.000000
vn 0.394405 -0.918937 -0.000000
vn 0.612120 -0.790765 -0.000000
vn 0.612120 -0.790765 -0.000000
vn 0.790765 -0.612120 -0.000000
vn 0.790765 -0.612120 -0.000000
vn 0.918937 -0.394405 -0.000000
vn 0.918937 -0.394405 -0.000000
vn 0.972176 -0.234252 0.000000
vn 0.972176 -0.234252 0.000000
vn 0.890252 -0.455469 0.000000
vn 0.890252 -0.455469 0.000000
vn 0.758787 -0.651339 0.000000
vn 0.758787 -0.651339 0.000000
vn 0.585097 -0.810963 0.000000
vn 0.585097 -0.810963 0.000000
vn 0.378847 -0.925459 0.000000
vn 0.378847 -0.925459 0.000000
vn -1.000000 0.000000 0.000000
vn -1.000000 0.000000 0.000000
vn -1.000000 0.000000 0.000000
vn -1.000000 0.000000 0.000000
vn 0.054348 -0.998522 0.000000
vn 0.054348 -0.998522 0.000000
vn -0.176857 -0.984236 0.000000
vn -0.176857 -0.984236 0.000000
vn -0.398573 -0.917137 0.000000
vn -0.398573 -0.917137 0.000000
vn -0.598900 -0.800824 0.000000
vn -0.598900 -0.800824 0.000000
vn -0.767091 -0.641538 0.000000
vn -0.767091 -0.641538 0.000000
vn -0.894120 -0.447828 0.000000
vn -0.894120 -0.447828 0.000000
vn -0.973170 -0.230087 0.000000
vn -0.973170 -0.230087 0.000000
vn 0.998522 -0.054348 0.000000
vn 0.998522 -0.054348 0.000000
vn 0.976586 -0.215129 0.000000
vn 0.976586 -0.215129 0.000000
vn 0.928934 -0.370246 0.000000
vn 0.928934 -0.370246 0.000000
vn 0.856821 -0.515614 0.000000
vn 0.856821 -0.515614 0.000000
vn 0.762147 -0.647404 0.000000
vn 0.762147 -0.647404 0.000000
vn 0.647404 -0.762147 0.000000
vn 0.647404 -0.762147 0.000000
vn 0.515614 -0.856821 0.000000
vn 0.515614 -0.856821 0.000000
vn 0.370246 -0.928934 0.000000
vn 0.370246 -0.928934 0.000000
vn 0.215129 -0.976586 0.000000
vn 0.215129 -0.976586 0.000000
vn -0.000000 1.000000 0.000000
vn -0.000000 1.000000 0.000000
vn 0.230087 0.973170 -0.000000
vn 0.230087 0.973170 -0.000000
vn 0.447828 0.894120 -0.000000
vn 0.447828 0.894120 -0.000000
vn 0.641538 0.767091 -0.000000
vn 0.641538 0.767091 -0.000000
vn 0.800824 0.598900 -0.000000
vn 0.800824 0.598900 -0.000000
vn 0.917137 0.398573 -0.000000
vn 0.917137 0.398573 -0.000000
vn 0.984236 0.176857 -0.000000
vn 0.984236 0.176857 -0.000000
vn 0.000000 1.000000 -0.000000
vn 0.000000 1.000000 -0.000000
vn -0.988455 0.151515 0.000000
vn -0.988455 0.151515 0.000000
vn -0.925459 0.378847 0.000000
vn -0.925459 0.378847 0.000000
vn -0.810963 0.585097 0.000000
vn -0.810963 0.585097 0.000000
vn -0.651339 0.758787 0.000000
vn -0.651339 0.758787 0.000000
vn -0.455469 0.890252 0.000000
vn -0.455469 0.890252 0.000000
vn -0.234252 0.972176 0.000000
vn -0.234252 0.972176 0.000000
vn -0.151515 0.988455 -0.000000
vn -0.151515 0.988455 -0.000000
vn -0.394405 0.918937 -0.000000
vn -0.394405 0.918937 -0.000000
vn -0.612120 0.790765 -0.000000
vn -0.612120 0.790765 -0.000000
vn -0.790765 0.612120 -0.000000
vn -0.790765 0.612120 -0.000000
vn -0.918937 0.394405 -0.000000
vn -0.918937 0.394405 -0.000000
vn -0.972176 0.234252 0.000000
vn -0.972176 0.234252 0.000000
vn -0.890252 0.455469 0.000000
vn -0.890252 0.455469 0.000000
vn -0.758787 0.651339 0.000000
vn -0.758787 0.651339 0.000000
vn -0.585097 0.810963 0.000000
vn -0.585097 0.810963 0.000000
vn -0.378847 0.925459 0.000000
vn -0.378847 0.925459 0.000000
vn -0.000000 -1.000000 0.000000
vn -0.000000 -1.000000 0.000000
vn -0.000000 -1.000000 0.000000
vn -0.000000 -1.000000 0.000000
vn 0.998522 0.054348 -0.000000
vn 0.998522 0.054348 -0.000000
vn 0.984236 -0.176857 0.000000
vn 0.984236 -0.176857 0.000000
vn 0.917137 -0.398573 0.000000
vn 0.917137 -0.398573 0.000000
vn 0.800824 -0.598900 0.000000
vn 0.800824 -0.598900 0.000000
vn 0.641538 -0.767091 0.000000
vn 0.641538 -0.767091 0.000000
vn 0.447828 -0.894120 0.000000
vn 0.447828 -0.894120 0.000000
vn 0.230087 -0.973170 0.000000
vn 0.230087 -0.973170 0.000000
vn 0.054348 0.998522 -0.000000
vn 0.054348 0.998522 -0.000000
vn 0.215129 0.976586 -0.000000
vn 0.215129 0.976586 -0.000000
vn 0.370246 0.928934 -0.000000
vn 0.370246 0.928934 -0.000000
vn 0.515614 0.856821 -0.000000
vn 0.515614 0.856821 -0.000000
vn 0.647404 0.762147 -0.000000
vn 0.647404 0.762147 -0.000000
vn 0.762147 0.647404 -0.000000
vn 0.762147 0.647404 -0.000000
vn 0.856821 0.515614 -0.000000
vn 0.856821 0.515614 -0.000000
vn 0.928934 0.370246 -0.000000
vn 0.928934 0.370246 -0.000000
vn 0.976586 0.215129 -0.000000
vn 0.976586 0.215129 -0.000000
vn -1.000000 -0.000000 0.000000
vn -1.000000 -0.000000 0.000000
vn -0.973170 0.230087 0.000000
vn -0.973170 0.230087 0.000000
vn -0.894120 0.447828 0.000000
vn -0.894120 0.447828 0.000000
vn -0.767091 0.641538 0.000000
vn -0.767091 0.641538 0.000000
vn -0.598900 0.800824 0.000000
vn -0.598900 0.800824 0.000000
vn -0.398573 0.917137 0.000000
vn -0.398573 0.917137 0.000000
vn -0.176857 0.984236 0.000000
vn -0.176857 0.984236 0.000000
vn -1.000000 -0.000000 0.000000
vn -1.000000 -0.000000 0.000000
vn -0.151515 -0.988455 0.000000
vn -0.151515 -0.988455 0.000000
vn -0.378847 -0.925459 0.000000
vn -0.378847 -0.925459 0.000000
vn -0.585097 -0.810963 0.000000
vn -0.585097 -0.810963 0.000000
vn -0.758787 -0.651339 0.000000
vn -0.758787 -0.651339 0.000000
vn -0.890252 -0.455469 0.000000
vn -0.890252 -0.455469 0.000000
vn -0.972176 -0.234252 0.000000
vn -0.972176 -0.234252 0.000000
vn -0.988455 -0.151515 0.000000
vn -0.988455 -0.151515 0.000000
vn -0.918937 -0.394405 0.000000
vn -0.918937 -0.394405 0.000000
vn -0.790765 -0.612120 0.000000
vn -0.790765 -0.612120 0.000000
vn -0.612120 -0.790765 0.000000
vn -0.612120 -0.790765 0.000000
vn -0.394405 -0.918937 0.000000
vn -0.394405 -0.918937 0.000000
vn -0.234252 -0.972176 0.000000
vn -0.234252 -0.972176 0.000000
vn -0.455469 -0.890252 0.000000
vn -0.455469 -0.890252 0.000000
vn -0.651339 -0.758787 0.000000
vn -0.651339 -0.758787 0.000000
vn -0.810963 -0.585097 0.000000
vn -0.810963 -0.585097 0.000000
vn -0.925459 -0.378847 0.000000
vn -0.925459 -0.378847 0.000000
vn 0.000000 -1.000000 0.000000
vn 0.000000 -1.000000 0.000000
vn 0.000000 -1.000000 0.000000
vn 0.000000 -1.000000 0.000000
vn 1.000000 0.000000 -0.000000
vn 1.000000 0.000000 -0.000000
vn 1.000000 0.000000 -0.000000
vn 1.000000 0.000000 -0.000000
vn 0.000000 1.000000 0.000000
vn 0.000000 1.000000 0.000000
vn 0.000000 1.000000 0.000000
vn 0.000000 1.000000 0.000000
vn -1.000000 0.000000 0.000000
vn -1.000000 0.000000 0.000000
vn -1.000000 0.000000 0.000000
vn -1.000000 0.000000 0.000000
vn 0.000000 0.000000 1.000000
vn 0.000000 0.000000 1.000000
vn 0.000000 0.000000 1.000000
vn 0.000000 0.000000 1.000000
vn 0.000000 0.000000 1.000000
vn 0.000000 0.000000 1.000000
vn 0.000000 0.000000 1.000000
vn 0.000000 0.000000 1.000000
vn 0.000000 0.000000 1.000000
vn 0.000000 0.000000 1.000000
vn 0.000000 0.000000 1.000000
vn 0.000000 0.000000 1.000000
vn 0.000000 0.000000 1.000000
vn 0.000000 0.000000 1.000000
vn 0.000000 0.000000 1.000000
vn 0.000000 0.000000 1.000000
vn 0.000000 0.000000 1.000000
vn 0.000000 0.000000 1.000000
vn 0.000000 0.000000 1.000000
vn 0.000000 0.000000 1.000000
vn 0.000000 0.000000 1.000000
vn 0.000000 0.000000 1.000000
vn 0.000000 0.000000 1.000000
vn 0.000000 0.000000 1.000000
vn 0.000000 0.000000 1.000000
vn 0.000000 0.000000 1.000000
vn 0.000000 0.000000 1.000000
vn 0.000000 0.000000 1.000000
vn 0.000000 0.000000 1.000000
vn 0.000000 0.000000 1.000000
vn 0.000000 0.000000 1.000000
vn 0.000000 0.000000 1.000000
vn 0.000000 0.000000 1.000000
vn 0.000000 0.000000 1.000000
vn 0.000000 0.000000 1.000000
vn 0.000000 0.000000 1.000000
vn 0.000000 0.000000 1.000000
vn 0.000000 0.000000 1.000000
vn 0.000000 0.000000 1.000000
vn 0.000000 0.000000 1.000000
vn 0.000000 0.000000 1.000000
vn 0.000000 0.000000 1.000000
vn 0.000000 0.000000 1.000000
vn 0.000000 0.000000 1.000000
vn 0.000000 0.000000 1.000000
vn 0.000000 0.000000 1.000000
vn 0.000000 0.000000 1.000000
vn 0.000000 0.000000 1.000000
vn 0.000000 0.000000 1.000000
vn 0.000000 0.000000 1.000000
vn 0.000000 0.000000 1.000000
vn 0.000000 0.000000 1.000000
vn 0.000000 0.000000 1.000000
vn 0.000000 0.000000 1.000000
vn 0.000000 0.000000 1.000000
vn 0.000000 0.000000 1.000000
vn 0.000000 0.000000 1.000000
vn 0.000000 0.000000 1.000000
vn 0.000000 0.000000 1.000000
vn 0.000000 0.000000 1.000000
vn 0.000000 0.000000 1.000000
vn 0.000000 0.000000 1.000000
vn 0.000000 0.000000 1.000000
vn 0.000000 0.000000 1.000000
vn 0.000000 0.000000 1.000000
vn 0.000000 0.000000 1.000000
vn 0.000000 0.000000 1.000000
vn 0.000000 0.000000 1.000000
vn 0.000000 0.000000 1.000000
vn 0.000000 0.000000 1.000000
vn 0.000000 0.000000 1.000000
vn 0.000000 0.000000 1.000000
vn 0.000000 0.000000 1.000000
vn 0.000000 0.000000 1.000000
vn 0.000000 0.000000 1.000000
vn 0.000000 0.000000 1.000000
vn 0.000000 0.000000 1.000000
vn 0.000000 0.000000 1.000000
vn 0.000000 0.000000 1.000000
vn 0.000000 0.000000 1.000000
vn 0.000000 0.000000 1.000000
vn 0.000000 0.000000 1.000000
vn 0.000000 0.000000 1.000000
vn 0.000000 0.000000 1.000000
vn 0.000000 0.000000 1.000000
vn 0.000000 0.000000 1.000000
vn 0.000000 0.000000 1.000000
vn 0.000000 0.000000 1.000000
vn 0.000000 0.000000 1.000000
vn 0.000000 0.000000 1.000000
vn 0.000000 0.000000 1.000000
vn 0.000000 0.000000 1.000000
vn 0.000000 0.000000 1.000000
vn 0.000000 0.000000 1.000000
vn 0.000000 0.000000 1.000000
vn 0.000000 0.000000 1.000000
vn 0.000000 0.000000 1.000000
vn 0.000000 0.000000 1.000000
vn 0.000000 0.000000 1.000000
vn 0.000000 0.000000 1.000000
vn 0.000000 0.000000 1.000000
vn 0.000000 0.000000 1.000000
vn 0.000000 0.000000 1.000000
vn 0.000000 0.000000 1.000000
vn 0.000000 0.000000 1.000000
vn 0.000000 0.000000 1.000000
vn 0.000000 0.000000 1.000000
vn 0.000000 0.000000 1.000000
vn 0.000000 0.000000 1.000000
vn 0.000000 0.000000 1.000000
vn 0.000000 0.000000 1.000000
vn 0.000000 0.000000 1.000000
vn 0.000000 0.000000 1.000000
vn 0.000000 0.000000 1.000000
vn 0.000000 0.000000 1.000000
vn 0.000000 0.000000 1.000000
vn 0.000000 0.000000 1.000000
vn 0.000000 0.000000 1.000000
vn 0.000000 0.000000 1.000000
vn 0.000000 0.000000 1.000000
vn 0.000000 0.000000 1.000000
vn 0.000000 0.000000 1.000000
vn 0.000000 0.000000 1.000000
vn 0.000000 0.000000 1.000000
vn 0.000000 0.000000 1.000000
vn 0.000000 0.000000 1.000000
vn 0.000000 0.000000 1.000000
vn 0.000000 0.000000 1.000000
vn 0.000000 0.000000 1.000000
vn 0.000000 0.000000 1.000000
vn 0.000000 0.000000 1.000000
vn 0.000000 0.000000 1.000000
vn 0.000000 0.000000 1.000000
vn 0.000000 0.000000 1.000000
vn 0.000000 0.000000 1.000000
vn 0.000000 0.000000 1.000000
vn 0.000000 0.000000 1.000000
vn 0.000000 0.000000 1.000000
vn 0.000000 0.000000 1.000000
vn 0.000000 0.000000 1.000000
vn 0.000000 0.000000 1.000000
vn 0.000000 0.000000 1.000000
vn 0.000000 0.000000 1.000000
vn 0.000000 0.000000 1.000000
vn 0.000000 0.000000 1.000000
vn 0.000000 0.000000 1.000000
vn 0.000000 0.000000 1.000000
vn 0.000000 0.000000 1.000000
vn 0.000000 0.000000 1.000000
vn 0.000000 0.000000 1.000000
vn 0.000000 0.000000 1.000000
vn 0.000000 0.000000 1.000000
vn 0.000000 0.000000 1.000000
vn 0.000000 0.000000 1.000000
vn 0.000000 0.000000 1.000000
vn 0.000000 0.000000 1.000000
vn 0.000000 0.000000 1.000000
vn 0.000000 0.000000 1.000000
vn 0.000000 0.000000 1.000000
vn 0.000000 0.000000 1.000000
vn 0.000000 0.000000 1.000000
vn 0.000000 0.000000 1.000000
vn 0.000000 0.000000 1.000000
vn 0.000000 0.000000 1.000000
vn 0.000000 0.000000 1.000000
vn 0.000000 0.000000 1.000000
vn 0.000000 0.000000 1.000000
vn 0.000000 0.000000 1.000000
vn 0.000000 0.000000 1.000000
vn 0.000000 0.000000 1.000000
vn 0.000000 0.000000 1.000000
vn 0.000000 0.000000 1.000000
vn 0.000000 0.000000 1.000000
vn 0.000000 0.000000 1.000000
vn 0.000000 0.000000 1.000000
vn 0.000000 0.000000 1.000000
vn 0.000000 0.000000 1.000000
vn 0.000000 0.000000 1.000000
vn 0.000000 0.000000 1.000000
vn 0.000000 0.000000 1.000000
vn 0.000000 0.000000 1.000000
vn 0.000000 0.000000 1.000000
vn 0.000000 0.000000 1.000000
vn 0.000000 0.000000 1.000000
vn 0.000000 0.000000 1.000000
vn 0.000000 0.000000 1.000000
vn 0.000000 0.000000 1.000000
vn 0.000000 0.000000 1.000000
vn 0.000000 0.000000 1.000000
vn 0.000000 0.000000 1.000000
vn 0.000000 0.000000 1.000000
vn 0.000000 0.000000 1.000000
vn 0.000000 0.000000 1.000000
vn 0.000000 0.000000 1.000000
vn 0.000000 0.000000 1.000000
vn 0.000000 0.000000 1.000000
vn 0.000000 0.000000 1.000000
vn 0.000000 0.000000 1.000000
vn 0.000000 0.000000 1.000000
vn 0.000000 0.000000 1.000000
vn 0.000000 0.000000 1.000000
vn 0.000000 0.000000 1.000000
vn 0.000000 0.000000 1.000000
vn 0.000000 0.000000 1.000000
vn 0.000000 0.000000 1.000000
vn 0.000000 0.000000 1.000000
vn 0.000000 0.000000 1.000000
vn 0.000000 0.000000 1.000000
vn 0.000000 0.000000 1.000000
vn 0.000000 0.000000 1.000000
vn 0.000000 0.000000 1.000000
vn 0.000000 0.000000 1.000000
vn 0.000000 0.000000 1.000000
vn -0.000000 -0.000000 -1.000000
vn -0.000000 -0.000000 -1.000000
vn -0.000000 -0.000000 -1.000000
vn -0.000000 -0.000000 -1.000000
vn -0.000000 -0.000000 -1.000000
vn -0.000000 -0.000000 -1.000000
vn -0.000000 -0.000000 -1.000000
vn -0.000000 -0.000000 -1.000000
vn -0.000000 -0.000000 -1.000000
vn -0.000000 -0.000000 -1.000000
vn -0.000000 -0.000000 -1.000000
vn -0.000000 -0.000000 -1.000000
vn -0.000000 -0.000000 -1.000000
vn -0.000000 -0.000000 -1.000000
vn -0.000000 -0.000000 -1.000000
vn -0.000000 -0.000000 -1.000000
vn -0.000000 -0.000000 -1.000000
vn -0.000000 -0.000000 -1.000000
vn -0.000000 -0.000000 -1.000000
vn -0.000000 -0.000000 -1.000000
vn -0.000000 -0.000000 -1.000000
vn -0.000000 -0.000000 -1.000000
vn -0.000000 -0.000000 -1.000000
vn -0.000000 -0.000000 -1.000000
vn -0.000000 -0.000000 -1.000000
vn -0.000000 -0.000000 -1.000000
vn -0.000000 -0.000000 -1.000000
vn -0.000000 -0.000000 -1.000000
vn -0.000000 -0.000000 -1.000000
vn -0.000000 -0.000000 -1.000000
vn -0.000000 -0.000000 -1.000000
vn -0.000000 -0.000000 -1.000000
vn -0.000000 -0.000000 -1.000000
vn -0.000000 -0.000000 -1.000000
vn -0.000000 -0.000000 -1.000000
vn -0.000000 -0.000000 -1.000000
vn -0.000000 -0.000000 -1.000000
vn -0.000000 -0.000000 -1.000000
vn -0.000000 -0.000000 -1.000000
vn -0.000000 -0.000000 -1.000000
vn -0.000000 -0.000000 -1.000000
vn -0.000000 -0.000000 -1.000000
vn -0.000000 -0.000000 -1.000000
vn -0.000000 -0.000000 -1.000000
vn -0.000000 -0.000000 -1.000000
vn -0.000000 -0.000000 -1.000000
vn -0.000000 -0.000000 -1.000000
vn -0.000000 -0.000000 -1.000000
vn -0.000000 -0.000000 -1.000000
vn -0.000000 -0.000000 -1.000000
vn -0.000000 -0.000000 -1.000000
vn -0.000000 -0.000000 -1.000000
vn -0.000000 -0.000000 -1.000000
vn -0.000000 -0.000000 -1.000000
vn -0.000000 -0.000000 -1.000000
vn -0.000000 -0.000000 -1.000000
vn -0.000000 -0.000000 -1.000000
vn -0.000000 -0.000000 -1.000000
vn -0.000000 -0.000000 -1.000000
vn -0.000000 -0.000000 -1.000000
vn -0.000000 -0.000000 -1.000000
vn -0.000000 -0.000000 -1.000000
vn -0.000000 -0.000000 -1.000000
vn -0.000000 -0.000000 -1.000000
vn -0.000000 -0.000000 -1.000000
vn -0.000000 -0.000000 -1.000000
vn -0.000000 -0.000000 -1.000000
vn -0.000000 -0.000000 -1.000000
vn -0.000000 -0.000000 -1.000000
vn -0.000000 -0.000000 -1.000000
vn -0.000000 -0.000000 -1.000000
vn -0.000000 -0.000000 -1.000000
vn -0.000000 -0.000000 -1.000000
vn -0.000000 -0.000000 -1.000000
vn -0.000000 -0.000000 -1.000000
vn -0.000000 -0.000000 -1.000000
vn -0.000000 -0.000000 -1.000000
vn -0.000000 -0.000000 -1.000000
vn -0.000000 -0.000000 -1.000000
vn -0.000000 -0.000000 -1.000000
vn -0.000000 -0.000000 -1.000000
vn -0.000000 -0.000000 -1.000000
vn -0.000000 -0.000000 -1.000000
vn -0.000000 -0.000000 -1.000000
vn -0.000000 -0.000000 -1.000000
vn -0.000000 -0.000000 -1.000000
vn -0.000000 -0.000000 -1.000000
vn -0.000000 -0.000000 -1.000000
vn -0.000000 -0.000000 -1.000000
vn -0.000000 -0.000000 -1.000000
vn -0.000000 -0.000000 -1.000000
vn -0.000000 -0.000000 -1.000000
vn -0.000000 -0.000000 -1.000000
vn -0.000000 -0.000000 -1.000000
vn -0.000000 -0.000000 -1.000000
vn -0.000000 -0.000000 -1.000000
vn -0.000000 -0.000000 -1.000000
vn -0.000000 -0.000000 -1.000000
vn -0.000000 -0.000000 -1.000000
vn -0.000000 -0.000000 -1.000000
vn -0.000000 -0.000000 -1.000000
vn -0.000000 -0.000000 -1.000000
vn -0.000000 -0.000000 -1.000000
vn -0.000000 -0.000000 -1.000000
vn -0.000000 -0.000000 -1.000000
vn -0.000000 -0.000000 -1.000000
vn -0.000000 -0.000000 -1.000000
vn -0.000000 -0.000000 -1.000000
vn -0.000000 -0.000000 -1.000000
vn -0.000000 -0.000000 -1.000000
vn -0.000000 -0.000000 -1.000000
vn -0.000000 -0.000000 -1.000000
vn -0.000000 -0.000000 -1.000000
vn -0.000000 -0.000000 -1.000000
vn -0.000000 -0.000000 -1.000000
vn -0.000000 -0.000000 -1.000000
vn -0.000000 -0.000000 -1.000000
vn -0.000000 -0.000000 -1.000000
vn -0.000000 -0.000000 -1.000000
vn -0.000000 -0.000000 -1.000000
vn -0.000000 -0.000000 -1.000000
vn -0.000000 -0.000000 -1.000000
vn -0.000000 -0.000000 -1.000000
vn -0.000000 -0.000000 -1.000000
vn -0.000000 -0.000000 -1.000000
vn -0.000000 -0.000000 -1.000000
vn -0.000000 -0.000000 -1.000000
vn -0.000000 -0.000000 -1.000000
vn -0.000000 -0.000000 -1.000000
vn -0.000000 -0.000000 -1.000000
vn -0.000000 -0.000000 -1.000000
vn -0.000000 -0.000000 -1.000000
vn -0.000000 -0.000000 -1.000000
vn -0.000000 -0.000000 -1.000000
vn -0.000000 -0.000000 -1.000000
vn -0.000000 -0.000000 -1.000000
vn -0.000000 -0.000000 -1.000000
vn -0.000000 -0.000000 -1.000000
vn -0.000000 -0.000000 -1.000000
vn -0.000000 -0.000000 -1.000000
vn -0.000000 -0.000000 -1.000000
vn -0.000000 -0.000000 -1.000000
vn -0.000000 -0.000000 -1.000000
vn -0.000000 -0.000000 -1.000000
vn -0.000000 -0.000000 -1.000000
vn -0.000000 -0.000000 -1.000000
vn -0.000000 -0.000000 -1.000000
vn -0.000000 -0.000000 -1.000000
vn -0.000000 -0.000000 -1.000000
vn -0.000000 -0.000000 -1.000000
vn -0.000000 -0.000000 -1.000000
vn -0.000000 -0.000000 -1.000000
vn -0.000000 -0.000000 -1.000000
vn -0.000000 -0.000000 -1.000000
vn -0.000000 -0.000000 -1.000000
vn -0.000000 -0.000000 -1.000000
vn -0.000000 -0.000000 -1.000000
vn -0.000000 -0.000000 -1.000000
vn -0.000000 -0.000000 -1.000000
vn -0.000000 -0.000000 -1.000000
vn -0.000000 -0.000000 -1.000000
vn -0.000000 -0.000000 -1.000000
vn -0.000000 -0.000000 -1.000000
vn -0.000000 -0.000000 -1.000000
vn -0.000000 -0.000000 -1.000000
vn -0.000000 -0.000000 -1.000000
vn -0.000000 -0.000000 -1.000000
vn -0.000000 -0.000000 -1.000000
vn -0.000000 -0.000000 -1.000000
vn -0.000000 -0.000000 -1.000000
vn -0.000000 -0.000000 -1.000000
vn -0.000000 -0.000000 -1.000000
vn -0.000000 -0.000000 -1.000000
vn -0.000000 -0.000000 -1.000000
vn -0.000000 -0.000000 -1.000000
vn -0.000000 -0.000000 -1.000000
vn -0.000000 -0.000000 -1.000000
vn -0.000000 -0.000000 -1.000000
vn -0.000000 -0.000000 -1.000000
vn -0.000000 -0.000000 -1.000000
vn -0.000000 -0.000000 -1.000000
vn -0.000000 -0.000000 -1.000000
vn -0.000000 -0.000000 -1.000000
vn -0.000000 -0.000000 -1.000000
vn -0.000000 -0.000000 -1.000000
vn -0.000000 -0.000000 -1.000000
vn -0.000000 -0.000000 -1.000000
vn -0.000000 -0.000000 -1.000000
vn -0.000000 -0.000000 -1.000000
vn -0.000000 -0.000000 -1.000000
vn -0.000000 -0.000000 -1.000000
vn -0.000000 -0.000000 -1.000000
vn -0.000000 -0.000000 -1.000000
vn -0.000000 -0.000000 -1.000000
vn -0.000000 -0.000000 -1.000000
vn -0.000000 -0.000000 -1.000000
vn -0.000000 -0.000000 -1.000000
vn -0.000000 -0.000000 -1.000000
vn -0.000000 -0.000000 -1.000000
vn -0.000000 -0.000000 -1.000000
vn -0.000000 -0.000000 -1.000000
vn -0.000000 -0.000000 -1.000000
vn -0.000000 -0.000000 -1.000000
vn -0.000000 -0.000000 -1.000000
vn -0.000000 -0.000000 -1.000000
vn -0.000000 -0.000000 -1.000000
vn -0.000000 -0.000000 -1.000000
vn -0.000000 -0.000000 -1.000000
vn -0.000000 -0.000000 -1.000000
vn -0.000000 -0.000000 -1.000000
vn -0.000000 -0.000000 -1.000000
vn -0.000000 -0.000000 -1.000000
vn -0.000000 -0.000000 -1.000000
usemtl Stahl_-_satiniert
f 2/1/1 104/2/2 1/3/3
f 1/3/3 104/2/2 41/4/4
f 1/3/3 41/4/4 42/5/5
f 104/2/2 2/1/1 103/6/6
f 103/6/6 2/1/1 3/7/7
f 103/6/6 3/7/7 102/8/8
f 102/8/8 3/7/7 101/9/9
f 101/9/9 3/7/7 4/10/10
f 101/9/9 4/10/10 100/11/11
f 100/11/11 4/10/10 99/12/12
f 99/12/12 4/10/10 5/13/13
f 99/12/12 5/13/13 98/14/14
f 98/14/14 5/13/13 6/15/15
f 98/14/14 6/15/15 97/16/16
f 97/16/16 6/15/15 96/17/17
f 96/17/17 6/15/15 7/18/18
f 96/17/17 7/18/18 95/19/19
f 95/19/19 7/18/18 8/20/20
f 95/19/19 8/20/20 94/21/21
f 94/21/21 8/20/20 93/22/22
f 93/22/22 8/20/20 9/23/23
f 93/22/22 9/23/23 92/24/24
f 92/24/24 9/23/23 91/25/25
f 91/25/25 9/23/23 10/26/26
f 91/25/25 10/26/26 90/27/27
f 90/27/27 10/26/26 11/28/28
f 90/27/27 11/28/28 89/29/29
f 89/29/29 11/28/28 88/30/30
f 88/30/30 11/28/28 12/31/31
f 88/30/30 12/31/31 87/32/32
f 87/32/32 12/31/31 13/33/33
f 87/32/32 13/33/33 86/34/34
f 86/34/34 13/33/33 85/35/35
f 85/35/35 13/33/33 14/36/36
f 85/35/35 14/36/36 84/37/37
f 84/37/37 14/36/36 83/38/38
f 83/38/38 14/36/36 15/39/39
f 83/38/38 15/39/39 82/40/40
f 82/40/40 15/39/39 16/41/41
f 82/40/40 16/41/41 81/42/42
f 81/42/42 16/41/41 80/43/43
f 80/43/43 16/41/41 17/44/44
f 80/43/43 17/44/44 79/45/45
f 79/45/45 17/44/44 18/46/46
f 79/45/45 18/46/46 78/47/47
f 78/47/47 18/46/46 77/48/48
f 77/48/48 18/46/46 19/49/49
f 77/48/48 19/49/49 76/50/50
f 76/50/50 19/49/49 75/51/51
f 75/51/51 19/49/49 20/52/52
f 75/51/51 20/52/52 74/53/53
f 74/53/53 20/52/52 21/54/54
f 74/53/53 21/54/54 73/55/55
f 73/56/55 21/57/54 72/58/56
f 72/58/56 21/57/54 22/59/57
f 72/58/56 22/59/57 71/60/58
f 71/60/58 22/59/57 23/61/59
f 71/60/58 23/61/59 70/62/60
f 70/62/60 23/61/59 69/63/61
f 69/63/61 23/61/59 24/64/62
f 69/63/61 24/64/62 68/65/63
f 68/65/63 24/64/62 67/66/64
f 67/66/64 24/64/62 25/67/65
f 67/66/64 25/67/65 66/68/66
f 66/68/66 25/67/65 26/69/67
f 66/68/66 26/69/67 65/70/68
f 65/70/68 26/69/67 64/71/69
f 64/71/69 26/69/67 27/72/70
f 64/71/69 27/72/70 63/73/71
f 63/73/71 27/72/70 28/74/72
f 63/73/71 28/74/72 62/75/73
f 62/75/73 28/74/72 61/76/74
f 61/76/74 28/74/72 29/77/75
f 61/76/74 29/77/75 60/78/76
f 60/78/76 29/77/75 59/79/77
f 59/79/77 29/77/75 30/80/78
f 59/79/77 30/80/78 58/81/79
f 58/81/79 30/80/78 31/82/80
f 58/81/79 31/82/80 57/83/81
f 57/83/81 31/82/80 56/84/82
f 56/84/82 31/82/80 32/85/83
f 56/84/82 32/85/83 55/86/84
f 55/86/84 32/85/83 33/87/85
f 55/86/84 33/87/85 54/88/86
f 54/88/86 33/87/85 53/89/87
f 53/89/87 33/87/85 34/90/88
f 53/89/87 34/90/88 52/91/89
f 52/91/89 34/90/88 51/92/90
f 51/92/90 34/90/88 35/93/91
f 51/92/90 35/93/91 50/94/92
f 50/94/92 35/93/91 36/95/93
f 50/94/92 36/95/93 49/96/94
f 49/96/94 36/95/93 48/97/95
f 48/97/95 36/95/93 37/98/96
f 48/97/95 37/98/96 47/99/97
f 47/99/97 37/98/96 38/100/98
f 47/99/97 38/100/98 46/101/99
f 46/101/99 38/100/98 45/102/100
f 45/102/100 38/100/98 39/103/101
f 45/102/100 39/103/101 44/104/102
f 44/104/102 39/103/101 43/105/103
f 43/105/103 39/103/101 40/106/104
f 43/105/103 40/106/104 42/5/5
f 42/5/5 40/106/104 1/3/3
f 106/107/105 189/108/106 105/109/107
f 105/109/107 189/108/106 194/110/108
f 105/109/107 194/110/108 145/111/109
f 145/111/109 194/110/108 304/112/110
f 145/111/109 304/112/110 144/113/111
f 144/113/111 304/112/110 301/114/112
f 144/113/111 301/114/112 143/115/113
f 143/115/113 301/114/112 298/116/114
f 143/115/113 298/116/114 142/117/115
f 142/117/115 298/116/114 295/118/116
f 142/117/115 295/118/116 141/119/117
f 141/119/117 295/118/116 292/120/118
f 141/119/117 292/120/118 140/121/119
f 140/121/119 292/120/118 289/122/120
f 140/121/119 289/122/120 139/123/121
f 139/123/121 289/122/120 287/124/122
f 139/123/121 287/124/122 138/125/123
f 138/125/123 287/124/122 284/126/124
f 138/125/123 284/126/124 137/127/125
f 137/127/125 284/126/124 281/128/126
f 137/127/125 281/128/126 136/129/127
f 136/129/127 281/128/126 278/130/128
f 136/129/127 278/130/128 135/131/129
f 135/131/129 278/130/128 275/132/130
f 135/131/129 275/132/130 134/133/131
f 134/133/131 275/132/130 272/134/132
f 134/133/131 272/134/132 133/135/133
f 133/135/133 272/134/132 269/136/134
f 133/135/133 269/136/134 132/137/135
f 132/137/135 269/136/134 266/138/136
f 132/137/135 266/138/136 131/139/137
f 131/139/137 266/138/136 263/140/138
f 131/139/137 263/140/138 130/141/139
f 130/141/139 263/140/138 260/142/140
f 130/141/139 260/142/140 129/143/141
f 129/143/141 260/142/140 257/144/142
f 129/143/141 257/144/142 128/145/143
f 128/145/143 257/144/142 254/146/144
f 128/145/143 254/146/144 127/147/145
f 127/147/145 254/146/144 251/148/146
f 127/147/145 251/148/146 126/149/147
f 126/149/147 251/148/146 184/150/148
f 126/149/147 184/150/148 125/151/149
f 125/152/149 184/153/148 248/154/150
f 125/152/149 248/154/150 124/155/151
f 124/155/151 248/154/150 245/156/152
f 124/155/151 245/156/152 123/157/153
f 123/157/153 245/156/152 242/158/154
f 123/157/153 242/158/154 122/159/155
f 122/159/155 242/158/154 239/160/156
f 122/159/155 239/160/156 121/161/157
f 121/161/157 239/160/156 236/162/158
f 121/161/157 236/162/158 120/163/159
f 120/163/159 236/162/158 233/164/160
f 120/163/159 233/164/160 119/165/161
f 119/165/161 233/164/160 230/166/162
f 119/165/161 230/166/162 118/167/163
f 118/167/163 230/166/162 227/168/164
f 118/167/163 227/168/164 117/169/165
f 117/169/165 227/168/164 224/170/166
f 117/169/165 224/170/166 116/171/167
f 116/171/167 224/170/166 221/172/168
f 116/171/167 221/172/168 115/173/169
f 115/173/169 221/172/168 218/174/170
f 115/173/169 218/174/170 114/175/171
f 114/175/171 218/174/170 215/176/172
f 114/175/171 215/176/172 113/177/173
f 113/177/173 215/176/172 213/178/174
f 113/177/173 213/178/174 112/179/175
f 112/179/175 213/178/174 210/180/176
f 112/179/175 210/180/176 111/181/177
f 111/181/177 210/180/176 207/182/178
f 111/181/177 207/182/178 110/183/179
f 110/183/179 207/182/178 204/184/180
f 110/183/179 204/184/180 109/185/181
f 109/185/181 204/184/180 201/186/182
f 109/185/181 201/186/182 108/187/183
f 108/187/183 201/186/182 198/188/184
f 108/187/183 198/188/184 107/189/185
f 107/189/185 198/188/184 195/190/186
f 107/189/185 195/190/186 106/107/105
f 106/107/105 195/190/186 189/108/106
f 147/191/187 192/192/188 146/193/189
f 146/193/189 192/192/188 191/194/190
f 146/193/189 191/194/190 183/195/191
f 183/195/191 191/194/190 197/196/192
f 183/195/191 197/196/192 182/197/193
f 182/197/193 197/196/192 200/198/194
f 182/197/193 200/198/194 181/199/195
f 181/199/195 200/198/194 203/200/196
f 181/199/195 203/200/196 180/201/197
f 180/201/197 203/200/196 206/202/198
f 180/201/197 206/202/198 179/203/199
f 179/203/199 206/202/198 209/204/200
f 179/203/199 209/204/200 178/205/201
f 178/205/201 209/204/200 212/206/202
f 178/205/201 212/206/202 187/207/203
f 187/207/203 212/206/202 211/208/204
f 187/207/203 211/208/204 214/209/205
f 214/209/205 211/208/204 210/180/176
f 214/209/205 210/180/176 213/178/174
f 192/192/188 147/191/187 306/210/206
f 306/210/206 147/191/187 148/211/207
f 306/210/206 148/211/207 303/212/208
f 303/212/208 148/211/207 149/213/209
f 303/212/208 149/213/209 300/214/210
f 300/214/210 149/213/209 150/215/211
f 300/214/210 150/215/211 297/216/212
f 297/216/212 150/215/211 151/217/213
f 297/216/212 151/217/213 294/218/214
f 294/218/214 151/217/213 152/219/215
f 294/218/214 152/219/215 291/220/216
f 291/220/216 152/219/215 188/221/217
f 291/220/216 188/221/217 288/222/218
f 288/222/218 188/221/217 285/223/219
f 288/222/218 285/223/219 284/126/124
f 284/126/124 285/223/219 281/128/126
f 152/219/215 153/224/220 188/221/217
f 188/221/217 153/224/220 286/225/221
f 188/221/217 286/225/221 285/223/219
f 285/223/219 286/225/221 282/226/222
f 285/223/219 282/226/222 281/128/126
f 281/128/126 282/226/222 278/130/128
f 153/224/220 154/227/223 286/225/221
f 286/225/221 154/227/223 283/228/224
f 286/225/221 283/228/224 282/226/222
f 282/226/222 283/228/224 279/229/225
f 282/226/222 279/229/225 278/130/128
f 278/130/128 279/229/225 275/132/130
f 154/227/223 155/230/226 283/228/224
f 283/228/224 155/230/226 280/231/227
f 283/228/224 280/231/227 279/229/225
f 279/229/225 280/231/227 276/232/228
f 279/229/225 276/232/228 275/132/130
f 275/132/130 276/232/228 272/134/132
f 155/230/226 156/233/229 280/231/227
f 280/231/227 156/233/229 277/234/230
f 280/231/227 277/234/230 276/232/228
f 276/232/228 277/234/230 273/235/231
f 276/232/228 273/235/231 272/134/132
f 272/134/132 273/235/231 269/136/134
f 156/233/229 157/236/232 277/234/230
f 277/234/230 157/236/232 274/237/233
f 277/234/230 274/237/233 273/235/231
f 273/235/231 274/237/233 270/238/234
f 273/235/231 270/238/234 269/136/134
f 269/136/134 270/238/234 266/138/136
f 157/236/232 158/239/235 274/237/233
f 274/237/233 158/239/235 271/240/236
f 274/237/233 271/240/236 270/238/234
f 270/238/234 271/240/236 267/241/237
f 270/238/234 267/241/237 266/138/136
f 266/138/136 267/241/237 263/140/138
f 158/239/235 159/242/238 271/240/236
f 271/240/236 159/242/238 268/243/239
f 271/240/236 268/243/239 267/241/237
f 267/241/237 268/243/239 264/244/240
f 267/241/237 264/244/240 263/140/138
f 263/140/138 264/244/240 260/142/140
f 159/242/238 160/245/241 268/243/239
f 268/243/239 160/245/241 265/246/242
f 268/243/239 265/246/242 264/244/240
f 264/244/240 265/246/242 261/247/243
f 264/244/240 261/247/243 260/142/140
f 260/142/140 261/247/243 257/144/142
f 160/245/241 161/248/244 265/246/242
f 265/246/242 161/248/244 262/249/245
f 265/246/242 262/249/245 261/247/243
f 261/247/243 262/249/245 258/250/246
f 261/247/243 258/250/246 257/144/142
f 257/144/142 258/250/246 254/146/144
f 161/248/244 162/251/247 262/249/245
f 262/249/245 162/251/247 259/252/248
f 262/249/245 259/252/248 258/250/246
f 258/250/246 259/252/248 255/253/249
f 258/250/246 255/253/249 254/146/144
f 254/146/144 255/253/249 251/148/146
f 162/251/247 163/254/250 259/252/248
f 259/252/248 163/254/250 256/255/251
f 259/252/248 256/255/251 255/253/249
f 255/253/249 256/255/251 252/256/252
f 255/253/249 252/256/252 251/148/146
f 251/148/146 252/256/252 184/150/148
f 163/254/250 164/257/253 256/255/251
f 256/255/251 164/257/253 253/258/254
f 256/255/251 253/258/254 252/256/252
f 252/256/252 253/258/254 185/259/255
f 252/256/252 185/259/255 184/150/148
f 184/153/148 185/260/255 248/154/150
f 164/257/253 165/261/256 253/258/254
f 253/258/254 165/261/256 186/262/257
f 253/258/254 186/262/257 185/259/255
f 185/260/255 186/263/257 249/264/258
f 185/260/255 249/264/258 248/154/150
f 248/154/150 249/264/258 245/156/152
f 186/263/257 165/265/256 250/266/259
f 250/266/259 165/265/256 166/267/260
f 250/266/259 166/267/260 247/268/261
f 247/268/261 166/267/260 167/269/262
f 247/268/261 167/269/262 244/270/263
f 244/270/263 167/269/262 168/271/264
f 244/270/263 168/271/264 241/272/265
f 241/272/265 168/271/264 169/273/266
f 241/272/265 169/273/266 238/274/267
f 238/274/267 169/273/266 170/275/268
f 238/274/267 170/275/268 235/276/269
f 235/276/269 170/275/268 171/277/270
f 235/276/269 171/277/270 232/278/271
f 232/278/271 171/277/270 172/279/272
f 232/278/271 172/279/272 229/280/273
f 229/280/273 172/279/272 173/281/274
f 229/280/273 173/281/274 226/282/275
f 226/282/275 173/281/274 174/283/276
f 226/282/275 174/283/276 223/284/277
f 223/284/277 174/283/276 175/285/278
f 223/284/277 175/285/278 220/286/279
f 220/286/279 175/285/278 176/287/280
f 220/286/279 176/287/280 217/288/281
f 217/288/281 176/287/280 177/289/282
f 217/288/281 177/289/282 187/207/203
f 187/207/203 177/289/282 178/205/201
f 249/264/258 186/263/257 250/266/259
f 189/108/106 190/290/283 194/110/108
f 194/110/108 190/290/283 193/291/284
f 194/110/108 193/291/284 304/112/110
f 304/112/110 193/291/284 305/292/285
f 304/112/110 305/292/285 301/114/112
f 301/114/112 305/292/285 302/293/286
f 301/114/112 302/293/286 298/116/114
f 298/116/114 302/293/286 299/294/287
f 298/116/114 299/294/287 295/118/116
f 295/118/116 299/294/287 296/295/288
f 295/118/116 296/295/288 292/120/118
f 292/120/118 296/295/288 293/296/289
f 292/120/118 293/296/289 289/122/120
f 289/122/120 293/296/289 290/297/290
f 289/122/120 290/297/290 287/124/122
f 287/124/122 290/297/290 288/222/218
f 287/124/122 288/222/218 284/126/124
f 190/290/283 191/194/190 193/291/284
f 193/291/284 191/194/190 192/192/188
f 193/291/284 192/192/188 305/292/285
f 305/292/285 192/192/188 306/210/206
f 305/292/285 306/210/206 302/293/286
f 302/293/286 306/210/206 303/212/208
f 302/293/286 303/212/208 299/294/287
f 299/294/287 303/212/208 300/214/210
f 299/294/287 300/214/210 296/295/288
f 296/295/288 300/214/210 297/216/212
f 296/295/288 297/216/212 293/296/289
f 293/296/289 297/216/212 294/218/214
f 293/296/289 294/218/214 290/297/290
f 290/297/290 294/218/214 291/220/216
f 290/297/290 291/220/216 288/222/218
f 190/290/283 189/108/106 196/298/291
f 196/298/291 189/108/106 195/190/186
f 196/298/291 195/190/186 199/299/292
f 199/299/292 195/190/186 198/188/184
f 199/299/292 198/188/184 202/300/293
f 202/300/293 198/188/184 201/186/182
f 202/300/293 201/186/182 205/301/294
f 205/301/294 201/186/182 204/184/180
f 205/301/294 204/184/180 208/302/295
f 208/302/295 204/184/180 207/182/178
f 208/302/295 207/182/178 211/208/204
f 211/208/204 207/182/178 210/180/176
f 191/194/190 190/290/283 197/196/192
f 197/196/192 190/290/283 196/298/291
f 197/196/192 196/298/291 200/198/194
f 200/198/194 196/298/291 199/299/292
f 200/198/194 199/299/292 203/200/196
f 203/200/196 199/299/292 202/300/293
f 203/200/196 202/300/293 206/202/198
f 206/202/198 202/300/293 205/301/294
f 206/202/198 205/301/294 209/204/200
f 209/204/200 205/301/294 208/302/295
f 209/204/200 208/302/295 212/206/202
f 212/206/202 208/302/295 211/208/204
f 217/288/281 187/207/203 214/209/205
f 214/209/205 213/178/174 216/303/296
f 216/303/296 213/178/174 215/176/172
f 216/303/296 215/176/172 219/304/297
f 219/304/297 215/176/172 218/174/170
f 219/304/297 218/174/170 222/305/298
f 222/305/298 218/174/170 221/172/168
f 222/305/298 221/172/168 225/306/299
f 225/306/299 221/172/168 224/170/166
f 225/306/299 224/170/166 228/307/300
f 228/307/300 224/170/166 227/168/164
f 228/307/300 227/168/164 231/308/301
f 231/308/301 227/168/164 230/166/162
f 231/308/301 230/166/162 234/309/302
f 234/309/302 230/166/162 233/164/160
f 234/309/302 233/164/160 237/310/303
f 237/310/303 233/164/160 236/162/158
f 237/310/303 236/162/158 240/311/304
f 240/311/304 236/162/158 239/160/156
f 240/311/304 239/160/156 243/312/305
f 243/312/305 239/160/156 242/158/154
f 243/312/305 242/158/154 246/313/306
f 246/313/306 242/158/154 245/156/152
f 246/313/306 245/156/152 249/264/258
f 220/286/279 217/288/281 216/303/296
f 216/303/296 217/288/281 214/209/205
f 220/286/279 216/303/296 219/304/297
f 223/284/277 220/286/279 219/304/297
f 223/284/277 219/304/297 222/305/298
f 226/282/275 223/284/277 222/305/298
f 226/282/275 222/305/298 225/306/299
f 229/280/273 226/282/275 225/306/299
f 229/280/273 225/306/299 228/307/300
f 232/278/271 229/280/273 228/307/300
f 232/278/271 228/307/300 231/308/301
f 235/276/269 232/278/271 231/308/301
f 235/276/269 231/308/301 234/309/302
f 238/274/267 235/276/269 234/309/302
f 238/274/267 234/309/302 237/310/303
f 241/272/265 238/274/267 237/310/303
f 241/272/265 237/310/303 240/311/304
f 244/270/263 241/272/265 240/311/304
f 244/270/263 240/311/304 243/312/305
f 247/268/261 244/270/263 243/312/305
f 247/268/261 243/312/305 246/313/306
f 250/266/259 247/268/261 246/313/306
f 250/266/259 246/313/306 249/264/258
f 307/314/307 308/315/308 377/316/309
f 377/316/309 308/315/308 413/317/310
f 377/316/309 413/317/310 376/318/311
f 376/318/311 413/317/310 423/319/312
f 376/318/311 423/319/312 375/320/313
f 375/320/313 423/319/312 374/321/314
f 374/321/314 423/319/312 433/322/315
f 374/321/314 433/322/315 373/323/316
f 373/323/316 433/322/315 443/324/317
f 373/323/316 443/324/317 372/325/318
f 372/325/318 443/324/317 452/326/319
f 372/325/318 452/326/319 371/327/320
f 371/327/320 452/326/319 462/328/321
f 371/327/320 462/328/321 370/329/322
f 370/329/322 462/328/321 461/330/323
f 370/329/322 461/330/323 369/331/324
f 369/331/324 461/330/323 482/332/325
f 369/331/324 482/332/325 481/333/326
f 481/333/326 482/332/325 483/334/327
f 481/333/326 483/334/327 480/335/328
f 480/335/328 483/334/327 484/336/329
f 480/335/328 484/336/329 479/337/330
f 479/337/330 484/336/329 485/338/331
f 479/337/330 485/338/331 478/339/332
f 478/339/332 485/338/331 486/340/333
f 478/339/332 486/340/333 477/341/334
f 477/341/334 486/340/333 487/342/335
f 477/341/334 487/342/335 476/343/336
f 476/343/336 487/342/335 488/344/337
f 476/343/336 488/344/337 475/345/338
f 475/345/338 488/344/337 489/346/339
f 475/345/338 489/346/339 474/347/340
f 474/347/340 489/346/339 490/348/341
f 474/347/340 490/348/341 473/349/342
f 473/349/342 490/348/341 491/350/343
f 473/349/342 491/350/343 472/351/344
f 472/351/344 491/350/343 140/352/119
f 472/351/344 140/352/119 380/353/345
f 380/353/345 140/352/119 139/354/121
f 380/353/345 139/354/121 492/355/346
f 492/355/346 139/354/121 138/356/123
f 492/355/346 138/356/123 511/357/347
f 511/357/347 138/356/123 137/358/125
f 511/357/347 137/358/125 521/359/348
f 521/359/348 137/358/125 136/360/127
f 521/359/348 136/360/127 531/361/349
f 531/361/349 136/360/127 135/362/129
f 531/361/349 135/362/129 541/363/350
f 541/363/350 135/362/129 134/364/131
f 541/363/350 134/364/131 551/365/351
f 551/365/351 134/364/131 133/366/133
f 551/365/351 133/366/133 381/367/352
f 381/367/352 133/366/133 132/368/135
f 381/367/352 132/368/135 588/369/353
f 588/369/353 132/368/135 382/370/354
f 588/369/353 382/370/354 570/371/355
f 570/371/355 382/370/354 606/372/356
f 570/371/355 606/372/356 605/373/357
f 605/373/357 606/372/356 590/374/358
f 605/373/357 590/374/358 591/375/359
f 591/375/359 590/374/358 623/376/360
f 591/375/359 623/376/360 622/377/361
f 622/377/361 623/376/360 611/378/362
f 622/377/361 611/378/362 612/379/363
f 612/379/363 611/378/362 641/380/364
f 612/379/363 641/380/364 640/381/365
f 640/381/365 641/380/364 633/382/366
f 640/381/365 633/382/366 634/383/367
f 634/383/367 633/382/366 654/384/368
f 634/383/367 654/384/368 655/385/369
f 655/385/369 654/384/368 668/386/370
f 655/385/369 668/386/370 667/387/371
f 667/387/371 668/386/370 666/388/372
f 667/387/371 666/388/372 349/389/373
f 349/389/373 666/388/372 348/390/374
f 348/390/374 666/388/372 686/391/375
f 348/390/374 686/391/375 347/392/376
f 347/392/376 686/391/375 685/393/377
f 347/392/376 685/393/377 346/394/378
f 346/394/378 685/393/377 704/395/379
f 346/394/378 704/395/379 345/396/380
f 345/396/380 704/395/379 703/397/381
f 345/396/380 703/397/381 344/398/382
f 344/398/382 703/397/381 722/399/383
f 344/398/382 722/399/383 721/400/384
f 721/400/384 722/399/383 723/401/385
f 721/400/384 723/401/385 720/402/386
f 720/402/386 723/401/385 724/403/387
f 720/402/386 724/403/387 719/404/388
f 719/404/388 724/403/387 725/405/389
f 719/404/388 725/405/389 718/406/390
f 718/406/390 725/405/389 726/407/391
f 718/406/390 726/407/391 717/408/392
f 717/408/392 726/407/391 727/409/393
f 717/408/392 727/409/393 716/410/394
f 716/410/394 727/409/393 728/411/395
f 716/410/394 728/411/395 715/412/396
f 715/412/396 728/411/395 729/413/397
f 715/412/396 729/413/397 714/414/398
f 714/414/398 729/413/397 730/415/399
f 714/414/398 730/415/399 713/416/400
f 713/416/400 730/415/399 731/417/401
f 713/416/400 731/417/401 389/418/402
f 389/418/402 731/417/401 124/419/151
f 389/418/402 124/419/151 123/420/153
f 413/317/310 308/315/308 412/421/403
f 412/421/403 308/315/308 309/422/404
f 412/421/403 309/422/404 411/423/405
f 411/423/405 309/422/404 410/424/406
f 411/423/405 410/424/406 421/425/407
f 421/425/407 410/424/406 420/426/408
f 421/425/407 420/426/408 431/427/409
f 431/427/409 420/426/408 430/428/410
f 431/427/409 430/428/410 441/429/411
f 441/429/411 430/428/410 440/430/412
f 441/429/411 440/430/412 450/431/413
f 450/431/413 440/430/412 449/432/414
f 450/431/413 449/432/414 464/433/415
f 464/433/415 449/432/414 465/434/416
f 464/433/415 465/434/416 459/435/417
f 459/435/417 465/434/416 458/436/418
f 459/435/417 458/436/418 484/336/329
f 484/336/329 458/436/418 485/338/331
f 309/422/404 310/437/419 410/424/406
f 410/424/406 310/437/419 409/438/420
f 410/424/406 409/438/420 420/426/408
f 420/426/408 409/438/420 419/439/421
f 420/426/408 419/439/421 430/428/410
f 430/428/410 419/439/421 429/440/422
f 430/428/410 429/440/422 440/430/412
f 440/430/412 429/440/422 439/441/423
f 440/430/412 439/441/423 449/432/414
f 449/432/414 439/441/423 448/442/424
f 449/432/414 448/442/424 465/434/416
f 465/434/416 448/442/424 466/443/425
f 465/434/416 466/443/425 458/436/418
f 458/436/418 466/443/425 457/444/426
f 458/436/418 457/444/426 485/338/331
f 485/338/331 457/444/426 486/340/333
f 409/438/420 310/437/419 408/445/427
f 408/445/427 310/437/419 311/446/428
f 408/445/427 311/446/428 407/447/429
f 407/447/429 311/446/428 312/448/430
f 407/447/429 312/448/430 406/449/431
f 406/449/431 312/448/430 405/450/432
f 406/449/431 405/450/432 416/451/433
f 416/451/433 405/450/432 415/452/434
f 416/451/433 415/452/434 426/453/435
f 426/453/435 415/452/434 425/454/436
f 426/453/435 425/454/436 436/455/437
f 436/455/437 425/454/436 435/456/438
f 436/455/437 435/456/438 445/457/439
f 445/457/439 435/456/438 444/458/440
f 445/457/439 444/458/440 469/459/441
f 469/459/441 444/458/440 470/460/442
f 469/459/441 470/460/442 454/461/443
f 454/461/443 470/460/442 453/462/444
f 454/461/443 453/462/444 489/346/339
f 489/346/339 453/462/444 490/348/341
f 312/448/430 313/463/445 405/450/432
f 405/450/432 313/463/445 404/464/446
f 405/450/432 404/464/446 415/452/434
f 415/452/434 404/464/446 414/465/447
f 415/452/434 414/465/447 425/454/436
f 425/454/436 414/465/447 424/466/448
f 425/454/436 424/466/448 435/456/438
f 435/456/438 424/466/448 434/467/449
f 435/456/438 434/467/449 444/458/440
f 444/458/440 434/467/449 378/468/450
f 444/458/440 378/468/450 470/460/442
f 470/460/442 378/468/450 471/469/451
f 470/460/442 471/469/451 453/462/444
f 453/462/444 471/469/451 379/470/452
f 453/462/444 379/470/452 490/348/341
f 490/348/341 379/470/452 491/350/343
f 313/463/445 314/471/453 404/464/446
f 404/464/446 314/471/453 145/472/109
f 404/464/446 145/472/109 414/465/447
f 414/465/447 145/472/109 144/473/111
f 414/465/447 144/473/111 424/466/448
f 424/466/448 144/473/111 143/474/113
f 424/466/448 143/474/113 434/467/449
f 434/467/449 143/474/113 142/475/115
f 434/467/449 142/475/115 378/468/450
f 378/468/450 142/475/115 141/476/117
f 378/468/450 141/476/117 471/469/451
f 471/469/451 141/476/117 379/470/452
f 314/471/453 105/477/107 145/472/109
f 141/476/117 140/352/119 379/470/452
f 379/470/452 140/352/119 491/350/343
f 132/368/135 131/478/137 382/370/354
f 382/370/354 131/478/137 607/479/454
f 382/370/354 607/479/454 606/372/356
f 606/372/356 607/479/454 589/480/455
f 606/372/356 589/480/455 590/374/358
f 590/374/358 589/480/455 624/481/456
f 590/374/358 624/481/456 623/376/360
f 623/376/360 624/481/456 610/482/457
f 623/376/360 610/482/457 611/378/362
f 611/378/362 610/482/457 642/483/458
f 611/378/362 642/483/458 641/380/364
f 641/380/364 642/483/458 632/484/459
f 641/380/364 632/484/459 633/382/366
f 633/382/366 632/484/459 653/485/460
f 633/382/366 653/485/460 654/384/368
f 654/384/368 653/485/460 669/486/461
f 654/384/368 669/486/461 668/386/370
f 668/386/370 669/486/461 665/487/462
f 668/386/370 665/487/462 666/388/372
f 666/388/372 665/487/462 686/391/375
f 607/479/454 131/478/137 383/488/463
f 383/488/463 131/478/137 130/489/139
f 383/488/463 130/489/139 626/490/464
f 626/490/464 130/489/139 384/491/465
f 626/490/464 384/491/465 608/492/466
f 608/492/466 384/491/465 645/493/467
f 608/492/466 645/493/467 644/494/468
f 644/494/468 645/493/467 629/495/469
f 644/494/468 629/495/469 630/496/470
f 630/496/470 629/495/469 650/497/471
f 630/496/470 650/497/471 651/498/472
f 651/498/472 650/497/471 672/499/473
f 651/498/472 672/499/473 671/500/474
f 671/500/474 672/499/473 662/501/475
f 671/500/474 662/501/475 663/502/476
f 663/502/476 662/501/475 689/503/477
f 663/502/476 689/503/477 688/504/478
f 688/504/478 689/503/477 683/505/479
f 688/504/478 683/505/479 684/506/480
f 684/506/480 683/505/479 705/507/481
f 684/506/480 705/507/481 704/395/379
f 704/395/379 705/507/481 703/397/381
f 130/489/139 129/508/141 384/491/465
f 384/491/465 129/508/141 646/509/482
f 384/491/465 646/509/482 645/493/467
f 645/493/467 646/509/482 628/510/483
f 645/493/467 628/510/483 629/495/469
f 629/495/469 628/510/483 649/511/484
f 629/495/469 649/511/484 650/497/471
f 650/497/471 649/511/484 673/512/485
f 650/497/471 673/512/485 672/499/473
f 672/499/473 673/512/485 661/513/486
f 672/499/473 661/513/486 662/501/475
f 662/501/475 661/513/486 690/514/487
f 662/501/475 690/514/487 689/503/477
f 689/503/477 690/514/487 682/515/488
f 689/503/477 682/515/488 683/505/479
f 683/505/479 682/515/488 706/516/489
f 683/505/479 706/516/489 705/507/481
f 705/507/481 706/516/489 702/517/490
f 705/507/481 702/517/490 703/397/381
f 703/397/381 702/517/490 722/399/383
f 646/509/482 129/508/141 627/518/491
f 627/518/491 129/508/141 128/519/143
f 627/518/491 128/519/143 647/520/492
f 647/520/492 128/519/143 385/521/493
f 647/520/492 385/521/493 675/522/494
f 675/522/494 385/521/493 658/523/495
f 675/522/494 658/523/495 659/524/496
f 659/524/496 658/523/495 693/525/497
f 659/524/496 693/525/497 692/526/498
f 692/526/498 693/525/497 679/527/499
f 692/526/498 679/527/499 680/528/500
f 680/528/500 679/527/499 709/529/501
f 680/528/500 709/529/501 708/530/502
f 708/530/502 709/529/501 699/531/503
f 708/530/502 699/531/503 700/532/504
f 700/532/504 699/531/503 725/405/389
f 700/532/504 725/405/389 724/403/387
f 128/519/143 127/533/145 385/521/493
f 385/521/493 127/533/145 657/534/505
f 385/521/493 657/534/505 658/523/495
f 658/523/495 657/534/505 694/535/506
f 658/523/495 694/535/506 693/525/497
f 693/525/497 694/535/506 678/536/507
f 693/525/497 678/536/507 679/527/499
f 679/527/499 678/536/507 710/537/508
f 679/527/499 710/537/508 709/529/501
f 709/529/501 710/537/508 698/538/509
f 709/529/501 698/538/509 699/531/503
f 699/531/503 698/538/509 726/407/391
f 699/531/503 726/407/391 725/405/389
f 657/534/505 127/533/145 386/539/510
f 386/539/510 127/533/145 126/540/147
f 386/539/510 126/540/147 676/541/511
f 676/541/511 126/540/147 387/542/512
f 676/541/511 387/542/512 712/543/513
f 712/543/513 387/542/512 695/544/514
f 712/543/513 695/544/514 696/545/515
f 696/545/515 695/544/514 729/413/397
f 696/545/515 729/413/397 728/411/395
f 126/540/147 125/546/149 387/542/512
f 387/542/512 125/546/149 388/547/516
f 387/542/512 388/547/516 695/544/514
f 695/544/514 388/547/516 730/415/399
f 695/544/514 730/415/399 729/413/397
f 125/546/149 124/419/151 388/547/516
f 388/547/516 124/419/151 731/417/401
f 388/547/516 731/417/401 730/415/399
f 122/548/155 390/549/517 123/420/153
f 123/420/153 390/549/517 750/550/518
f 123/420/153 750/550/518 389/418/402
f 389/418/402 750/550/518 749/551/519
f 389/418/402 749/551/519 713/416/400
f 713/416/400 749/551/519 748/552/520
f 713/416/400 748/552/520 714/414/398
f 714/414/398 748/552/520 747/553/521
f 714/414/398 747/553/521 715/412/396
f 715/412/396 747/553/521 746/554/522
f 715/412/396 746/554/522 716/410/394
f 716/410/394 746/554/522 745/555/523
f 716/410/394 745/555/523 717/408/392
f 717/408/392 745/555/523 744/556/524
f 717/408/392 744/556/524 718/406/390
f 718/406/390 744/556/524 743/557/525
f 718/406/390 743/557/525 719/404/388
f 719/404/388 743/557/525 742/558/526
f 719/404/388 742/558/526 720/402/386
f 720/402/386 742/558/526 741/559/527
f 720/402/386 741/559/527 721/400/384
f 721/400/384 741/559/527 343/560/528
f 721/400/384 343/560/528 344/398/382
f 121/561/157 391/562/529 122/548/155
f 122/548/155 391/562/529 769/563/530
f 122/548/155 769/563/530 390/549/517
f 390/549/517 769/563/530 768/564/531
f 390/549/517 768/564/531 732/565/532
f 732/565/532 768/564/531 767/566/533
f 732/565/532 767/566/533 733/567/534
f 733/567/534 767/566/533 766/568/535
f 733/567/534 766/568/535 734/569/536
f 734/569/536 766/568/535 765/570/537
f 734/569/536 765/570/537 735/571/538
f 735/571/538 765/570/537 764/572/539
f 735/571/538 764/572/539 736/573/540
f 736/573/540 764/572/539 763/574/541
f 736/573/540 763/574/541 737/575/542
f 737/575/542 763/574/541 762/576/543
f 737/575/542 762/576/543 738/577/544
f 738/577/544 762/576/543 761/578/545
f 738/577/544 761/578/545 739/579/546
f 739/579/546 761/578/545 760/580/547
f 739/579/546 760/580/547 740/581/548
f 740/581/548 760/580/547 341/582/549
f 740/581/548 341/582/549 342/583/550
f 120/584/159 770/585/551 121/561/157
f 121/561/157 770/585/551 789/586/552
f 121/561/157 789/586/552 391/562/529
f 391/562/529 789/586/552 788/587/553
f 391/562/529 788/587/553 751/588/554
f 751/588/554 788/587/553 787/589/555
f 751/588/554 787/589/555 752/590/556
f 752/590/556 787/589/555 786/591/557
f 752/590/556 786/591/557 753/592/558
f 753/592/558 786/591/557 785/593/559
f 753/592/558 785/593/559 754/594/560
f 754/594/560 785/593/559 784/595/561
f 754/594/560 784/595/561 755/596/562
f 755/596/562 784/595/561 783/597/563
f 755/596/562 783/597/563 756/598/564
f 756/598/564 783/597/563 782/599/565
f 756/598/564 782/599/565 757/600/566
f 757/600/566 782/599/565 781/601/567
f 757/600/566 781/601/567 758/602/568
f 758/602/568 781/601/567 780/603/569
f 758/602/568 780/603/569 759/604/570
f 759/604/570 780/603/569 339/605/571
f 759/604/570 339/605/571 340/606/572
f 119/607/573 392/608/574 120/584/159
f 120/584/159 392/608/574 790/609/575
f 120/584/159 790/609/575 770/585/551
f 770/585/551 790/609/575 791/610/576
f 770/585/551 791/610/576 771/611/577
f 771/611/577 791/610/576 792/612/578
f 771/611/577 792/612/578 772/613/579
f 772/613/579 792/612/578 793/614/580
f 772/613/579 793/614/580 773/615/581
f 773/615/581 793/614/580 794/616/582
f 773/615/581 794/616/582 774/617/583
f 774/617/583 794/616/582 795/618/584
f 774/617/583 795/618/584 775/619/585
f 775/619/585 795/618/584 796/620/586
f 775/619/585 796/620/586 776/621/587
f 776/621/587 796/620/586 797/622/588
f 776/621/587 797/622/588 777/623/589
f 777/623/589 797/622/588 798/624/590
f 777/623/589 798/624/590 778/625/591
f 778/625/591 798/624/590 799/626/592
f 778/625/591 799/626/592 779/627/593
f 779/627/593 799/626/592 338/628/594
f 779/627/593 338/628/594 339/605/571
f 118/629/163 393/630/595 119/607/573
f 119/607/573 393/630/595 800/631/596
f 119/607/573 800/631/596 392/608/574
f 392/608/574 800/631/596 801/632/597
f 392/608/574 801/632/597 818/633/598
f 818/633/598 801/632/597 802/634/599
f 818/633/598 802/634/599 817/635/600
f 817/635/600 802/634/599 803/636/601
f 817/635/600 803/636/601 816/637/602
f 816/637/602 803/636/601 804/638/603
f 816/637/602 804/638/603 815/639/604
f 815/639/604 804/638/603 805/640/605
f 815/639/604 805/640/605 814/641/606
f 814/641/606 805/640/605 806/642/607
f 814/641/606 806/642/607 813/643/608
f 813/643/608 806/642/607 807/644/609
f 813/643/608 807/644/609 812/645/610
f 812/645/610 807/644/609 808/646/611
f 812/645/610 808/646/611 811/647/612
f 811/647/612 808/646/611 809/648/613
f 811/647/612 809/648/613 810/649/614
f 810/649/614 809/648/613 336/650/615
f 810/649/614 336/650/615 337/651/616
f 117/652/165 394/653/617 118/629/163
f 118/629/163 394/653/617 819/654/618
f 118/629/163 819/654/618 393/630/595
f 393/630/595 819/654/618 820/655/619
f 393/630/595 820/655/619 837/656/620
f 837/656/620 820/655/619 821/657/621
f 837/656/620 821/657/621 836/658/622
f 836/658/622 821/657/621 822/659/623
f 836/658/622 822/659/623 835/660/624
f 835/660/624 822/659/623 823/661/625
f 835/660/624 823/661/625 834/662/626
f 834/662/626 823/661/625 824/663/627
f 834/662/626 824/663/627 833/664/628
f 833/664/628 824/663/627 825/665/629
f 833/664/628 825/665/629 832/666/630
f 832/666/630 825/665/629 826/667/631
f 832/666/630 826/667/631 831/668/632
f 831/668/632 826/667/631 827/669/633
f 831/668/632 827/669/633 830/670/634
f 830/670/634 827/669/633 828/671/635
f 830/670/634 828/671/635 829/672/636
f 829/672/636 828/671/635 334/673/637
f 829/672/636 334/673/637 335/674/638
f 394/653/617 117/652/165 395/675/639
f 395/675/639 117/652/165 116/676/167
f 395/675/639 116/676/167 875/677/640
f 875/677/640 116/676/167 856/678/641
f 875/677/640 856/678/641 857/679/642
f 857/679/642 856/678/641 876/680/643
f 857/679/642 876/680/643 877/681/644
f 877/681/644 876/680/643 901/682/645
f 877/681/644 901/682/645 900/683/646
f 900/683/646 901/682/645 887/684/647
f 900/683/646 887/684/647 888/685/648
f 888/685/648 887/684/647 919/686/649
f 888/685/648 919/686/649 918/687/650
f 918/687/650 919/686/649 909/688/651
f 918/687/650 909/688/651 910/689/652
f 910/689/652 909/688/651 930/690/653
f 910/689/652 930/690/653 931/691/654
f 931/691/654 930/690/653 946/692/655
f 931/691/654 946/692/655 945/693/656
f 945/693/656 946/692/655 942/694/657
f 945/693/656 942/694/657 943/695/658
f 943/695/658 942/694/657 963/696/659
f 943/695/658 963/696/659 323/697/660
f 323/697/660 963/696/659 322/698/661
f 322/698/661 963/696/659 962/699/662
f 322/698/661 962/699/662 321/700/663
f 321/700/663 962/699/662 981/701/664
f 321/700/663 981/701/664 320/702/665
f 320/702/665 981/701/664 980/703/666
f 320/702/665 980/703/666 319/704/667
f 319/704/667 980/703/666 999/705/668
f 319/704/667 999/705/668 998/706/669
f 998/706/669 999/705/668 1000/707/670
f 998/706/669 1000/707/670 997/708/671
f 997/708/671 1000/707/670 1001/709/672
f 997/708/671 1001/709/672 996/710/673
f 996/710/673 1001/709/672 1002/711/674
f 996/710/673 1002/711/674 995/712/675
f 995/712/675 1002/711/674 1003/713/676
f 995/712/675 1003/713/676 994/714/677
f 994/714/677 1003/713/676 1004/715/678
f 994/714/677 1004/715/678 993/716/679
f 993/716/679 1004/715/678 1005/717/680
f 993/716/679 1005/717/680 992/718/681
f 992/718/681 1005/717/680 1006/719/682
f 992/718/681 1006/719/682 991/720/683
f 991/720/683 1006/719/682 1007/721/684
f 991/720/683 1007/721/684 990/722/685
f 990/722/685 1007/721/684 1008/723/686
f 990/722/685 1008/723/686 402/724/687
f 402/724/687 1008/723/686 108/725/183
f 402/724/687 108/725/183 107/726/185
f 116/676/167 115/727/169 856/678/641
f 856/678/641 115/727/169 396/728/688
f 856/678/641 396/728/688 876/680/643
f 876/680/643 396/728/688 902/729/689
f 876/680/643 902/729/689 901/682/645
f 901/682/645 902/729/689 886/730/690
f 901/682/645 886/730/690 887/684/647
f 887/684/647 886/730/690 920/731/691
f 887/684/647 920/731/691 919/686/649
f 919/686/649 920/731/691 908/732/692
f 919/686/649 908/732/692 909/688/651
f 909/688/651 908/732/692 929/733/693
f 909/688/651 929/733/693 930/690/653
f 930/690/653 929/733/693 947/734/694
f 930/690/653 947/734/694 946/692/655
f 946/692/655 947/734/694 941/735/695
f 946/692/655 941/735/695 942/694/657
f 942/694/657 941/735/695 964/736/696
f 942/694/657 964/736/696 963/696/659
f 963/696/659 964/736/696 962/699/662
f 115/727/169 114/737/171 396/728/688
f 396/728/688 114/737/171 903/738/697
f 396/728/688 903/738/697 902/729/689
f 902/729/689 903/738/697 885/739/698
f 902/729/689 885/739/698 886/730/690
f 886/730/690 885/739/698 921/740/699
f 886/730/690 921/740/699 920/731/691
f 920/731/691 921/740/699 907/741/700
f 920/731/691 907/741/700 908/732/692
f 908/732/692 907/741/700 928/742/701
f 908/732/692 928/742/701 929/733/693
f 929/733/693 928/742/701 948/743/702
f 929/733/693 948/743/702 947/734/694
f 947/734/694 948/743/702 940/744/703
f 947/734/694 940/744/703 941/735/695
f 941/735/695 940/744/703 965/745/704
f 941/735/695 965/745/704 964/736/696
f 964/736/696 965/745/704 961/746/705
f 964/736/696 961/746/705 962/699/662
f 962/699/662 961/746/705 981/701/664
f 903/738/697 114/737/171 397/747/706
f 397/747/706 114/737/171 113/748/173
f 397/747/706 113/748/173 923/749/707
f 923/749/707 113/748/173 904/750/708
f 923/749/707 904/750/708 905/751/709
f 905/751/709 904/750/708 925/752/710
f 905/751/709 925/752/710 926/753/711
f 926/753/711 925/752/710 951/754/712
f 926/753/711 951/754/712 950/755/713
f 950/755/713 951/754/712 937/756/714
f 950/755/713 937/756/714 938/757/715
f 938/757/715 937/756/714 968/758/716
f 938/757/715 968/758/716 967/759/717
f 967/759/717 968/758/716 958/760/718
f 967/759/717 958/760/718 959/761/719
f 959/761/719 958/760/718 984/762/720
f 959/761/719 984/762/720 983/763/721
f 983/763/721 984/762/720 978/764/722
f 983/763/721 978/764/722 979/765/723
f 979/765/723 978/764/722 1000/707/670
f 979/765/723 1000/707/670 999/705/668
f 113/748/173 112/766/175 904/750/708
f 904/750/708 112/766/175 924/767/724
f 904/750/708 924/767/724 925/752/710
f 925/752/710 924/767/724 952/768/725
f 925/752/710 952/768/725 951/754/712
f 951/754/712 952/768/725 936/769/726
f 951/754/712 936/769/726 937/756/714
f 937/756/714 936/769/726 969/770/727
f 937/756/714 969/770/727 968/758/716
f 968/758/716 969/770/727 957/771/728
f 968/758/716 957/771/728 958/760/718
f 958/760/718 957/771/728 985/772/729
f 958/760/718 985/772/729 984/762/720
f 984/762/720 985/772/729 977/773/730
f 984/762/720 977/773/730 978/764/722
f 978/764/722 977/773/730 1001/709/672
f 978/764/722 1001/709/672 1000/707/670
f 924/767/724 112/766/175 398/774/731
f 398/774/731 112/766/175 111/775/177
f 398/774/731 111/775/177 934/776/732
f 934/776/732 111/775/177 399/777/733
f 934/776/732 399/777/733 971/778/734
f 971/778/734 399/777/733 954/779/735
f 971/778/734 954/779/735 955/780/736
f 955/780/736 954/779/735 988/781/737
f 955/780/736 988/781/737 987/782/738
f 987/782/738 988/781/737 974/783/739
f 987/782/738 974/783/739 975/784/740
f 975/784/740 974/783/739 1004/715/678
f 975/784/740 1004/715/678 1003/713/676
f 111/775/177 110/785/179 399/777/733
f 399/777/733 110/785/179 953/786/741
f 399/777/733 953/786/741 954/779/735
f 954/779/735 953/786/741 989/787/742
f 954/779/735 989/787/742 988/781/737
f 988/781/737 989/787/742 973/788/743
f 988/781/737 973/788/743 974/783/739
f 974/783/739 973/788/743 1005/717/680
f 974/783/739 1005/717/680 1004/715/678
f 953/786/741 110/785/179 400/789/744
f 400/789/744 110/785/179 109/790/181
f 400/789/744 109/790/181 401/791/745
f 401/791/745 109/790/181 108/725/183
f 401/791/745 108/725/183 1008/723/686
f 106/792/105 403/793/746 107/726/185
f 107/726/185 403/793/746 1027/794/747
f 107/726/185 1027/794/747 402/724/687
f 402/724/687 1027/794/747 1026/795/748
f 402/724/687 1026/795/748 990/722/685
f 990/722/685 1026/795/748 1025/796/749
f 990/722/685 1025/796/749 991/720/683
f 991/720/683 1025/796/749 1024/797/750
f 991/720/683 1024/797/750 992/718/681
f 992/718/681 1024/797/750 1023/798/751
f 992/718/681 1023/798/751 993/716/679
f 993/716/679 1023/798/751 1022/799/752
f 993/716/679 1022/799/752 994/714/677
f 994/714/677 1022/799/752 1021/800/753
f 994/714/677 1021/800/753 995/712/675
f 995/712/675 1021/800/753 1020/801/754
f 995/712/675 1020/801/754 996/710/673
f 996/710/673 1020/801/754 1019/802/755
f 996/710/673 1019/802/755 997/708/671
f 997/708/671 1019/802/755 1018/803/756
f 997/708/671 1018/803/756 998/706/669
f 998/706/669 1018/803/756 318/804/757
f 998/706/669 318/804/757 319/704/667
f 105/805/107 314/806/453 106/792/105
f 106/792/105 314/806/453 1028/807/758
f 106/792/105 1028/807/758 1047/808/759
f 1047/808/759 1028/807/758 1029/809/760
f 1047/808/759 1029/809/760 1046/810/761
f 1046/810/761 1029/809/760 1030/811/762
f 1046/810/761 1030/811/762 1045/812/763
f 1045/812/763 1030/811/762 1031/813/764
f 1045/812/763 1031/813/764 1044/814/765
f 1044/814/765 1031/813/764 1032/815/766
f 1044/814/765 1032/815/766 1043/816/767
f 1043/816/767 1032/815/766 1033/817/768
f 1043/816/767 1033/817/768 1042/818/769
f 1042/818/769 1033/817/768 1034/819/770
f 1042/818/769 1034/819/770 1041/820/771
f 1041/820/771 1034/819/770 1035/821/772
f 1041/820/771 1035/821/772 1040/822/773
f 1040/822/773 1035/821/772 1036/823/774
f 1040/822/773 1036/823/774 1039/824/775
f 1039/824/775 1036/823/774 1037/825/776
f 1039/824/775 1037/825/776 1038/826/777
f 1038/826/777 1037/825/776 315/827/778
f 1038/826/777 315/827/778 316/828/779
f 314/806/453 313/829/445 1028/807/758
f 1028/807/758 313/829/445 1029/809/760
f 313/829/445 312/830/430 1029/809/760
f 1029/809/760 312/830/430 1030/811/762
f 1030/811/762 312/830/430 1031/813/764
f 1031/813/764 312/830/430 311/831/428
f 1031/813/764 311/831/428 1032/815/766
f 1032/815/766 311/831/428 310/832/419
f 1032/815/766 310/832/419 1033/817/768
f 1033/817/768 310/832/419 1034/819/770
f 310/832/419 309/833/404 1034/819/770
f 1034/819/770 309/833/404 1035/821/772
f 309/833/404 308/834/308 1035/821/772
f 1035/821/772 308/834/308 1036/823/774
f 1036/823/774 308/834/308 1037/825/776
f 1037/825/776 308/834/308 307/835/307
f 1037/825/776 307/835/307 315/827/778
f 1038/826/777 316/828/779 1017/836/780
f 1017/836/780 316/828/779 317/837/781
f 1017/836/780 317/837/781 1018/803/756
f 1018/803/756 317/837/781 318/804/757
f 323/697/660 324/838/782 943/695/658
f 943/695/658 324/838/782 944/839/783
f 943/695/658 944/839/783 945/693/656
f 945/693/656 944/839/783 932/840/784
f 945/693/656 932/840/784 931/691/654
f 931/691/654 932/840/784 911/841/785
f 931/691/654 911/841/785 910/689/652
f 910/689/652 911/841/785 917/842/786
f 910/689/652 917/842/786 918/687/650
f 918/687/650 917/842/786 889/843/787
f 918/687/650 889/843/787 888/685/648
f 888/685/648 889/843/787 899/844/788
f 888/685/648 899/844/788 900/683/646
f 900/683/646 899/844/788 878/845/789
f 900/683/646 878/845/789 877/681/644
f 877/681/644 878/845/789 858/846/790
f 877/681/644 858/846/790 857/679/642
f 857/679/642 858/846/790 874/847/791
f 857/679/642 874/847/791 875/677/640
f 875/677/640 874/847/791 395/675/639
f 944/839/783 324/838/782 933/848/792
f 933/848/792 324/838/782 325/849/793
f 933/848/792 325/849/793 913/850/794
f 913/850/794 325/849/793 326/851/795
f 913/850/794 326/851/795 914/852/796
f 914/852/796 326/851/795 327/853/797
f 914/852/796 327/853/797 893/854/798
f 893/854/798 327/853/797 328/855/799
f 893/854/798 328/855/799 894/856/800
f 894/856/800 328/855/799 329/857/801
f 894/856/800 329/857/801 884/858/802
f 884/858/802 329/857/801 330/859/803
f 884/858/802 330/859/803 865/860/804
f 865/860/804 330/859/803 331/861/805
f 865/860/804 331/861/805 866/862/806
f 866/862/806 331/861/805 332/863/807
f 866/862/806 332/863/807 846/864/808
f 846/864/808 332/863/807 333/865/809
f 846/864/808 333/865/809 847/866/810
f 847/866/810 333/865/809 334/673/637
f 847/866/810 334/673/637 828/671/635
f 829/672/636 335/674/638 809/648/613
f 809/648/613 335/674/638 336/650/615
f 810/649/614 337/651/616 799/626/592
f 799/626/592 337/651/616 338/628/594
f 759/604/570 340/606/572 760/580/547
f 760/580/547 340/606/572 341/582/549
f 740/581/548 342/583/550 741/559/527
f 741/559/527 342/583/550 343/560/528
f 667/387/371 349/389/373 656/867/811
f 656/867/811 349/389/373 350/868/812
f 656/867/811 350/868/812 636/869/813
f 636/869/813 350/868/812 351/870/814
f 636/869/813 351/870/814 637/871/815
f 637/871/815 351/870/814 352/872/816
f 637/871/815 352/872/816 616/873/817
f 616/873/817 352/872/816 353/874/818
f 616/873/817 353/874/818 617/875/819
f 617/875/819 353/874/818 354/876/820
f 617/875/819 354/876/820 597/877/821
f 597/877/821 354/876/820 598/878/822
f 597/877/821 598/878/822 599/879/823
f 599/879/823 598/878/822 577/880/824
f 599/879/823 577/880/824 576/881/825
f 576/881/825 577/880/824 581/882/826
f 576/881/825 581/882/826 582/883/827
f 582/883/827 581/882/826 566/884/828
f 582/883/827 566/884/828 565/885/829
f 565/885/829 566/884/828 556/886/830
f 565/885/829 556/886/830 555/887/831
f 555/887/831 556/886/830 545/888/832
f 555/887/831 545/888/832 544/889/833
f 544/889/833 545/888/832 534/890/834
f 544/889/833 534/890/834 533/891/835
f 533/891/835 534/890/834 523/892/836
f 533/891/835 523/892/836 522/893/837
f 522/893/837 523/892/836 512/894/838
f 522/893/837 512/894/838 511/357/347
f 511/357/347 512/894/838 492/355/346
f 354/876/820 355/895/839 598/878/822
f 598/878/822 355/895/839 578/896/840
f 598/878/822 578/896/840 577/880/824
f 577/880/824 578/896/840 580/897/841
f 577/880/824 580/897/841 581/882/826
f 581/882/826 580/897/841 567/898/842
f 581/882/826 567/898/842 566/884/828
f 566/884/828 567/898/842 557/899/843
f 566/884/828 557/899/843 556/886/830
f 556/886/830 557/899/843 546/900/844
f 556/886/830 546/900/844 545/888/832
f 545/888/832 546/900/844 535/901/845
f 545/888/832 535/901/845 534/890/834
f 534/890/834 535/901/845 524/902/846
f 534/890/834 524/902/846 523/892/836
f 523/892/836 524/902/846 513/903/847
f 523/892/836 513/903/847 512/894/838
f 512/894/838 513/903/847 493/904/848
f 512/894/838 493/904/848 492/355/346
f 492/355/346 493/904/848 380/353/345
f 355/895/839 356/905/849 578/896/840
f 578/896/840 356/905/849 579/906/850
f 578/896/840 579/906/850 580/897/841
f 580/897/841 579/906/850 568/907/851
f 580/897/841 568/907/851 567/898/842
f 567/898/842 568/907/851 558/908/852
f 567/898/842 558/908/852 557/899/843
f 557/899/843 558/908/852 547/909/853
f 557/899/843 547/909/853 546/900/844
f 546/900/844 547/909/853 536/910/854
f 546/900/844 536/910/854 535/901/845
f 535/901/845 536/910/854 525/911/855
f 535/901/845 525/911/855 524/902/846
f 524/902/846 525/911/855 514/912/856
f 524/902/846 514/912/856 513/903/847
f 513/903/847 514/912/856 494/913/857
f 513/903/847 494/913/857 493/904/848
f 493/904/848 494/913/857 510/914/858
f 493/904/848 510/914/858 380/353/345
f 380/353/345 510/914/858 472/351/344
f 356/905/849 357/915/859 579/906/850
f 579/906/850 357/915/859 569/916/860
f 579/906/850 569/916/860 568/907/851
f 568/907/851 569/916/860 559/917/861
f 568/907/851 559/917/861 558/908/852
f 558/908/852 559/917/861 548/918/862
f 558/908/852 548/918/862 547/909/853
f 547/909/853 548/918/862 537/919/863
f 547/909/853 537/919/863 536/910/854
f 536/910/854 537/919/863 526/920/864
f 536/910/854 526/920/864 525/911/855
f 525/911/855 526/920/864 515/921/865
f 525/911/855 515/921/865 514/912/856
f 514/912/856 515/921/865 495/922/866
f 514/912/856 495/922/866 494/913/857
f 494/913/857 495/922/866 509/923/867
f 494/913/857 509/923/867 510/914/858
f 510/914/858 509/923/867 473/349/342
f 510/914/858 473/349/342 472/351/344
f 357/915/859 358/924/868 569/916/860
f 569/916/860 358/924/868 560/925/869
f 569/916/860 560/925/869 559/917/861
f 559/917/861 560/925/869 549/926/870
f 559/917/861 549/926/870 548/918/862
f 548/918/862 549/926/870 538/927/871
f 548/918/862 538/927/871 537/919/863
f 537/919/863 538/927/871 527/928/872
f 537/919/863 527/928/872 526/920/864
f 526/920/864 527/928/872 516/929/873
f 526/920/864 516/929/873 515/921/865
f 515/921/865 516/929/873 496/930/874
f 515/921/865 496/930/874 495/922/866
f 495/922/866 496/930/874 508/931/875
f 495/922/866 508/931/875 509/923/867
f 509/923/867 508/931/875 474/347/340
f 509/923/867 474/347/340 473/349/342
f 358/924/868 359/932/876 560/925/869
f 560/925/869 359/932/876 550/933/877
f 560/925/869 550/933/877 549/926/870
f 549/926/870 550/933/877 539/934/878
f 549/926/870 539/934/878 538/927/871
f 538/927/871 539/934/878 528/935/879
f 538/927/871 528/935/879 527/928/872
f 527/928/872 528/935/879 517/936/880
f 527/928/872 517/936/880 516/929/873
f 516/929/873 517/936/880 497/937/881
f 516/929/873 497/937/881 496/930/874
f 496/930/874 497/937/881 507/938/882
f 496/930/874 507/938/882 508/931/875
f 508/931/875 507/938/882 475/345/338
f 508/931/875 475/345/338 474/347/340
f 359/932/876 360/939/883 550/933/877
f 550/933/877 360/939/883 361/940/884
f 550/933/877 361/940/884 540/941/885
f 540/941/885 361/940/884 362/942/886
f 540/941/885 362/942/886 530/943/887
f 530/943/887 362/942/886 363/944/888
f 530/943/887 363/944/888 364/945/889
f 530/943/887 364/945/889 520/946/890
f 520/946/890 364/945/889 365/947/891
f 520/946/890 365/947/891 501/948/892
f 501/948/892 365/947/891 366/949/893
f 501/948/892 366/949/893 367/950/894
f 501/948/892 367/950/894 502/951/895
f 502/951/895 367/950/894 368/952/896
f 502/951/895 368/952/896 481/333/326
f 481/333/326 368/952/896 369/331/324
f 339/605/571 780/603/569 779/627/593
f 779/627/593 780/603/569 781/601/567
f 779/627/593 781/601/567 778/625/591
f 778/625/591 781/601/567 782/599/565
f 778/625/591 782/599/565 777/623/589
f 777/623/589 782/599/565 783/597/563
f 777/623/589 783/597/563 776/621/587
f 776/621/587 783/597/563 784/595/561
f 776/621/587 784/595/561 775/619/585
f 775/619/585 784/595/561 785/593/559
f 775/619/585 785/593/559 774/617/583
f 774/617/583 785/593/559 786/591/557
f 774/617/583 786/591/557 773/615/581
f 773/615/581 786/591/557 787/589/555
f 773/615/581 787/589/555 772/613/579
f 772/613/579 787/589/555 788/587/553
f 772/613/579 788/587/553 771/611/577
f 771/611/577 788/587/553 789/586/552
f 771/611/577 789/586/552 770/585/551
f 106/792/105 1047/808/759 403/793/746
f 403/793/746 1047/808/759 1046/810/761
f 403/793/746 1046/810/761 1009/953/897
f 1009/953/897 1046/810/761 1045/812/763
f 1009/953/897 1045/812/763 1010/954/898
f 1010/954/898 1045/812/763 1044/814/765
f 1010/954/898 1044/814/765 1011/955/899
f 1011/955/899 1044/814/765 1043/816/767
f 1011/955/899 1043/816/767 1012/956/900
f 1012/956/900 1043/816/767 1042/818/769
f 1012/956/900 1042/818/769 1013/957/901
f 1013/957/901 1042/818/769 1041/820/771
f 1013/957/901 1041/820/771 1014/958/902
f 1014/958/902 1041/820/771 1040/822/773
f 1014/958/902 1040/822/773 1015/959/903
f 1015/959/903 1040/822/773 1039/824/775
f 1015/959/903 1039/824/775 1016/960/904
f 1016/960/904 1039/824/775 1038/826/777
f 1016/960/904 1038/826/777 1017/836/780
f 407/447/429 406/449/431 417/961/905
f 417/961/905 406/449/431 416/451/433
f 417/961/905 416/451/433 427/962/906
f 427/962/906 416/451/433 426/453/435
f 427/962/906 426/453/435 437/963/907
f 437/963/907 426/453/435 436/455/437
f 437/963/907 436/455/437 446/964/908
f 446/964/908 436/455/437 445/457/439
f 446/964/908 445/457/439 468/965/909
f 468/965/909 445/457/439 469/459/441
f 468/965/909 469/459/441 455/966/910
f 455/966/910 469/459/441 454/461/443
f 455/966/910 454/461/443 488/344/337
f 488/344/337 454/461/443 489/346/339
f 419/439/421 409/438/420 408/445/427
f 408/445/427 407/447/429 418/967/911
f 418/967/911 407/447/429 417/961/905
f 418/967/911 417/961/905 428/968/912
f 428/968/912 417/961/905 427/962/906
f 428/968/912 427/962/906 438/969/913
f 438/969/913 427/962/906 437/963/907
f 438/969/913 437/963/907 447/970/914
f 447/970/914 437/963/907 446/964/908
f 447/970/914 446/964/908 467/971/915
f 467/971/915 446/964/908 468/965/909
f 467/971/915 468/965/909 456/972/916
f 456/972/916 468/965/909 455/966/910
f 456/972/916 455/966/910 487/342/335
f 487/342/335 455/966/910 488/344/337
f 423/319/312 413/317/310 412/421/403
f 412/421/403 411/423/405 422/973/917
f 422/973/917 411/423/405 421/425/407
f 422/973/917 421/425/407 432/974/918
f 432/974/918 421/425/407 431/427/409
f 432/974/918 431/427/409 442/975/919
f 442/975/919 431/427/409 441/429/411
f 442/975/919 441/429/411 451/976/920
f 451/976/920 441/429/411 450/431/413
f 451/976/920 450/431/413 463/977/921
f 463/977/921 450/431/413 464/433/415
f 463/977/921 464/433/415 460/978/922
f 460/978/922 464/433/415 459/435/417
f 460/978/922 459/435/417 483/334/327
f 483/334/327 459/435/417 484/336/329
f 429/440/422 419/439/421 418/967/911
f 418/967/911 419/439/421 408/445/427
f 429/440/422 418/967/911 428/968/912
f 433/322/315 423/319/312 422/973/917
f 422/973/917 423/319/312 412/421/403
f 433/322/315 422/973/917 432/974/918
f 439/441/423 429/440/422 428/968/912
f 439/441/423 428/968/912 438/969/913
f 443/324/317 433/322/315 432/974/918
f 443/324/317 432/974/918 442/975/919
f 448/442/424 439/441/423 438/969/913
f 448/442/424 438/969/913 447/970/914
f 452/326/319 443/324/317 442/975/919
f 452/326/319 442/975/919 451/976/920
f 466/443/425 448/442/424 447/970/914
f 466/443/425 447/970/914 467/971/915
f 462/328/321 452/326/319 451/976/920
f 462/328/321 451/976/920 463/977/921
f 466/443/425 467/971/915 457/444/426
f 457/444/426 467/971/915 456/972/916
f 457/444/426 456/972/916 486/340/333
f 486/340/333 456/972/916 487/342/335
f 462/328/321 463/977/921 461/330/323
f 461/330/323 463/977/921 460/978/922
f 461/330/323 460/978/922 482/332/325
f 482/332/325 460/978/922 483/334/327
f 475/345/338 507/938/882 476/343/336
f 476/343/336 507/938/882 506/979/923
f 476/343/336 506/979/923 477/341/334
f 477/341/334 506/979/923 505/980/924
f 477/341/334 505/980/924 478/339/332
f 478/339/332 505/980/924 504/981/925
f 478/339/332 504/981/925 479/337/330
f 479/337/330 504/981/925 503/982/926
f 479/337/330 503/982/926 480/335/328
f 480/335/328 503/982/926 502/951/895
f 480/335/328 502/951/895 481/333/326
f 506/979/923 507/938/882 497/937/881
f 505/980/924 506/979/923 498/983/927
f 498/983/927 506/979/923 497/937/881
f 498/983/927 497/937/881 517/936/880
f 504/981/925 505/980/924 499/984/928
f 499/984/928 505/980/924 498/983/927
f 499/984/928 498/983/927 518/985/929
f 518/985/929 498/983/927 517/936/880
f 518/985/929 517/936/880 528/935/879
f 503/982/926 504/981/925 500/986/930
f 500/986/930 504/981/925 499/984/928
f 500/986/930 499/984/928 519/987/931
f 519/987/931 499/984/928 518/985/929
f 519/987/931 518/985/929 529/988/932
f 529/988/932 518/985/929 528/935/879
f 529/988/932 528/935/879 539/934/878
f 502/951/895 503/982/926 501/948/892
f 501/948/892 503/982/926 500/986/930
f 501/948/892 500/986/930 520/946/890
f 520/946/890 500/986/930 519/987/931
f 520/946/890 519/987/931 530/943/887
f 530/943/887 519/987/931 529/988/932
f 530/943/887 529/988/932 540/941/885
f 540/941/885 529/988/932 539/934/878
f 540/941/885 539/934/878 550/933/877
f 511/357/347 521/359/348 522/893/837
f 522/893/837 521/359/348 532/989/933
f 522/893/837 532/989/933 533/891/835
f 533/891/835 532/989/933 543/990/934
f 533/891/835 543/990/934 544/889/833
f 544/889/833 543/990/934 554/991/935
f 544/889/833 554/991/935 555/887/831
f 555/887/831 554/991/935 564/992/936
f 555/887/831 564/992/936 565/885/829
f 565/885/829 564/992/936 583/993/937
f 565/885/829 583/993/937 582/883/827
f 582/883/827 583/993/937 575/994/938
f 582/883/827 575/994/938 576/881/825
f 576/881/825 575/994/938 600/995/939
f 576/881/825 600/995/939 599/879/823
f 599/879/823 600/995/939 596/996/940
f 599/879/823 596/996/940 597/877/821
f 597/877/821 596/996/940 617/875/819
f 521/359/348 531/361/349 532/989/933
f 532/989/933 531/361/349 542/997/941
f 532/989/933 542/997/941 543/990/934
f 543/990/934 542/997/941 553/998/942
f 543/990/934 553/998/942 554/991/935
f 554/991/935 553/998/942 563/999/943
f 554/991/935 563/999/943 564/992/936
f 564/992/936 563/999/943 584/1000/944
f 564/992/936 584/1000/944 583/993/937
f 583/993/937 584/1000/944 574/1001/945
f 583/993/937 574/1001/945 575/994/938
f 575/994/938 574/1001/945 601/1002/946
f 575/994/938 601/1002/946 600/995/939
f 600/995/939 601/1002/946 595/1003/947
f 600/995/939 595/1003/947 596/996/940
f 596/996/940 595/1003/947 618/1004/948
f 596/996/940 618/1004/948 617/875/819
f 617/875/819 618/1004/948 616/873/817
f 531/361/349 541/363/350 542/997/941
f 542/997/941 541/363/350 552/1005/949
f 542/997/941 552/1005/949 553/998/942
f 553/998/942 552/1005/949 562/1006/950
f 553/998/942 562/1006/950 563/999/943
f 563/999/943 562/1006/950 585/1007/951
f 563/999/943 585/1007/951 584/1000/944
f 584/1000/944 585/1007/951 573/1008/952
f 584/1000/944 573/1008/952 574/1001/945
f 574/1001/945 573/1008/952 602/1009/953
f 574/1001/945 602/1009/953 601/1002/946
f 601/1002/946 602/1009/953 594/1010/954
f 601/1002/946 594/1010/954 595/1003/947
f 595/1003/947 594/1010/954 619/1011/955
f 595/1003/947 619/1011/955 618/1004/948
f 618/1004/948 619/1011/955 615/1012/956
f 618/1004/948 615/1012/956 616/873/817
f 616/873/817 615/1012/956 637/871/815
f 541/363/350 551/365/351 552/1005/949
f 552/1005/949 551/365/351 561/1013/957
f 552/1005/949 561/1013/957 562/1006/950
f 562/1006/950 561/1013/957 586/1014/958
f 562/1006/950 586/1014/958 585/1007/951
f 585/1007/951 586/1014/958 572/1015/959
f 585/1007/951 572/1015/959 573/1008/952
f 573/1008/952 572/1015/959 603/1016/960
f 573/1008/952 603/1016/960 602/1009/953
f 602/1009/953 603/1016/960 593/1017/961
f 602/1009/953 593/1017/961 594/1010/954
f 594/1010/954 593/1017/961 620/1018/962
f 594/1010/954 620/1018/962 619/1011/955
f 619/1011/955 620/1018/962 614/1019/963
f 619/1011/955 614/1019/963 615/1012/956
f 615/1012/956 614/1019/963 638/1020/964
f 615/1012/956 638/1020/964 637/871/815
f 637/871/815 638/1020/964 636/869/813
f 551/365/351 381/367/352 561/1013/957
f 561/1013/957 381/367/352 587/1021/965
f 561/1013/957 587/1021/965 586/1014/958
f 586/1014/958 587/1021/965 571/1022/966
f 586/1014/958 571/1022/966 572/1015/959
f 572/1015/959 571/1022/966 604/1023/967
f 572/1015/959 604/1023/967 603/1016/960
f 603/1016/960 604/1023/967 592/1024/968
f 603/1016/960 592/1024/968 593/1017/961
f 593/1017/961 592/1024/968 621/1025/969
f 593/1017/961 621/1025/969 620/1018/962
f 620/1018/962 621/1025/969 613/1026/970
f 620/1018/962 613/1026/970 614/1019/963
f 614/1019/963 613/1026/970 639/1027/971
f 614/1019/963 639/1027/971 638/1020/964
f 638/1020/964 639/1027/971 635/1028/972
f 638/1020/964 635/1028/972 636/869/813
f 636/869/813 635/1028/972 656/867/811
f 588/369/353 570/371/355 587/1021/965
f 587/1021/965 570/371/355 571/1022/966
f 604/1023/967 571/1022/966 605/373/357
f 605/373/357 571/1022/966 570/371/355
f 381/367/352 588/369/353 587/1021/965
f 607/479/454 383/488/463 589/480/455
f 589/480/455 383/488/463 625/1029/973
f 589/480/455 625/1029/973 624/481/456
f 624/481/456 625/1029/973 609/1030/974
f 624/481/456 609/1030/974 610/482/457
f 610/482/457 609/1030/974 643/1031/975
f 610/482/457 643/1031/975 642/483/458
f 642/483/458 643/1031/975 631/1032/976
f 642/483/458 631/1032/976 632/484/459
f 632/484/459 631/1032/976 652/1033/977
f 632/484/459 652/1033/977 653/485/460
f 653/485/460 652/1033/977 670/1034/978
f 653/485/460 670/1034/978 669/486/461
f 669/486/461 670/1034/978 664/1035/979
f 669/486/461 664/1035/979 665/487/462
f 665/487/462 664/1035/979 687/1036/980
f 665/487/462 687/1036/980 686/391/375
f 686/391/375 687/1036/980 685/393/377
f 604/1023/967 605/373/357 591/375/359
f 604/1023/967 591/375/359 592/1024/968
f 592/1024/968 591/375/359 622/377/361
f 592/1024/968 622/377/361 621/1025/969
f 621/1025/969 622/377/361 612/379/363
f 621/1025/969 612/379/363 613/1026/970
f 613/1026/970 612/379/363 640/381/365
f 613/1026/970 640/381/365 639/1027/971
f 639/1027/971 640/381/365 634/383/367
f 639/1027/971 634/383/367 635/1028/972
f 635/1028/972 634/383/367 655/385/369
f 635/1028/972 655/385/369 656/867/811
f 656/867/811 655/385/369 667/387/371
f 626/490/464 608/492/466 625/1029/973
f 625/1029/973 608/492/466 609/1030/974
f 643/1031/975 609/1030/974 644/494/468
f 644/494/468 609/1030/974 608/492/466
f 383/488/463 626/490/464 625/1029/973
f 646/509/482 627/518/491 628/510/483
f 628/510/483 627/518/491 648/1037/981
f 628/510/483 648/1037/981 649/511/484
f 649/511/484 648/1037/981 674/1038/982
f 649/511/484 674/1038/982 673/512/485
f 673/512/485 674/1038/982 660/1039/983
f 673/512/485 660/1039/983 661/513/486
f 661/513/486 660/1039/983 691/1040/984
f 661/513/486 691/1040/984 690/514/487
f 690/514/487 691/1040/984 681/1041/985
f 690/514/487 681/1041/985 682/515/488
f 682/515/488 681/1041/985 707/1042/986
f 682/515/488 707/1042/986 706/516/489
f 706/516/489 707/1042/986 701/1043/987
f 706/516/489 701/1043/987 702/517/490
f 702/517/490 701/1043/987 723/401/385
f 702/517/490 723/401/385 722/399/383
f 643/1031/975 644/494/468 630/496/470
f 643/1031/975 630/496/470 631/1032/976
f 631/1032/976 630/496/470 651/498/472
f 631/1032/976 651/498/472 652/1033/977
f 652/1033/977 651/498/472 671/500/474
f 652/1033/977 671/500/474 670/1034/978
f 670/1034/978 671/500/474 663/502/476
f 670/1034/978 663/502/476 664/1035/979
f 664/1035/979 663/502/476 688/504/478
f 664/1035/979 688/504/478 687/1036/980
f 687/1036/980 688/504/478 684/506/480
f 687/1036/980 684/506/480 685/393/377
f 685/393/377 684/506/480 704/395/379
f 627/518/491 647/520/492 648/1037/981
f 648/1037/981 647/520/492 675/522/494
f 648/1037/981 675/522/494 674/1038/982
f 674/1038/982 675/522/494 659/524/496
f 674/1038/982 659/524/496 660/1039/983
f 660/1039/983 659/524/496 692/526/498
f 660/1039/983 692/526/498 691/1040/984
f 691/1040/984 692/526/498 680/528/500
f 691/1040/984 680/528/500 681/1041/985
f 681/1041/985 680/528/500 708/530/502
f 681/1041/985 708/530/502 707/1042/986
f 707/1042/986 708/530/502 700/532/504
f 707/1042/986 700/532/504 701/1043/987
f 701/1043/987 700/532/504 724/403/387
f 701/1043/987 724/403/387 723/401/385
f 676/541/511 677/1044/988 386/539/510
f 386/539/510 677/1044/988 694/535/506
f 386/539/510 694/535/506 657/534/505
f 694/535/506 677/1044/988 678/536/507
f 678/536/507 677/1044/988 711/1045/989
f 678/536/507 711/1045/989 710/537/508
f 710/537/508 711/1045/989 697/1046/990
f 710/537/508 697/1046/990 698/538/509
f 698/538/509 697/1046/990 727/409/393
f 698/538/509 727/409/393 726/407/391
f 711/1045/989 677/1044/988 712/543/513
f 712/543/513 677/1044/988 676/541/511
f 711/1045/989 712/543/513 696/545/515
f 711/1045/989 696/545/515 697/1046/990
f 697/1046/990 696/545/515 728/411/395
f 697/1046/990 728/411/395 727/409/393
f 749/551/519 750/550/518 732/565/532
f 732/565/532 750/550/518 390/549/517
f 748/552/520 749/551/519 733/567/534
f 733/567/534 749/551/519 732/565/532
f 747/553/521 748/552/520 734/569/536
f 734/569/536 748/552/520 733/567/534
f 746/554/522 747/553/521 735/571/538
f 735/571/538 747/553/521 734/569/536
f 745/555/523 746/554/522 736/573/540
f 736/573/540 746/554/522 735/571/538
f 744/556/524 745/555/523 737/575/542
f 737/575/542 745/555/523 736/573/540
f 743/557/525 744/556/524 738/577/544
f 738/577/544 744/556/524 737/575/542
f 742/558/526 743/557/525 739/579/546
f 739/579/546 743/557/525 738/577/544
f 741/559/527 742/558/526 740/581/548
f 740/581/548 742/558/526 739/579/546
f 768/564/531 769/563/530 751/588/554
f 751/588/554 769/563/530 391/562/529
f 767/566/533 768/564/531 752/590/556
f 752/590/556 768/564/531 751/588/554
f 766/568/535 767/566/533 753/592/558
f 753/592/558 767/566/533 752/590/556
f 765/570/537 766/568/535 754/594/560
f 754/594/560 766/568/535 753/592/558
f 764/572/539 765/570/537 755/596/562
f 755/596/562 765/570/537 754/594/560
f 763/574/541 764/572/539 756/598/564
f 756/598/564 764/572/539 755/596/562
f 762/576/543 763/574/541 757/600/566
f 757/600/566 763/574/541 756/598/564
f 761/578/545 762/576/543 758/602/568
f 758/602/568 762/576/543 757/600/566
f 760/580/547 761/578/545 759/604/570
f 759/604/570 761/578/545 758/602/568
f 392/608/574 818/633/598 790/609/575
f 790/609/575 818/633/598 791/610/576
f 818/633/598 817/635/600 791/610/576
f 791/610/576 817/635/600 792/612/578
f 817/635/600 816/637/602 792/612/578
f 792/612/578 816/637/602 793/614/580
f 816/637/602 815/639/604 793/614/580
f 793/614/580 815/639/604 794/616/582
f 815/639/604 814/641/606 794/616/582
f 794/616/582 814/641/606 795/618/584
f 814/641/606 813/643/608 795/618/584
f 795/618/584 813/643/608 796/620/586
f 813/643/608 812/645/610 796/620/586
f 796/620/586 812/645/610 797/622/588
f 810/649/614 799/626/592 798/624/590
f 812/645/610 811/647/612 797/622/588
f 797/622/588 811/647/612 798/624/590
f 811/647/612 810/649/614 798/624/590
f 393/630/595 837/656/620 800/631/596
f 800/631/596 837/656/620 801/632/597
f 837/656/620 836/658/622 801/632/597
f 801/632/597 836/658/622 802/634/599
f 836/658/622 835/660/624 802/634/599
f 802/634/599 835/660/624 803/636/601
f 835/660/624 834/662/626 803/636/601
f 803/636/601 834/662/626 804/638/603
f 834/662/626 833/664/628 804/638/603
f 804/638/603 833/664/628 805/640/605
f 833/664/628 832/666/630 805/640/605
f 805/640/605 832/666/630 806/642/607
f 832/666/630 831/668/632 806/642/607
f 806/642/607 831/668/632 807/644/609
f 829/672/636 809/648/613 808/646/611
f 831/668/632 830/670/634 807/644/609
f 807/644/609 830/670/634 808/646/611
f 830/670/634 829/672/636 808/646/611
f 820/655/619 819/654/618 855/1047/991
f 855/1047/991 819/654/618 394/653/617
f 855/1047/991 394/653/617 838/1048/992
f 838/1048/992 394/653/617 395/675/639
f 838/1048/992 395/675/639 874/847/791
f 821/657/621 820/655/619 854/1049/993
f 854/1049/993 820/655/619 855/1047/991
f 854/1049/993 855/1047/991 839/1050/994
f 839/1050/994 855/1047/991 838/1048/992
f 839/1050/994 838/1048/992 873/1051/995
f 873/1051/995 838/1048/992 874/847/791
f 873/1051/995 874/847/791 858/846/790
f 822/659/623 821/657/621 853/1052/996
f 853/1052/996 821/657/621 854/1049/993
f 853/1052/996 854/1049/993 840/1053/997
f 840/1053/997 854/1049/993 839/1050/994
f 840/1053/997 839/1050/994 872/1054/998
f 872/1054/998 839/1050/994 873/1051/995
f 872/1054/998 873/1051/995 859/1055/999
f 859/1055/999 873/1051/995 858/846/790
f 859/1055/999 858/846/790 878/845/789
f 823/661/625 822/659/623 852/1056/1000
f 852/1056/1000 822/659/623 853/1052/996
f 852/1056/1000 853/1052/996 841/1057/1001
f 841/1057/1001 853/1052/996 840/1053/997
f 841/1057/1001 840/1053/997 871/1058/1002
f 871/1058/1002 840/1053/997 872/1054/998
f 871/1058/1002 872/1054/998 860/1059/1003
f 860/1059/1003 872/1054/998 859/1055/999
f 860/1059/1003 859/1055/999 879/1060/1004
f 879/1060/1004 859/1055/999 878/845/789
f 879/1060/1004 878/845/789 899/844/788
f 824/663/627 823/661/625 851/1061/1005
f 851/1061/1005 823/661/625 852/1056/1000
f 851/1061/1005 852/1056/1000 842/1062/1006
f 842/1062/1006 852/1056/1000 841/1057/1001
f 842/1062/1006 841/1057/1001 870/1063/1007
f 870/1063/1007 841/1057/1001 871/1058/1002
f 870/1063/1007 871/1058/1002 861/1064/1008
f 861/1064/1008 871/1058/1002 860/1059/1003
f 861/1064/1008 860/1059/1003 880/1065/1009
f 880/1065/1009 860/1059/1003 879/1060/1004
f 880/1065/1009 879/1060/1004 898/1066/1010
f 898/1066/1010 879/1060/1004 899/844/788
f 898/1066/1010 899/844/788 889/843/787
f 825/665/629 824/663/627 850/1067/1011
f 850/1067/1011 824/663/627 851/1061/1005
f 850/1067/1011 851/1061/1005 843/1068/1012
f 843/1068/1012 851/1061/1005 842/1062/1006
f 843/1068/1012 842/1062/1006 869/1069/1013
f 869/1069/1013 842/1062/1006 870/1063/1007
f 869/1069/1013 870/1063/1007 862/1070/1014
f 862/1070/1014 870/1063/1007 861/1064/1008
f 862/1070/1014 861/1064/1008 881/1071/1015
f 881/1071/1015 861/1064/1008 880/1065/1009
f 881/1071/1015 880/1065/1009 897/1072/1016
f 897/1072/1016 880/1065/1009 898/1066/1010
f 897/1072/1016 898/1066/1010 890/1073/1017
f 890/1073/1017 898/1066/1010 889/843/787
f 890/1073/1017 889/843/787 917/842/786
f 826/667/631 825/665/629 849/1074/1018
f 849/1074/1018 825/665/629 850/1067/1011
f 849/1074/1018 850/1067/1011 844/1075/1019
f 844/1075/1019 850/1067/1011 843/1068/1012
f 844/1075/1019 843/1068/1012 868/1076/1020
f 868/1076/1020 843/1068/1012 869/1069/1013
f 868/1076/1020 869/1069/1013 863/1077/1021
f 863/1077/1021 869/1069/1013 862/1070/1014
f 863/1077/1021 862/1070/1014 882/1078/1022
f 882/1078/1022 862/1070/1014 881/1071/1015
f 882/1078/1022 881/1071/1015 896/1079/1023
f 896/1079/1023 881/1071/1015 897/1072/1016
f 896/1079/1023 897/1072/1016 891/1080/1024
f 891/1080/1024 897/1072/1016 890/1073/1017
f 891/1080/1024 890/1073/1017 916/1081/1025
f 916/1081/1025 890/1073/1017 917/842/786
f 916/1081/1025 917/842/786 911/841/785
f 847/866/810 828/671/635 827/669/633
f 827/669/633 826/667/631 848/1082/1026
f 848/1082/1026 826/667/631 849/1074/1018
f 848/1082/1026 849/1074/1018 845/1083/1027
f 845/1083/1027 849/1074/1018 844/1075/1019
f 845/1083/1027 844/1075/1019 867/1084/1028
f 867/1084/1028 844/1075/1019 868/1076/1020
f 867/1084/1028 868/1076/1020 864/1085/1029
f 864/1085/1029 868/1076/1020 863/1077/1021
f 864/1085/1029 863/1077/1021 883/1086/1030
f 883/1086/1030 863/1077/1021 882/1078/1022
f 883/1086/1030 882/1078/1022 895/1087/1031
f 895/1087/1031 882/1078/1022 896/1079/1023
f 895/1087/1031 896/1079/1023 892/1088/1032
f 892/1088/1032 896/1079/1023 891/1080/1024
f 892/1088/1032 891/1080/1024 915/1089/1033
f 915/1089/1033 891/1080/1024 916/1081/1025
f 915/1089/1033 916/1081/1025 912/1090/1034
f 912/1090/1034 916/1081/1025 911/841/785
f 912/1090/1034 911/841/785 932/840/784
f 845/1083/1027 846/864/808 848/1082/1026
f 848/1082/1026 846/864/808 847/866/810
f 848/1082/1026 847/866/810 827/669/633
f 846/864/808 845/1083/1027 866/862/806
f 866/862/806 845/1083/1027 867/1084/1028
f 866/862/806 867/1084/1028 865/860/804
f 865/860/804 867/1084/1028 864/1085/1029
f 865/860/804 864/1085/1029 884/858/802
f 884/858/802 864/1085/1029 883/1086/1030
f 884/858/802 883/1086/1030 894/856/800
f 894/856/800 883/1086/1030 895/1087/1031
f 894/856/800 895/1087/1031 893/854/798
f 893/854/798 895/1087/1031 892/1088/1032
f 893/854/798 892/1088/1032 914/852/796
f 914/852/796 892/1088/1032 915/1089/1033
f 914/852/796 915/1089/1033 913/850/794
f 913/850/794 915/1089/1033 912/1090/1034
f 913/850/794 912/1090/1034 933/848/792
f 933/848/792 912/1090/1034 932/840/784
f 933/848/792 932/840/784 944/839/783
f 903/738/697 397/747/706 885/739/698
f 885/739/698 397/747/706 922/1091/1035
f 885/739/698 922/1091/1035 921/740/699
f 921/740/699 922/1091/1035 906/1092/1036
f 921/740/699 906/1092/1036 907/741/700
f 907/741/700 906/1092/1036 927/1093/1037
f 907/741/700 927/1093/1037 928/742/701
f 928/742/701 927/1093/1037 949/1094/1038
f 928/742/701 949/1094/1038 948/743/702
f 948/743/702 949/1094/1038 939/1095/1039
f 948/743/702 939/1095/1039 940/744/703
f 940/744/703 939/1095/1039 966/1096/1040
f 940/744/703 966/1096/1040 965/745/704
f 965/745/704 966/1096/1040 960/1097/1041
f 965/745/704 960/1097/1041 961/746/705
f 961/746/705 960/1097/1041 982/1098/1042
f 961/746/705 982/1098/1042 981/701/664
f 981/701/664 982/1098/1042 980/703/666
f 923/749/707 905/751/709 922/1091/1035
f 922/1091/1035 905/751/709 906/1092/1036
f 927/1093/1037 906/1092/1036 926/753/711
f 926/753/711 906/1092/1036 905/751/709
f 397/747/706 923/749/707 922/1091/1035
f 949/1094/1038 927/1093/1037 950/755/713
f 950/755/713 927/1093/1037 926/753/711
f 934/776/732 935/1099/1043 398/774/731
f 398/774/731 935/1099/1043 952/768/725
f 398/774/731 952/768/725 924/767/724
f 952/768/725 935/1099/1043 936/769/726
f 936/769/726 935/1099/1043 970/1100/1044
f 936/769/726 970/1100/1044 969/770/727
f 969/770/727 970/1100/1044 956/1101/1045
f 969/770/727 956/1101/1045 957/771/728
f 957/771/728 956/1101/1045 986/1102/1046
f 957/771/728 986/1102/1046 985/772/729
f 985/772/729 986/1102/1046 976/1103/1047
f 985/772/729 976/1103/1047 977/773/730
f 977/773/730 976/1103/1047 1002/711/674
f 977/773/730 1002/711/674 1001/709/672
f 970/1100/1044 935/1099/1043 971/778/734
f 971/778/734 935/1099/1043 934/776/732
f 949/1094/1038 950/755/713 938/757/715
f 949/1094/1038 938/757/715 939/1095/1039
f 939/1095/1039 938/757/715 967/759/717
f 939/1095/1039 967/759/717 966/1096/1040
f 966/1096/1040 967/759/717 959/761/719
f 966/1096/1040 959/761/719 960/1097/1041
f 960/1097/1041 959/761/719 983/763/721
f 960/1097/1041 983/763/721 982/1098/1042
f 982/1098/1042 983/763/721 979/765/723
f 982/1098/1042 979/765/723 980/703/666
f 980/703/666 979/765/723 999/705/668
f 970/1100/1044 971/778/734 955/780/736
f 970/1100/1044 955/780/736 956/1101/1045
f 956/1101/1045 955/780/736 987/782/738
f 956/1101/1045 987/782/738 986/1102/1046
f 986/1102/1046 987/782/738 975/784/740
f 986/1102/1046 975/784/740 976/1103/1047
f 976/1103/1047 975/784/740 1003/713/676
f 976/1103/1047 1003/713/676 1002/711/674
f 401/791/745 972/1104/1048 400/789/744
f 400/789/744 972/1104/1048 989/787/742
f 400/789/744 989/787/742 953/786/741
f 989/787/742 972/1104/1048 973/788/743
f 973/788/743 972/1104/1048 1006/719/682
f 973/788/743 1006/719/682 1005/717/680
f 1008/723/686 1007/721/684 401/791/745
f 401/791/745 1007/721/684 972/1104/1048
f 1007/721/684 1006/719/682 972/1104/1048
f 1026/795/748 1027/794/747 1009/953/897
f 1009/953/897 1027/794/747 403/793/746
f 1025/796/749 1026/795/748 1010/954/898
f 1010/954/898 1026/795/748 1009/953/897
f 1024/797/750 1025/796/749 1011/955/899
f 1011/955/899 1025/796/749 1010/954/898
f 1023/798/751 1024/797/750 1012/956/900
f 1012/956/900 1024/797/750 1011/955/899
f 1022/799/752 1023/798/751 1013/957/901
f 1013/957/901 1023/798/751 1012/956/900
f 1021/800/753 1022/799/752 1014/958/902
f 1014/958/902 1022/799/752 1013/957/901
f 1020/801/754 1021/800/753 1015/959/903
f 1015/959/903 1021/800/753 1014/958/902
f 1019/802/755 1020/801/754 1016/960/904
f 1016/960/904 1020/801/754 1015/959/903
f 1018/803/756 1019/802/755 1017/836/780
f 1017/836/780 1019/802/755 1016/960/904
f 42/1105/1049 41/1106/1050 346/1107/1051
f 346/1107/1051 41/1106/1050 104/1108/1052
f 346/1107/1051 104/1108/1052 347/1109/1053
f 347/1109/1053 104/1108/1052 103/1110/1054
f 347/1109/1053 103/1110/1054 348/1111/1055
f 348/1111/1055 103/1110/1054 102/1112/1056
f 348/1111/1055 102/1112/1056 349/1113/1057
f 349/1113/1057 102/1112/1056 101/1114/1058
f 349/1113/1057 101/1114/1058 350/1115/1059
f 350/1115/1059 101/1114/1058 100/1116/1060
f 350/1115/1059 100/1116/1060 351/1117/1061
f 351/1117/1061 100/1116/1060 99/1118/1062
f 351/1117/1061 99/1118/1062 352/1119/1063
f 352/1119/1063 99/1118/1062 98/1120/1064
f 352/1119/1063 98/1120/1064 353/1121/1065
f 353/1121/1065 98/1120/1064 97/1122/1066
f 353/1121/1065 97/1122/1066 354/1123/1067
f 354/1123/1067 97/1122/1066 96/1124/1068
f 354/1123/1067 96/1124/1068 355/1125/1069
f 355/1125/1069 96/1124/1068 95/1126/1070
f 355/1125/1069 95/1126/1070 356/1127/1071
f 356/1127/1071 95/1126/1070 94/1128/1072
f 356/1127/1071 94/1128/1072 357/1129/1073
f 357/1129/1073 94/1128/1072 93/1130/1074
f 357/1129/1073 93/1130/1074 358/1131/1075
f 358/1131/1075 93/1130/1074 92/1132/1076
f 358/1131/1075 92/1132/1076 359/1133/1077
f 359/1133/1077 92/1132/1076 91/1134/1078
f 359/1133/1077 91/1134/1078 360/1135/1079
f 360/1135/1079 91/1134/1078 90/1136/1080
f 360/1135/1079 90/1136/1080 361/1137/1081
f 361/1137/1081 90/1136/1080 89/1138/1082
f 361/1137/1081 89/1138/1082 362/1139/1083
f 362/1139/1083 89/1138/1082 363/1140/1084
f 363/1140/1084 89/1138/1082 88/1141/1085
f 363/1140/1084 88/1141/1085 364/1142/1086
f 364/1142/1086 88/1141/1085 87/1143/1087
f 364/1142/1086 87/1143/1087 365/1144/1088
f 365/1144/1088 87/1143/1087 86/1145/1089
f 365/1144/1088 86/1145/1089 366/1146/1090
f 366/1146/1090 86/1145/1089 85/1147/1091
f 366/1146/1090 85/1147/1091 367/1148/1092
f 367/1148/1092 85/1147/1091 84/1149/1093
f 367/1148/1092 84/1149/1093 368/1150/1094
f 368/1150/1094 84/1149/1093 83/1151/1095
f 368/1150/1094 83/1151/1095 369/1152/1096
f 369/1152/1096 83/1151/1095 82/1153/1097
f 369/1152/1096 82/1153/1097 370/1154/1098
f 370/1154/1098 82/1153/1097 81/1155/1099
f 370/1154/1098 81/1155/1099 371/1156/1100
f 371/1156/1100 81/1155/1099 80/1157/1101
f 371/1156/1100 80/1157/1101 372/1158/1102
f 372/1158/1102 80/1157/1101 79/1159/1103
f 372/1158/1102 79/1159/1103 373/1160/1104
f 373/1160/1104 79/1159/1103 78/1161/1105
f 373/1160/1104 78/1161/1105 374/1162/1106
f 374/1162/1106 78/1161/1105 77/1163/1107
f 374/1162/1106 77/1163/1107 375/1164/1108
f 375/1164/1108 77/1163/1107 76/1165/1109
f 375/1164/1108 76/1165/1109 376/1166/1110
f 376/1166/1110 76/1165/1109 75/1167/1111
f 376/1166/1110 75/1167/1111 377/1168/1112
f 377/1168/1112 75/1167/1111 74/1169/1113
f 377/1168/1112 74/1169/1113 307/1170/1114
f 307/1170/1114 74/1169/1113 73/1171/1115
f 307/1170/1114 73/1171/1115 315/1172/1116
f 315/1172/1116 73/1171/1115 72/1173/1117
f 315/1172/1116 72/1173/1117 71/1174/1118
f 315/1172/1116 71/1174/1118 316/1175/1119
f 316/1175/1119 71/1174/1118 70/1176/1120
f 316/1175/1119 70/1176/1120 317/1177/1121
f 317/1177/1121 70/1176/1120 69/1178/1122
f 317/1177/1121 69/1178/1122 318/1179/1123
f 318/1179/1123 69/1178/1122 68/1180/1124
f 318/1179/1123 68/1180/1124 319/1181/1125
f 319/1181/1125 68/1180/1124 67/1182/1126
f 319/1181/1125 67/1182/1126 320/1183/1127
f 320/1183/1127 67/1182/1126 66/1184/1128
f 320/1183/1127 66/1184/1128 321/1185/1129
f 321/1185/1129 66/1184/1128 65/1186/1130
f 321/1185/1129 65/1186/1130 322/1187/1131
f 322/1187/1131 65/1186/1130 64/1188/1132
f 322/1187/1131 64/1188/1132 323/1189/1133
f 323/1189/1133 64/1188/1132 63/1190/1134
f 323/1189/1133 63/1190/1134 324/1191/1135
f 324/1191/1135 63/1190/1134 62/1192/1136
f 324/1191/1135 62/1192/1136 325/1193/1137
f 325/1193/1137 62/1192/1136 61/1194/1138
f 325/1193/1137 61/1194/1138 326/1195/1139
f 326/1195/1139 61/1194/1138 60/1196/1140
f 326/1195/1139 60/1196/1140 327/1197/1141
f 327/1197/1141 60/1196/1140 59/1198/1142
f 327/1197/1141 59/1198/1142 328/1199/1143
f 328/1199/1143 59/1198/1142 58/1200/1144
f 328/1199/1143 58/1200/1144 329/1201/1145
f 329/1201/1145 58/1200/1144 57/1202/1146
f 329/1201/1145 57/1202/1146 330/1203/1147
f 330/1203/1147 57/1202/1146 331/1204/1148
f 331/1204/1148 57/1202/1146 56/1205/1149
f 331/1204/1148 56/1205/1149 332/1206/1150
f 332/1206/1150 56/1205/1149 55/1207/1151
f 332/1206/1150 55/1207/1151 333/1208/1152
f 333/1208/1152 55/1207/1151 54/1209/1153
f 333/1208/1152 54/1209/1153 334/1210/1154
f 334/1210/1154 54/1209/1153 53/1211/1155
f 334/1210/1154 53/1211/1155 335/1212/1156
f 335/1212/1156 53/1211/1155 52/1213/1157
f 335/1212/1156 52/1213/1157 336/1214/1158
f 336/1214/1158 52/1213/1157 51/1215/1159
f 336/1214/1158 51/1215/1159 337/1216/1160
f 337/1216/1160 51/1215/1159 50/1217/1161
f 337/1216/1160 50/1217/1161 338/1218/1162
f 338/1218/1162 50/1217/1161 49/1219/1163
f 338/1218/1162 49/1219/1163 339/1220/1164
f 339/1220/1164 49/1219/1163 48/1221/1165
f 339/1220/1164 48/1221/1165 340/1222/1166
f 340/1222/1166 48/1221/1165 47/1223/1167
f 340/1222/1166 47/1223/1167 341/1224/1168
f 341/1224/1168 47/1223/1167 46/1225/1169
f 341/1224/1168 46/1225/1169 342/1226/1170
f 342/1226/1170 46/1225/1169 45/1227/1171
f 342/1226/1170 45/1227/1171 343/1228/1172
f 343/1228/1172 45/1227/1171 44/1229/1173
f 343/1228/1172 44/1229/1173 344/1230/1174
f 344/1230/1174 44/1229/1173 43/1231/1175
f 344/1230/1174 43/1231/1175 345/1232/1176
f 345/1232/1176 43/1231/1175 42/1105/1049
f 345/1232/1176 42/1105/1049 346/1107/1051
f 1135/1233/1177 1048/1234/1178 1201/1235/1179
f 1201/1235/1179 1048/1234/1178 1049/1236/1180
f 1201/1235/1179 1049/1236/1180 1200/1237/1181
f 1200/1237/1181 1049/1236/1180 1199/1238/1182
f 1200/1237/1181 1199/1238/1182 1210/1239/1183
f 1210/1239/1183 1199/1238/1182 1209/1240/1184
f 1210/1239/1183 1209/1240/1184 1220/1241/1185
f 1220/1241/1185 1209/1240/1184 1219/1242/1186
f 1220/1241/1185 1219/1242/1186 1229/1243/1187
f 1229/1243/1187 1219/1242/1186 1228/1244/1188
f 1229/1243/1187 1228/1244/1188 1240/1245/1189
f 1240/1245/1189 1228/1244/1188 1241/1246/1190
f 1240/1245/1189 1241/1246/1190 1238/1247/1191
f 1238/1247/1191 1241/1246/1190 1237/1248/1192
f 1238/1247/1191 1237/1248/1192 1259/1249/1193
f 1259/1249/1193 1237/1248/1192 1260/1250/1194
f 1259/1249/1193 1260/1250/1194 1257/1251/1195
f 1257/1251/1195 1260/1250/1194 1256/1252/1196
f 1257/1251/1195 1256/1252/1196 1278/1253/1197
f 1278/1253/1197 1256/1252/1196 1279/1254/1198
f 1278/1253/1197 1279/1254/1198 1275/1255/1199
f 1275/1255/1199 1279/1254/1198 1274/1256/1200
f 1275/1255/1199 1274/1256/1200 1296/1257/1201
f 1296/1257/1201 1274/1256/1200 1297/1258/1202
f 1296/1257/1201 1297/1258/1202 1294/1259/1203
f 1294/1259/1203 1297/1258/1202 1293/1260/1204
f 1294/1259/1203 1293/1260/1204 1314/1261/1205
f 1314/1261/1205 1293/1260/1204 1315/1262/1206
f 1314/1261/1205 1315/1262/1206 1312/1263/1207
f 1312/1263/1207 1315/1262/1206 1311/1264/1208
f 1312/1263/1207 1311/1264/1208 1330/1265/1209
f 1330/1265/1209 1311/1264/1208 1329/1266/1210
f 1330/1265/1209 1329/1266/1210 1340/1267/1211
f 1340/1267/1211 1329/1266/1210 1339/1268/1212
f 1340/1267/1211 1339/1268/1212 1350/1269/1213
f 1350/1269/1213 1339/1268/1212 1349/1270/1214
f 1350/1269/1213 1349/1270/1214 1360/1271/1215
f 1360/1271/1215 1349/1270/1214 1359/1272/1216
f 1360/1271/1215 1359/1272/1216 1370/1273/1217
f 1370/1273/1217 1359/1272/1216 1369/1274/1218
f 1370/1273/1217 1369/1274/1218 1381/1275/1219
f 1381/1275/1219 1369/1274/1218 1382/1276/1220
f 1381/1275/1219 1382/1276/1220 1379/1277/1221
f 1379/1277/1221 1382/1276/1220 1378/1278/1222
f 1379/1277/1221 1378/1278/1222 1818/1279/1223
f 1818/1279/1223 1378/1278/1222 1819/1280/1224
f 1818/1279/1223 1819/1280/1224 1399/1281/1225
f 1399/1281/1225 1819/1280/1224 1400/1282/1226
f 1399/1281/1225 1400/1282/1226 1397/1283/1227
f 1397/1283/1227 1400/1282/1226 1396/1284/1228
f 1397/1283/1227 1396/1284/1228 1416/1285/1229
f 1416/1285/1229 1396/1284/1228 1415/1286/1230
f 1416/1285/1229 1415/1286/1230 1428/1287/1231
f 1428/1287/1231 1415/1286/1230 1429/1288/1232
f 1428/1287/1231 1429/1288/1232 1425/1289/1233
f 1425/1289/1233 1429/1288/1232 1424/1290/1234
f 1425/1289/1233 1424/1290/1234 1446/1291/1235
f 1446/1291/1235 1424/1290/1234 1447/1292/1236
f 1446/1291/1235 1447/1292/1236 1444/1293/1237
f 1444/1293/1237 1447/1292/1236 1443/1294/1238
f 1444/1293/1237 1443/1294/1238 1464/1295/1239
f 1464/1295/1239 1443/1294/1238 1465/1296/1240
f 1464/1295/1239 1465/1296/1240 1462/1297/1241
f 1462/1297/1241 1465/1296/1240 1461/1298/1242
f 1462/1297/1241 1461/1298/1242 1482/1299/1243
f 1482/1299/1243 1461/1298/1242 1483/1300/1244
f 1482/1299/1243 1483/1300/1244 1480/1301/1245
f 1480/1301/1245 1483/1300/1244 1479/1302/1246
f 1480/1301/1245 1479/1302/1246 1499/1303/1247
f 1499/1303/1247 1479/1302/1246 1500/1304/1248
f 1499/1303/1247 1500/1304/1248 1497/1305/1249
f 1497/1305/1249 1500/1304/1248 1496/1306/1250
f 1497/1305/1249 1496/1306/1250 1516/1307/1251
f 1516/1307/1251 1496/1306/1250 1517/1308/1252
f 1516/1307/1251 1517/1308/1252 1514/1309/1253
f 1514/1309/1253 1517/1308/1252 1513/1310/1254
f 1514/1309/1253 1513/1310/1254 1534/1311/1255
f 1534/1311/1255 1513/1310/1254 1535/1312/1256
f 1534/1311/1255 1535/1312/1256 1532/1313/1257
f 1532/1313/1257 1535/1312/1256 1531/1314/1258
f 1532/1313/1257 1531/1314/1258 1552/1315/1259
f 1552/1315/1259 1531/1314/1258 1553/1316/1260
f 1552/1315/1259 1553/1316/1260 1550/1317/1261
f 1550/1317/1261 1553/1316/1260 1549/1318/1262
f 1550/1317/1261 1549/1318/1262 1571/1319/1263
f 1571/1319/1263 1549/1318/1262 1572/1320/1264
f 1571/1319/1263 1572/1320/1264 1568/1321/1265
f 1568/1321/1265 1572/1320/1264 1567/1322/1266
f 1568/1321/1265 1567/1322/1266 1589/1323/1267
f 1589/1323/1267 1567/1322/1266 1590/1324/1268
f 1589/1323/1267 1590/1324/1268 1587/1325/1269
f 1587/1325/1269 1590/1324/1268 1586/1326/1270
f 1587/1325/1269 1586/1326/1270 1608/1327/1271
f 1608/1327/1271 1586/1326/1270 1609/1328/1272
f 1608/1327/1271 1609/1328/1272 1606/1329/1273
f 1606/1329/1273 1609/1328/1272 1605/1330/1274
f 1606/1329/1273 1605/1330/1274 1625/1331/1275
f 1625/1331/1275 1605/1330/1274 1624/1332/1276
f 1625/1331/1275 1624/1332/1276 1636/1333/1277
f 1636/1333/1277 1624/1332/1276 1637/1334/1278
f 1636/1333/1277 1637/1334/1278 1634/1335/1279
f 1634/1335/1279 1637/1334/1278 1633/1336/1280
f 1634/1335/1279 1633/1336/1280 1654/1337/1281
f 1654/1337/1281 1633/1336/1280 1655/1338/1282
f 1654/1337/1281 1655/1338/1282 1652/1339/1283
f 1652/1339/1283 1655/1338/1282 1651/1340/1284
f 1652/1339/1283 1651/1340/1284 1670/1341/1285
f 1670/1341/1285 1651/1340/1284 1669/1342/1286
f 1670/1341/1285 1669/1342/1286 1682/1343/1287
f 1682/1343/1287 1669/1342/1286 1683/1344/1288
f 1682/1343/1287 1683/1344/1288 1680/1345/1289
f 1680/1345/1289 1683/1344/1288 1679/1346/1290
f 1680/1345/1289 1679/1346/1290 1701/1347/1291
f 1701/1347/1291 1679/1346/1290 1702/1348/1292
f 1701/1347/1291 1702/1348/1292 1698/1349/1293
f 1698/1349/1293 1702/1348/1292 1697/1350/1294
f 1698/1349/1293 1697/1350/1294 1718/1351/1295
f 1718/1351/1295 1697/1350/1294 1719/1352/1296
f 1718/1351/1295 1719/1352/1296 1716/1353/1297
f 1716/1353/1297 1719/1352/1296 1715/1354/1298
f 1716/1353/1297 1715/1354/1298 1735/1355/1299
f 1735/1355/1299 1715/1354/1298 1736/1356/1300
f 1735/1355/1299 1736/1356/1300 1733/1357/1301
f 1733/1357/1301 1736/1356/1300 1732/1358/1302
f 1733/1357/1301 1732/1358/1302 1752/1359/1303
f 1752/1359/1303 1732/1358/1302 1753/1360/1304
f 1752/1359/1303 1753/1360/1304 1751/1361/1305
f 1751/1361/1305 1753/1360/1304 1750/1362/1306
f 1751/1361/1305 1750/1362/1306 1770/1363/1307
f 1770/1363/1307 1750/1362/1306 1771/1364/1308
f 1770/1363/1307 1771/1364/1308 1768/1365/1309
f 1768/1365/1309 1771/1364/1308 1767/1366/1310
f 1768/1365/1309 1767/1366/1310 1788/1367/1311
f 1788/1367/1311 1767/1366/1310 1789/1368/1312
f 1788/1367/1311 1789/1368/1312 1786/1369/1313
f 1786/1369/1313 1789/1368/1312 1785/1370/1314
f 1786/1369/1313 1785/1370/1314 1808/1371/1315
f 1808/1371/1315 1785/1370/1314 1809/1372/1316
f 1808/1371/1315 1809/1372/1316 1805/1373/1317
f 1805/1373/1317 1809/1372/1316 1804/1374/1318
f 1805/1373/1317 1804/1374/1318 1049/1375/1180
f 1049/1375/1180 1804/1374/1318 1050/1376/1319
f 1050/1376/1319 1804/1374/1318 1803/1377/1320
f 1050/1376/1319 1803/1377/1320 1051/1378/1321
f 1051/1378/1321 1803/1377/1320 1802/1379/1322
f 1051/1378/1321 1802/1379/1322 1801/1380/1323
f 1801/1380/1323 1802/1379/1322 1812/1381/1324
f 1801/1380/1323 1812/1381/1324 1813/1382/1325
f 1813/1382/1325 1812/1381/1324 1781/1383/1326
f 1813/1382/1325 1781/1383/1326 1780/1384/1327
f 1780/1384/1327 1781/1383/1326 1794/1385/1328
f 1780/1384/1327 1794/1385/1328 1795/1386/1329
f 1795/1386/1329 1794/1385/1328 1761/1387/1330
f 1795/1386/1329 1761/1387/1330 1189/1388/1331
f 1189/1388/1331 1761/1387/1330 1778/1389/1332
f 1189/1388/1331 1778/1389/1332 1093/1390/1333
f 1093/1390/1333 1778/1389/1332 1187/1391/1334
f 1093/1390/1333 1187/1391/1334 1092/1392/1335
f 1092/1392/1335 1187/1391/1334 1760/1393/1336
f 1092/1392/1335 1760/1393/1336 1185/1394/1337
f 1185/1394/1337 1760/1393/1336 1759/1395/1338
f 1185/1394/1337 1759/1395/1338 1726/1396/1339
f 1726/1396/1339 1759/1395/1338 1758/1397/1340
f 1726/1396/1339 1758/1397/1340 1727/1398/1341
f 1727/1398/1341 1758/1397/1340 1757/1399/1342
f 1727/1398/1341 1757/1399/1342 1728/1400/1343
f 1728/1400/1343 1757/1399/1342 1756/1401/1344
f 1728/1400/1343 1756/1401/1344 1729/1402/1345
f 1729/1402/1345 1756/1401/1344 1755/1403/1346
f 1729/1402/1345 1755/1403/1346 1730/1404/1347
f 1730/1404/1347 1755/1403/1346 1754/1405/1348
f 1730/1404/1347 1754/1405/1348 1731/1406/1349
f 1731/1406/1349 1754/1405/1348 1753/1360/1304
f 1731/1406/1349 1753/1360/1304 1732/1358/1302
f 1049/1236/1180 1050/1407/1319 1199/1238/1182
f 1199/1238/1182 1050/1407/1319 1198/1408/1350
f 1199/1238/1182 1198/1408/1350 1209/1240/1184
f 1209/1240/1184 1198/1408/1350 1208/1409/1351
f 1209/1240/1184 1208/1409/1351 1219/1242/1186
f 1219/1242/1186 1208/1409/1351 1218/1410/1352
f 1219/1242/1186 1218/1410/1352 1228/1244/1188
f 1228/1244/1188 1218/1410/1352 1227/1411/1353
f 1228/1244/1188 1227/1411/1353 1241/1246/1190
f 1241/1246/1190 1227/1411/1353 1242/1412/1354
f 1241/1246/1190 1242/1412/1354 1237/1248/1192
f 1237/1248/1192 1242/1412/1354 1236/1413/1355
f 1237/1248/1192 1236/1413/1355 1260/1250/1194
f 1260/1250/1194 1236/1413/1355 1261/1414/1356
f 1260/1250/1194 1261/1414/1356 1256/1252/1196
f 1256/1252/1196 1261/1414/1356 1255/1415/1357
f 1256/1252/1196 1255/1415/1357 1279/1254/1198
f 1279/1254/1198 1255/1415/1357 1280/1416/1358
f 1279/1254/1198 1280/1416/1358 1274/1256/1200
f 1274/1256/1200 1280/1416/1358 1273/1417/1359
f 1274/1256/1200 1273/1417/1359 1297/1258/1202
f 1297/1258/1202 1273/1417/1359 1298/1418/1360
f 1297/1258/1202 1298/1418/1360 1293/1260/1204
f 1293/1260/1204 1298/1418/1360 1292/1419/1361
f 1293/1260/1204 1292/1419/1361 1315/1262/1206
f 1315/1262/1206 1292/1419/1361 1316/1420/1362
f 1315/1262/1206 1316/1420/1362 1311/1264/1208
f 1311/1264/1208 1316/1420/1362 1310/1421/1363
f 1311/1264/1208 1310/1421/1363 1329/1266/1210
f 1329/1266/1210 1310/1421/1363 1328/1422/1364
f 1329/1266/1210 1328/1422/1364 1339/1268/1212
f 1339/1268/1212 1328/1422/1364 1338/1423/1365
f 1339/1268/1212 1338/1423/1365 1349/1270/1214
f 1349/1270/1214 1338/1423/1365 1348/1424/1366
f 1349/1270/1214 1348/1424/1366 1359/1272/1216
f 1359/1272/1216 1348/1424/1366 1358/1425/1367
f 1359/1272/1216 1358/1425/1367 1369/1274/1218
f 1369/1274/1218 1358/1425/1367 1368/1426/1368
f 1369/1274/1218 1368/1426/1368 1382/1276/1220
f 1382/1276/1220 1368/1426/1368 1383/1427/1369
f 1382/1276/1220 1383/1427/1369 1378/1278/1222
f 1378/1278/1222 1383/1427/1369 1377/1428/1370
f 1378/1278/1222 1377/1428/1370 1819/1280/1224
f 1819/1280/1224 1377/1428/1370 1820/1429/1371
f 1819/1280/1224 1820/1429/1371 1400/1282/1226
f 1400/1282/1226 1820/1429/1371 1401/1430/1372
f 1400/1282/1226 1401/1430/1372 1396/1284/1228
f 1396/1284/1228 1401/1430/1372 1395/1431/1373
f 1396/1284/1228 1395/1431/1373 1415/1286/1230
f 1415/1286/1230 1395/1431/1373 1414/1432/1374
f 1415/1286/1230 1414/1432/1374 1429/1288/1232
f 1429/1288/1232 1414/1432/1374 1430/1433/1375
f 1429/1288/1232 1430/1433/1375 1424/1290/1234
f 1424/1290/1234 1430/1433/1375 1423/1434/1376
f 1424/1290/1234 1423/1434/1376 1447/1292/1236
f 1447/1292/1236 1423/1434/1376 1448/1435/1377
f 1447/1292/1236 1448/1435/1377 1443/1294/1238
f 1443/1294/1238 1448/1435/1377 1442/1436/1378
f 1443/1294/1238 1442/1436/1378 1465/1296/1240
f 1465/1296/1240 1442/1436/1378 1466/1437/1379
f 1465/1296/1240 1466/1437/1379 1461/1298/1242
f 1461/1298/1242 1466/1437/1379 1460/1438/1380
f 1461/1298/1242 1460/1438/1380 1483/1300/1244
f 1483/1300/1244 1460/1438/1380 1484/1439/1381
f 1483/1300/1244 1484/1439/1381 1479/1302/1246
f 1479/1302/1246 1484/1439/1381 1478/1440/1382
f 1479/1302/1246 1478/1440/1382 1500/1304/1248
f 1500/1304/1248 1478/1440/1382 1501/1441/1383
f 1500/1304/1248 1501/1441/1383 1496/1306/1250
f 1496/1306/1250 1501/1441/1383 1495/1442/1384
f 1496/1306/1250 1495/1442/1384 1517/1308/1252
f 1517/1308/1252 1495/1442/1384 1518/1443/1385
f 1517/1308/1252 1518/1443/1385 1513/1310/1254
f 1513/1310/1254 1518/1443/1385 1512/1444/1386
f 1513/1310/1254 1512/1444/1386 1535/1312/1256
f 1535/1312/1256 1512/1444/1386 1536/1445/1387
f 1535/1312/1256 1536/1445/1387 1531/1314/1258
f 1531/1314/1258 1536/1445/1387 1530/1446/1388
f 1531/1314/1258 1530/1446/1388 1553/1316/1260
f 1553/1316/1260 1530/1446/1388 1554/1447/1389
f 1553/1316/1260 1554/1447/1389 1549/1318/1262
f 1549/1318/1262 1554/1447/1389 1548/1448/1390
f 1549/1318/1262 1548/1448/1390 1572/1320/1264
f 1572/1320/1264 1548/1448/1390 1573/1449/1391
f 1572/1320/1264 1573/1449/1391 1567/1322/1266
f 1567/1322/1266 1573/1449/1391 1566/1450/1392
f 1567/1322/1266 1566/1450/1392 1590/1324/1268
f 1590/1324/1268 1566/1450/1392 1591/1451/1393
f 1590/1324/1268 1591/1451/1393 1586/1326/1270
f 1586/1326/1270 1591/1451/1393 1585/1452/1394
f 1586/1326/1270 1585/1452/1394 1609/1328/1272
f 1609/1328/1272 1585/1452/1394 1610/1453/1395
f 1609/1328/1272 1610/1453/1395 1605/1330/1274
f 1605/1330/1274 1610/1453/1395 1604/1454/1396
f 1605/1330/1274 1604/1454/1396 1624/1332/1276
f 1624/1332/1276 1604/1454/1396 1623/1455/1397
f 1624/1332/1276 1623/1455/1397 1637/1334/1278
f 1637/1334/1278 1623/1455/1397 1638/1456/1398
f 1637/1334/1278 1638/1456/1398 1633/1336/1280
f 1633/1336/1280 1638/1456/1398 1632/1457/1399
f 1633/1336/1280 1632/1457/1399 1655/1338/1282
f 1655/1338/1282 1632/1457/1399 1656/1458/1400
f 1655/1338/1282 1656/1458/1400 1651/1340/1284
f 1651/1340/1284 1656/1458/1400 1650/1459/1401
f 1651/1340/1284 1650/1459/1401 1669/1342/1286
f 1669/1342/1286 1650/1459/1401 1668/1460/1402
f 1669/1342/1286 1668/1460/1402 1683/1344/1288
f 1683/1344/1288 1668/1460/1402 1684/1461/1403
f 1683/1344/1288 1684/1461/1403 1679/1346/1290
f 1679/1346/1290 1684/1461/1403 1678/1462/1404
f 1679/1346/1290 1678/1462/1404 1702/1348/1292
f 1702/1348/1292 1678/1462/1404 1703/1463/1405
f 1702/1348/1292 1703/1463/1405 1697/1350/1294
f 1697/1350/1294 1703/1463/1405 1696/1464/1406
f 1697/1350/1294 1696/1464/1406 1719/1352/1296
f 1719/1352/1296 1696/1464/1406 1720/1465/1407
f 1719/1352/1296 1720/1465/1407 1715/1354/1298
f 1715/1354/1298 1720/1465/1407 1714/1466/1408
f 1715/1354/1298 1714/1466/1408 1736/1356/1300
f 1736/1356/1300 1714/1466/1408 1737/1467/1409
f 1736/1356/1300 1737/1467/1409 1732/1358/1302
f 1732/1358/1302 1737/1467/1409 1731/1406/1349
f 1050/1407/1319 1051/1468/1321 1198/1408/1350
f 1198/1408/1350 1051/1468/1321 1197/1469/1410
f 1198/1408/1350 1197/1469/1410 1208/1409/1351
f 1208/1409/1351 1197/1469/1410 1207/1470/1411
f 1208/1409/1351 1207/1470/1411 1218/1410/1352
f 1218/1410/1352 1207/1470/1411 1217/1471/1412
f 1218/1410/1352 1217/1471/1412 1227/1411/1353
f 1227/1411/1353 1217/1471/1412 1226/1472/1413
f 1227/1411/1353 1226/1472/1413 1242/1412/1354
f 1242/1412/1354 1226/1472/1413 1243/1473/1414
f 1242/1412/1354 1243/1473/1414 1236/1413/1355
f 1236/1413/1355 1243/1473/1414 1235/1474/1415
f 1236/1413/1355 1235/1474/1415 1261/1414/1356
f 1261/1414/1356 1235/1474/1415 1262/1475/1416
f 1261/1414/1356 1262/1475/1416 1255/1415/1357
f 1255/1415/1357 1262/1475/1416 1254/1476/1417
f 1255/1415/1357 1254/1476/1417 1280/1416/1358
f 1280/1416/1358 1254/1476/1417 1281/1477/1418
f 1280/1416/1358 1281/1477/1418 1273/1417/1359
f 1273/1417/1359 1281/1477/1418 1272/1478/1419
f 1273/1417/1359 1272/1478/1419 1298/1418/1360
f 1298/1418/1360 1272/1478/1419 1299/1479/1420
f 1298/1418/1360 1299/1479/1420 1292/1419/1361
f 1292/1419/1361 1299/1479/1420 1291/1480/1421
f 1292/1419/1361 1291/1480/1421 1316/1420/1362
f 1316/1420/1362 1291/1480/1421 1317/1481/1422
f 1316/1420/1362 1317/1481/1422 1310/1421/1363
f 1310/1421/1363 1317/1481/1422 1309/1482/1423
f 1310/1421/1363 1309/1482/1423 1328/1422/1364
f 1328/1422/1364 1309/1482/1423 1327/1483/1424
f 1328/1422/1364 1327/1483/1424 1338/1423/1365
f 1338/1423/1365 1327/1483/1424 1337/1484/1425
f 1338/1423/1365 1337/1484/1425 1348/1424/1366
f 1348/1424/1366 1337/1484/1425 1347/1485/1426
f 1348/1424/1366 1347/1485/1426 1358/1425/1367
f 1358/1425/1367 1347/1485/1426 1357/1486/1427
f 1358/1425/1367 1357/1486/1427 1368/1426/1368
f 1368/1426/1368 1357/1486/1427 1367/1487/1428
f 1368/1426/1368 1367/1487/1428 1383/1427/1369
f 1383/1427/1369 1367/1487/1428 1384/1488/1429
f 1383/1427/1369 1384/1488/1429 1377/1428/1370
f 1377/1428/1370 1384/1488/1429 1376/1489/1430
f 1377/1428/1370 1376/1489/1430 1820/1429/1371
f 1820/1429/1371 1376/1489/1430 1821/1490/1431
f 1820/1429/1371 1821/1490/1431 1401/1430/1372
f 1401/1430/1372 1821/1490/1431 1402/1491/1432
f 1401/1430/1372 1402/1491/1432 1395/1431/1373
f 1395/1431/1373 1402/1491/1432 1394/1492/1433
f 1395/1431/1373 1394/1492/1433 1414/1432/1374
f 1414/1432/1374 1394/1492/1433 1413/1493/1434
f 1414/1432/1374 1413/1493/1434 1430/1433/1375
f 1430/1433/1375 1413/1493/1434 1431/1494/1435
f 1430/1433/1375 1431/1494/1435 1423/1434/1376
f 1423/1434/1376 1431/1494/1435 1422/1495/1436
f 1423/1434/1376 1422/1495/1436 1448/1435/1377
f 1448/1435/1377 1422/1495/1436 1449/1496/1437
f 1448/1435/1377 1449/1496/1437 1442/1436/1378
f 1442/1436/1378 1449/1496/1437 1441/1497/1438
f 1442/1436/1378 1441/1497/1438 1466/1437/1379
f 1466/1437/1379 1441/1497/1438 1467/1498/1439
f 1466/1437/1379 1467/1498/1439 1460/1438/1380
f 1460/1438/1380 1467/1498/1439 1459/1499/1440
f 1460/1438/1380 1459/1499/1440 1484/1439/1381
f 1484/1439/1381 1459/1499/1440 1485/1500/1441
f 1484/1439/1381 1485/1500/1441 1478/1440/1382
f 1478/1440/1382 1485/1500/1441 1477/1501/1442
f 1478/1440/1382 1477/1501/1442 1501/1441/1383
f 1501/1441/1383 1477/1501/1442 1502/1502/1443
f 1501/1441/1383 1502/1502/1443 1495/1442/1384
f 1495/1442/1384 1502/1502/1443 1494/1503/1444
f 1495/1442/1384 1494/1503/1444 1518/1443/1385
f 1518/1443/1385 1494/1503/1444 1519/1504/1445
f 1518/1443/1385 1519/1504/1445 1512/1444/1386
f 1512/1444/1386 1519/1504/1445 1511/1505/1446
f 1512/1444/1386 1511/1505/1446 1536/1445/1387
f 1536/1445/1387 1511/1505/1446 1537/1506/1447
f 1536/1445/1387 1537/1506/1447 1530/1446/1388
f 1530/1446/1388 1537/1506/1447 1529/1507/1448
f 1530/1446/1388 1529/1507/1448 1554/1447/1389
f 1554/1447/1389 1529/1507/1448 1555/1508/1449
f 1554/1447/1389 1555/1508/1449 1548/1448/1390
f 1548/1448/1390 1555/1508/1449 1547/1509/1450
f 1548/1448/1390 1547/1509/1450 1573/1449/1391
f 1573/1449/1391 1547/1509/1450 1574/1510/1451
f 1573/1449/1391 1574/1510/1451 1566/1450/1392
f 1566/1450/1392 1574/1510/1451 1565/1511/1452
f 1566/1450/1392 1565/1511/1452 1591/1451/1393
f 1591/1451/1393 1565/1511/1452 1592/1512/1453
f 1591/1451/1393 1592/1512/1453 1585/1452/1394
f 1585/1452/1394 1592/1512/1453 1584/1513/1454
f 1585/1452/1394 1584/1513/1454 1610/1453/1395
f 1610/1453/1395 1584/1513/1454 1611/1514/1455
f 1610/1453/1395 1611/1514/1455 1604/1454/1396
f 1604/1454/1396 1611/1514/1455 1603/1515/1456
f 1604/1454/1396 1603/1515/1456 1623/1455/1397
f 1623/1455/1397 1603/1515/1456 1622/1516/1457
f 1623/1455/1397 1622/1516/1457 1638/1456/1398
f 1638/1456/1398 1622/1516/1457 1639/1517/1458
f 1638/1456/1398 1639/1517/1458 1632/1457/1399
f 1632/1457/1399 1639/1517/1458 1631/1518/1459
f 1632/1457/1399 1631/1518/1459 1656/1458/1400
f 1656/1458/1400 1631/1518/1459 1657/1519/1460
f 1656/1458/1400 1657/1519/1460 1650/1459/1401
f 1650/1459/1401 1657/1519/1460 1649/1520/1461
f 1650/1459/1401 1649/1520/1461 1668/1460/1402
f 1668/1460/1402 1649/1520/1461 1667/1521/1462
f 1668/1460/1402 1667/1521/1462 1684/1461/1403
f 1684/1461/1403 1667/1521/1462 1685/1522/1463
f 1684/1461/1403 1685/1522/1463 1678/1462/1404
f 1678/1462/1404 1685/1522/1463 1677/1523/1464
f 1678/1462/1404 1677/1523/1464 1703/1463/1405
f 1703/1463/1405 1677/1523/1464 1704/1524/1465
f 1703/1463/1405 1704/1524/1465 1696/1464/1406
f 1696/1464/1406 1704/1524/1465 1695/1525/1466
f 1696/1464/1406 1695/1525/1466 1720/1465/1407
f 1720/1465/1407 1695/1525/1466 1721/1526/1467
f 1720/1465/1407 1721/1526/1467 1714/1466/1408
f 1714/1466/1408 1721/1526/1467 1713/1527/1468
f 1714/1466/1408 1713/1527/1468 1737/1467/1409
f 1737/1467/1409 1713/1527/1468 1738/1528/1469
f 1737/1467/1409 1738/1528/1469 1731/1406/1349
f 1731/1406/1349 1738/1528/1469 1730/1404/1347
f 1197/1469/1410 1051/1468/1321 1196/1529/1470
f 1196/1529/1470 1051/1468/1321 1052/1530/1471
f 1196/1529/1470 1052/1530/1471 1195/1531/1472
f 1195/1531/1472 1052/1530/1471 1053/1532/1473
f 1195/1531/1472 1053/1532/1473 1194/1533/1474
f 1194/1533/1474 1053/1532/1473 1054/1534/1475
f 1194/1533/1474 1054/1534/1475 1193/1535/1476
f 1193/1535/1476 1054/1534/1475 1055/1536/1477
f 1193/1535/1476 1055/1536/1477 1192/1537/1478
f 1192/1537/1478 1055/1536/1477 1056/1538/1479
f 1192/1537/1478 1056/1538/1479 1057/1539/1480
f 1192/1537/1478 1057/1539/1480 1202/1540/1481
f 1202/1540/1481 1057/1539/1480 1058/1541/1482
f 1202/1540/1481 1058/1541/1482 1212/1542/1483
f 1212/1542/1483 1058/1541/1482 1059/1543/1484
f 1212/1542/1483 1059/1543/1484 1137/1544/1485
f 1137/1544/1485 1059/1543/1484 1060/1545/1486
f 1137/1544/1485 1060/1545/1486 1248/1546/1487
f 1248/1546/1487 1060/1545/1486 1230/1547/1488
f 1248/1546/1487 1230/1547/1488 1231/1548/1489
f 1231/1548/1489 1230/1547/1488 1266/1549/1490
f 1231/1548/1489 1266/1549/1490 1265/1550/1491
f 1265/1550/1491 1266/1549/1490 1251/1551/1492
f 1265/1550/1491 1251/1551/1492 1252/1552/1493
f 1252/1552/1493 1251/1551/1492 1283/1553/1494
f 1252/1552/1493 1283/1553/1494 1282/1554/1495
f 1282/1554/1495 1283/1553/1494 1271/1555/1496
f 1282/1554/1495 1271/1555/1496 1272/1478/1419
f 1272/1478/1419 1271/1555/1496 1299/1479/1420
f 1230/1547/1488 1060/1545/1486 1139/1556/1497
f 1139/1556/1497 1060/1545/1486 1061/1557/1498
f 1139/1556/1497 1061/1557/1498 1249/1558/1499
f 1249/1558/1499 1061/1557/1498 1141/1559/1500
f 1249/1558/1499 1141/1559/1500 1285/1560/1501
f 1285/1560/1501 1141/1559/1500 1268/1561/1502
f 1285/1560/1501 1268/1561/1502 1269/1562/1503
f 1269/1562/1503 1268/1561/1502 1302/1563/1504
f 1269/1562/1503 1302/1563/1504 1301/1564/1505
f 1301/1564/1505 1302/1563/1504 1289/1565/1506
f 1301/1564/1505 1289/1565/1506 1290/1566/1507
f 1290/1566/1507 1289/1565/1506 1318/1567/1508
f 1290/1566/1507 1318/1567/1508 1317/1481/1422
f 1317/1481/1422 1318/1567/1508 1309/1482/1423
f 1061/1557/1498 1062/1568/1509 1141/1559/1500
f 1141/1559/1500 1062/1568/1509 1267/1569/1510
f 1141/1559/1500 1267/1569/1510 1268/1561/1502
f 1268/1561/1502 1267/1569/1510 1303/1570/1511
f 1268/1561/1502 1303/1570/1511 1302/1563/1504
f 1302/1563/1504 1303/1570/1511 1288/1571/1512
f 1302/1563/1504 1288/1571/1512 1289/1565/1506
f 1289/1565/1506 1288/1571/1512 1319/1572/1513
f 1289/1565/1506 1319/1572/1513 1318/1567/1508
f 1318/1567/1508 1319/1572/1513 1308/1573/1514
f 1318/1567/1508 1308/1573/1514 1309/1482/1423
f 1309/1482/1423 1308/1573/1514 1327/1483/1424
f 1267/1569/1510 1062/1568/1509 1143/1574/1515
f 1143/1574/1515 1062/1568/1509 1063/1575/1516
f 1143/1574/1515 1063/1575/1516 1286/1576/1517
f 1286/1576/1517 1063/1575/1516 1145/1577/1518
f 1286/1576/1517 1145/1577/1518 1321/1578/1519
f 1321/1578/1519 1145/1577/1518 1305/1579/1520
f 1321/1578/1519 1305/1579/1520 1306/1580/1521
f 1306/1580/1521 1305/1579/1520 1324/1581/1522
f 1306/1580/1521 1324/1581/1522 1325/1582/1523
f 1325/1582/1523 1324/1581/1522 1335/1583/1524
f 1325/1582/1523 1335/1583/1524 1336/1584/1525
f 1336/1584/1525 1335/1583/1524 1346/1585/1526
f 1336/1584/1525 1346/1585/1526 1347/1485/1426
f 1347/1485/1426 1346/1585/1526 1357/1486/1427
f 1063/1575/1516 1064/1586/1527 1145/1577/1518
f 1145/1577/1518 1064/1586/1527 1304/1587/1528
f 1145/1577/1518 1304/1587/1528 1305/1579/1520
f 1305/1579/1520 1304/1587/1528 1323/1588/1529
f 1305/1579/1520 1323/1588/1529 1324/1581/1522
f 1324/1581/1522 1323/1588/1529 1334/1589/1530
f 1324/1581/1522 1334/1589/1530 1335/1583/1524
f 1335/1583/1524 1334/1589/1530 1345/1590/1531
f 1335/1583/1524 1345/1590/1531 1346/1585/1526
f 1346/1585/1526 1345/1590/1531 1356/1591/1532
f 1346/1585/1526 1356/1591/1532 1357/1486/1427
f 1357/1486/1427 1356/1591/1532 1367/1487/1428
f 1064/1586/1527 1065/1592/1533 1304/1587/1528
f 1304/1587/1528 1065/1592/1533 1322/1593/1534
f 1304/1587/1528 1322/1593/1534 1323/1588/1529
f 1323/1588/1529 1322/1593/1534 1333/1594/1535
f 1323/1588/1529 1333/1594/1535 1334/1589/1530
f 1334/1589/1530 1333/1594/1535 1344/1595/1536
f 1334/1589/1530 1344/1595/1536 1345/1590/1531
f 1345/1590/1531 1344/1595/1536 1355/1596/1537
f 1345/1590/1531 1355/1596/1537 1356/1591/1532
f 1356/1591/1532 1355/1596/1537 1366/1597/1538
f 1356/1591/1532 1366/1597/1538 1367/1487/1428
f 1367/1487/1428 1366/1597/1538 1384/1488/1429
f 1065/1592/1533 1066/1598/1539 1322/1593/1534
f 1322/1593/1534 1066/1598/1539 1332/1599/1540
f 1322/1593/1534 1332/1599/1540 1333/1594/1535
f 1333/1594/1535 1332/1599/1540 1343/1600/1541
f 1333/1594/1535 1343/1600/1541 1344/1595/1536
f 1344/1595/1536 1343/1600/1541 1354/1601/1542
f 1344/1595/1536 1354/1601/1542 1355/1596/1537
f 1355/1596/1537 1354/1601/1542 1365/1602/1543
f 1355/1596/1537 1365/1602/1543 1366/1597/1538
f 1366/1597/1538 1365/1602/1543 1385/1603/1544
f 1366/1597/1538 1385/1603/1544 1384/1488/1429
f 1384/1488/1429 1385/1603/1544 1376/1489/1430
f 1066/1598/1539 1067/1604/1545 1332/1599/1540
f 1332/1599/1540 1067/1604/1545 1342/1605/1546
f 1332/1599/1540 1342/1605/1546 1343/1600/1541
f 1343/1600/1541 1342/1605/1546 1353/1606/1547
f 1343/1600/1541 1353/1606/1547 1354/1601/1542
f 1354/1601/1542 1353/1606/1547 1364/1607/1548
f 1354/1601/1542 1364/1607/1548 1365/1602/1543
f 1365/1602/1543 1364/1607/1548 1386/1608/1549
f 1365/1602/1543 1386/1608/1549 1385/1603/1544
f 1385/1603/1544 1386/1608/1549 1375/1609/1550
f 1385/1603/1544 1375/1609/1550 1376/1489/1430
f 1376/1489/1430 1375/1609/1550 1821/1490/1431
f 1067/1604/1545 1068/1610/1551 1342/1605/1546
f 1342/1605/1546 1068/1610/1551 1352/1611/1552
f 1342/1605/1546 1352/1611/1552 1353/1606/1547
f 1353/1606/1547 1352/1611/1552 1363/1612/1553
f 1353/1606/1547 1363/1612/1553 1364/1607/1548
f 1364/1607/1548 1363/1612/1553 1387/1613/1554
f 1364/1607/1548 1387/1613/1554 1386/1608/1549
f 1386/1608/1549 1387/1613/1554 1374/1614/1555
f 1386/1608/1549 1374/1614/1555 1375/1609/1550
f 1375/1609/1550 1374/1614/1555 1822/1615/1556
f 1375/1609/1550 1822/1615/1556 1821/1490/1431
f 1821/1490/1431 1822/1615/1556 1402/1491/1432
f 1068/1610/1551 1069/1616/1557 1352/1611/1552
f 1352/1611/1552 1069/1616/1557 1362/1617/1558
f 1352/1611/1552 1362/1617/1558 1363/1612/1553
f 1363/1612/1553 1362/1617/1558 1388/1618/1559
f 1363/1612/1553 1388/1618/1559 1387/1613/1554
f 1387/1613/1554 1388/1618/1559 1373/1619/1560
f 1387/1613/1554 1373/1619/1560 1374/1614/1555
f 1374/1614/1555 1373/1619/1560 1823/1620/1561
f 1374/1614/1555 1823/1620/1561 1822/1615/1556
f 1822/1615/1556 1823/1620/1561 1403/1621/1562
f 1822/1615/1556 1403/1621/1562 1402/1491/1432
f 1402/1491/1432 1403/1621/1562 1394/1492/1433
f 1362/1617/1558 1069/1616/1557 1147/1622/1563
f 1147/1622/1563 1069/1616/1557 1070/1623/1564
f 1147/1622/1563 1070/1623/1564 1371/1624/1565
f 1371/1624/1565 1070/1623/1564 1149/1625/1566
f 1371/1624/1565 1149/1625/1566 1825/1626/1567
f 1825/1626/1567 1149/1625/1566 1406/1627/1568
f 1825/1626/1567 1406/1627/1568 1405/1628/1569
f 1405/1628/1569 1406/1627/1568 1391/1629/1570
f 1405/1628/1569 1391/1629/1570 1392/1630/1571
f 1392/1630/1571 1391/1629/1570 1411/1631/1572
f 1392/1630/1571 1411/1631/1572 1412/1632/1573
f 1412/1632/1573 1411/1631/1572 1432/1633/1574
f 1412/1632/1573 1432/1633/1574 1431/1494/1435
f 1431/1494/1435 1432/1633/1574 1422/1495/1436
f 1070/1623/1564 1071/1634/1575 1149/1625/1566
f 1149/1625/1566 1071/1634/1575 1407/1635/1576
f 1149/1625/1566 1407/1635/1576 1406/1627/1568
f 1406/1627/1568 1407/1635/1576 1390/1636/1577
f 1406/1627/1568 1390/1636/1577 1391/1629/1570
f 1391/1629/1570 1390/1636/1577 1410/1637/1578
f 1391/1629/1570 1410/1637/1578 1411/1631/1572
f 1411/1631/1572 1410/1637/1578 1433/1638/1579
f 1411/1631/1572 1433/1638/1579 1432/1633/1574
f 1432/1633/1574 1433/1638/1579 1421/1639/1580
f 1432/1633/1574 1421/1639/1580 1422/1495/1436
f 1422/1495/1436 1421/1639/1580 1449/1496/1437
f 1407/1635/1576 1071/1634/1575 1389/1640/1581
f 1389/1640/1581 1071/1634/1575 1072/1641/1582
f 1389/1640/1581 1072/1641/1582 1408/1642/1583
f 1408/1642/1583 1072/1641/1582 1152/1643/1584
f 1408/1642/1583 1152/1643/1584 1435/1644/1585
f 1435/1644/1585 1152/1643/1584 1418/1645/1586
f 1435/1644/1585 1418/1645/1586 1419/1646/1587
f 1419/1646/1587 1418/1645/1586 1452/1647/1588
f 1419/1646/1587 1452/1647/1588 1451/1648/1589
f 1451/1648/1589 1452/1647/1588 1439/1649/1590
f 1451/1648/1589 1439/1649/1590 1440/1650/1591
f 1440/1650/1591 1439/1649/1590 1468/1651/1592
f 1440/1650/1591 1468/1651/1592 1467/1498/1439
f 1467/1498/1439 1468/1651/1592 1459/1499/1440
f 1072/1641/1582 1073/1652/1593 1152/1643/1584
f 1152/1643/1584 1073/1652/1593 1417/1653/1594
f 1152/1643/1584 1417/1653/1594 1418/1645/1586
f 1418/1645/1586 1417/1653/1594 1453/1654/1595
f 1418/1645/1586 1453/1654/1595 1452/1647/1588
f 1452/1647/1588 1453/1654/1595 1438/1655/1596
f 1452/1647/1588 1438/1655/1596 1439/1649/1590
f 1439/1649/1590 1438/1655/1596 1469/1656/1597
f 1439/1649/1590 1469/1656/1597 1468/1651/1592
f 1468/1651/1592 1469/1656/1597 1458/1657/1598
f 1468/1651/1592 1458/1657/1598 1459/1499/1440
f 1459/1499/1440 1458/1657/1598 1485/1500/1441
f 1417/1653/1594 1073/1652/1593 1154/1658/1599
f 1154/1658/1599 1073/1652/1593 1074/1659/1600
f 1154/1658/1599 1074/1659/1600 1436/1660/1601
f 1436/1660/1601 1074/1659/1600 1156/1661/1602
f 1436/1660/1601 1156/1661/1602 1471/1662/1603
f 1471/1662/1603 1156/1661/1602 1455/1663/1604
f 1471/1662/1603 1455/1663/1604 1456/1664/1605
f 1456/1664/1605 1455/1663/1604 1488/1665/1606
f 1456/1664/1605 1488/1665/1606 1487/1666/1607
f 1487/1666/1607 1488/1665/1606 1475/1667/1608
f 1487/1666/1607 1475/1667/1608 1476/1668/1609
f 1476/1668/1609 1475/1667/1608 1503/1669/1610
f 1476/1668/1609 1503/1669/1610 1502/1502/1443
f 1502/1502/1443 1503/1669/1610 1494/1503/1444
f 1074/1659/1600 1075/1670/1611 1156/1661/1602
f 1156/1661/1602 1075/1670/1611 1454/1671/1612
f 1156/1661/1602 1454/1671/1612 1455/1663/1604
f 1455/1663/1604 1454/1671/1612 1489/1672/1613
f 1455/1663/1604 1489/1672/1613 1488/1665/1606
f 1488/1665/1606 1489/1672/1613 1474/1673/1614
f 1488/1665/1606 1474/1673/1614 1475/1667/1608
f 1475/1667/1608 1474/1673/1614 1504/1674/1615
f 1475/1667/1608 1504/1674/1615 1503/1669/1610
f 1503/1669/1610 1504/1674/1615 1493/1675/1616
f 1503/1669/1610 1493/1675/1616 1494/1503/1444
f 1494/1503/1444 1493/1675/1616 1519/1504/1445
f 1454/1671/1612 1075/1670/1611 1158/1676/1617
f 1158/1676/1617 1075/1670/1611 1076/1677/1618
f 1158/1676/1617 1076/1677/1618 1472/1678/1619
f 1472/1678/1619 1076/1677/1618 1160/1679/1620
f 1472/1678/1619 1160/1679/1620 1506/1680/1621
f 1506/1680/1621 1160/1679/1620 1490/1681/1622
f 1506/1680/1621 1490/1681/1622 1491/1682/1623
f 1491/1682/1623 1490/1681/1622 1522/1683/1624
f 1491/1682/1623 1522/1683/1624 1521/1684/1625
f 1521/1684/1625 1522/1683/1624 1509/1685/1626
f 1521/1684/1625 1509/1685/1626 1510/1686/1627
f 1510/1686/1627 1509/1685/1626 1538/1687/1628
f 1510/1686/1627 1538/1687/1628 1537/1506/1447
f 1537/1506/1447 1538/1687/1628 1529/1507/1448
f 1076/1677/1618 1077/1688/1629 1160/1679/1620
f 1160/1679/1620 1077/1688/1629 1162/1689/1630
f 1160/1679/1620 1162/1689/1630 1490/1681/1622
f 1490/1681/1622 1162/1689/1630 1523/1690/1631
f 1490/1681/1622 1523/1690/1631 1522/1683/1624
f 1522/1683/1624 1523/1690/1631 1508/1691/1632
f 1522/1683/1624 1508/1691/1632 1509/1685/1626
f 1509/1685/1626 1508/1691/1632 1539/1692/1633
f 1509/1685/1626 1539/1692/1633 1538/1687/1628
f 1538/1687/1628 1539/1692/1633 1528/1693/1634
f 1538/1687/1628 1528/1693/1634 1529/1507/1448
f 1529/1507/1448 1528/1693/1634 1555/1508/1449
f 1077/1688/1629 1078/1694/1635 1162/1689/1630
f 1162/1689/1630 1078/1694/1635 1524/1695/1636
f 1162/1689/1630 1524/1695/1636 1523/1690/1631
f 1523/1690/1631 1524/1695/1636 1507/1696/1637
f 1523/1690/1631 1507/1696/1637 1508/1691/1632
f 1508/1691/1632 1507/1696/1637 1540/1697/1638
f 1508/1691/1632 1540/1697/1638 1539/1692/1633
f 1539/1692/1633 1540/1697/1638 1527/1698/1639
f 1539/1692/1633 1527/1698/1639 1528/1693/1634
f 1528/1693/1634 1527/1698/1639 1556/1699/1640
f 1528/1693/1634 1556/1699/1640 1555/1508/1449
f 1555/1508/1449 1556/1699/1640 1547/1509/1450
f 1524/1695/1636 1078/1694/1635 1164/1700/1641
f 1164/1700/1641 1078/1694/1635 1079/1701/1642
f 1164/1700/1641 1079/1701/1642 1542/1702/1643
f 1542/1702/1643 1079/1701/1642 1166/1703/1644
f 1542/1702/1643 1166/1703/1644 1525/1704/1645
f 1525/1704/1645 1166/1703/1644 1559/1705/1646
f 1525/1704/1645 1559/1705/1646 1558/1706/1647
f 1558/1706/1647 1559/1705/1646 1544/1707/1648
f 1558/1706/1647 1544/1707/1648 1545/1708/1649
f 1545/1708/1649 1544/1707/1648 1576/1709/1650
f 1545/1708/1649 1576/1709/1650 1575/1710/1651
f 1575/1710/1651 1576/1709/1650 1564/1711/1652
f 1575/1710/1651 1564/1711/1652 1565/1511/1452
f 1565/1511/1452 1564/1711/1652 1592/1512/1453
f 1079/1701/1642 1080/1712/1653 1166/1703/1644
f 1166/1703/1644 1080/1712/1653 1560/1713/1654
f 1166/1703/1644 1560/1713/1654 1559/1705/1646
f 1559/1705/1646 1560/1713/1654 1543/1714/1655
f 1559/1705/1646 1543/1714/1655 1544/1707/1648
f 1544/1707/1648 1543/1714/1655 1577/1715/1656
f 1544/1707/1648 1577/1715/1656 1576/1709/1650
f 1576/1709/1650 1577/1715/1656 1563/1716/1657
f 1576/1709/1650 1563/1716/1657 1564/1711/1652
f 1564/1711/1652 1563/1716/1657 1593/1717/1658
f 1564/1711/1652 1593/1717/1658 1592/1512/1453
f 1592/1512/1453 1593/1717/1658 1584/1513/1454
f 1560/1713/1654 1080/1712/1653 1167/1718/1659
f 1167/1718/1659 1080/1712/1653 1081/1719/1660
f 1167/1718/1659 1081/1719/1660 1579/1720/1661
f 1579/1720/1661 1081/1719/1660 1169/1721/1662
f 1579/1720/1661 1169/1721/1662 1561/1722/1663
f 1561/1722/1663 1169/1721/1662 1596/1723/1664
f 1561/1722/1663 1596/1723/1664 1595/1724/1665
f 1595/1724/1665 1596/1723/1664 1581/1725/1666
f 1595/1724/1665 1581/1725/1666 1582/1726/1667
f 1582/1726/1667 1581/1725/1666 1613/1727/1668
f 1582/1726/1667 1613/1727/1668 1612/1728/1669
f 1612/1728/1669 1613/1727/1668 1602/1729/1670
f 1612/1728/1669 1602/1729/1670 1603/1515/1456
f 1603/1515/1456 1602/1729/1670 1622/1516/1457
f 1081/1719/1660 1082/1730/1671 1169/1721/1662
f 1169/1721/1662 1082/1730/1671 1597/1731/1672
f 1169/1721/1662 1597/1731/1672 1596/1723/1664
f 1596/1723/1664 1597/1731/1672 1580/1732/1673
f 1596/1723/1664 1580/1732/1673 1581/1725/1666
f 1581/1725/1666 1580/1732/1673 1614/1733/1674
f 1581/1725/1666 1614/1733/1674 1613/1727/1668
f 1613/1727/1668 1614/1733/1674 1601/1734/1675
f 1613/1727/1668 1601/1734/1675 1602/1729/1670
f 1602/1729/1670 1601/1734/1675 1621/1735/1676
f 1602/1729/1670 1621/1735/1676 1622/1516/1457
f 1622/1516/1457 1621/1735/1676 1639/1517/1458
f 1597/1731/1672 1082/1730/1671 1171/1736/1677
f 1171/1736/1677 1082/1730/1671 1083/1737/1678
f 1171/1736/1677 1083/1737/1678 1616/1738/1679
f 1616/1738/1679 1083/1737/1678 1598/1739/1680
f 1616/1738/1679 1598/1739/1680 1599/1740/1681
f 1599/1740/1681 1598/1739/1680 1618/1741/1682
f 1599/1740/1681 1618/1741/1682 1619/1742/1683
f 1619/1742/1683 1618/1741/1682 1642/1743/1684
f 1619/1742/1683 1642/1743/1684 1641/1744/1685
f 1641/1744/1685 1642/1743/1684 1629/1745/1686
f 1641/1744/1685 1629/1745/1686 1630/1746/1687
f 1630/1746/1687 1629/1745/1686 1658/1747/1688
f 1630/1746/1687 1658/1747/1688 1657/1519/1460
f 1657/1519/1460 1658/1747/1688 1649/1520/1461
f 1083/1737/1678 1084/1748/1689 1598/1739/1680
f 1598/1739/1680 1084/1748/1689 1617/1749/1690
f 1598/1739/1680 1617/1749/1690 1618/1741/1682
f 1618/1741/1682 1617/1749/1690 1643/1750/1691
f 1618/1741/1682 1643/1750/1691 1642/1743/1684
f 1642/1743/1684 1643/1750/1691 1628/1751/1692
f 1642/1743/1684 1628/1751/1692 1629/1745/1686
f 1629/1745/1686 1628/1751/1692 1659/1752/1693
f 1629/1745/1686 1659/1752/1693 1658/1747/1688
f 1658/1747/1688 1659/1752/1693 1648/1753/1694
f 1658/1747/1688 1648/1753/1694 1649/1520/1461
f 1649/1520/1461 1648/1753/1694 1667/1521/1462
f 1617/1749/1690 1084/1748/1689 1174/1754/1695
f 1174/1754/1695 1084/1748/1689 1085/1755/1696
f 1174/1754/1695 1085/1755/1696 1626/1756/1697
f 1626/1756/1697 1085/1755/1696 1175/1757/1698
f 1626/1756/1697 1175/1757/1698 1661/1758/1699
f 1661/1758/1699 1175/1757/1698 1645/1759/1700
f 1661/1758/1699 1645/1759/1700 1646/1760/1701
f 1646/1760/1701 1645/1759/1700 1664/1761/1702
f 1646/1760/1701 1664/1761/1702 1665/1762/1703
f 1665/1762/1703 1664/1761/1702 1687/1763/1704
f 1665/1762/1703 1687/1763/1704 1686/1764/1705
f 1686/1764/1705 1687/1763/1704 1676/1765/1706
f 1686/1764/1705 1676/1765/1706 1677/1523/1464
f 1677/1523/1464 1676/1765/1706 1704/1524/1465
f 1085/1755/1696 1086/1766/1707 1175/1757/1698
f 1175/1757/1698 1086/1766/1707 1644/1767/1708
f 1175/1757/1698 1644/1767/1708 1645/1759/1700
f 1645/1759/1700 1644/1767/1708 1663/1768/1709
f 1645/1759/1700 1663/1768/1709 1664/1761/1702
f 1664/1761/1702 1663/1768/1709 1688/1769/1710
f 1664/1761/1702 1688/1769/1710 1687/1763/1704
f 1687/1763/1704 1688/1769/1710 1675/1770/1711
f 1687/1763/1704 1675/1770/1711 1676/1765/1706
f 1676/1765/1706 1675/1770/1711 1705/1771/1712
f 1676/1765/1706 1705/1771/1712 1704/1524/1465
f 1704/1524/1465 1705/1771/1712 1695/1525/1466
f 1086/1766/1707 1087/1772/1713 1644/1767/1708
f 1644/1767/1708 1087/1772/1713 1662/1773/1714
f 1644/1767/1708 1662/1773/1714 1663/1768/1709
f 1663/1768/1709 1662/1773/1714 1689/1774/1715
f 1663/1768/1709 1689/1774/1715 1688/1769/1710
f 1688/1769/1710 1689/1774/1715 1674/1775/1716
f 1688/1769/1710 1674/1775/1716 1675/1770/1711
f 1675/1770/1711 1674/1775/1716 1706/1776/1717
f 1675/1770/1711 1706/1776/1717 1705/1771/1712
f 1705/1771/1712 1706/1776/1717 1694/1777/1718
f 1705/1771/1712 1694/1777/1718 1695/1525/1466
f 1695/1525/1466 1694/1777/1718 1721/1526/1467
f 1662/1773/1714 1087/1772/1713 1178/1778/1719
f 1178/1778/1719 1087/1772/1713 1088/1779/1720
f 1178/1778/1719 1088/1779/1720 1672/1780/1721
f 1672/1780/1721 1088/1779/1720 1179/1781/1722
f 1672/1780/1721 1179/1781/1722 1708/1782/1723
f 1708/1782/1723 1179/1781/1722 1691/1783/1724
f 1708/1782/1723 1691/1783/1724 1692/1784/1725
f 1692/1784/1725 1691/1783/1724 1724/1785/1726
f 1692/1784/1725 1724/1785/1726 1723/1786/1727
f 1723/1786/1727 1724/1785/1726 1711/1787/1728
f 1723/1786/1727 1711/1787/1728 1712/1788/1729
f 1712/1788/1729 1711/1787/1728 1739/1789/1730
f 1712/1788/1729 1739/1789/1730 1738/1528/1469
f 1738/1528/1469 1739/1789/1730 1730/1404/1347
f 1088/1779/1720 1089/1790/1731 1179/1781/1722
f 1179/1781/1722 1089/1790/1731 1690/1791/1732
f 1179/1781/1722 1690/1791/1732 1691/1783/1724
f 1691/1783/1724 1690/1791/1732 1725/1792/1733
f 1691/1783/1724 1725/1792/1733 1724/1785/1726
f 1724/1785/1726 1725/1792/1733 1710/1793/1734
f 1724/1785/1726 1710/1793/1734 1711/1787/1728
f 1711/1787/1728 1710/1793/1734 1740/1794/1735
f 1711/1787/1728 1740/1794/1735 1739/1789/1730
f 1739/1789/1730 1740/1794/1735 1729/1402/1345
f 1739/1789/1730 1729/1402/1345 1730/1404/1347
f 1690/1791/1732 1089/1790/1731 1181/1795/1736
f 1181/1795/1736 1089/1790/1731 1090/1796/1737
f 1181/1795/1736 1090/1796/1737 1183/1797/1738
f 1183/1797/1738 1090/1796/1737 1091/1798/1739
f 1183/1797/1738 1091/1798/1739 1743/1799/1740
f 1743/1799/1740 1091/1798/1739 1185/1394/1337
f 1743/1799/1740 1185/1394/1337 1726/1396/1339
f 1091/1798/1739 1092/1392/1335 1185/1394/1337
f 1093/1390/1333 1094/1800/1741 1189/1388/1331
f 1189/1388/1331 1094/1800/1741 1796/1801/1742
f 1189/1388/1331 1796/1801/1742 1795/1386/1329
f 1795/1386/1329 1796/1801/1742 1779/1802/1743
f 1795/1386/1329 1779/1802/1743 1780/1384/1327
f 1780/1384/1327 1779/1802/1743 1814/1803/1744
f 1780/1384/1327 1814/1803/1744 1813/1382/1325
f 1813/1382/1325 1814/1803/1744 1800/1804/1745
f 1813/1382/1325 1800/1804/1745 1801/1380/1323
f 1801/1380/1323 1800/1804/1745 1052/1805/1471
f 1801/1380/1323 1052/1805/1471 1051/1378/1321
f 1796/1801/1742 1094/1800/1741 1191/1806/1746
f 1191/1806/1746 1094/1800/1741 1095/1807/1747
f 1191/1806/1746 1095/1807/1747 1816/1808/1748
f 1816/1808/1748 1095/1807/1747 1797/1809/1749
f 1816/1808/1748 1797/1809/1749 1798/1810/1750
f 1798/1810/1750 1797/1809/1749 1055/1811/1477
f 1798/1810/1750 1055/1811/1477 1054/1812/1475
f 1095/1807/1747 1056/1813/1479 1797/1809/1749
f 1797/1809/1749 1056/1813/1479 1055/1811/1477
f 1798/1810/1750 1054/1812/1475 1799/1814/1751
f 1799/1814/1751 1054/1812/1475 1053/1815/1473
f 1799/1814/1751 1053/1815/1473 1800/1804/1745
f 1800/1804/1745 1053/1815/1473 1052/1805/1471
f 1805/1373/1317 1049/1375/1180 1806/1816/1752
f 1806/1816/1752 1049/1375/1180 1048/1817/1178
f 1806/1816/1752 1048/1817/1178 1096/1818/1753
f 1097/1819/1754 1190/1820/1755 1096/1818/1753
f 1096/1818/1753 1190/1820/1755 1807/1821/1756
f 1096/1818/1753 1807/1821/1756 1806/1816/1752
f 1806/1816/1752 1807/1821/1756 1808/1371/1315
f 1806/1816/1752 1808/1371/1315 1805/1373/1317
f 1098/1822/1757 1188/1823/1758 1097/1819/1754
f 1097/1819/1754 1188/1823/1758 1787/1824/1759
f 1097/1819/1754 1787/1824/1759 1190/1820/1755
f 1190/1820/1755 1787/1824/1759 1788/1367/1311
f 1190/1820/1755 1788/1367/1311 1786/1369/1313
f 1099/1825/1760 1186/1826/1761 1098/1822/1757
f 1098/1822/1757 1186/1826/1761 1769/1827/1762
f 1098/1822/1757 1769/1827/1762 1188/1823/1758
f 1188/1823/1758 1769/1827/1762 1770/1363/1307
f 1188/1823/1758 1770/1363/1307 1768/1365/1309
f 1186/1826/1761 1099/1825/1760 1184/1828/1763
f 1184/1828/1763 1099/1825/1760 1100/1829/1764
f 1184/1828/1763 1100/1829/1764 1734/1830/1765
f 1734/1830/1765 1100/1829/1764 1182/1831/1766
f 1734/1830/1765 1182/1831/1766 1735/1355/1299
f 1735/1355/1299 1182/1831/1766 1716/1353/1297
f 1100/1829/1764 1101/1832/1767 1182/1831/1766
f 1182/1831/1766 1101/1832/1767 1717/1833/1768
f 1182/1831/1766 1717/1833/1768 1716/1353/1297
f 1716/1353/1297 1717/1833/1768 1718/1351/1295
f 1717/1833/1768 1101/1832/1767 1180/1834/1769
f 1180/1834/1769 1101/1832/1767 1102/1835/1770
f 1180/1834/1769 1102/1835/1770 1699/1836/1771
f 1699/1836/1771 1102/1835/1770 1700/1837/1772
f 1699/1836/1771 1700/1837/1772 1701/1347/1291
f 1701/1347/1291 1700/1837/1772 1680/1345/1289
f 1102/1835/1770 1103/1838/1773 1700/1837/1772
f 1700/1837/1772 1103/1838/1773 1681/1839/1774
f 1700/1837/1772 1681/1839/1774 1680/1345/1289
f 1680/1345/1289 1681/1839/1774 1682/1343/1287
f 1681/1839/1774 1103/1838/1773 1177/1840/1775
f 1177/1840/1775 1103/1838/1773 1104/1841/1776
f 1177/1840/1775 1104/1841/1776 1671/1842/1777
f 1671/1842/1777 1104/1841/1776 1176/1843/1778
f 1671/1842/1777 1176/1843/1778 1652/1339/1283
f 1652/1339/1283 1176/1843/1778 1654/1337/1281
f 1104/1841/1776 1105/1844/1779 1176/1843/1778
f 1176/1843/1778 1105/1844/1779 1653/1845/1780
f 1176/1843/1778 1653/1845/1780 1654/1337/1281
f 1654/1337/1281 1653/1845/1780 1634/1335/1279
f 1105/1844/1779 1106/1846/1781 1653/1845/1780
f 1653/1845/1780 1106/1846/1781 1635/1847/1782
f 1653/1845/1780 1635/1847/1782 1634/1335/1279
f 1634/1335/1279 1635/1847/1782 1636/1333/1277
f 1635/1847/1782 1106/1846/1781 1173/1848/1783
f 1173/1848/1783 1106/1846/1781 1107/1849/1784
f 1173/1848/1783 1107/1849/1784 1172/1850/1785
f 1172/1850/1785 1107/1849/1784 1108/1851/1786
f 1172/1850/1785 1108/1851/1786 1607/1852/1787
f 1607/1852/1787 1108/1851/1786 1170/1853/1788
f 1607/1852/1787 1170/1853/1788 1608/1327/1271
f 1608/1327/1271 1170/1853/1788 1587/1325/1269
f 1108/1851/1786 1109/1854/1789 1170/1853/1788
f 1170/1853/1788 1109/1854/1789 1588/1855/1790
f 1170/1853/1788 1588/1855/1790 1587/1325/1269
f 1587/1325/1269 1588/1855/1790 1589/1323/1267
f 1588/1855/1790 1109/1854/1789 1168/1856/1791
f 1168/1856/1791 1109/1854/1789 1110/1857/1792
f 1168/1856/1791 1110/1857/1792 1569/1858/1793
f 1569/1858/1793 1110/1857/1792 1570/1859/1794
f 1569/1858/1793 1570/1859/1794 1571/1319/1263
f 1571/1319/1263 1570/1859/1794 1550/1317/1261
f 1110/1857/1792 1111/1860/1795 1570/1859/1794
f 1570/1859/1794 1111/1860/1795 1551/1861/1796
f 1570/1859/1794 1551/1861/1796 1550/1317/1261
f 1550/1317/1261 1551/1861/1796 1552/1315/1259
f 1551/1861/1796 1111/1860/1795 1165/1862/1797
f 1165/1862/1797 1111/1860/1795 1112/1863/1798
f 1165/1862/1797 1112/1863/1798 1533/1864/1799
f 1533/1864/1799 1112/1863/1798 1163/1865/1800
f 1533/1864/1799 1163/1865/1800 1534/1311/1255
f 1534/1311/1255 1163/1865/1800 1514/1309/1253
f 1112/1863/1798 1113/1866/1801 1163/1865/1800
f 1163/1865/1800 1113/1866/1801 1515/1867/1802
f 1163/1865/1800 1515/1867/1802 1514/1309/1253
f 1514/1309/1253 1515/1867/1802 1516/1307/1251
f 1515/1867/1802 1113/1866/1801 1161/1868/1803
f 1161/1868/1803 1113/1866/1801 1114/1869/1804
f 1161/1868/1803 1114/1869/1804 1498/1870/1805
f 1498/1870/1805 1114/1869/1804 1159/1871/1806
f 1498/1870/1805 1159/1871/1806 1499/1303/1247
f 1499/1303/1247 1159/1871/1806 1480/1301/1245
f 1114/1869/1804 1115/1872/1807 1159/1871/1806
f 1159/1871/1806 1115/1872/1807 1157/1873/1808
f 1159/1871/1806 1157/1873/1808 1480/1301/1245
f 1480/1301/1245 1157/1873/1808 1482/1299/1243
f 1115/1872/1807 1116/1874/1809 1157/1873/1808
f 1157/1873/1808 1116/1874/1809 1481/1875/1810
f 1157/1873/1808 1481/1875/1810 1482/1299/1243
f 1482/1299/1243 1481/1875/1810 1462/1297/1241
f 1481/1875/1810 1116/1874/1809 1155/1876/1811
f 1155/1876/1811 1116/1874/1809 1117/1877/1812
f 1155/1876/1811 1117/1877/1812 1463/1878/1813
f 1463/1878/1813 1117/1877/1812 1153/1879/1814
f 1463/1878/1813 1153/1879/1814 1444/1293/1237
f 1444/1293/1237 1153/1879/1814 1446/1291/1235
f 1117/1877/1812 1118/1880/1815 1153/1879/1814
f 1153/1879/1814 1118/1880/1815 1445/1881/1816
f 1153/1879/1814 1445/1881/1816 1446/1291/1235
f 1446/1291/1235 1445/1881/1816 1425/1289/1233
f 1445/1881/1816 1118/1880/1815 1426/1882/1817
f 1426/1882/1817 1118/1880/1815 1119/1883/1818
f 1426/1882/1817 1119/1883/1818 1427/1884/1819
f 1427/1884/1819 1119/1883/1818 1151/1885/1820
f 1427/1884/1819 1151/1885/1820 1416/1285/1229
f 1416/1285/1229 1151/1885/1820 1397/1283/1227
f 1119/1883/1818 1120/1886/1821 1151/1885/1820
f 1151/1885/1820 1120/1886/1821 1398/1887/1822
f 1151/1885/1820 1398/1887/1822 1397/1283/1227
f 1397/1283/1227 1398/1887/1822 1399/1281/1225
f 1398/1887/1822 1120/1886/1821 1150/1888/1823
f 1150/1888/1823 1120/1886/1821 1121/1889/1824
f 1150/1888/1823 1121/1889/1824 1817/1890/1825
f 1817/1890/1825 1121/1889/1824 1148/1891/1826
f 1817/1890/1825 1148/1891/1826 1379/1277/1221
f 1379/1277/1221 1148/1891/1826 1381/1275/1219
f 1121/1889/1824 1122/1892/1827 1148/1891/1826
f 1148/1891/1826 1122/1892/1827 1380/1893/1828
f 1148/1891/1826 1380/1893/1828 1381/1275/1219
f 1381/1275/1219 1380/1893/1828 1370/1273/1217
f 1380/1893/1828 1122/1892/1827 1146/1894/1829
f 1146/1894/1829 1122/1892/1827 1123/1895/1830
f 1146/1894/1829 1123/1895/1830 1361/1896/1831
f 1361/1896/1831 1123/1895/1830 1124/1897/1832
f 1361/1896/1831 1124/1897/1832 1351/1898/1833
f 1351/1898/1833 1124/1897/1832 1125/1899/1834
f 1351/1898/1833 1125/1899/1834 1341/1900/1835
f 1341/1900/1835 1125/1899/1834 1126/1901/1836
f 1341/1900/1835 1126/1901/1836 1331/1902/1837
f 1331/1902/1837 1126/1901/1836 1127/1903/1838
f 1331/1902/1837 1127/1903/1838 1313/1904/1839
f 1313/1904/1839 1127/1903/1838 1128/1905/1840
f 1313/1904/1839 1128/1905/1840 1144/1906/1841
f 1144/1906/1841 1128/1905/1840 1129/1907/1842
f 1144/1906/1841 1129/1907/1842 1295/1908/1843
f 1295/1908/1843 1129/1907/1842 1142/1909/1844
f 1295/1908/1843 1142/1909/1844 1296/1257/1201
f 1296/1257/1201 1142/1909/1844 1275/1255/1199
f 1129/1907/1842 1130/1910/1845 1142/1909/1844
f 1142/1909/1844 1130/1910/1845 1276/1911/1846
f 1142/1909/1844 1276/1911/1846 1275/1255/1199
f 1275/1255/1199 1276/1911/1846 1278/1253/1197
f 1131/1912/1847 1140/1913/1848 1130/1910/1845
f 1130/1910/1845 1140/1913/1848 1277/1914/1849
f 1130/1910/1845 1277/1914/1849 1276/1911/1846
f 1276/1911/1846 1277/1914/1849 1278/1253/1197
f 1132/1915/1850 1138/1916/1851 1131/1912/1847
f 1131/1912/1847 1138/1916/1851 1258/1917/1852
f 1131/1912/1847 1258/1917/1852 1140/1913/1848
f 1140/1913/1848 1258/1917/1852 1259/1249/1193
f 1140/1913/1848 1259/1249/1193 1257/1251/1195
f 1133/1918/1853 1136/1919/1854 1132/1915/1850
f 1132/1915/1850 1136/1919/1854 1239/1920/1855
f 1132/1915/1850 1239/1920/1855 1138/1916/1851
f 1138/1916/1851 1239/1920/1855 1240/1245/1189
f 1138/1916/1851 1240/1245/1189 1238/1247/1191
f 1136/1919/1854 1133/1918/1853 1221/1921/1856
f 1221/1921/1856 1133/1918/1853 1134/1922/1857
f 1221/1921/1856 1134/1922/1857 1211/1923/1858
f 1211/1923/1858 1134/1922/1857 1135/1233/1177
f 1211/1923/1858 1135/1233/1177 1201/1235/1179
f 1193/1535/1476 1192/1537/1478 1203/1924/1859
f 1203/1924/1859 1192/1537/1478 1202/1540/1481
f 1203/1924/1859 1202/1540/1481 1213/1925/1860
f 1213/1925/1860 1202/1540/1481 1212/1542/1483
f 1213/1925/1860 1212/1542/1483 1222/1926/1861
f 1222/1926/1861 1212/1542/1483 1137/1544/1485
f 1222/1926/1861 1137/1544/1485 1247/1927/1862
f 1247/1927/1862 1137/1544/1485 1248/1546/1487
f 1247/1927/1862 1248/1546/1487 1231/1548/1489
f 1194/1533/1474 1193/1535/1476 1204/1928/1863
f 1204/1928/1863 1193/1535/1476 1203/1924/1859
f 1204/1928/1863 1203/1924/1859 1214/1929/1864
f 1214/1929/1864 1203/1924/1859 1213/1925/1860
f 1214/1929/1864 1213/1925/1860 1223/1930/1865
f 1223/1930/1865 1213/1925/1860 1222/1926/1861
f 1223/1930/1865 1222/1926/1861 1246/1931/1866
f 1246/1931/1866 1222/1926/1861 1247/1927/1862
f 1246/1931/1866 1247/1927/1862 1232/1932/1867
f 1232/1932/1867 1247/1927/1862 1231/1548/1489
f 1232/1932/1867 1231/1548/1489 1265/1550/1491
f 1195/1531/1472 1194/1533/1474 1205/1933/1868
f 1205/1933/1868 1194/1533/1474 1204/1928/1863
f 1205/1933/1868 1204/1928/1863 1215/1934/1869
f 1215/1934/1869 1204/1928/1863 1214/1929/1864
f 1215/1934/1869 1214/1929/1864 1224/1935/1870
f 1224/1935/1870 1214/1929/1864 1223/1930/1865
f 1224/1935/1870 1223/1930/1865 1245/1936/1871
f 1245/1936/1871 1223/1930/1865 1246/1931/1866
f 1245/1936/1871 1246/1931/1866 1233/1937/1872
f 1233/1937/1872 1246/1931/1866 1232/1932/1867
f 1233/1937/1872 1232/1932/1867 1264/1938/1873
f 1264/1938/1873 1232/1932/1867 1265/1550/1491
f 1264/1938/1873 1265/1550/1491 1252/1552/1493
f 1207/1470/1411 1197/1469/1410 1196/1529/1470
f 1196/1529/1470 1195/1531/1472 1206/1939/1874
f 1206/1939/1874 1195/1531/1472 1205/1933/1868
f 1206/1939/1874 1205/1933/1868 1216/1940/1875
f 1216/1940/1875 1205/1933/1868 1215/1934/1869
f 1216/1940/1875 1215/1934/1869 1225/1941/1876
f 1225/1941/1876 1215/1934/1869 1224/1935/1870
f 1225/1941/1876 1224/1935/1870 1244/1942/1877
f 1244/1942/1877 1224/1935/1870 1245/1936/1871
f 1244/1942/1877 1245/1936/1871 1234/1943/1878
f 1234/1943/1878 1245/1936/1871 1233/1937/1872
f 1234/1943/1878 1233/1937/1872 1263/1944/1879
f 1263/1944/1879 1233/1937/1872 1264/1938/1873
f 1263/1944/1879 1264/1938/1873 1253/1945/1880
f 1253/1945/1880 1264/1938/1873 1252/1552/1493
f 1253/1945/1880 1252/1552/1493 1282/1554/1495
f 1211/1923/1858 1201/1235/1179 1200/1237/1181
f 1211/1923/1858 1200/1237/1181 1210/1239/1183
f 1217/1471/1412 1207/1470/1411 1206/1939/1874
f 1206/1939/1874 1207/1470/1411 1196/1529/1470
f 1217/1471/1412 1206/1939/1874 1216/1940/1875
f 1221/1921/1856 1211/1923/1858 1210/1239/1183
f 1221/1921/1856 1210/1239/1183 1220/1241/1185
f 1226/1472/1413 1217/1471/1412 1216/1940/1875
f 1226/1472/1413 1216/1940/1875 1225/1941/1876
f 1136/1919/1854 1221/1921/1856 1220/1241/1185
f 1136/1919/1854 1220/1241/1185 1229/1243/1187
f 1243/1473/1414 1226/1472/1413 1225/1941/1876
f 1243/1473/1414 1225/1941/1876 1244/1942/1877
f 1239/1920/1855 1136/1919/1854 1229/1243/1187
f 1239/1920/1855 1229/1243/1187 1240/1245/1189
f 1243/1473/1414 1244/1942/1877 1235/1474/1415
f 1235/1474/1415 1244/1942/1877 1234/1943/1878
f 1235/1474/1415 1234/1943/1878 1262/1475/1416
f 1262/1475/1416 1234/1943/1878 1263/1944/1879
f 1262/1475/1416 1263/1944/1879 1254/1476/1417
f 1254/1476/1417 1263/1944/1879 1253/1945/1880
f 1254/1476/1417 1253/1945/1880 1281/1477/1418
f 1281/1477/1418 1253/1945/1880 1282/1554/1495
f 1281/1477/1418 1282/1554/1495 1272/1478/1419
f 1258/1917/1852 1138/1916/1851 1238/1247/1191
f 1258/1917/1852 1238/1247/1191 1259/1249/1193
f 1249/1558/1499 1250/1946/1881 1139/1556/1497
f 1139/1556/1497 1250/1946/1881 1266/1549/1490
f 1139/1556/1497 1266/1549/1490 1230/1547/1488
f 1266/1549/1490 1250/1946/1881 1251/1551/1492
f 1251/1551/1492 1250/1946/1881 1284/1947/1882
f 1251/1551/1492 1284/1947/1882 1283/1553/1494
f 1283/1553/1494 1284/1947/1882 1270/1948/1883
f 1283/1553/1494 1270/1948/1883 1271/1555/1496
f 1271/1555/1496 1270/1948/1883 1300/1949/1884
f 1271/1555/1496 1300/1949/1884 1299/1479/1420
f 1299/1479/1420 1300/1949/1884 1291/1480/1421
f 1284/1947/1882 1250/1946/1881 1285/1560/1501
f 1285/1560/1501 1250/1946/1881 1249/1558/1499
f 1277/1914/1849 1140/1913/1848 1257/1251/1195
f 1277/1914/1849 1257/1251/1195 1278/1253/1197
f 1284/1947/1882 1285/1560/1501 1269/1562/1503
f 1284/1947/1882 1269/1562/1503 1270/1948/1883
f 1270/1948/1883 1269/1562/1503 1301/1564/1505
f 1270/1948/1883 1301/1564/1505 1300/1949/1884
f 1300/1949/1884 1301/1564/1505 1290/1566/1507
f 1300/1949/1884 1290/1566/1507 1291/1480/1421
f 1291/1480/1421 1290/1566/1507 1317/1481/1422
f 1286/1576/1517 1287/1950/1885 1143/1574/1515
f 1143/1574/1515 1287/1950/1885 1303/1570/1511
f 1143/1574/1515 1303/1570/1511 1267/1569/1510
f 1303/1570/1511 1287/1950/1885 1288/1571/1512
f 1288/1571/1512 1287/1950/1885 1320/1951/1886
f 1288/1571/1512 1320/1951/1886 1319/1572/1513
f 1319/1572/1513 1320/1951/1886 1307/1952/1887
f 1319/1572/1513 1307/1952/1887 1308/1573/1514
f 1308/1573/1514 1307/1952/1887 1326/1953/1888
f 1308/1573/1514 1326/1953/1888 1327/1483/1424
f 1327/1483/1424 1326/1953/1888 1337/1484/1425
f 1320/1951/1886 1287/1950/1885 1321/1578/1519
f 1321/1578/1519 1287/1950/1885 1286/1576/1517
f 1144/1906/1841 1295/1908/1843 1294/1259/1203
f 1294/1259/1203 1295/1908/1843 1296/1257/1201
f 1144/1906/1841 1294/1259/1203 1314/1261/1205
f 1320/1951/1886 1321/1578/1519 1306/1580/1521
f 1320/1951/1886 1306/1580/1521 1307/1952/1887
f 1307/1952/1887 1306/1580/1521 1325/1582/1523
f 1307/1952/1887 1325/1582/1523 1326/1953/1888
f 1326/1953/1888 1325/1582/1523 1336/1584/1525
f 1326/1953/1888 1336/1584/1525 1337/1484/1425
f 1337/1484/1425 1336/1584/1525 1347/1485/1426
f 1144/1906/1841 1314/1261/1205 1313/1904/1839
f 1313/1904/1839 1314/1261/1205 1312/1263/1207
f 1313/1904/1839 1312/1263/1207 1331/1902/1837
f 1331/1902/1837 1312/1263/1207 1330/1265/1209
f 1331/1902/1837 1330/1265/1209 1341/1900/1835
f 1341/1900/1835 1330/1265/1209 1340/1267/1211
f 1341/1900/1835 1340/1267/1211 1351/1898/1833
f 1351/1898/1833 1340/1267/1211 1350/1269/1213
f 1351/1898/1833 1350/1269/1213 1361/1896/1831
f 1361/1896/1831 1350/1269/1213 1360/1271/1215
f 1361/1896/1831 1360/1271/1215 1146/1894/1829
f 1146/1894/1829 1360/1271/1215 1370/1273/1217
f 1146/1894/1829 1370/1273/1217 1380/1893/1828
f 1371/1624/1565 1372/1954/1889 1147/1622/1563
f 1147/1622/1563 1372/1954/1889 1388/1618/1559
f 1147/1622/1563 1388/1618/1559 1362/1617/1558
f 1388/1618/1559 1372/1954/1889 1373/1619/1560
f 1373/1619/1560 1372/1954/1889 1824/1955/1890
f 1373/1619/1560 1824/1955/1890 1823/1620/1561
f 1823/1620/1561 1824/1955/1890 1404/1956/1891
f 1823/1620/1561 1404/1956/1891 1403/1621/1562
f 1403/1621/1562 1404/1956/1891 1393/1957/1892
f 1403/1621/1562 1393/1957/1892 1394/1492/1433
f 1394/1492/1433 1393/1957/1892 1413/1493/1434
f 1824/1955/1890 1372/1954/1889 1825/1626/1567
f 1825/1626/1567 1372/1954/1889 1371/1624/1565
f 1817/1890/1825 1379/1277/1221 1818/1279/1223
f 1407/1635/1576 1389/1640/1581 1390/1636/1577
f 1390/1636/1577 1389/1640/1581 1409/1958/1893
f 1390/1636/1577 1409/1958/1893 1410/1637/1578
f 1410/1637/1578 1409/1958/1893 1434/1959/1894
f 1410/1637/1578 1434/1959/1894 1433/1638/1579
f 1433/1638/1579 1434/1959/1894 1420/1960/1895
f 1433/1638/1579 1420/1960/1895 1421/1639/1580
f 1421/1639/1580 1420/1960/1895 1450/1961/1896
f 1421/1639/1580 1450/1961/1896 1449/1496/1437
f 1449/1496/1437 1450/1961/1896 1441/1497/1438
f 1405/1628/1569 1392/1630/1571 1404/1956/1891
f 1404/1956/1891 1392/1630/1571 1393/1957/1892
f 1413/1493/1434 1393/1957/1892 1412/1632/1573
f 1412/1632/1573 1393/1957/1892 1392/1630/1571
f 1818/1279/1223 1399/1281/1225 1150/1888/1823
f 1150/1888/1823 1399/1281/1225 1398/1887/1822
f 1817/1890/1825 1818/1279/1223 1150/1888/1823
f 1825/1626/1567 1405/1628/1569 1824/1955/1890
f 1824/1955/1890 1405/1628/1569 1404/1956/1891
f 1389/1640/1581 1408/1642/1583 1409/1958/1893
f 1409/1958/1893 1408/1642/1583 1435/1644/1585
f 1409/1958/1893 1435/1644/1585 1434/1959/1894
f 1434/1959/1894 1435/1644/1585 1419/1646/1587
f 1434/1959/1894 1419/1646/1587 1420/1960/1895
f 1420/1960/1895 1419/1646/1587 1451/1648/1589
f 1420/1960/1895 1451/1648/1589 1450/1961/1896
f 1450/1961/1896 1451/1648/1589 1440/1650/1591
f 1450/1961/1896 1440/1650/1591 1441/1497/1438
f 1441/1497/1438 1440/1650/1591 1467/1498/1439
f 1431/1494/1435 1413/1493/1434 1412/1632/1573
f 1427/1884/1819 1416/1285/1229 1428/1287/1231
f 1427/1884/1819 1428/1287/1231 1426/1882/1817
f 1426/1882/1817 1428/1287/1231 1425/1289/1233
f 1426/1882/1817 1425/1289/1233 1445/1881/1816
f 1436/1660/1601 1437/1962/1897 1154/1658/1599
f 1154/1658/1599 1437/1962/1897 1453/1654/1595
f 1154/1658/1599 1453/1654/1595 1417/1653/1594
f 1453/1654/1595 1437/1962/1897 1438/1655/1596
f 1438/1655/1596 1437/1962/1897 1470/1963/1898
f 1438/1655/1596 1470/1963/1898 1469/1656/1597
f 1469/1656/1597 1470/1963/1898 1457/1964/1899
f 1469/1656/1597 1457/1964/1899 1458/1657/1598
f 1458/1657/1598 1457/1964/1899 1486/1965/1900
f 1458/1657/1598 1486/1965/1900 1485/1500/1441
f 1485/1500/1441 1486/1965/1900 1477/1501/1442
f 1470/1963/1898 1437/1962/1897 1471/1662/1603
f 1471/1662/1603 1437/1962/1897 1436/1660/1601
f 1463/1878/1813 1444/1293/1237 1464/1295/1239
f 1470/1963/1898 1471/1662/1603 1456/1664/1605
f 1470/1963/1898 1456/1664/1605 1457/1964/1899
f 1457/1964/1899 1456/1664/1605 1487/1666/1607
f 1457/1964/1899 1487/1666/1607 1486/1965/1900
f 1486/1965/1900 1487/1666/1607 1476/1668/1609
f 1486/1965/1900 1476/1668/1609 1477/1501/1442
f 1477/1501/1442 1476/1668/1609 1502/1502/1443
f 1463/1878/1813 1464/1295/1239 1155/1876/1811
f 1155/1876/1811 1464/1295/1239 1462/1297/1241
f 1155/1876/1811 1462/1297/1241 1481/1875/1810
f 1472/1678/1619 1473/1966/1901 1158/1676/1617
f 1158/1676/1617 1473/1966/1901 1489/1672/1613
f 1158/1676/1617 1489/1672/1613 1454/1671/1612
f 1489/1672/1613 1473/1966/1901 1474/1673/1614
f 1474/1673/1614 1473/1966/1901 1505/1967/1902
f 1474/1673/1614 1505/1967/1902 1504/1674/1615
f 1504/1674/1615 1505/1967/1902 1492/1968/1903
f 1504/1674/1615 1492/1968/1903 1493/1675/1616
f 1493/1675/1616 1492/1968/1903 1520/1969/1904
f 1493/1675/1616 1520/1969/1904 1519/1504/1445
f 1519/1504/1445 1520/1969/1904 1511/1505/1446
f 1505/1967/1902 1473/1966/1901 1506/1680/1621
f 1506/1680/1621 1473/1966/1901 1472/1678/1619
f 1505/1967/1902 1506/1680/1621 1491/1682/1623
f 1505/1967/1902 1491/1682/1623 1492/1968/1903
f 1492/1968/1903 1491/1682/1623 1521/1684/1625
f 1492/1968/1903 1521/1684/1625 1520/1969/1904
f 1520/1969/1904 1521/1684/1625 1510/1686/1627
f 1520/1969/1904 1510/1686/1627 1511/1505/1446
f 1511/1505/1446 1510/1686/1627 1537/1506/1447
f 1161/1868/1803 1498/1870/1805 1497/1305/1249
f 1497/1305/1249 1498/1870/1805 1499/1303/1247
f 1161/1868/1803 1497/1305/1249 1516/1307/1251
f 1524/1695/1636 1164/1700/1641 1507/1696/1637
f 1507/1696/1637 1164/1700/1641 1541/1970/1905
f 1507/1696/1637 1541/1970/1905 1540/1697/1638
f 1540/1697/1638 1541/1970/1905 1526/1971/1906
f 1540/1697/1638 1526/1971/1906 1527/1698/1639
f 1527/1698/1639 1526/1971/1906 1557/1972/1907
f 1527/1698/1639 1557/1972/1907 1556/1699/1640
f 1556/1699/1640 1557/1972/1907 1546/1973/1908
f 1556/1699/1640 1546/1973/1908 1547/1509/1450
f 1547/1509/1450 1546/1973/1908 1574/1510/1451
f 1161/1868/1803 1516/1307/1251 1515/1867/1802
f 1542/1702/1643 1525/1704/1645 1541/1970/1905
f 1541/1970/1905 1525/1704/1645 1526/1971/1906
f 1557/1972/1907 1526/1971/1906 1558/1706/1647
f 1558/1706/1647 1526/1971/1906 1525/1704/1645
f 1165/1862/1797 1533/1864/1799 1532/1313/1257
f 1532/1313/1257 1533/1864/1799 1534/1311/1255
f 1165/1862/1797 1532/1313/1257 1552/1315/1259
f 1164/1700/1641 1542/1702/1643 1541/1970/1905
f 1560/1713/1654 1167/1718/1659 1543/1714/1655
f 1543/1714/1655 1167/1718/1659 1578/1974/1909
f 1543/1714/1655 1578/1974/1909 1577/1715/1656
f 1577/1715/1656 1578/1974/1909 1562/1975/1910
f 1577/1715/1656 1562/1975/1910 1563/1716/1657
f 1563/1716/1657 1562/1975/1910 1594/1976/1911
f 1563/1716/1657 1594/1976/1911 1593/1717/1658
f 1593/1717/1658 1594/1976/1911 1583/1977/1912
f 1593/1717/1658 1583/1977/1912 1584/1513/1454
f 1584/1513/1454 1583/1977/1912 1611/1514/1455
f 1557/1972/1907 1558/1706/1647 1545/1708/1649
f 1557/1972/1907 1545/1708/1649 1546/1973/1908
f 1546/1973/1908 1545/1708/1649 1575/1710/1651
f 1546/1973/1908 1575/1710/1651 1574/1510/1451
f 1574/1510/1451 1575/1710/1651 1565/1511/1452
f 1165/1862/1797 1552/1315/1259 1551/1861/1796
f 1579/1720/1661 1561/1722/1663 1578/1974/1909
f 1578/1974/1909 1561/1722/1663 1562/1975/1910
f 1594/1976/1911 1562/1975/1910 1595/1724/1665
f 1595/1724/1665 1562/1975/1910 1561/1722/1663
f 1168/1856/1791 1569/1858/1793 1568/1321/1265
f 1568/1321/1265 1569/1858/1793 1571/1319/1263
f 1168/1856/1791 1568/1321/1265 1589/1323/1267
f 1167/1718/1659 1579/1720/1661 1578/1974/1909
f 1597/1731/1672 1171/1736/1677 1580/1732/1673
f 1580/1732/1673 1171/1736/1677 1615/1978/1913
f 1580/1732/1673 1615/1978/1913 1614/1733/1674
f 1614/1733/1674 1615/1978/1913 1600/1979/1914
f 1614/1733/1674 1600/1979/1914 1601/1734/1675
f 1601/1734/1675 1600/1979/1914 1620/1980/1915
f 1601/1734/1675 1620/1980/1915 1621/1735/1676
f 1621/1735/1676 1620/1980/1915 1640/1981/1916
f 1621/1735/1676 1640/1981/1916 1639/1517/1458
f 1639/1517/1458 1640/1981/1916 1631/1518/1459
f 1594/1976/1911 1595/1724/1665 1582/1726/1667
f 1594/1976/1911 1582/1726/1667 1583/1977/1912
f 1583/1977/1912 1582/1726/1667 1612/1728/1669
f 1583/1977/1912 1612/1728/1669 1611/1514/1455
f 1611/1514/1455 1612/1728/1669 1603/1515/1456
f 1168/1856/1791 1589/1323/1267 1588/1855/1790
f 1616/1738/1679 1599/1740/1681 1615/1978/1913
f 1615/1978/1913 1599/1740/1681 1600/1979/1914
f 1620/1980/1915 1600/1979/1914 1619/1742/1683
f 1619/1742/1683 1600/1979/1914 1599/1740/1681
f 1172/1850/1785 1607/1852/1787 1606/1329/1273
f 1606/1329/1273 1607/1852/1787 1608/1327/1271
f 1172/1850/1785 1606/1329/1273 1625/1331/1275
f 1171/1736/1677 1616/1738/1679 1615/1978/1913
f 1640/1981/1916 1620/1980/1915 1641/1744/1685
f 1641/1744/1685 1620/1980/1915 1619/1742/1683
f 1173/1848/1783 1172/1850/1785 1625/1331/1275
f 1173/1848/1783 1625/1331/1275 1636/1333/1277
f 1626/1756/1697 1627/1982/1917 1174/1754/1695
f 1174/1754/1695 1627/1982/1917 1643/1750/1691
f 1174/1754/1695 1643/1750/1691 1617/1749/1690
f 1643/1750/1691 1627/1982/1917 1628/1751/1692
f 1628/1751/1692 1627/1982/1917 1660/1983/1918
f 1628/1751/1692 1660/1983/1918 1659/1752/1693
f 1659/1752/1693 1660/1983/1918 1647/1984/1919
f 1659/1752/1693 1647/1984/1919 1648/1753/1694
f 1648/1753/1694 1647/1984/1919 1666/1985/1920
f 1648/1753/1694 1666/1985/1920 1667/1521/1462
f 1667/1521/1462 1666/1985/1920 1685/1522/1463
f 1660/1983/1918 1627/1982/1917 1661/1758/1699
f 1661/1758/1699 1627/1982/1917 1626/1756/1697
f 1640/1981/1916 1641/1744/1685 1630/1746/1687
f 1657/1519/1460 1631/1518/1459 1630/1746/1687
f 1630/1746/1687 1631/1518/1459 1640/1981/1916
f 1173/1848/1783 1636/1333/1277 1635/1847/1782
f 1660/1983/1918 1661/1758/1699 1646/1760/1701
f 1660/1983/1918 1646/1760/1701 1647/1984/1919
f 1647/1984/1919 1646/1760/1701 1665/1762/1703
f 1647/1984/1919 1665/1762/1703 1666/1985/1920
f 1666/1985/1920 1665/1762/1703 1686/1764/1705
f 1666/1985/1920 1686/1764/1705 1685/1522/1463
f 1685/1522/1463 1686/1764/1705 1677/1523/1464
f 1671/1842/1777 1652/1339/1283 1670/1341/1285
f 1177/1840/1775 1671/1842/1777 1670/1341/1285
f 1177/1840/1775 1670/1341/1285 1682/1343/1287
f 1672/1780/1721 1673/1986/1921 1178/1778/1719
f 1178/1778/1719 1673/1986/1921 1689/1774/1715
f 1178/1778/1719 1689/1774/1715 1662/1773/1714
f 1689/1774/1715 1673/1986/1921 1674/1775/1716
f 1674/1775/1716 1673/1986/1921 1707/1987/1922
f 1674/1775/1716 1707/1987/1922 1706/1776/1717
f 1706/1776/1717 1707/1987/1922 1693/1988/1923
f 1706/1776/1717 1693/1988/1923 1694/1777/1718
f 1694/1777/1718 1693/1988/1923 1722/1989/1924
f 1694/1777/1718 1722/1989/1924 1721/1526/1467
f 1721/1526/1467 1722/1989/1924 1713/1527/1468
f 1707/1987/1922 1673/1986/1921 1708/1782/1723
f 1708/1782/1723 1673/1986/1921 1672/1780/1721
f 1177/1840/1775 1682/1343/1287 1681/1839/1774
f 1707/1987/1922 1708/1782/1723 1692/1784/1725
f 1707/1987/1922 1692/1784/1725 1693/1988/1923
f 1693/1988/1923 1692/1784/1725 1723/1786/1727
f 1693/1988/1923 1723/1786/1727 1722/1989/1924
f 1722/1989/1924 1723/1786/1727 1712/1788/1729
f 1722/1989/1924 1712/1788/1729 1713/1527/1468
f 1713/1527/1468 1712/1788/1729 1738/1528/1469
f 1180/1834/1769 1699/1836/1771 1698/1349/1293
f 1698/1349/1293 1699/1836/1771 1701/1347/1291
f 1180/1834/1769 1698/1349/1293 1718/1351/1295
f 1183/1797/1738 1709/1990/1925 1181/1795/1736
f 1181/1795/1736 1709/1990/1925 1725/1792/1733
f 1181/1795/1736 1725/1792/1733 1690/1791/1732
f 1725/1792/1733 1709/1990/1925 1710/1793/1734
f 1710/1793/1734 1709/1990/1925 1741/1991/1926
f 1710/1793/1734 1741/1991/1926 1740/1794/1735
f 1740/1794/1735 1741/1991/1926 1728/1400/1343
f 1740/1794/1735 1728/1400/1343 1729/1402/1345
f 1709/1990/1925 1183/1797/1738 1742/1992/1927
f 1742/1992/1927 1183/1797/1738 1743/1799/1740
f 1742/1992/1927 1743/1799/1740 1726/1396/1339
f 1180/1834/1769 1718/1351/1295 1717/1833/1768
f 1726/1396/1339 1727/1398/1341 1742/1992/1927
f 1742/1992/1927 1727/1398/1341 1741/1991/1926
f 1742/1992/1927 1741/1991/1926 1709/1990/1925
f 1727/1398/1341 1728/1400/1343 1741/1991/1926
f 1184/1828/1763 1734/1830/1765 1733/1357/1301
f 1733/1357/1301 1734/1830/1765 1735/1355/1299
f 1184/1828/1763 1733/1357/1301 1752/1359/1303
f 1759/1395/1338 1760/1393/1336 1744/1993/1928
f 1744/1993/1928 1760/1393/1336 1187/1391/1334
f 1744/1993/1928 1187/1391/1334 1777/1994/1929
f 1777/1994/1929 1187/1391/1334 1778/1389/1332
f 1777/1994/1929 1778/1389/1332 1761/1387/1330
f 1758/1397/1340 1759/1395/1338 1745/1995/1930
f 1745/1995/1930 1759/1395/1338 1744/1993/1928
f 1745/1995/1930 1744/1993/1928 1776/1996/1931
f 1776/1996/1931 1744/1993/1928 1777/1994/1929
f 1776/1996/1931 1777/1994/1929 1762/1997/1932
f 1762/1997/1932 1777/1994/1929 1761/1387/1330
f 1762/1997/1932 1761/1387/1330 1794/1385/1328
f 1757/1399/1342 1758/1397/1340 1746/1998/1933
f 1746/1998/1933 1758/1397/1340 1745/1995/1930
f 1746/1998/1933 1745/1995/1930 1775/1999/1934
f 1775/1999/1934 1745/1995/1930 1776/1996/1931
f 1775/1999/1934 1776/1996/1931 1763/2000/1935
f 1763/2000/1935 1776/1996/1931 1762/1997/1932
f 1763/2000/1935 1762/1997/1932 1793/2001/1936
f 1793/2001/1936 1762/1997/1932 1794/1385/1328
f 1793/2001/1936 1794/1385/1328 1781/1383/1326
f 1756/1401/1344 1757/1399/1342 1747/2002/1937
f 1747/2002/1937 1757/1399/1342 1746/1998/1933
f 1747/2002/1937 1746/1998/1933 1774/2003/1938
f 1774/2003/1938 1746/1998/1933 1775/1999/1934
f 1774/2003/1938 1775/1999/1934 1764/2004/1939
f 1764/2004/1939 1775/1999/1934 1763/2000/1935
f 1764/2004/1939 1763/2000/1935 1792/2005/1940
f 1792/2005/1940 1763/2000/1935 1793/2001/1936
f 1792/2005/1940 1793/2001/1936 1782/2006/1941
f 1782/2006/1941 1793/2001/1936 1781/1383/1326
f 1782/2006/1941 1781/1383/1326 1812/1381/1324
f 1755/1403/1346 1756/1401/1344 1748/2007/1942
f 1748/2007/1942 1756/1401/1344 1747/2002/1937
f 1748/2007/1942 1747/2002/1937 1773/2008/1943
f 1773/2008/1943 1747/2002/1937 1774/2003/1938
f 1773/2008/1943 1774/2003/1938 1765/2009/1944
f 1765/2009/1944 1774/2003/1938 1764/2004/1939
f 1765/2009/1944 1764/2004/1939 1791/2010/1945
f 1791/2010/1945 1764/2004/1939 1792/2005/1940
f 1791/2010/1945 1792/2005/1940 1783/2011/1946
f 1783/2011/1946 1792/2005/1940 1782/2006/1941
f 1783/2011/1946 1782/2006/1941 1811/2012/1947
f 1811/2012/1947 1782/2006/1941 1812/1381/1324
f 1811/2012/1947 1812/1381/1324 1802/1379/1322
f 1754/1405/1348 1755/1403/1346 1749/2013/1948
f 1749/2013/1948 1755/1403/1346 1748/2007/1942
f 1749/2013/1948 1748/2007/1942 1772/2014/1949
f 1772/2014/1949 1748/2007/1942 1773/2008/1943
f 1772/2014/1949 1773/2008/1943 1766/2015/1950
f 1766/2015/1950 1773/2008/1943 1765/2009/1944
f 1766/2015/1950 1765/2009/1944 1790/2016/1951
f 1790/2016/1951 1765/2009/1944 1791/2010/1945
f 1790/2016/1951 1791/2010/1945 1784/2017/1952
f 1784/2017/1952 1791/2010/1945 1783/2011/1946
f 1784/2017/1952 1783/2011/1946 1810/2018/1953
f 1810/2018/1953 1783/2011/1946 1811/2012/1947
f 1810/2018/1953 1811/2012/1947 1803/1377/1320
f 1803/1377/1320 1811/2012/1947 1802/1379/1322
f 1753/1360/1304 1754/1405/1348 1750/1362/1306
f 1750/1362/1306 1754/1405/1348 1749/2013/1948
f 1750/1362/1306 1749/2013/1948 1771/1364/1308
f 1771/1364/1308 1749/2013/1948 1772/2014/1949
f 1771/1364/1308 1772/2014/1949 1767/1366/1310
f 1767/1366/1310 1772/2014/1949 1766/2015/1950
f 1767/1366/1310 1766/2015/1950 1789/1368/1312
f 1789/1368/1312 1766/2015/1950 1790/2016/1951
f 1789/1368/1312 1790/2016/1951 1785/1370/1314
f 1785/1370/1314 1790/2016/1951 1784/2017/1952
f 1785/1370/1314 1784/2017/1952 1809/1372/1316
f 1809/1372/1316 1784/2017/1952 1810/2018/1953
f 1809/1372/1316 1810/2018/1953 1804/1374/1318
f 1804/1374/1318 1810/2018/1953 1803/1377/1320
f 1184/1828/1763 1752/1359/1303 1186/1826/1761
f 1186/1826/1761 1752/1359/1303 1751/1361/1305
f 1186/1826/1761 1751/1361/1305 1769/1827/1762
f 1769/1827/1762 1751/1361/1305 1770/1363/1307
f 1787/1824/1759 1188/1823/1758 1768/1365/1309
f 1787/1824/1759 1768/1365/1309 1788/1367/1311
f 1796/1801/1742 1191/1806/1746 1779/1802/1743
f 1779/1802/1743 1191/1806/1746 1815/2019/1954
f 1779/1802/1743 1815/2019/1954 1814/1803/1744
f 1814/1803/1744 1815/2019/1954 1799/1814/1751
f 1814/1803/1744 1799/1814/1751 1800/1804/1745
f 1807/1821/1756 1190/1820/1755 1786/1369/1313
f 1807/1821/1756 1786/1369/1313 1808/1371/1315
f 1816/1808/1748 1798/1810/1750 1815/2019/1954
f 1815/2019/1954 1798/1810/1750 1799/1814/1751
f 1191/1806/1746 1816/1808/1748 1815/2019/1954
f 1135/2020/1177 1869/2021/1955 1048/2022/1178
f 1048/2022/1178 1869/2021/1955 1874/2023/1956
f 1048/2022/1178 1874/2023/1956 1096/2024/1753
f 1096/2024/1753 1874/2023/1956 1984/2025/1957
f 1096/2024/1753 1984/2025/1957 1097/2026/1754
f 1097/2026/1754 1984/2025/1957 1981/2027/1958
f 1097/2026/1754 1981/2027/1958 1098/2028/1757
f 1098/2028/1757 1981/2027/1958 1978/2029/1959
f 1098/2028/1757 1978/2029/1959 1099/2030/1760
f 1099/2030/1760 1978/2029/1959 1975/2031/1960
f 1099/2030/1760 1975/2031/1960 1100/2032/1764
f 1100/2032/1764 1975/2031/1960 1972/2033/1961
f 1100/2032/1764 1972/2033/1961 1101/2034/1767
f 1101/2034/1767 1972/2033/1961 1969/2035/1962
f 1101/2034/1767 1969/2035/1962 1102/2036/1770
f 1102/2036/1770 1969/2035/1962 1967/2037/1963
f 1102/2036/1770 1967/2037/1963 1103/2038/1773
f 1103/2038/1773 1967/2037/1963 1964/2039/1964
f 1103/2038/1773 1964/2039/1964 1104/2040/1776
f 1104/2040/1776 1964/2039/1964 1961/2041/1965
f 1104/2040/1776 1961/2041/1965 1105/2042/1779
f 1105/2042/1779 1961/2041/1965 1958/2043/1966
f 1105/2042/1779 1958/2043/1966 1106/2044/1781
f 1106/2044/1781 1958/2043/1966 1955/2045/1967
f 1106/2044/1781 1955/2045/1967 1107/2046/1784
f 1107/2046/1784 1955/2045/1967 1952/2047/1968
f 1107/2046/1784 1952/2047/1968 1108/2048/1786
f 1108/2048/1786 1952/2047/1968 1949/2049/1969
f 1108/2048/1786 1949/2049/1969 1109/2050/1789
f 1109/2050/1789 1949/2049/1969 1946/2051/1970
f 1109/2050/1789 1946/2051/1970 1110/2052/1792
f 1110/2052/1792 1946/2051/1970 1943/2053/1971
f 1110/2052/1792 1943/2053/1971 1111/2054/1795
f 1111/2054/1795 1943/2053/1971 1940/2055/1972
f 1111/2054/1795 1940/2055/1972 1112/2056/1798
f 1112/2056/1798 1940/2055/1972 1937/2057/1973
f 1112/2056/1798 1937/2057/1973 1113/2058/1801
f 1113/2058/1801 1937/2057/1973 1934/2059/1974
f 1113/2058/1801 1934/2059/1974 1114/2060/1804
f 1114/2060/1804 1934/2059/1974 1931/2061/1975
f 1114/2060/1804 1931/2061/1975 1115/2062/1807
f 1115/2062/1807 1931/2061/1975 1864/2063/1976
f 1115/2062/1807 1864/2063/1976 1116/2064/1809
f 1116/2065/1809 1864/2066/1976 1928/2067/1977
f 1116/2065/1809 1928/2067/1977 1117/2068/1812
f 1117/2068/1812 1928/2067/1977 1925/2069/1978
f 1117/2068/1812 1925/2069/1978 1118/2070/1815
f 1118/2070/1815 1925/2069/1978 1922/2071/1979
f 1118/2070/1815 1922/2071/1979 1119/2072/1818
f 1119/2072/1818 1922/2071/1979 1919/2073/1980
f 1119/2072/1818 1919/2073/1980 1120/2074/1821
f 1120/2074/1821 1919/2073/1980 1916/2075/1981
f 1120/2074/1821 1916/2075/1981 1121/2076/1824
f 1121/2076/1824 1916/2075/1981 1913/2077/1982
f 1121/2076/1824 1913/2077/1982 1122/2078/1827
f 1122/2078/1827 1913/2077/1982 1910/2079/1983
f 1122/2078/1827 1910/2079/1983 1123/2080/1830
f 1123/2080/1830 1910/2079/1983 1907/2081/1984
f 1123/2080/1830 1907/2081/1984 1124/2082/1832
f 1124/2082/1832 1907/2081/1984 1904/2083/1985
f 1124/2082/1832 1904/2083/1985 1125/2084/1834
f 1125/2084/1834 1904/2083/1985 1901/2085/1986
f 1125/2084/1834 1901/2085/1986 1126/2086/1836
f 1126/2086/1836 1901/2085/1986 1898/2087/1987
f 1126/2086/1836 1898/2087/1987 1127/2088/1838
f 1127/2088/1838 1898/2087/1987 1895/2089/1988
f 1127/2088/1838 1895/2089/1988 1128/2090/1840
f 1128/2090/1840 1895/2089/1988 1893/2091/1989
f 1128/2090/1840 1893/2091/1989 1129/2092/1842
f 1129/2092/1842 1893/2091/1989 1890/2093/1990
f 1129/2092/1842 1890/2093/1990 1130/2094/1845
f 1130/2094/1845 1890/2093/1990 1887/2095/1991
f 1130/2094/1845 1887/2095/1991 1131/2096/1847
f 1131/2096/1847 1887/2095/1991 1884/2097/1992
f 1131/2096/1847 1884/2097/1992 1132/2098/1850
f 1132/2098/1850 1884/2097/1992 1881/2099/1993
f 1132/2098/1850 1881/2099/1993 1133/2100/1853
f 1133/2100/1853 1881/2099/1993 1878/2101/1994
f 1133/2100/1853 1878/2101/1994 1134/2102/1857
f 1134/2102/1857 1878/2101/1994 1875/2103/1995
f 1134/2102/1857 1875/2103/1995 1135/2020/1177
f 1135/2020/1177 1875/2103/1995 1869/2021/1955
f 1827/2104/1996 1872/2105/1997 1826/2106/1998
f 1826/2106/1998 1872/2105/1997 1871/2107/1999
f 1826/2106/1998 1871/2107/1999 1863/2108/2000
f 1863/2108/2000 1871/2107/1999 1877/2109/2001
f 1863/2108/2000 1877/2109/2001 1862/2110/2002
f 1862/2110/2002 1877/2109/2001 1880/2111/2003
f 1862/2110/2002 1880/2111/2003 1861/2112/2004
f 1861/2112/2004 1880/2111/2003 1883/2113/2005
f 1861/2112/2004 1883/2113/2005 1860/2114/2006
f 1860/2114/2006 1883/2113/2005 1886/2115/2007
f 1860/2114/2006 1886/2115/2007 1859/2116/2008
f 1859/2116/2008 1886/2115/2007 1889/2117/2009
f 1859/2116/2008 1889/2117/2009 1858/2118/2010
f 1858/2118/2010 1889/2117/2009 1892/2119/2011
f 1858/2118/2010 1892/2119/2011 1868/2120/2012
f 1868/2120/2012 1892/2119/2011 1891/2121/2013
f 1868/2120/2012 1891/2121/2013 1894/2122/2014
f 1894/2122/2014 1891/2121/2013 1890/2093/1990
f 1894/2122/2014 1890/2093/1990 1893/2091/1989
f 1872/2105/1997 1827/2104/1996 1986/2123/2015
f 1986/2123/2015 1827/2104/1996 1828/2124/2016
f 1986/2123/2015 1828/2124/2016 1983/2125/2017
f 1983/2125/2017 1828/2124/2016 1829/2126/2018
f 1983/2125/2017 1829/2126/2018 1980/2127/2019
f 1980/2127/2019 1829/2126/2018 1830/2128/2020
f 1980/2127/2019 1830/2128/2020 1977/2129/2021
f 1977/2129/2021 1830/2128/2020 1831/2130/2022
f 1977/2129/2021 1831/2130/2022 1974/2131/2023
f 1974/2131/2023 1831/2130/2022 1832/2132/2024
f 1974/2131/2023 1832/2132/2024 1971/2133/2025
f 1971/2133/2025 1832/2132/2024 1867/2134/2026
f 1971/2133/2025 1867/2134/2026 1968/2135/2027
f 1968/2135/2027 1867/2134/2026 1965/2136/2028
f 1968/2135/2027 1965/2136/2028 1964/2039/1964
f 1964/2039/1964 1965/2136/2028 1961/2041/1965
f 1832/2132/2024 1833/2137/2029 1867/2134/2026
f 1867/2134/2026 1833/2137/2029 1966/2138/2030
f 1867/2134/2026 1966/2138/2030 1965/2136/2028
f 1965/2136/2028 1966/2138/2030 1962/2139/2031
f 1965/2136/2028 1962/2139/2031 1961/2041/1965
f 1961/2041/1965 1962/2139/2031 1958/2043/1966
f 1833/2137/2029 1834/2140/2032 1966/2138/2030
f 1966/2138/2030 1834/2140/2032 1963/2141/2033
f 1966/2138/2030 1963/2141/2033 1962/2139/2031
f 1962/2139/2031 1963/2141/2033 1959/2142/2034
f 1962/2139/2031 1959/2142/2034 1958/2043/1966
f 1958/2043/1966 1959/2142/2034 1955/2045/1967
f 1834/2140/2032 1835/2143/2035 1963/2141/2033
f 1963/2141/2033 1835/2143/2035 1960/2144/2036
f 1963/2141/2033 1960/2144/2036 1959/2142/2034
f 1959/2142/2034 1960/2144/2036 1956/2145/2037
f 1959/2142/2034 1956/2145/2037 1955/2045/1967
f 1955/2045/1967 1956/2145/2037 1952/2047/1968
f 1835/2143/2035 1836/2146/2038 1960/2144/2036
f 1960/2144/2036 1836/2146/2038 1957/2147/2039
f 1960/2144/2036 1957/2147/2039 1956/2145/2037
f 1956/2145/2037 1957/2147/2039 1953/2148/2040
f 1956/2145/2037 1953/2148/2040 1952/2047/1968
f 1952/2047/1968 1953/2148/2040 1949/2049/1969
f 1836/2146/2038 1837/2149/2041 1957/2147/2039
f 1957/2147/2039 1837/2149/2041 1954/2150/2042
f 1957/2147/2039 1954/2150/2042 1953/2148/2040
f 1953/2148/2040 1954/2150/2042 1950/2151/2043
f 1953/2148/2040 1950/2151/2043 1949/2049/1969
f 1949/2049/1969 1950/2151/2043 1946/2051/1970
f 1837/2149/2041 1838/2152/2044 1954/2150/2042
f 1954/2150/2042 1838/2152/2044 1951/2153/2045
f 1954/2150/2042 1951/2153/2045 1950/2151/2043
f 1950/2151/2043 1951/2153/2045 1947/2154/2046
f 1950/2151/2043 1947/2154/2046 1946/2051/1970
f 1946/2051/1970 1947/2154/2046 1943/2053/1971
f 1838/2152/2044 1839/2155/2047 1951/2153/2045
f 1951/2153/2045 1839/2155/2047 1948/2156/2048
f 1951/2153/2045 1948/2156/2048 1947/2154/2046
f 1947/2154/2046 1948/2156/2048 1944/2157/2049
f 1947/2154/2046 1944/2157/2049 1943/2053/1971
f 1943/2053/1971 1944/2157/2049 1940/2055/1972
f 1839/2155/2047 1840/2158/2050 1948/2156/2048
f 1948/2156/2048 1840/2158/2050 1945/2159/2051
f 1948/2156/2048 1945/2159/2051 1944/2157/2049
f 1944/2157/2049 1945/2159/2051 1941/2160/2052
f 1944/2157/2049 1941/2160/2052 1940/2055/1972
f 1940/2055/1972 1941/2160/2052 1937/2057/1973
f 1840/2158/2050 1841/2161/2053 1945/2159/2051
f 1945/2159/2051 1841/2161/2053 1942/2162/2054
f 1945/2159/2051 1942/2162/2054 1941/2160/2052
f 1941/2160/2052 1942/2162/2054 1938/2163/2055
f 1941/2160/2052 1938/2163/2055 1937/2057/1973
f 1937/2057/1973 1938/2163/2055 1934/2059/1974
f 1841/2161/2053 1842/2164/2056 1942/2162/2054
f 1942/2162/2054 1842/2164/2056 1939/2165/2057
f 1942/2162/2054 1939/2165/2057 1938/2163/2055
f 1938/2163/2055 1939/2165/2057 1935/2166/2058
f 1938/2163/2055 1935/2166/2058 1934/2059/1974
f 1934/2059/1974 1935/2166/2058 1931/2061/1975
f 1842/2164/2056 1843/2167/2059 1939/2165/2057
f 1939/2165/2057 1843/2167/2059 1936/2168/2060
f 1939/2165/2057 1936/2168/2060 1935/2166/2058
f 1935/2166/2058 1936/2168/2060 1932/2169/2061
f 1935/2166/2058 1932/2169/2061 1931/2061/1975
f 1931/2061/1975 1932/2169/2061 1864/2063/1976
f 1843/2167/2059 1844/2170/2062 1936/2168/2060
f 1936/2168/2060 1844/2170/2062 1933/2171/2063
f 1936/2168/2060 1933/2171/2063 1932/2169/2061
f 1932/2169/2061 1933/2171/2063 1865/2172/2064
f 1932/2169/2061 1865/2172/2064 1864/2063/1976
f 1864/2066/1976 1865/2173/2064 1928/2067/1977
f 1844/2170/2062 1845/2174/2065 1933/2171/2063
f 1933/2171/2063 1845/2174/2065 1866/2175/2066
f 1933/2171/2063 1866/2175/2066 1865/2172/2064
f 1865/2173/2064 1866/2176/2066 1929/2177/2067
f 1865/2173/2064 1929/2177/2067 1928/2067/1977
f 1928/2067/1977 1929/2177/2067 1925/2069/1978
f 1866/2176/2066 1845/2178/2065 1930/2179/2068
f 1930/2179/2068 1845/2178/2065 1846/2180/2069
f 1930/2179/2068 1846/2180/2069 1927/2181/2070
f 1927/2181/2070 1846/2180/2069 1847/2182/2071
f 1927/2181/2070 1847/2182/2071 1924/2183/2072
f 1924/2183/2072 1847/2182/2071 1848/2184/2073
f 1924/2183/2072 1848/2184/2073 1921/2185/2074
f 1921/2185/2074 1848/2184/2073 1849/2186/2075
f 1921/2185/2074 1849/2186/2075 1918/2187/2076
f 1918/2187/2076 1849/2186/2075 1850/2188/2077
f 1918/2187/2076 1850/2188/2077 1915/2189/2078
f 1915/2189/2078 1850/2188/2077 1851/2190/2079
f 1915/2189/2078 1851/2190/2079 1912/2191/2080
f 1912/2191/2080 1851/2190/2079 1852/2192/2081
f 1912/2191/2080 1852/2192/2081 1909/2193/2082
f 1909/2193/2082 1852/2192/2081 1853/2194/2083
f 1909/2193/2082 1853/2194/2083 1906/2195/2084
f 1906/2195/2084 1853/2194/2083 1854/2196/2085
f 1906/2195/2084 1854/2196/2085 1903/2197/2086
f 1903/2197/2086 1854/2196/2085 1855/2198/2087
f 1903/2197/2086 1855/2198/2087 1900/2199/2088
f 1900/2199/2088 1855/2198/2087 1856/2200/2089
f 1900/2199/2088 1856/2200/2089 1897/2201/2090
f 1897/2201/2090 1856/2200/2089 1857/2202/2091
f 1897/2201/2090 1857/2202/2091 1868/2120/2012
f 1868/2120/2012 1857/2202/2091 1858/2118/2010
f 1929/2177/2067 1866/2176/2066 1930/2179/2068
f 1869/2021/1955 1870/2203/2092 1874/2023/1956
f 1874/2023/1956 1870/2203/2092 1873/2204/2093
f 1874/2023/1956 1873/2204/2093 1984/2025/1957
f 1984/2025/1957 1873/2204/2093 1985/2205/2094
f 1984/2025/1957 1985/2205/2094 1981/2027/1958
f 1981/2027/1958 1985/2205/2094 1982/2206/2095
f 1981/2027/1958 1982/2206/2095 1978/2029/1959
f 1978/2029/1959 1982/2206/2095 1979/2207/2096
f 1978/2029/1959 1979/2207/2096 1975/2031/1960
f 1975/2031/1960 1979/2207/2096 1976/2208/2097
f 1975/2031/1960 1976/2208/2097 1972/2033/1961
f 1972/2033/1961 1976/2208/2097 1973/2209/2098
f 1972/2033/1961 1973/2209/2098 1969/2035/1962
f 1969/2035/1962 1973/2209/2098 1970/2210/2099
f 1969/2035/1962 1970/2210/2099 1967/2037/1963
f 1967/2037/1963 1970/2210/2099 1968/2135/2027
f 1967/2037/1963 1968/2135/2027 1964/2039/1964
f 1870/2203/2092 1871/2107/1999 1873/2204/2093
f 1873/2204/2093 1871/2107/1999 1872/2105/1997
f 1873/2204/2093 1872/2105/1997 1985/2205/2094
f 1985/2205/2094 1872/2105/1997 1986/2123/2015
f 1985/2205/2094 1986/2123/2015 1982/2206/2095
f 1982/2206/2095 1986/2123/2015 1983/2125/2017
f 1982/2206/2095 1983/2125/2017 1979/2207/2096
f 1979/2207/2096 1983/2125/2017 1980/2127/2019
f 1979/2207/2096 1980/2127/2019 1976/2208/2097
f 1976/2208/2097 1980/2127/2019 1977/2129/2021
f 1976/2208/2097 1977/2129/2021 1973/2209/2098
f 1973/2209/2098 1977/2129/2021 1974/2131/2023
f 1973/2209/2098 1974/2131/2023 1970/2210/2099
f 1970/2210/2099 1974/2131/2023 1971/2133/2025
f 1970/2210/2099 1971/2133/2025 1968/2135/2027
f 1870/2203/2092 1869/2021/1955 1876/2211/2100
f 1876/2211/2100 1869/2021/1955 1875/2103/1995
f 1876/2211/2100 1875/2103/1995 1879/2212/2101
f 1879/2212/2101 1875/2103/1995 1878/2101/1994
f 1879/2212/2101 1878/2101/1994 1882/2213/2102
f 1882/2213/2102 1878/2101/1994 1881/2099/1993
f 1882/2213/2102 1881/2099/1993 1885/2214/2103
f 1885/2214/2103 1881/2099/1993 1884/2097/1992
f 1885/2214/2103 1884/2097/1992 1888/2215/2104
f 1888/2215/2104 1884/2097/1992 1887/2095/1991
f 1888/2215/2104 1887/2095/1991 1891/2121/2013
f 1891/2121/2013 1887/2095/1991 1890/2093/1990
f 1871/2107/1999 1870/2203/2092 1877/2109/2001
f 1877/2109/2001 1870/2203/2092 1876/2211/2100
f 1877/2109/2001 1876/2211/2100 1880/2111/2003
f 1880/2111/2003 1876/2211/2100 1879/2212/2101
f 1880/2111/2003 1879/2212/2101 1883/2113/2005
f 1883/2113/2005 1879/2212/2101 1882/2213/2102
f 1883/2113/2005 1882/2213/2102 1886/2115/2007
f 1886/2115/2007 1882/2213/2102 1885/2214/2103
f 1886/2115/2007 1885/2214/2103 1889/2117/2009
f 1889/2117/2009 1885/2214/2103 1888/2215/2104
f 1889/2117/2009 1888/2215/2104 1892/2119/2011
f 1892/2119/2011 1888/2215/2104 1891/2121/2013
f 1897/2201/2090 1868/2120/2012 1894/2122/2014
f 1894/2122/2014 1893/2091/1989 1896/2216/2105
f 1896/2216/2105 1893/2091/1989 1895/2089/1988
f 1896/2216/2105 1895/2089/1988 1899/2217/2106
f 1899/2217/2106 1895/2089/1988 1898/2087/1987
f 1899/2217/2106 1898/2087/1987 1902/2218/2107
f 1902/2218/2107 1898/2087/1987 1901/2085/1986
f 1902/2218/2107 1901/2085/1986 1905/2219/2108
f 1905/2219/2108 1901/2085/1986 1904/2083/1985
f 1905/2219/2108 1904/2083/1985 1908/2220/2109
f 1908/2220/2109 1904/2083/1985 1907/2081/1984
f 1908/2220/2109 1907/2081/1984 1911/2221/2110
f 1911/2221/2110 1907/2081/1984 1910/2079/1983
f 1911/2221/2110 1910/2079/1983 1914/2222/2111
f 1914/2222/2111 1910/2079/1983 1913/2077/1982
f 1914/2222/2111 1913/2077/1982 1917/2223/2112
f 1917/2223/2112 1913/2077/1982 1916/2075/1981
f 1917/2223/2112 1916/2075/1981 1920/2224/2113
f 1920/2224/2113 1916/2075/1981 1919/2073/1980
f 1920/2224/2113 1919/2073/1980 1923/2225/2114
f 1923/2225/2114 1919/2073/1980 1922/2071/1979
f 1923/2225/2114 1922/2071/1979 1926/2226/2115
f 1926/2226/2115 1922/2071/1979 1925/2069/1978
f 1926/2226/2115 1925/2069/1978 1929/2177/2067
f 1900/2199/2088 1897/2201/2090 1896/2216/2105
f 1896/2216/2105 1897/2201/2090 1894/2122/2014
f 1900/2199/2088 1896/2216/2105 1899/2217/2106
f 1903/2197/2086 1900/2199/2088 1899/2217/2106
f 1903/2197/2086 1899/2217/2106 1902/2218/2107
f 1906/2195/2084 1903/2197/2086 1902/2218/2107
f 1906/2195/2084 1902/2218/2107 1905/2219/2108
f 1909/2193/2082 1906/2195/2084 1905/2219/2108
f 1909/2193/2082 1905/2219/2108 1908/2220/2109
f 1912/2191/2080 1909/2193/2082 1908/2220/2109
f 1912/2191/2080 1908/2220/2109 1911/2221/2110
f 1915/2189/2078 1912/2191/2080 1911/2221/2110
f 1915/2189/2078 1911/2221/2110 1914/2222/2111
f 1918/2187/2076 1915/2189/2078 1914/2222/2111
f 1918/2187/2076 1914/2222/2111 1917/2223/2112
f 1921/2185/2074 1918/2187/2076 1917/2223/2112
f 1921/2185/2074 1917/2223/2112 1920/2224/2113
f 1924/2183/2072 1921/2185/2074 1920/2224/2113
f 1924/2183/2072 1920/2224/2113 1923/2225/2114
f 1927/2181/2070 1924/2183/2072 1923/2225/2114
f 1927/2181/2070 1923/2225/2114 1926/2226/2115
f 1930/2179/2068 1927/2181/2070 1926/2226/2115
f 1930/2179/2068 1926/2226/2115 1929/2177/2067
f 1827/2227/1996 1826/2228/1998 1987/2229/2116
f 1987/2229/2116 1826/2228/1998 1863/2230/2000
f 1987/2229/2116 1863/2230/2000 1862/2231/2002
f 1862/2231/2002 1861/2232/2004 1987/2229/2116
f 1987/2229/2116 1861/2232/2004 1860/2233/2006
f 1987/2229/2116 1860/2233/2006 1859/2234/2008
f 1859/2234/2008 1858/2235/2010 1987/2229/2116
f 1987/2229/2116 1858/2235/2010 1857/2236/2091
f 1987/2229/2116 1857/2236/2091 1856/2237/2089
f 1856/2237/2089 1855/2238/2087 1987/2229/2116
f 1987/2229/2116 1855/2238/2087 1854/2239/2085
f 1987/2229/2116 1854/2239/2085 1853/2240/2083
f 1853/2240/2083 1852/2241/2081 1987/2229/2116
f 1987/2229/2116 1852/2241/2081 1851/2242/2079
f 1987/2229/2116 1851/2242/2079 1850/2243/2077
f 1850/2243/2077 1849/2244/2075 1987/2229/2116
f 1987/2229/2116 1849/2244/2075 1848/2245/2073
f 1987/2229/2116 1848/2245/2073 1847/2246/2071
f 1847/2246/2071 1846/2247/2069 1987/2229/2116
f 1987/2229/2116 1846/2247/2069 1845/2248/2065
f 1987/2229/2116 1845/2248/2065 1844/2249/2062
f 1844/2249/2062 1843/2250/2059 1987/2229/2116
f 1987/2229/2116 1843/2250/2059 1842/2251/2056
f 1987/2229/2116 1842/2251/2056 1841/2252/2053
f 1841/2252/2053 1840/2253/2050 1987/2229/2116
f 1987/2229/2116 1840/2253/2050 1839/2254/2047
f 1987/2229/2116 1839/2254/2047 1838/2255/2044
f 1838/2255/2044 1837/2256/2041 1987/2229/2116
f 1987/2229/2116 1837/2256/2041 1836/2257/2038
f 1987/2229/2116 1836/2257/2038 1835/2258/2035
f 1835/2258/2035 1834/2259/2032 1987/2229/2116
f 1987/2229/2116 1834/2259/2032 1833/2260/2029
f 1987/2229/2116 1833/2260/2029 1832/2261/2024
f 1832/2261/2024 1831/2262/2022 1987/2229/2116
f 1987/2229/2116 1831/2262/2022 1830/2263/2020
f 1987/2229/2116 1830/2263/2020 1829/2264/2018
f 1829/2264/2018 1828/2265/2016 1987/2229/2116
f 1987/2229/2116 1828/2265/2016 1827/2227/1996
f 147/2266/187 146/2267/189 1988/2268/2117
f 1988/2268/2117 146/2267/189 183/2269/191
f 1988/2268/2117 183/2269/191 182/2270/193
f 182/2270/193 181/2271/195 1988/2268/2117
f 1988/2268/2117 181/2271/195 180/2272/197
f 1988/2268/2117 180/2272/197 179/2273/199
f 179/2273/199 178/2274/201 1988/2268/2117
f 1988/2268/2117 178/2274/201 177/2275/282
f 1988/2268/2117 177/2275/282 176/2276/280
f 176/2276/280 175/2277/278 1988/2268/2117
f 1988/2268/2117 175/2277/278 174/2278/276
f 1988/2268/2117 174/2278/276 173/2279/274
f 173/2279/274 172/2280/272 1988/2268/2117
f 1988/2268/2117 172/2280/272 171/2281/270
f 1988/2268/2117 171/2281/270 170/2282/268
f 170/2282/268 169/2283/266 1988/2268/2117
f 1988/2268/2117 169/2283/266 168/2284/264
f 1988/2268/2117 168/2284/264 167/2285/262
f 167/2285/262 166/2286/260 1988/2268/2117
f 1988/2268/2117 166/2286/260 165/2287/256
f 1988/2268/2117 165/2287/256 164/2288/253
f 164/2288/253 163/2289/250 1988/2268/2117
f 1988/2268/2117 163/2289/250 162/2290/247
f 1988/2268/2117 162/2290/247 161/2291/244
f 161/2291/244 160/2292/241 1988/2268/2117
f 1988/2268/2117 160/2292/241 159/2293/238
f 1988/2268/2117 159/2293/238 158/2294/235
f 158/2294/235 157/2295/232 1988/2268/2117
f 1988/2268/2117 157/2295/232 156/2296/229
f 1988/2268/2117 156/2296/229 155/2297/226
f 155/2297/226 154/2298/223 1988/2268/2117
f 1988/2268/2117 154/2298/223 153/2299/220
f 1988/2268/2117 153/2299/220 152/2300/215
f 152/2300/215 151/2301/213 1988/2268/2117
f 1988/2268/2117 151/2301/213 150/2302/211
f 1988/2268/2117 150/2302/211 149/2303/209
f 149/2303/209 148/2304/207 1988/2268/2117
f 1988/2268/2117 148/2304/207 147/2266/187
f 1989/2305/2118 1990/2306/2119 1992/2307/2120
f 1992/2307/2120 1990/2306/2119 1991/2308/2121
f 2006/2309/2122 1993/2310/2123 2005/2311/2124
f 2005/2311/2124 1993/2310/2123 1994/2312/2125
f 2005/2311/2124 1994/2312/2125 2004/2313/2126
f 2004/2313/2126 1994/2312/2125 1995/2314/2127
f 2004/2313/2126 1995/2314/2127 2003/2315/2128
f 2003/2315/2128 1995/2314/2127 1996/2316/2129
f 2003/2315/2128 1996/2316/2129 2002/2317/2130
f 2002/2317/2130 1996/2316/2129 1997/2318/2131
f 2002/2317/2130 1997/2318/2131 2001/2319/2132
f 2001/2319/2132 1997/2318/2131 1998/2320/2133
f 2001/2319/2132 1998/2320/2133 2000/2321/2134
f 2000/2321/2134 1998/2320/2133 1999/2322/2135
f 2000/2321/2134 1999/2322/2135 1992/2323/2120
f 1992/2323/2120 1999/2322/2135 1989/2324/2118
f 2024/2325/2136 2007/2326/2137 2023/2327/2138
f 2023/2327/2138 2007/2326/2137 2008/2328/2139
f 2023/2327/2138 2008/2328/2139 2022/2329/2140
f 2022/2329/2140 2008/2328/2139 2009/2330/2141
f 2022/2329/2140 2009/2330/2141 2021/2331/2142
f 2021/2331/2142 2009/2330/2141 2010/2332/2143
f 2021/2331/2142 2010/2332/2143 2020/2333/2144
f 2020/2333/2144 2010/2332/2143 2011/2334/2145
f 2020/2333/2144 2011/2334/2145 2019/2335/2146
f 2019/2335/2146 2011/2334/2145 2012/2336/2147
f 2019/2335/2146 2012/2336/2147 2018/2337/2148
f 2018/2337/2148 2012/2336/2147 2013/2338/2149
f 2018/2337/2148 2013/2338/2149 2017/2339/2150
f 2017/2339/2150 2013/2338/2149 2014/2340/2151
f 2017/2339/2150 2014/2340/2151 2016/2341/2152
f 2016/2341/2152 2014/2340/2151 2015/2342/2153
f 2016/2341/2152 2015/2342/2153 2006/2343/2122
f 2006/2343/2122 2015/2342/2153 1993/2344/2123
f 2038/2345/2154 2025/2346/2155 2037/2347/2156
f 2037/2347/2156 2025/2346/2155 2026/2348/2157
f 2037/2347/2156 2026/2348/2157 2036/2349/2158
f 2036/2349/2158 2026/2348/2157 2027/2350/2159
f 2036/2349/2158 2027/2350/2159 2035/2351/2160
f 2035/2351/2160 2027/2350/2159 2028/2352/2161
f 2035/2351/2160 2028/2352/2161 2034/2353/2162
f 2034/2353/2162 2028/2352/2161 2029/2354/2163
f 2034/2353/2162 2029/2354/2163 2033/2355/2164
f 2033/2355/2164 2029/2354/2163 2030/2356/2165
f 2033/2355/2164 2030/2356/2165 2032/2357/2166
f 2032/2357/2166 2030/2356/2165 2031/2358/2167
f 2032/2357/2166 2031/2358/2167 2024/2359/2136
f 2024/2359/2136 2031/2358/2167 2007/2360/2137
f 2039/2361/2168 2025/2362/2155 2040/2363/2169
f 2040/2363/2169 2025/2362/2155 2038/2364/2154
f 2052/2365/2170 2041/2366/2171 2051/2367/2172
f 2051/2367/2172 2041/2366/2171 2042/2368/2173
f 2051/2367/2172 2042/2368/2173 2050/2369/2174
f 2050/2369/2174 2042/2368/2173 2043/2370/2175
f 2050/2369/2174 2043/2370/2175 2049/2371/2176
f 2049/2371/2176 2043/2370/2175 2044/2372/2177
f 2049/2371/2176 2044/2372/2177 2048/2373/2178
f 2048/2373/2178 2044/2372/2177 2045/2374/2179
f 2048/2373/2178 2045/2374/2179 2047/2375/2180
f 2047/2375/2180 2045/2374/2179 2046/2376/2181
f 2047/2375/2180 2046/2376/2181 2040/2377/2169
f 2040/2377/2169 2046/2376/2181 2039/2378/2168
f 2062/2379/2182 2053/2380/2183 2061/2381/2184
f 2061/2381/2184 2053/2380/2183 2054/2382/2185
f 2061/2381/2184 2054/2382/2185 2060/2383/2186
f 2060/2383/2186 2054/2382/2185 2055/2384/2187
f 2060/2383/2186 2055/2384/2187 2059/2385/2188
f 2059/2385/2188 2055/2384/2187 2056/2386/2189
f 2059/2385/2188 2056/2386/2189 2058/2387/2190
f 2058/2387/2190 2056/2386/2189 2057/2388/2191
f 2058/2387/2190 2057/2388/2191 2052/2389/2170
f 2052/2389/2170 2057/2388/2191 2041/2390/2171
f 1991/2391/2121 1990/2392/2119 2072/2393/2192
f 2072/2393/2192 1990/2392/2119 2063/2394/2193
f 2072/2393/2192 2063/2394/2193 2071/2395/2194
f 2071/2395/2194 2063/2394/2193 2064/2396/2195
f 2071/2395/2194 2064/2396/2195 2070/2397/2196
f 2070/2397/2196 2064/2396/2195 2065/2398/2197
f 2070/2397/2196 2065/2398/2197 2069/2399/2198
f 2069/2399/2198 2065/2398/2197 2066/2400/2199
f 2069/2399/2198 2066/2400/2199 2068/2401/2200
f 2068/2401/2200 2066/2400/2199 2067/2402/2201
f 2068/2401/2200 2067/2402/2201 2062/2403/2182
f 2062/2403/2182 2067/2402/2201 2053/2404/2183
f 2073/2405/2202 2074/2406/2203 2076/2407/2204
f 2076/2407/2204 2074/2406/2203 2075/2408/2205
f 2090/2409/2206 2077/2410/2207 2089/2411/2208
f 2089/2411/2208 2077/2410/2207 2078/2412/2209
f 2089/2411/2208 2078/2412/2209 2088/2413/2210
f 2088/2413/2210 2078/2412/2209 2079/2414/2211
f 2088/2413/2210 2079/2414/2211 2087/2415/2212
f 2087/2415/2212 2079/2414/2211 2080/2416/2213
f 2087/2415/2212 2080/2416/2213 2086/2417/2214
f 2086/2417/2214 2080/2416/2213 2081/2418/2215
f 2086/2417/2214 2081/2418/2215 2085/2419/2216
f 2085/2419/2216 2081/2418/2215 2082/2420/2217
f 2085/2419/2216 2082/2420/2217 2084/2421/2218
f 2084/2421/2218 2082/2420/2217 2083/2422/2219
f 2084/2421/2218 2083/2422/2219 2076/2423/2204
f 2076/2423/2204 2083/2422/2219 2073/2424/2202
f 2108/2425/2220 2091/2426/2221 2107/2427/2222
f 2107/2427/2222 2091/2426/2221 2092/2428/2223
f 2107/2427/2222 2092/2428/2223 2106/2429/2224
f 2106/2429/2224 2092/2428/2223 2093/2430/2225
f 2106/2429/2224 2093/2430/2225 2105/2431/2226
f 2105/2431/2226 2093/2430/2225 2094/2432/2227
f 2105/2431/2226 2094/2432/2227 2104/2433/2228
f 2104/2433/2228 2094/2432/2227 2095/2434/2229
f 2104/2433/2228 2095/2434/2229 2103/2435/2230
f 2103/2435/2230 2095/2434/2229 2096/2436/2231
f 2103/2435/2230 2096/2436/2231 2102/2437/2232
f 2102/2437/2232 2096/2436/2231 2097/2438/2233
f 2102/2437/2232 2097/2438/2233 2101/2439/2234
f 2101/2439/2234 2097/2438/2233 2098/2440/2235
f 2101/2439/2234 2098/2440/2235 2100/2441/2236
f 2100/2441/2236 2098/2440/2235 2099/2442/2237
f 2100/2441/2236 2099/2442/2237 2090/2443/2206
f 2090/2443/2206 2099/2442/2237 2077/2444/2207
f 2122/2445/2238 2109/2446/2239 2121/2447/2240
f 2121/2447/2240 2109/2446/2239 2110/2448/2241
f 2121/2447/2240 2110/2448/2241 2120/2449/2242
f 2120/2449/2242 2110/2448/2241 2111/2450/2243
f 2120/2449/2242 2111/2450/2243 2119/2451/2244
f 2119/2451/2244 2111/2450/2243 2112/2452/2245
f 2119/2451/2244 2112/2452/2245 2118/2453/2246
f 2118/2453/2246 2112/2452/2245 2113/2454/2247
f 2118/2453/2246 2113/2454/2247 2117/2455/2248
f 2117/2455/2248 2113/2454/2247 2114/2456/2249
f 2117/2455/2248 2114/2456/2249 2116/2457/2250
f 2116/2457/2250 2114/2456/2249 2115/2458/2251
f 2116/2457/2250 2115/2458/2251 2108/2459/2220
f 2108/2459/2220 2115/2458/2251 2091/2460/2221
f 2123/2461/2252 2109/2462/2239 2124/2463/2253
f 2124/2463/2253 2109/2462/2239 2122/2464/2238
f 2136/2465/2254 2125/2466/2255 2135/2467/2256
f 2135/2467/2256 2125/2466/2255 2126/2468/2257
f 2135/2467/2256 2126/2468/2257 2134/2469/2258
f 2134/2469/2258 2126/2468/2257 2127/2470/2259
f 2134/2469/2258 2127/2470/2259 2133/2471/2260
f 2133/2471/2260 2127/2470/2259 2128/2472/2261
f 2133/2471/2260 2128/2472/2261 2132/2473/2262
f 2132/2473/2262 2128/2472/2261 2129/2474/2263
f 2132/2473/2262 2129/2474/2263 2131/2475/2264
f 2131/2475/2264 2129/2474/2263 2130/2476/2265
f 2131/2475/2264 2130/2476/2265 2124/2477/2253
f 2124/2477/2253 2130/2476/2265 2123/2478/2252
f 2146/2479/2266 2137/2480/2267 2145/2481/2268
f 2145/2481/2268 2137/2480/2267 2138/2482/2269
f 2145/2481/2268 2138/2482/2269 2144/2483/2270
f 2144/2483/2270 2138/2482/2269 2139/2484/2271
f 2144/2483/2270 2139/2484/2271 2143/2485/2272
f 2143/2485/2272 2139/2484/2271 2140/2486/2273
f 2143/2485/2272 2140/2486/2273 2142/2487/2274
f 2142/2487/2274 2140/2486/2273 2141/2488/2275
f 2142/2487/2274 2141/2488/2275 2136/2489/2254
f 2136/2489/2254 2141/2488/2275 2125/2490/2255
f 2075/2491/2205 2074/2492/2203 2156/2493/2276
f 2156/2493/2276 2074/2492/2203 2147/2494/2277
f 2156/2493/2276 2147/2494/2277 2155/2495/2278
f 2155/2495/2278 2147/2494/2277 2148/2496/2279
f 2155/2495/2278 2148/2496/2279 2154/2497/2280
f 2154/2497/2280 2148/2496/2279 2149/2498/2281
f 2154/2497/2280 2149/2498/2281 2153/2499/2282
f 2153/2499/2282 2149/2498/2281 2150/2500/2283
f 2153/2499/2282 2150/2500/2283 2152/2501/2284
f 2152/2501/2284 2150/2500/2283 2151/2502/2285
f 2152/2501/2284 2151/2502/2285 2146/2503/2266
f 2146/2503/2266 2151/2502/2285 2137/2504/2267
f 2157/2505/2286 2158/2506/2287 2160/2507/2288
f 2160/2507/2288 2158/2506/2287 2159/2508/2289
f 2174/2509/2290 2161/2510/2291 2173/2511/2292
f 2173/2511/2292 2161/2510/2291 2162/2512/2293
f 2173/2511/2292 2162/2512/2293 2172/2513/2294
f 2172/2513/2294 2162/2512/2293 2163/2514/2295
f 2172/2513/2294 2163/2514/2295 2171/2515/2296
f 2171/2515/2296 2163/2514/2295 2164/2516/2297
f 2171/2515/2296 2164/2516/2297 2170/2517/2298
f 2170/2517/2298 2164/2516/2297 2165/2518/2299
f 2170/2517/2298 2165/2518/2299 2169/2519/2300
f 2169/2519/2300 2165/2518/2299 2166/2520/2301
f 2169/2519/2300 2166/2520/2301 2168/2521/2302
f 2168/2521/2302 2166/2520/2301 2167/2522/2303
f 2168/2521/2302 2167/2522/2303 2160/2523/2288
f 2160/2523/2288 2167/2522/2303 2157/2524/2286
f 2192/2525/2304 2175/2526/2305 2191/2527/2306
f 2191/2527/2306 2175/2526/2305 2176/2528/2307
f 2191/2527/2306 2176/2528/2307 2190/2529/2308
f 2190/2529/2308 2176/2528/2307 2177/2530/2309
f 2190/2529/2308 2177/2530/2309 2189/2531/2310
f 2189/2531/2310 2177/2530/2309 2178/2532/2311
f 2189/2531/2310 2178/2532/2311 2188/2533/2312
f 2188/2533/2312 2178/2532/2311 2179/2534/2313
f 2188/2533/2312 2179/2534/2313 2187/2535/2314
f 2187/2535/2314 2179/2534/2313 2180/2536/2315
f 2187/2535/2314 2180/2536/2315 2186/2537/2316
f 2186/2537/2316 2180/2536/2315 2181/2538/2317
f 2186/2537/2316 2181/2538/2317 2185/2539/2318
f 2185/2539/2318 2181/2538/2317 2182/2540/2319
f 2185/2539/2318 2182/2540/2319 2184/2541/2320
f 2184/2541/2320 2182/2540/2319 2183/2542/2321
f 2184/2541/2320 2183/2542/2321 2174/2543/2290
f 2174/2543/2290 2183/2542/2321 2161/2544/2291
f 2206/2545/2322 2193/2546/2323 2205/2547/2324
f 2205/2547/2324 2193/2546/2323 2194/2548/2325
f 2205/2547/2324 2194/2548/2325 2204/2549/2326
f 2204/2549/2326 2194/2548/2325 2195/2550/2327
f 2204/2549/2326 2195/2550/2327 2203/2551/2328
f 2203/2551/2328 2195/2550/2327 2196/2552/2329
f 2203/2551/2328 2196/2552/2329 2202/2553/2330
f 2202/2553/2330 2196/2552/2329 2197/2554/2331
f 2202/2553/2330 2197/2554/2331 2201/2555/2332
f 2201/2555/2332 2197/2554/2331 2198/2556/2333
f 2201/2555/2332 2198/2556/2333 2200/2557/2334
f 2200/2557/2334 2198/2556/2333 2199/2558/2335
f 2200/2557/2334 2199/2558/2335 2192/2559/2304
f 2192/2559/2304 2199/2558/2335 2175/2560/2305
f 2207/2561/2336 2193/2562/2323 2208/2563/2337
f 2208/2563/2337 2193/2562/2323 2206/2564/2322
f 2220/2565/2338 2209/2566/2339 2219/2567/2340
f 2219/2567/2340 2209/2566/2339 2210/2568/2341
f 2219/2567/2340 2210/2568/2341 2218/2569/2342
f 2218/2569/2342 2210/2568/2341 2211/2570/2343
f 2218/2569/2342 2211/2570/2343 2217/2571/2344
f 2217/2571/2344 2211/2570/2343 2212/2572/2345
f 2217/2571/2344 2212/2572/2345 2216/2573/2346
f 2216/2573/2346 2212/2572/2345 2213/2574/2347
f 2216/2573/2346 2213/2574/2347 2215/2575/2348
f 2215/2575/2348 2213/2574/2347 2214/2576/2349
f 2215/2575/2348 2214/2576/2349 2208/2577/2337
f 2208/2577/2337 2214/2576/2349 2207/2578/2336
f 2230/2579/2350 2221/2580/2351 2229/2581/2352
f 2229/2581/2352 2221/2580/2351 2222/2582/2353
f 2229/2581/2352 2222/2582/2353 2228/2583/2354
f 2228/2583/2354 2222/2582/2353 2223/2584/2355
f 2228/2583/2354 2223/2584/2355 2227/2585/2356
f 2227/2585/2356 2223/2584/2355 2224/2586/2357
f 2227/2585/2356 2224/2586/2357 2226/2587/2358
f 2226/2587/2358 2224/2586/2357 2225/2588/2359
f 2226/2587/2358 2225/2588/2359 2220/2589/2338
f 2220/2589/2338 2225/2588/2359 2209/2590/2339
f 2159/2591/2289 2158/2592/2287 2240/2593/2360
f 2240/2593/2360 2158/2592/2287 2231/2594/2361
f 2240/2593/2360 2231/2594/2361 2239/2595/2362
f 2239/2595/2362 2231/2594/2361 2232/2596/2363
f 2239/2595/2362 2232/2596/2363 2238/2597/2364
f 2238/2597/2364 2232/2596/2363 2233/2598/2365
f 2238/2597/2364 2233/2598/2365 2237/2599/2366
f 2237/2599/2366 2233/2598/2365 2234/2600/2367
f 2237/2599/2366 2234/2600/2367 2236/2601/2368
f 2236/2601/2368 2234/2600/2367 2235/2602/2369
f 2236/2601/2368 2235/2602/2369 2230/2603/2350
f 2230/2603/2350 2235/2602/2369 2221/2604/2351
f 2241/2605/2370 2242/2606/2371 2244/2607/2372
f 2244/2607/2372 2242/2606/2371 2243/2608/2373
f 2258/2609/2374 2245/2610/2375 2257/2611/2376
f 2257/2611/2376 2245/2610/2375 2246/2612/2377
f 2257/2611/2376 2246/2612/2377 2256/2613/2378
f 2256/2613/2378 2246/2612/2377 2247/2614/2379
f 2256/2613/2378 2247/2614/2379 2255/2615/2380
f 2255/2615/2380 2247/2614/2379 2248/2616/2381
f 2255/2615/2380 2248/2616/2381 2254/2617/2382
f 2254/2617/2382 2248/2616/2381 2249/2618/2383
f 2254/2617/2382 2249/2618/2383 2253/2619/2384
f 2253/2619/2384 2249/2618/2383 2250/2620/2385
f 2253/2619/2384 2250/2620/2385 2252/2621/2386
f 2252/2621/2386 2250/2620/2385 2251/2622/2387
f 2252/2621/2386 2251/2622/2387 2244/2623/2372
f 2244/2623/2372 2251/2622/2387 2241/2624/2370
f 2276/2625/2388 2259/2626/2389 2275/2627/2390
f 2275/2627/2390 2259/2626/2389 2260/2628/2391
f 2275/2627/2390 2260/2628/2391 2274/2629/2392
f 2274/2629/2392 2260/2628/2391 2261/2630/2393
f 2274/2629/2392 2261/2630/2393 2273/2631/2394
f 2273/2631/2394 2261/2630/2393 2262/2632/2395
f 2273/2631/2394 2262/2632/2395 2272/2633/2396
f 2272/2633/2396 2262/2632/2395 2263/2634/2397
f 2272/2633/2396 2263/2634/2397 2271/2635/2398
f 2271/2635/2398 2263/2634/2397 2264/2636/2399
f 2271/2635/2398 2264/2636/2399 2270/2637/2400
f 2270/2637/2400 2264/2636/2399 2265/2638/2401
f 2270/2637/2400 2265/2638/2401 2269/2639/2402
f 2269/2639/2402 2265/2638/2401 2266/2640/2403
f 2269/2639/2402 2266/2640/2403 2268/2641/2404
f 2268/2641/2404 2266/2640/2403 2267/2642/2405
f 2268/2641/2404 2267/2642/2405 2258/2643/2374
f 2258/2643/2374 2267/2642/2405 2245/2644/2375
f 2290/2645/2406 2277/2646/2407 2289/2647/2408
f 2289/2647/2408 2277/2646/2407 2278/2648/2409
f 2289/2647/2408 2278/2648/2409 2288/2649/2410
f 2288/2649/2410 2278/2648/2409 2279/2650/2411
f 2288/2649/2410 2279/2650/2411 2287/2651/2412
f 2287/2651/2412 2279/2650/2411 2280/2652/2413
f 2287/2651/2412 2280/2652/2413 2286/2653/2414
f 2286/2653/2414 2280/2652/2413 2281/2654/2415
f 2286/2653/2414 2281/2654/2415 2285/2655/2416
f 2285/2655/2416 2281/2654/2415 2282/2656/2417
f 2285/2655/2416 2282/2656/2417 2284/2657/2418
f 2284/2657/2418 2282/2656/2417 2283/2658/2419
f 2284/2657/2418 2283/2658/2419 2276/2659/2388
f 2276/2659/2388 2283/2658/2419 2259/2660/2389
f 2291/2661/2420 2277/2662/2407 2292/2663/2421
f 2292/2663/2421 2277/2662/2407 2290/2664/2406
f 2304/2665/2422 2293/2666/2423 2303/2667/2424
f 2303/2667/2424 2293/2666/2423 2294/2668/2425
f 2303/2667/2424 2294/2668/2425 2302/2669/2426
f 2302/2669/2426 2294/2668/2425 2295/2670/2427
f 2302/2669/2426 2295/2670/2427 2301/2671/2428
f 2301/2671/2428 2295/2670/2427 2296/2672/2429
f 2301/2671/2428 2296/2672/2429 2300/2673/2430
f 2300/2673/2430 2296/2672/2429 2297/2674/2431
f 2300/2673/2430 2297/2674/2431 2299/2675/2432
f 2299/2675/2432 2297/2674/2431 2298/2676/2433
f 2299/2675/2432 2298/2676/2433 2292/2677/2421
f 2292/2677/2421 2298/2676/2433 2291/2678/2420
f 2314/2679/2434 2305/2680/2435 2313/2681/2436
f 2313/2681/2436 2305/2680/2435 2306/2682/2437
f 2313/2681/2436 2306/2682/2437 2312/2683/2438
f 2312/2683/2438 2306/2682/2437 2307/2684/2439
f 2312/2683/2438 2307/2684/2439 2311/2685/2440
f 2311/2685/2440 2307/2684/2439 2308/2686/2441
f 2311/2685/2440 2308/2686/2441 2310/2687/2442
f 2310/2687/2442 2308/2686/2441 2309/2688/2443
f 2310/2687/2442 2309/2688/2443 2304/2689/2422
f 2304/2689/2422 2309/2688/2443 2293/2690/2423
f 2243/2691/2373 2242/2692/2371 2324/2693/2444
f 2324/2693/2444 2242/2692/2371 2315/2694/2445
f 2324/2693/2444 2315/2694/2445 2323/2695/2446
f 2323/2695/2446 2315/2694/2445 2316/2696/2447
f 2323/2695/2446 2316/2696/2447 2322/2697/2448
f 2322/2697/2448 2316/2696/2447 2317/2698/2449
f 2322/2697/2448 2317/2698/2449 2321/2699/2450
f 2321/2699/2450 2317/2698/2449 2318/2700/2451
f 2321/2699/2450 2318/2700/2451 2320/2701/2452
f 2320/2701/2452 2318/2700/2451 2319/2702/2453
f 2320/2701/2452 2319/2702/2453 2314/2703/2434
f 2314/2703/2434 2319/2702/2453 2305/2704/2435
f 2325/2705/2454 2326/2706/2455 2328/2707/2456
f 2328/2707/2456 2326/2706/2455 2327/2708/2457
f 2329/2709/2458 2325/2710/2459 2330/2711/2460
f 2330/2711/2460 2325/2710/2459 2328/2712/2461
f 2331/2713/2462 2329/2714/2463 2332/2715/2464
f 2332/2715/2464 2329/2714/2463 2330/2716/2465
f 2326/2717/2466 2331/2718/2467 2327/2719/2468
f 2327/2719/2468 2331/2718/2467 2332/2720/2469
f 2332/2721/2470 2136/2722/2471 2327/2723/2472
f 2327/2723/2472 2136/2722/2471 2062/2724/2473
f 2327/2723/2472 2062/2724/2473 2061/2725/2474
f 2330/2726/2475 2304/2727/2476 2332/2721/2470
f 2332/2721/2470 2304/2727/2476 2146/2728/2477
f 2332/2721/2470 2146/2728/2477 2145/2729/2478
f 2328/2730/2479 2220/2731/2480 2330/2726/2475
f 2330/2726/2475 2220/2731/2480 2314/2732/2481
f 2330/2726/2475 2314/2732/2481 2313/2733/2482
f 2327/2723/2472 2052/2734/2483 2328/2730/2479
f 2328/2730/2479 2052/2734/2483 2230/2735/2484
f 2328/2730/2479 2230/2735/2484 2229/2736/2485
f 2244/2737/2486 2243/2738/2487 2208/2739/2488
f 2208/2739/2488 2243/2738/2487 2324/2740/2489
f 2208/2739/2488 2324/2740/2489 2215/2741/2490
f 2215/2741/2490 2324/2740/2489 2323/2742/2491
f 2215/2741/2490 2323/2742/2491 2216/2743/2492
f 2216/2743/2492 2323/2742/2491 2322/2744/2493
f 2216/2743/2492 2322/2744/2493 2217/2745/2494
f 2217/2745/2494 2322/2744/2493 2321/2746/2495
f 2217/2745/2494 2321/2746/2495 2218/2747/2496
f 2218/2747/2496 2321/2746/2495 2219/2748/2497
f 2219/2748/2497 2321/2746/2495 2320/2749/2498
f 2219/2748/2497 2320/2749/2498 2220/2731/2480
f 2220/2731/2480 2320/2749/2498 2314/2732/2481
f 2313/2733/2482 2312/2750/2499 2330/2726/2475
f 2330/2726/2475 2312/2750/2499 2311/2751/2500
f 2330/2726/2475 2311/2751/2500 2310/2752/2501
f 2310/2752/2501 2304/2727/2476 2330/2726/2475
f 2146/2728/2477 2304/2727/2476 2152/2753/2502
f 2152/2753/2502 2304/2727/2476 2303/2754/2503
f 2152/2753/2502 2303/2754/2503 2153/2755/2504
f 2153/2755/2504 2303/2754/2503 2302/2756/2505
f 2153/2755/2504 2302/2756/2505 2301/2757/2506
f 2153/2755/2504 2301/2757/2506 2154/2758/2507
f 2154/2758/2507 2301/2757/2506 2300/2759/2508
f 2154/2758/2507 2300/2759/2508 2155/2760/2509
f 2155/2760/2509 2300/2759/2508 2299/2761/2510
f 2155/2760/2509 2299/2761/2510 2156/2762/2511
f 2156/2762/2511 2299/2761/2510 2292/2763/2512
f 2156/2762/2511 2292/2763/2512 2075/2764/2513
f 2075/2764/2513 2292/2763/2512 2290/2765/2514
f 2075/2764/2513 2290/2765/2514 2076/2766/2515
f 2076/2766/2515 2290/2765/2514 2289/2767/2516
f 2076/2766/2515 2289/2767/2516 2084/2768/2517
f 2084/2768/2517 2289/2767/2516 2333/2769/2518
f 2084/2768/2517 2333/2769/2518 2085/2770/2519
f 2085/2770/2519 2333/2769/2518 2086/2771/2520
f 2086/2771/2520 2333/2769/2518 2087/2772/2521
f 2087/2772/2521 2333/2769/2518 2088/2773/2522
f 2088/2773/2522 2333/2769/2518 1086/2774/2523
f 2088/2773/2522 1086/2774/2523 2089/2775/2524
f 2089/2775/2524 1086/2774/2523 2090/2776/2525
f 2090/2776/2525 1086/2774/2523 1085/2777/2526
f 2090/2776/2525 1085/2777/2526 2100/2778/2527
f 2100/2778/2527 1085/2777/2526 1084/2779/2528
f 2100/2778/2527 1084/2779/2528 2101/2780/2529
f 2101/2780/2529 1084/2779/2528 1083/2781/2530
f 2101/2780/2529 1083/2781/2530 2102/2782/2531
f 2102/2782/2531 1083/2781/2530 1082/2783/2532
f 2102/2782/2531 1082/2783/2532 2103/2784/2533
f 2103/2784/2533 1082/2783/2532 1081/2785/2534
f 2103/2784/2533 1081/2785/2534 2104/2786/2535
f 2104/2786/2535 1081/2785/2534 1080/2787/2536
f 2104/2786/2535 1080/2787/2536 2105/2788/2537
f 2105/2788/2537 1080/2787/2536 1079/2789/2538
f 2105/2788/2537 1079/2789/2538 2106/2790/2539
f 2106/2790/2539 1079/2789/2538 1078/2791/2540
f 2106/2790/2539 1078/2791/2540 2107/2792/2541
f 2107/2792/2541 1078/2791/2540 1077/2793/2542
f 2107/2792/2541 1077/2793/2542 2108/2794/2543
f 2108/2794/2543 1077/2793/2542 1076/2795/2544
f 2108/2794/2543 1076/2795/2544 2116/2796/2545
f 2116/2796/2545 1076/2795/2544 2117/2797/2546
f 2117/2797/2546 1076/2795/2544 2118/2798/2547
f 2118/2798/2547 1076/2795/2544 2119/2799/2548
f 2119/2799/2548 1076/2795/2544 2002/2800/2549
f 2119/2799/2548 2002/2800/2549 2120/2801/2550
f 2120/2801/2550 2002/2800/2549 2001/2802/2551
f 2120/2801/2550 2001/2802/2551 2121/2803/2552
f 2121/2803/2552 2001/2802/2551 2000/2804/2553
f 2121/2803/2552 2000/2804/2553 2122/2805/2554
f 2122/2805/2554 2000/2804/2553 1992/2806/2555
f 2122/2805/2554 1992/2806/2555 2124/2807/2556
f 2124/2807/2556 1992/2806/2555 1991/2808/2557
f 2124/2807/2556 1991/2808/2557 2072/2809/2558
f 2289/2767/2516 2288/2810/2559 2333/2769/2518
f 2333/2769/2518 2288/2810/2559 2287/2811/2560
f 2333/2769/2518 2287/2811/2560 2286/2812/2561
f 2286/2812/2561 2285/2813/2562 2333/2769/2518
f 2333/2769/2518 2285/2813/2562 1086/2774/2523
f 2285/2813/2562 2284/2814/2563 1086/2774/2523
f 1086/2774/2523 2284/2814/2563 2276/2815/2564
f 1086/2774/2523 2276/2815/2564 1087/2816/2565
f 1087/2816/2565 2276/2815/2564 2275/2817/2566
f 1087/2816/2565 2275/2817/2566 1088/2818/2567
f 1088/2818/2567 2275/2817/2566 2274/2819/2568
f 1088/2818/2567 2274/2819/2568 1089/2820/2569
f 1089/2820/2569 2274/2819/2568 2273/2821/2570
f 1089/2820/2569 2273/2821/2570 1090/2822/2571
f 1090/2822/2571 2273/2821/2570 2272/2823/2572
f 1090/2822/2571 2272/2823/2572 1091/2824/2573
f 1091/2824/2573 2272/2823/2572 2271/2825/2574
f 1091/2824/2573 2271/2825/2574 1092/2826/2575
f 1092/2826/2575 2271/2825/2574 2270/2827/2576
f 1092/2826/2575 2270/2827/2576 1093/2828/2577
f 1093/2828/2577 2270/2827/2576 2269/2829/2578
f 1093/2828/2577 2269/2829/2578 1094/2830/2579
f 1094/2830/2579 2269/2829/2578 2268/2831/2580
f 1094/2830/2579 2268/2831/2580 1095/2832/2581
f 1095/2832/2581 2268/2831/2580 2258/2833/2582
f 1095/2832/2581 2258/2833/2582 1056/2834/2583
f 1056/2834/2583 2258/2833/2582 2257/2835/2584
f 1056/2834/2583 2257/2835/2584 2256/2836/2585
f 2256/2836/2585 2255/2837/2586 1056/2834/2583
f 1056/2834/2583 2255/2837/2586 2254/2838/2587
f 1056/2834/2583 2254/2838/2587 2203/2839/2588
f 2203/2839/2588 2254/2838/2587 2204/2840/2589
f 2204/2840/2589 2254/2838/2587 2253/2841/2590
f 2204/2840/2589 2253/2841/2590 2205/2842/2591
f 2205/2842/2591 2253/2841/2590 2252/2843/2592
f 2205/2842/2591 2252/2843/2592 2206/2844/2593
f 2206/2844/2593 2252/2843/2592 2244/2737/2486
f 2206/2844/2593 2244/2737/2486 2208/2739/2488
f 2160/2845/2594 2159/2846/2595 2040/2847/2596
f 2040/2847/2596 2159/2846/2595 2240/2848/2597
f 2040/2847/2596 2240/2848/2597 2047/2849/2598
f 2047/2849/2598 2240/2848/2597 2239/2850/2599
f 2047/2849/2598 2239/2850/2599 2048/2851/2600
f 2048/2851/2600 2239/2850/2599 2238/2852/2601
f 2048/2851/2600 2238/2852/2601 2049/2853/2602
f 2049/2853/2602 2238/2852/2601 2237/2854/2603
f 2049/2853/2602 2237/2854/2603 2050/2855/2604
f 2050/2855/2604 2237/2854/2603 2236/2856/2605
f 2050/2855/2604 2236/2856/2605 2051/2857/2606
f 2051/2857/2606 2236/2856/2605 2052/2734/2483
f 2052/2734/2483 2236/2856/2605 2230/2735/2484
f 2229/2736/2485 2228/2858/2607 2328/2730/2479
f 2328/2730/2479 2228/2858/2607 2227/2859/2608
f 2328/2730/2479 2227/2859/2608 2226/2860/2609
f 2226/2860/2609 2220/2731/2480 2328/2730/2479
f 2203/2839/2588 2202/2861/2610 1056/2834/2583
f 1056/2834/2583 2202/2861/2610 2201/2862/2611
f 1056/2834/2583 2201/2862/2611 2200/2863/2612
f 2200/2863/2612 2192/2864/2613 1056/2834/2583
f 1056/2834/2583 2192/2864/2613 1057/2865/2614
f 1057/2865/2614 2192/2864/2613 2191/2866/2615
f 1057/2865/2614 2191/2866/2615 1058/2867/2616
f 1058/2867/2616 2191/2866/2615 2190/2868/2617
f 1058/2867/2616 2190/2868/2617 1059/2869/2618
f 1059/2869/2618 2190/2868/2617 2189/2870/2619
f 1059/2869/2618 2189/2870/2619 1060/2871/2620
f 1060/2871/2620 2189/2870/2619 2188/2872/2621
f 1060/2871/2620 2188/2872/2621 1061/2873/2622
f 1061/2873/2622 2188/2872/2621 2187/2874/2623
f 1061/2873/2622 2187/2874/2623 1062/2875/2624
f 1062/2875/2624 2187/2874/2623 2186/2876/2625
f 1062/2875/2624 2186/2876/2625 1063/2877/2626
f 1063/2877/2626 2186/2876/2625 2185/2878/2627
f 1063/2877/2626 2185/2878/2627 1064/2879/2628
f 1064/2879/2628 2185/2878/2627 2184/2880/2629
f 1064/2879/2628 2184/2880/2629 1065/2881/2630
f 1065/2881/2630 2184/2880/2629 2174/2882/2631
f 1065/2881/2630 2174/2882/2631 1066/2883/2632
f 1066/2883/2632 2174/2882/2631 2173/2884/2633
f 1066/2883/2632 2173/2884/2633 2172/2885/2634
f 2172/2885/2634 2171/2886/2635 1066/2883/2632
f 1066/2883/2632 2171/2886/2635 2170/2887/2636
f 1066/2883/2632 2170/2887/2636 2035/2888/2637
f 2035/2888/2637 2170/2887/2636 2169/2889/2638
f 2035/2888/2637 2169/2889/2638 2036/2890/2639
f 2036/2890/2639 2169/2889/2638 2168/2891/2640
f 2036/2890/2639 2168/2891/2640 2037/2892/2641
f 2037/2892/2641 2168/2891/2640 2160/2845/2594
f 2037/2892/2641 2160/2845/2594 2038/2893/2642
f 2038/2893/2642 2160/2845/2594 2040/2847/2596
f 2145/2729/2478 2144/2894/2643 2332/2721/2470
f 2332/2721/2470 2144/2894/2643 2143/2895/2644
f 2332/2721/2470 2143/2895/2644 2142/2896/2645
f 2142/2896/2645 2136/2722/2471 2332/2721/2470
f 2062/2724/2473 2136/2722/2471 2068/2897/2646
f 2068/2897/2646 2136/2722/2471 2135/2898/2647
f 2068/2897/2646 2135/2898/2647 2134/2899/2648
f 2068/2897/2646 2134/2899/2648 2069/2900/2649
f 2069/2900/2649 2134/2899/2648 2133/2901/2650
f 2069/2900/2649 2133/2901/2650 2070/2902/2651
f 2070/2902/2651 2133/2901/2650 2132/2903/2652
f 2070/2902/2651 2132/2903/2652 2071/2904/2653
f 2071/2904/2653 2132/2903/2652 2131/2905/2654
f 2071/2904/2653 2131/2905/2654 2072/2809/2558
f 2072/2809/2558 2131/2905/2654 2124/2807/2556
f 2061/2725/2474 2060/2906/2655 2327/2723/2472
f 2327/2723/2472 2060/2906/2655 2059/2907/2656
f 2327/2723/2472 2059/2907/2656 2058/2908/2657
f 2058/2908/2657 2052/2734/2483 2327/2723/2472
f 2035/2888/2637 2034/2909/2658 1066/2883/2632
f 1066/2883/2632 2034/2909/2658 2033/2910/2659
f 1066/2883/2632 2033/2910/2659 2032/2911/2660
f 2032/2911/2660 2024/2912/2661 1066/2883/2632
f 1066/2883/2632 2024/2912/2661 1067/2913/2662
f 1067/2913/2662 2024/2912/2661 2023/2914/2663
f 1067/2913/2662 2023/2914/2663 1068/2915/2664
f 1068/2915/2664 2023/2914/2663 2022/2916/2665
f 1068/2915/2664 2022/2916/2665 1069/2917/2666
f 1069/2917/2666 2022/2916/2665 2021/2918/2667
f 1069/2917/2666 2021/2918/2667 1070/2919/2668
f 1070/2919/2668 2021/2918/2667 2020/2920/2669
f 1070/2919/2668 2020/2920/2669 1071/2921/2670
f 1071/2921/2670 2020/2920/2669 2019/2922/2671
f 1071/2921/2670 2019/2922/2671 1072/2923/2672
f 1072/2923/2672 2019/2922/2671 2018/2924/2673
f 1072/2923/2672 2018/2924/2673 1073/2925/2674
f 1073/2925/2674 2018/2924/2673 2017/2926/2675
f 1073/2925/2674 2017/2926/2675 1074/2927/2676
f 1074/2927/2676 2017/2926/2675 2016/2928/2677
f 1074/2927/2676 2016/2928/2677 1075/2929/2678
f 1075/2929/2678 2016/2928/2677 2006/2930/2679
f 1075/2929/2678 2006/2930/2679 1076/2795/2544
f 1076/2795/2544 2006/2930/2679 2005/2931/2680
f 1076/2795/2544 2005/2931/2680 2004/2932/2681
f 2004/2932/2681 2003/2933/2682 1076/2795/2544
f 1076/2795/2544 2003/2933/2682 2002/2800/2549
f 40/2934/2683 2091/2935/2684 1/2936/2685
f 1/2936/2685 2091/2935/2684 2115/2937/2686
f 1/2936/2685 2115/2937/2686 2114/2938/2687
f 2091/2935/2684 40/2934/2683 2092/2939/2688
f 2092/2939/2688 40/2934/2683 39/2940/2689
f 2092/2939/2688 39/2940/2689 2093/2941/2690
f 2093/2941/2690 39/2940/2689 38/2942/2691
f 2093/2941/2690 38/2942/2691 2094/2943/2692
f 2094/2943/2692 38/2942/2691 37/2944/2693
f 2094/2943/2692 37/2944/2693 2095/2945/2694
f 2095/2945/2694 37/2944/2693 36/2946/2695
f 2095/2945/2694 36/2946/2695 2096/2947/2696
f 2096/2947/2696 36/2946/2695 35/2948/2697
f 2096/2947/2696 35/2948/2697 2097/2949/2698
f 2097/2949/2698 35/2948/2697 34/2950/2699
f 2097/2949/2698 34/2950/2699 2098/2951/2700
f 2098/2951/2700 34/2950/2699 33/2952/2701
f 2098/2951/2700 33/2952/2701 2099/2953/2702
f 2099/2953/2702 33/2952/2701 32/2954/2703
f 2099/2953/2702 32/2954/2703 2077/2955/2704
f 2077/2955/2704 32/2954/2703 31/2956/2705
f 2077/2955/2704 31/2956/2705 2078/2957/2706
f 2078/2957/2706 31/2956/2705 2079/2958/2707
f 2079/2958/2707 31/2956/2705 2334/2959/2708
f 2079/2958/2707 2334/2959/2708 2080/2960/2709
f 2080/2960/2709 2334/2959/2708 2081/2961/2710
f 2081/2961/2710 2334/2959/2708 2082/2962/2711
f 2082/2962/2711 2334/2959/2708 2083/2963/2712
f 2083/2963/2712 2334/2959/2708 2278/2964/2713
f 2083/2963/2712 2278/2964/2713 2277/2965/2714
f 30/2966/2715 2259/2967/2716 31/2956/2705
f 31/2956/2705 2259/2967/2716 2283/2968/2717
f 31/2956/2705 2283/2968/2717 2282/2969/2718
f 2259/2967/2716 30/2966/2715 2260/2970/2719
f 2260/2970/2719 30/2966/2715 29/2971/2720
f 2260/2970/2719 29/2971/2720 2261/2972/2721
f 2261/2972/2721 29/2971/2720 28/2973/2722
f 2261/2972/2721 28/2973/2722 2262/2974/2723
f 2262/2974/2723 28/2973/2722 27/2975/2724
f 2262/2974/2723 27/2975/2724 2263/2976/2725
f 2263/2976/2725 27/2975/2724 26/2977/2726
f 2263/2976/2725 26/2977/2726 2264/2978/2727
f 2264/2978/2727 26/2977/2726 25/2979/2728
f 2264/2978/2727 25/2979/2728 2265/2980/2729
f 2265/2980/2729 25/2979/2728 24/2981/2730
f 2265/2980/2729 24/2981/2730 2266/2982/2731
f 2266/2982/2731 24/2981/2730 23/2983/2732
f 2266/2982/2731 23/2983/2732 2267/2984/2733
f 2267/2984/2733 23/2983/2732 22/2985/2734
f 2267/2984/2733 22/2985/2734 2245/2986/2735
f 2245/2986/2735 22/2985/2734 21/2987/2736
f 2245/2986/2735 21/2987/2736 2246/2988/2737
f 2246/2988/2737 21/2987/2736 2247/2989/2738
f 2247/2989/2738 21/2987/2736 2248/2990/2739
f 2248/2990/2739 21/2987/2736 2249/2991/2740
f 2249/2991/2740 21/2987/2736 2196/2992/2741
f 2249/2991/2740 2196/2992/2741 2250/2993/2742
f 2250/2993/2742 2196/2992/2741 2195/2994/2743
f 2250/2993/2742 2195/2994/2743 2251/2995/2744
f 2251/2995/2744 2195/2994/2743 2194/2996/2745
f 2251/2995/2744 2194/2996/2745 2241/2997/2746
f 2241/2997/2746 2194/2996/2745 2193/2998/2747
f 2241/2997/2746 2193/2998/2747 2207/2999/2748
f 20/3000/2749 2175/3001/2750 21/2987/2736
f 21/2987/2736 2175/3001/2750 2199/3002/2751
f 21/2987/2736 2199/3002/2751 2198/3003/2752
f 2175/3001/2750 20/3000/2749 2176/3004/2753
f 2176/3004/2753 20/3000/2749 19/3005/2754
f 2176/3004/2753 19/3005/2754 2177/3006/2755
f 2177/3006/2755 19/3005/2754 18/3007/2756
f 2177/3006/2755 18/3007/2756 2178/3008/2757
f 2178/3008/2757 18/3007/2756 17/3009/2758
f 2178/3008/2757 17/3009/2758 2179/3010/2759
f 2179/3010/2759 17/3009/2758 16/3011/2760
f 2179/3010/2759 16/3011/2760 2180/3012/2761
f 2180/3012/2761 16/3011/2760 15/3013/2762
f 2180/3012/2761 15/3013/2762 2181/3014/2763
f 2181/3014/2763 15/3013/2762 14/3015/2764
f 2181/3014/2763 14/3015/2764 2182/3016/2765
f 2182/3016/2765 14/3015/2764 13/3017/2766
f 2182/3016/2765 13/3017/2766 2183/3018/2767
f 2183/3018/2767 13/3017/2766 12/3019/2768
f 2183/3018/2767 12/3019/2768 2161/3020/2769
f 2161/3020/2769 12/3019/2768 11/3021/2770
f 2161/3020/2769 11/3021/2770 2162/3022/2771
f 2162/3022/2771 11/3021/2770 2163/3023/2772
f 2163/3023/2772 11/3021/2770 2164/3024/2773
f 2164/3024/2773 11/3021/2770 2165/3025/2774
f 2165/3025/2774 11/3021/2770 2028/3026/2775
f 2165/3025/2774 2028/3026/2775 2027/3027/2776
f 10/3028/2777 2007/3029/2778 11/3021/2770
f 11/3021/2770 2007/3029/2778 2031/3030/2779
f 11/3021/2770 2031/3030/2779 2030/3031/2780
f 2007/3029/2778 10/3028/2777 2008/3032/2781
f 2008/3032/2781 10/3028/2777 9/3033/2782
f 2008/3032/2781 9/3033/2782 2009/3034/2783
f 2009/3034/2783 9/3033/2782 8/3035/2784
f 2009/3034/2783 8/3035/2784 2010/3036/2785
f 2010/3036/2785 8/3035/2784 7/3037/2786
f 2010/3036/2785 7/3037/2786 2011/3038/2787
f 2011/3038/2787 7/3037/2786 6/3039/2788
f 2011/3038/2787 6/3039/2788 2012/3040/2789
f 2012/3040/2789 6/3039/2788 5/3041/2790
f 2012/3040/2789 5/3041/2790 2013/3042/2791
f 2013/3042/2791 5/3041/2790 4/3043/2792
f 2013/3042/2791 4/3043/2792 2014/3044/2793
f 2014/3044/2793 4/3043/2792 3/3045/2794
f 2014/3044/2793 3/3045/2794 2015/3046/2795
f 2015/3046/2795 3/3045/2794 2/3047/2796
f 2015/3046/2795 2/3047/2796 1993/3048/2797
f 1993/3048/2797 2/3047/2796 1/2936/2685
f 1993/3048/2797 1/2936/2685 1994/3049/2798
f 1994/3049/2798 1/2936/2685 1995/3050/2799
f 1995/3050/2799 1/2936/2685 1996/3051/2800
f 1996/3051/2800 1/2936/2685 1997/3052/2801
f 1997/3052/2801 1/2936/2685 2112/3053/2802
f 1997/3052/2801 2112/3053/2802 1998/3054/2803
f 1998/3054/2803 2112/3053/2802 2111/3055/2804
f 1998/3054/2803 2111/3055/2804 1999/3056/2805
f 1999/3056/2805 2111/3055/2804 2110/3057/2806
f 1999/3056/2805 2110/3057/2806 1989/3058/2807
f 1989/3058/2807 2110/3057/2806 2109/3059/2808
f 1989/3058/2807 2109/3059/2808 2123/3060/2809
f 2326/3061/2810 2125/3062/2811 2331/3063/2812
f 2331/3063/2812 2125/3062/2811 2141/3064/2813
f 2331/3063/2812 2141/3064/2813 2140/3065/2814
f 2325/3066/2815 2041/3067/2816 2326/3061/2810
f 2326/3061/2810 2041/3067/2816 2057/3068/2817
f 2326/3061/2810 2057/3068/2817 2056/3069/2818
f 2329/3070/2819 2305/3071/2820 2325/3066/2815
f 2325/3066/2815 2305/3071/2820 2209/3072/2821
f 2325/3066/2815 2209/3072/2821 2225/3073/2822
f 2331/3063/2812 2137/3074/2823 2329/3070/2819
f 2329/3070/2819 2137/3074/2823 2293/3075/2824
f 2329/3070/2819 2293/3075/2824 2309/3076/2825
f 2209/3072/2821 2305/3071/2820 2210/3077/2826
f 2210/3077/2826 2305/3071/2820 2319/3078/2827
f 2210/3077/2826 2319/3078/2827 2318/3079/2828
f 2210/3077/2826 2318/3079/2828 2211/3080/2829
f 2211/3080/2829 2318/3079/2828 2317/3081/2830
f 2211/3080/2829 2317/3081/2830 2212/3082/2831
f 2212/3082/2831 2317/3081/2830 2316/3083/2832
f 2212/3082/2831 2316/3083/2832 2213/3084/2833
f 2213/3084/2833 2316/3083/2832 2315/3085/2834
f 2213/3084/2833 2315/3085/2834 2214/3086/2835
f 2214/3086/2835 2315/3085/2834 2242/3087/2836
f 2214/3086/2835 2242/3087/2836 2207/2999/2748
f 2207/2999/2748 2242/3087/2836 2241/2997/2746
f 31/2956/2705 2282/2969/2718 2334/2959/2708
f 2334/2959/2708 2282/2969/2718 2281/3088/2837
f 2334/2959/2708 2281/3088/2837 2280/3089/2838
f 2280/3089/2838 2279/3090/2839 2334/2959/2708
f 2334/2959/2708 2279/3090/2839 2278/2964/2713
f 2083/2963/2712 2277/2965/2714 2073/3091/2840
f 2073/3091/2840 2277/2965/2714 2291/3092/2841
f 2073/3091/2840 2291/3092/2841 2074/3093/2842
f 2074/3093/2842 2291/3092/2841 2298/3094/2843
f 2074/3093/2842 2298/3094/2843 2147/3095/2844
f 2147/3095/2844 2298/3094/2843 2297/3096/2845
f 2147/3095/2844 2297/3096/2845 2148/3097/2846
f 2148/3097/2846 2297/3096/2845 2296/3098/2847
f 2148/3097/2846 2296/3098/2847 2149/3099/2848
f 2149/3099/2848 2296/3098/2847 2295/3100/2849
f 2149/3099/2848 2295/3100/2849 2150/3101/2850
f 2150/3101/2850 2295/3100/2849 2151/3102/2851
f 2151/3102/2851 2295/3100/2849 2294/3103/2852
f 2151/3102/2851 2294/3103/2852 2137/3074/2823
f 2137/3074/2823 2294/3103/2852 2293/3075/2824
f 2309/3076/2825 2308/3104/2853 2329/3070/2819
f 2329/3070/2819 2308/3104/2853 2307/3105/2854
f 2329/3070/2819 2307/3105/2854 2306/3106/2855
f 2306/3106/2855 2305/3071/2820 2329/3070/2819
f 2235/3107/2856 2041/3067/2816 2221/3108/2857
f 2221/3108/2857 2041/3067/2816 2325/3066/2815
f 2221/3108/2857 2325/3066/2815 2222/3109/2858
f 2222/3109/2858 2325/3066/2815 2223/3110/2859
f 2223/3110/2859 2325/3066/2815 2224/3111/2860
f 2224/3111/2860 2325/3066/2815 2225/3073/2822
f 2041/3067/2816 2235/3107/2856 2042/3112/2861
f 2042/3112/2861 2235/3107/2856 2234/3113/2862
f 2042/3112/2861 2234/3113/2862 2043/3114/2863
f 2043/3114/2863 2234/3113/2862 2233/3115/2864
f 2043/3114/2863 2233/3115/2864 2044/3116/2865
f 2044/3116/2865 2233/3115/2864 2232/3117/2866
f 2044/3116/2865 2232/3117/2866 2045/3118/2867
f 2045/3118/2867 2232/3117/2866 2231/3119/2868
f 2045/3118/2867 2231/3119/2868 2046/3120/2869
f 2046/3120/2869 2231/3119/2868 2158/3121/2870
f 2046/3120/2869 2158/3121/2870 2039/3122/2871
f 2039/3122/2871 2158/3121/2870 2025/3123/2872
f 2025/3123/2872 2158/3121/2870 2157/3124/2873
f 2025/3123/2872 2157/3124/2873 2167/3125/2874
f 2025/3123/2872 2167/3125/2874 2026/3126/2875
f 2026/3126/2875 2167/3125/2874 2166/3127/2876
f 2026/3126/2875 2166/3127/2876 2027/3027/2776
f 2027/3027/2776 2166/3127/2876 2165/3025/2774
f 2198/3003/2752 2197/3128/2877 21/2987/2736
f 21/2987/2736 2197/3128/2877 2196/2992/2741
f 2114/2938/2687 2113/3129/2878 1/2936/2685
f 1/2936/2685 2113/3129/2878 2112/3053/2802
f 1989/3058/2807 2123/3060/2809 1990/3130/2879
f 1990/3130/2879 2123/3060/2809 2130/3131/2880
f 1990/3130/2879 2130/3131/2880 2063/3132/2881
f 2063/3132/2881 2130/3131/2880 2129/3133/2882
f 2063/3132/2881 2129/3133/2882 2064/3134/2883
f 2064/3134/2883 2129/3133/2882 2128/3135/2884
f 2064/3134/2883 2128/3135/2884 2065/3136/2885
f 2065/3136/2885 2128/3135/2884 2127/3137/2886
f 2065/3136/2885 2127/3137/2886 2066/3138/2887
f 2066/3138/2887 2127/3137/2886 2126/3139/2888
f 2066/3138/2887 2126/3139/2888 2067/3140/2889
f 2067/3140/2889 2126/3139/2888 2125/3062/2811
f 2067/3140/2889 2125/3062/2811 2053/3141/2890
f 2053/3141/2890 2125/3062/2811 2326/3061/2810
f 2053/3141/2890 2326/3061/2810 2054/3142/2891
f 2054/3142/2891 2326/3061/2810 2055/3143/2892
f 2055/3143/2892 2326/3061/2810 2056/3069/2818
f 2140/3065/2814 2139/3144/2893 2331/3063/2812
f 2331/3063/2812 2139/3144/2893 2138/3145/2894
f 2331/3063/2812 2138/3145/2894 2137/3074/2823
f 2030/3031/2780 2029/3146/2895 11/3021/2770
f 11/3021/2770 2029/3146/2895 2028/3026/2775
g Körper2

v -3.261901 0.500000 0.500000
v -3.210735 0.492157 0.493185
v -3.163056 0.484848 0.473205
v -3.122113 0.478573 0.441421
v -3.090696 0.473757 0.400000
v -3.070946 0.470730 0.351764
v -3.064210 0.469697 0.300000
v -2.929661 1.013453 0.300000
v -2.699456 1.524119 0.300000
v -2.381111 1.985021 0.300000
v -1.985021 2.381111 0.300000
v -1.524119 2.699456 0.300000
v -1.013453 2.929661 0.300000
v -0.469697 3.064210 0.300000
v -0.470730 3.070946 0.351764
v -0.473757 3.090696 0.400000
v -0.478573 3.122113 0.441421
v -0.484848 3.163056 0.473205
v -0.492157 3.210735 0.493185
v -0.500000 3.261901 0.500000
v -1.008030 3.142272 0.500000
v -1.490845 2.944042 0.500000
v -1.936367 2.672168 0.500000
v -2.333452 2.333452 0.500000
v -2.672168 1.936367 0.500000
v -2.944042 1.490845 0.500000
v -3.142272 1.008030 0.500000
v -2.958321 0.949019 0.351764
v -2.977346 0.955122 0.400000
v -3.007610 0.964831 0.441421
v -3.047052 0.977483 0.473205
v -3.092983 0.992218 0.493185
v -2.771695 1.403569 0.351764
v -2.789520 1.412595 0.400000
v -2.817875 1.426954 0.441421
v -2.854828 1.445667 0.473205
v -2.897862 1.467459 0.493185
v -2.515737 1.823010 0.351764
v -2.531916 1.834734 0.400000
v -2.557653 1.853384 0.441421
v -2.591193 1.877689 0.473205
v -2.630253 1.905993 0.493185
v -2.196850 2.196850 0.351764
v -2.210978 2.210978 0.400000
v -2.233452 2.233452 0.441421
v -2.262742 2.262742 0.473205
v -2.296850 2.296850 0.493185
v -1.823010 2.515737 0.351764
v -1.834734 2.531916 0.400000
v -1.853384 2.557653 0.441421
v -1.877689 2.591193 0.473205
v -1.905993 2.630253 0.493185
v -1.403569 2.771695 0.351764
v -1.412595 2.789520 0.400000
v -1.426954 2.817875 0.441421
v -1.445667 2.854828 0.473205
v -1.467459 2.897862 0.493185
v -0.949019 2.958321 0.351764
v -0.955122 2.977346 0.400000
v -0.964831 3.007610 0.441421
v -0.977483 3.047052 0.473205
v -0.992218 3.092983 0.493185
v -0.448236 3.261901 0.493185
v -0.400000 3.261901 0.473205
v -0.358579 3.261901 0.441421
v -0.326795 3.261901 0.400000
v -0.306815 3.261901 0.351764
v -0.300000 3.261901 0.300000
v -0.300000 9.186403 0.300000
v -0.306815 9.186403 0.351764
v -0.326795 9.186403 0.400000
v -0.358579 9.186403 0.441421
v -0.400000 9.186403 0.473205
v -0.448236 9.186403 0.493185
v -0.500000 9.186403 0.500000
v -0.448236 4.249318 0.493185
v -0.448236 5.236735 0.493185
v -0.448236 6.224152 0.493185
v -0.448236 7.211569 0.493185
v -0.448236 8.198986 0.493185
v -0.400000 4.249318 0.473205
v -0.400000 5.236735 0.473205
v -0.400000 6.224152 0.473205
v -0.400000 7.211569 0.473205
v -0.400000 8.198986 0.473205
v -0.358579 4.249318 0.441421
v -0.358579 5.236735 0.441421
v -0.358579 6.224152 0.441421
v -0.358579 7.211569 0.441421
v -0.358579 8.198986 0.441421
v -0.326795 4.249318 0.400000
v -0.326795 5.236735 0.400000
v -0.326795 6.224152 0.400000
v -0.326795 7.211569 0.400000
v -0.326795 8.198986 0.400000
v -0.306815 4.249318 0.351764
v -0.306815 5.236735 0.351764
v -0.306815 6.224152 0.351764
v -0.306815 7.211569 0.351764
v -0.306815 8.198986 0.351764
v -0.424231 3.076809 0.300000
v -0.382981 3.099709 0.300000
v -0.348243 3.131633 0.300000
v -0.321950 3.170808 0.300000
v -0.305565 3.215051 0.300000
v -0.439280 3.074621 0.335205
v -0.318364 3.248164 0.382581
v -0.305682 3.230258 0.335205
v -0.391587 3.247983 0.467490
v -0.357046 3.225902 0.435160
v -0.332247 3.206274 0.393619
v -0.318880 3.190436 0.345698
v -0.450244 3.241640 0.492650
v -0.411591 3.212857 0.472565
v -0.378963 3.187416 0.440720
v -0.354583 3.167052 0.399285
v -0.340113 3.153151 0.351084
v -0.472434 3.215790 0.492650
v -0.438127 3.181944 0.472565
v -0.408036 3.153547 0.440720
v -0.384213 3.132534 0.399285
v -0.368280 3.120338 0.351084
v -0.469817 3.156849 0.467490
v -0.442757 3.126052 0.435160
v -0.419598 3.104513 0.393619
v -0.401918 3.093700 0.345698
v -0.458901 3.084444 0.382581
v -0.502813 9.238090 0.493185
v -0.505435 9.286255 0.473205
v -0.507686 9.327615 0.441421
v -0.509413 9.359352 0.400000
v -0.510499 9.379303 0.351764
v -0.510870 9.386107 0.300000
v -1.486515 9.281717 0.300000
v -2.445963 9.076192 0.300000
v -3.378760 8.771772 0.300000
v -4.274741 8.371773 0.300000
v -5.124144 7.880555 0.300000
v -5.917714 7.303469 0.300000
v -6.646804 6.646804 0.300000
v -7.303469 5.917714 0.300000
v -7.880555 5.124144 0.300000
v -8.371773 4.274741 0.300000
v -8.771772 3.378760 0.300000
v -9.076192 2.445963 0.300000
v -9.281717 1.486515 0.300000
v -9.386107 0.510870 0.300000
v -9.379303 0.510499 0.351764
v -9.359352 0.509413 0.400000
v -9.327615 0.507686 0.441421
v -9.286255 0.505435 0.473205
v -9.238090 0.502813 0.493185
v -9.186403 0.500000 0.500000
v -9.084234 1.454887 0.500000
v -8.883082 2.393921 0.500000
v -8.585138 3.306871 0.500000
v -8.193651 4.183789 0.500000
v -7.712884 5.015120 0.500000
v -7.148076 5.791805 0.500000
v -6.505382 6.505382 0.500000
v -5.791805 7.148076 0.500000
v -5.015120 7.712884 0.500000
v -4.183789 8.193651 0.500000
v -3.306871 8.585138 0.500000
v -2.393921 8.883082 0.500000
v -1.454887 9.084234 0.500000
v -1.485437 9.274988 0.351764
v -1.482278 9.255259 0.400000
v -1.477251 9.223876 0.441421
v -1.470701 9.182975 0.473205
v -1.463073 9.135346 0.493185
v -2.444190 9.069612 0.351764
v -2.438991 9.050320 0.400000
v -2.430720 9.019631 0.441421
v -2.419942 8.979637 0.473205
v -2.407391 8.933062 0.493185
v -3.376310 8.765413 0.351764
v -3.369128 8.746768 0.400000
v -3.357704 8.717108 0.441421
v -3.342815 8.678455 0.473205
v -3.325477 8.633443 0.493185
v -4.271642 8.365704 0.351764
v -4.262556 8.347909 0.400000
v -4.248102 8.319602 0.441421
v -4.229265 8.282712 0.473205
v -4.207329 8.239752 0.493185
v -5.120429 7.874842 0.351764
v -5.109538 7.858091 0.400000
v -5.092212 7.831445 0.441421
v -5.069632 7.796719 0.473205
v -5.043337 7.756280 0.493185
v -5.913424 7.298174 0.351764
v -5.900845 7.282650 0.400000
v -5.880836 7.257956 0.441421
v -5.854760 7.225773 0.473205
v -5.824393 7.188295 0.493185
v -6.641985 6.641985 0.351764
v -6.627857 6.627857 0.400000
v -6.605382 6.605382 0.441421
v -6.576093 6.576093 0.473205
v -6.541985 6.541985 0.493185
v -7.298174 5.913424 0.351764
v -7.282650 5.900845 0.400000
v -7.257956 5.880836 0.441421
v -7.225773 5.854760 0.473205
v -7.188295 5.824393 0.493185
v -7.874842 5.120429 0.351764
v -7.858091 5.109538 0.400000
v -7.831445 5.092212 0.441421
v -7.796719 5.069632 0.473205
v -7.756280 5.043337 0.493185
v -8.365704 4.271642 0.351764
v -8.347909 4.262556 0.400000
v -8.319602 4.248102 0.441421
v -8.282712 4.229265 0.473205
v -8.239752 4.207329 0.493185
v -8.765413 3.376310 0.351764
v -8.746768 3.369128 0.400000
v -8.717108 3.357704 0.441421
v -8.678455 3.342815 0.473205
v -8.633443 3.325477 0.493185
v -9.069612 2.444190 0.351764
v -9.050320 2.438991 0.400000
v -9.019631 2.430720 0.441421
v -8.979637 2.419942 0.473205
v -8.933062 2.407391 0.493185
v -9.274988 1.485437 0.351764
v -9.255259 1.482278 0.400000
v -9.223876 1.477251 0.441421
v -9.182975 1.470701 0.473205
v -9.135346 1.463073 0.493185
v -0.305366 9.232420 0.300000
v -0.321176 9.275969 0.300000
v -0.346582 9.314711 0.300000
v -0.380220 9.346568 0.300000
v -0.420285 9.369830 0.300000
v -0.464629 9.383250 0.300000
v -0.461187 9.212526 0.494451
v -0.346803 9.230673 0.420710
v -0.356089 9.273697 0.408025
v -0.372924 9.312142 0.389674
v -0.396425 9.343991 0.366619
v -0.425358 9.367574 0.340070
v -0.458207 9.381654 0.311419
v -0.484607 9.382249 0.337513
v -0.456659 9.368280 0.371009
v -0.430985 9.344770 0.400781
v -0.408932 9.312954 0.425265
v -0.391655 9.274499 0.443180
v -0.380061 9.231423 0.453583
v -0.493330 9.362462 0.394650
v -0.471475 9.338347 0.426884
v -0.451116 9.306261 0.452461
v -0.433322 9.267889 0.470041
v -0.419025 9.225242 0.478702
v -0.496764 9.292494 0.469511
v -0.478409 9.254291 0.486883
v -0.321390 9.223040 0.382197
v -0.328913 9.265534 0.366840
v -0.345410 9.303877 0.347977
v -0.370016 9.336059 0.326598
v -0.401440 9.360390 0.303823
v -0.305458 9.209014 0.340523
v -0.311875 9.250535 0.322274
v -0.328161 9.288692 0.302858
v -9.186403 0.448236 0.493185
v -9.186403 0.400000 0.473205
v -9.186403 0.358579 0.441421
v -9.186403 0.326795 0.400000
v -9.186403 0.306815 0.351764
v -9.186403 0.300000 0.300000
v -3.261901 0.300000 0.300000
v -3.261901 0.306815 0.351764
v -3.261901 0.326795 0.400000
v -3.261901 0.358579 0.441421
v -3.261901 0.400000 0.473205
v -3.261901 0.448236 0.493185
v -8.198986 0.448236 0.493185
v -7.211569 0.448236 0.493185
v -6.224152 0.448236 0.493185
v -5.236735 0.448236 0.493185
v -4.249318 0.448236 0.493185
v -8.198986 0.400000 0.473205
v -7.211569 0.400000 0.473205
v -6.224152 0.400000 0.473205
v -5.236735 0.400000 0.473205
v -4.249318 0.400000 0.473205
v -8.198986 0.358579 0.441421
v -7.211569 0.358579 0.441421
v -6.224152 0.358579 0.441421
v -5.236735 0.358579 0.441421
v -4.249318 0.358579 0.441421
v -8.198986 0.326795 0.400000
v -7.211569 0.326795 0.400000
v -6.224152 0.326795 0.400000
v -5.236735 0.326795 0.400000
v -4.249318 0.326795 0.400000
v -8.198986 0.306815 0.351764
v -7.211569 0.306815 0.351764
v -6.224152 0.306815 0.351764
v -5.236735 0.306815 0.351764
v -4.249318 0.306815 0.351764
v -9.383250 0.464629 0.300000
v -9.369830 0.420285 0.300000
v -9.346568 0.380220 0.300000
v -9.314711 0.346582 0.300000
v -9.275969 0.321176 0.300000
v -9.232420 0.305366 0.300000
v -9.342379 0.462958 0.419581
v -9.333801 0.419289 0.408442
v -9.317467 0.379866 0.391597
v -9.294237 0.346764 0.369933
v -9.265333 0.321725 0.344589
v -9.232276 0.306067 0.316898
v -9.206334 0.305785 0.343397
v -9.234554 0.321391 0.376028
v -9.260240 0.346395 0.404659
v -9.282041 0.379481 0.427784
v -9.298809 0.418909 0.444184
v -9.309663 0.462603 0.452998
v -9.198157 0.327225 0.400052
v -9.220037 0.352838 0.431195
v -9.240148 0.386195 0.455435
v -9.257431 0.425541 0.471496
v -9.270977 0.468804 0.478533
v -9.194486 0.399577 0.472771
v -9.212329 0.438757 0.488619
v -9.228809 0.481161 0.494543
v -9.367014 0.469845 0.380439
v -9.360145 0.426652 0.366587
v -9.344134 0.387318 0.349232
v -9.319824 0.353914 0.329286
v -9.288494 0.328196 0.307797
v -9.381993 0.482825 0.338071
v -9.376172 0.440537 0.321261
v -9.360365 0.401378 0.303333
v -3.215051 0.305565 0.300000
v -3.170808 0.321950 0.300000
v -3.131633 0.348243 0.300000
v -3.099709 0.382981 0.300000
v -3.076809 0.424231 0.300000
v -3.237442 0.460079 0.494443
v -3.218517 0.321781 0.379723
v -3.173768 0.333018 0.365952
v -3.134127 0.353935 0.348360
v -3.101892 0.383317 0.327964
v -3.078931 0.419462 0.305947
v -3.075034 0.440762 0.339644
v -3.097425 0.407737 0.366596
v -3.129348 0.380059 0.389687
v -3.168955 0.359333 0.407581
v -3.213948 0.346760 0.419239
v -3.076542 0.468718 0.368289
v -3.099153 0.439787 0.399436
v -3.131197 0.414346 0.424819
v -3.170817 0.393870 0.442969
v -3.215716 0.379545 0.452831
v -3.139560 0.454681 0.451587
v -3.179240 0.434498 0.469931
v -3.223712 0.418111 0.478426
v -3.193704 0.478709 0.486804
v -3.229142 0.306149 0.336721
v -3.184961 0.316551 0.320652
v -3.145239 0.337586 0.303387
v -0.469697 3.064210 0.000000
v -0.424231 3.076809 0.000000
v -0.382981 3.099709 0.000000
v -0.348243 3.131633 0.000000
v -0.321950 3.170808 0.000000
v -0.305565 3.215051 0.000000
v -0.300000 3.261901 0.000000
v -3.064210 0.469697 0.000000
v -2.929661 1.013453 0.000000
v -2.699456 1.524119 0.000000
v -2.381111 1.985021 0.000000
v -1.985021 2.381111 0.000000
v -1.524119 2.699456 0.000000
v -1.013453 2.929661 0.000000
v -3.261901 0.300000 0.000000
v -3.215051 0.305565 0.000000
v -3.170808 0.321950 0.000000
v -3.131633 0.348243 0.000000
v -3.099709 0.382981 0.000000
v -3.076809 0.424231 0.000000
v -9.186403 0.300000 0.000000
v -5.003216 3.165634 0.500000
v -6.166993 6.210354 0.500000
v -4.562320 4.926571 0.500000
v -3.860823 5.692244 0.500000
v -2.682995 2.613310 0.500000
v -4.278506 3.890344 0.500000
v -3.860823 5.692244 0.300000
v -2.682995 2.613310 0.300000
v -4.562320 4.926571 0.300000
v -6.166993 6.210354 0.300000
v -5.003216 3.165634 0.300000
v -4.278506 3.890344 0.300000
v -0.733333 3.217487 0.000000
v -1.237712 3.059096 0.000000
v -1.710325 2.822196 0.000000
v -2.139044 2.512865 0.000000
v -2.512865 2.139044 0.000000
v -2.822196 1.710325 0.000000
v -3.059096 1.237712 0.000000
v -3.217487 0.733333 0.000000
v -3.217487 0.733333 0.300000
v -3.059096 1.237712 0.300000
v -2.822196 1.710325 0.300000
v -2.512865 2.139044 0.300000
v -2.139044 2.512865 0.300000
v -1.710325 2.822196 0.300000
v -1.237712 3.059096 0.300000
v -0.733333 3.217487 0.300000
v -3.239662 0.669904 0.000000
v -3.275398 0.613001 0.000000
v -3.322903 0.565479 0.000000
v -3.379793 0.529723 0.000000
v -3.443215 0.507525 0.000000
v -3.509986 0.500000 0.000000
v -3.509986 0.500000 0.300000
v -3.443215 0.507525 0.300000
v -3.379793 0.529723 0.300000
v -3.322903 0.565479 0.300000
v -3.275398 0.613001 0.300000
v -3.239662 0.669904 0.300000
v -8.863972 0.500000 0.000000
v -8.863972 0.500000 0.300000
v -8.934483 0.508404 0.000000
v -9.001044 0.533146 0.000000
v -9.059925 0.572839 0.000000
v -9.107828 0.625259 0.000000
v -9.142067 0.687469 0.000000
v -9.160726 0.755985 0.000000
v -9.162758 0.826966 0.000000
v -9.162758 0.826966 0.300000
v -9.160726 0.755985 0.300000
v -9.142067 0.687469 0.300000
v -9.107828 0.625259 0.300000
v -9.059925 0.572839 0.300000
v -9.001044 0.533146 0.300000
v -8.934483 0.508404 0.300000
v -9.035566 1.731633 0.000000
v -8.819278 2.619225 0.000000
v -8.516027 3.480989 0.000000
v -8.128803 4.308429 0.000000
v -7.661424 5.093386 0.000000
v -7.118500 5.828118 0.000000
v -6.505382 6.505382 0.000000
v -5.828118 7.118500 0.000000
v -5.093386 7.661424 0.000000
v -4.308429 8.128803 0.000000
v -3.480989 8.516027 0.000000
v -2.619225 8.819278 0.000000
v -1.731633 9.035566 0.000000
v -0.826966 9.162758 0.000000
v -0.826966 9.162758 0.300000
v -1.731633 9.035566 0.300000
v -2.619225 8.819278 0.300000
v -3.480989 8.516027 0.300000
v -4.308429 8.128803 0.300000
v -5.093386 7.661424 0.300000
v -5.828118 7.118500 0.300000
v -6.505382 6.505382 0.300000
v -7.118500 5.828118 0.300000
v -7.661424 5.093386 0.300000
v -8.128803 4.308429 0.300000
v -8.516027 3.480989 0.300000
v -8.819278 2.619225 0.300000
v -9.035566 1.731633 0.300000
v -0.755985 9.160726 0.000000
v -0.687469 9.142067 0.000000
v -0.625259 9.107828 0.000000
v -0.572839 9.059925 0.000000
v -0.533146 9.001044 0.000000
v -0.508404 8.934483 0.000000
v -0.500000 8.863972 0.000000
v -0.500000 8.863972 0.300000
v -0.508404 8.934483 0.300000
v -0.533146 9.001044 0.300000
v -0.572839 9.059925 0.300000
v -0.625259 9.107828 0.300000
v -0.687469 9.142067 0.300000
v -0.755985 9.160726 0.300000
v -0.500000 3.509986 0.000000
v -0.500000 3.509986 0.300000
v -0.507525 3.443215 0.000000
v -0.529723 3.379793 0.000000
v -0.565479 3.322903 0.000000
v -0.613001 3.275398 0.000000
v -0.669904 3.239662 0.000000
v -0.669904 3.239662 0.300000
v -0.613001 3.275398 0.300000
v -0.565479 3.322903 0.300000
v -0.529723 3.379793 0.300000
v -0.507525 3.443215 0.300000
v -9.386107 0.510870 0.000000
v -9.383250 0.464629 0.000000
v -9.369830 0.420285 0.000000
v -9.346568 0.380220 0.000000
v -9.314711 0.346582 0.000000
v -9.275969 0.321176 0.000000
v -9.232420 0.305366 0.000000
v -0.510870 9.386107 0.000000
v -1.486515 9.281717 0.000000
v -2.445963 9.076192 0.000000
v -3.378760 8.771772 0.000000
v -4.274741 8.371773 0.000000
v -5.124144 7.880555 0.000000
v -5.917714 7.303469 0.000000
v -6.646804 6.646804 0.000000
v -7.303469 5.917714 0.000000
v -7.880555 5.124144 0.000000
v -8.371773 4.274741 0.000000
v -8.771772 3.378760 0.000000
v -9.076192 2.445963 0.000000
v -9.281717 1.486515 0.000000
v -0.300000 9.186403 0.000000
v -0.305366 9.232420 0.000000
v -0.321176 9.275969 0.000000
v -0.346582 9.314711 0.000000
v -0.380220 9.346568 0.000000
v -0.420285 9.369830 0.000000
v -0.464629 9.383250 0.000000
vt 0.314159 0.480423 0.000000
vt 0.366519 0.480423 0.000000
vt 0.314159 0.980503 0.000000
vt 0.366519 0.980503 0.000000
vt 0.314159 1.480582 0.000000
vt 0.366519 1.480582 0.000000
vt 0.314159 1.980662 0.000000
vt 0.366519 1.980662 0.000000
vt 0.314159 2.480742 0.000000
vt 0.366519 2.480742 0.000000
vt 0.314159 2.980822 0.000000
vt 0.366519 2.980822 0.000000
vt 0.314159 3.480901 0.000000
vt 0.366519 3.480901 0.000000
vt 0.314159 3.980981 0.000000
vt 0.366519 3.980981 0.000000
vt 0.314159 4.481061 0.000000
vt 0.366519 4.481061 0.000000
vt 0.418879 3.980981 0.000000
vt 0.418879 4.481061 0.000000
vt 0.471239 3.980981 0.000000
vt 0.471239 4.481061 0.000000
vt 0.523599 3.980981 0.000000
vt 0.523599 4.481061 0.000000
vt 0.575959 3.980981 0.000000
vt 0.575959 4.481061 0.000000
vt 0.628319 4.481061 0.000000
vt 0.628319 3.909541 0.000000
vt 0.575959 3.480901 0.000000
vt 0.628319 3.338021 0.000000
vt 0.575959 2.980822 0.000000
vt 0.628319 2.766502 0.000000
vt 0.575959 2.480742 0.000000
vt 0.628319 2.194982 0.000000
vt 0.575959 1.980662 0.000000
vt 0.628319 1.623462 0.000000
vt 0.575959 1.480582 0.000000
vt 0.628319 1.051943 0.000000
vt 0.575959 0.980503 0.000000
vt 0.628319 0.480423 0.000000
vt 0.575959 0.480423 0.000000
vt 0.523599 0.980503 0.000000
vt 0.523599 0.480423 0.000000
vt 0.471239 0.980503 0.000000
vt 0.471239 0.480423 0.000000
vt 0.418879 0.980503 0.000000
vt 0.418879 0.480423 0.000000
vt 0.523599 1.480582 0.000000
vt 0.523599 1.980662 0.000000
vt 0.523599 2.480742 0.000000
vt 0.523599 2.980822 0.000000
vt 0.523599 3.480901 0.000000
vt 0.471239 1.480582 0.000000
vt 0.471239 1.980662 0.000000
vt 0.471239 2.480742 0.000000
vt 0.471239 2.980822 0.000000
vt 0.471239 3.480901 0.000000
vt 0.418879 1.480582 0.000000
vt 0.418879 1.980662 0.000000
vt 0.418879 2.480742 0.000000
vt 0.418879 2.980822 0.000000
vt 0.418879 3.480901 0.000000
vt 0.790650 -0.104720 0.000000
vt -0.196767 -0.104720 0.000000
vt 0.790650 -0.157080 0.000000
vt -1.184184 -0.104720 0.000000
vt -2.171601 -0.104720 0.000000
vt -2.171601 -0.052360 0.000000
vt -3.159018 -0.052360 0.000000
vt -3.159018 0.000000 0.000000
vt -4.146435 0.000000 0.000000
vt -4.146435 0.052360 0.000000
vt -5.133852 0.052360 0.000000
vt -5.133852 0.104720 0.000000
vt -4.146435 0.104720 0.000000
vt -5.133852 0.157080 0.000000
vt -3.159018 0.104720 0.000000
vt -2.171601 0.104720 0.000000
vt -2.171601 0.052360 0.000000
vt -1.184184 0.052360 0.000000
vt -1.184184 0.000000 0.000000
vt -0.196767 0.000000 0.000000
vt -0.196767 -0.052360 0.000000
vt 0.790650 -0.052360 0.000000
vt 0.790650 0.000000 0.000000
vt -0.196767 0.052360 0.000000
vt -1.184184 0.104720 0.000000
vt 0.790650 0.157080 0.000000
vt 0.790650 0.052360 0.000000
vt -0.196767 0.104720 0.000000
vt 0.790650 0.104720 0.000000
vt -5.133852 0.000000 0.000000
vt -4.146435 -0.052360 0.000000
vt -3.159018 -0.104720 0.000000
vt -5.133852 -0.157080 0.000000
vt -5.133852 -0.052360 0.000000
vt -4.146435 -0.104720 0.000000
vt -5.133852 -0.104720 0.000000
vt -1.184184 -0.052360 0.000000
vt -2.171601 0.000000 0.000000
vt -3.159018 0.052360 0.000000
vt -0.102382 -0.107690 0.000000
vt -0.086140 -0.156567 0.000000
vt -0.064168 -0.111833 0.000000
vt -0.037655 -0.136172 0.000000
vt -0.011808 -0.111833 0.000000
vt 0.011193 -0.117617 0.000000
vt -0.011808 -0.067100 0.000000
vt 0.040552 -0.067100 0.000000
vt -0.011808 -0.022367 0.000000
vt 0.040552 -0.022367 0.000000
vt -0.011808 0.022367 0.000000
vt 0.040552 0.022367 0.000000
vt -0.011808 0.067100 0.000000
vt 0.040552 0.067100 0.000000
vt 0.011193 0.117617 0.000000
vt 0.059938 0.098538 0.000000
vt 0.092912 0.067100 0.000000
vt 0.108059 0.076312 0.000000
vt 0.092912 0.022367 0.000000
vt 0.145272 0.022367 0.000000
vt 0.145272 -0.022367 0.000000
vt 0.197631 0.000000 0.000000
vt 0.154661 -0.046588 0.000000
vt 0.092912 -0.067100 0.000000
vt 0.108059 -0.076312 0.000000
vt 0.059938 -0.098538 0.000000
vt 0.154661 0.046588 0.000000
vt -0.011808 0.111833 0.000000
vt -0.037655 0.136172 0.000000
vt -0.064168 0.111833 0.000000
vt -0.086140 0.156567 0.000000
vt -0.102382 0.107690 0.000000
vt -0.064168 0.067100 0.000000
vt -0.112883 0.055036 0.000000
vt -0.064168 0.022367 0.000000
vt -0.116528 -0.000000 0.000000
vt -0.064168 -0.022367 0.000000
vt -0.112883 -0.055036 0.000000
vt -0.064168 -0.067100 0.000000
vt 0.092912 -0.022367 0.000000
vt -0.314159 15.181407 0.000000
vt -0.261799 15.181407 0.000000
vt -0.314159 16.156949 0.000000
vt -0.261799 16.156949 0.000000
vt -0.314159 17.132492 0.000000
vt -0.261799 17.132492 0.000000
vt -0.314159 18.108035 0.000000
vt -0.261799 18.108035 0.000000
vt -0.314159 19.083577 0.000000
vt -0.261799 19.083577 0.000000
vt -0.314159 20.059120 0.000000
vt -0.261799 20.059120 0.000000
vt -0.314159 21.034663 0.000000
vt -0.261799 21.034663 0.000000
vt -0.314159 22.010206 0.000000
vt -0.261799 22.010206 0.000000
vt -0.314159 22.985748 0.000000
vt -0.261799 22.985748 0.000000
vt -0.314159 23.961291 0.000000
vt -0.261799 23.961291 0.000000
vt -0.314159 24.936834 0.000000
vt -0.261799 24.936834 0.000000
vt -0.314159 25.912376 0.000000
vt -0.261799 25.912376 0.000000
vt -0.314159 26.887919 0.000000
vt -0.261799 26.887919 0.000000
vt -0.314159 27.863462 0.000000
vt -0.261799 27.863462 0.000000
vt -0.314159 28.839004 0.000000
vt -0.261799 28.839004 0.000000
vt -0.209440 27.863462 0.000000
vt -0.209440 28.839004 0.000000
vt -0.157080 27.863462 0.000000
vt -0.157080 28.839004 0.000000
vt -0.104720 27.863462 0.000000
vt -0.104720 28.839004 0.000000
vt -0.052360 27.863462 0.000000
vt -0.052360 28.839004 0.000000
vt -0.000000 27.863462 0.000000
vt -0.000000 28.839004 0.000000
vt -0.209440 15.181407 0.000000
vt -0.209440 16.156949 0.000000
vt -0.209440 17.132492 0.000000
vt -0.209440 18.108035 0.000000
vt -0.209440 19.083577 0.000000
vt -0.209440 20.059120 0.000000
vt -0.209440 21.034663 0.000000
vt -0.209440 22.010206 0.000000
vt -0.209440 22.985748 0.000000
vt -0.209440 23.961291 0.000000
vt -0.209440 24.936834 0.000000
vt -0.209440 25.912376 0.000000
vt -0.209440 26.887919 0.000000
vt -0.157080 15.181407 0.000000
vt -0.157080 16.156949 0.000000
vt -0.157080 17.132492 0.000000
vt -0.157080 18.108035 0.000000
vt -0.157080 19.083577 0.000000
vt -0.157080 20.059120 0.000000
vt -0.157080 21.034663 0.000000
vt -0.157080 22.010206 0.000000
vt -0.157080 22.985748 0.000000
vt -0.157080 23.961291 0.000000
vt -0.157080 24.936834 0.000000
vt -0.157080 25.912376 0.000000
vt -0.157080 26.887919 0.000000
vt -0.104720 15.181407 0.000000
vt -0.104720 16.156949 0.000000
vt -0.104720 17.132492 0.000000
vt -0.104720 18.108035 0.000000
vt -0.104720 19.083577 0.000000
vt -0.104720 20.059120 0.000000
vt -0.104720 21.034663 0.000000
vt -0.104720 22.010206 0.000000
vt -0.104720 22.985748 0.000000
vt -0.104720 23.961291 0.000000
vt -0.104720 24.936834 0.000000
vt -0.104720 25.912376 0.000000
vt -0.104720 26.887919 0.000000
vt -0.052360 15.181407 0.000000
vt -0.052360 16.156949 0.000000
vt -0.052360 17.132492 0.000000
vt -0.052360 18.108035 0.000000
vt -0.052360 19.083577 0.000000
vt -0.052360 20.059120 0.000000
vt -0.052360 21.034663 0.000000
vt -0.052360 22.010206 0.000000
vt -0.052360 22.985748 0.000000
vt -0.052360 23.961291 0.000000
vt -0.052360 24.936834 0.000000
vt -0.052360 25.912376 0.000000
vt -0.052360 26.887919 0.000000
vt -0.000000 15.181407 0.000000
vt -0.000000 16.156949 0.000000
vt -0.000000 17.132492 0.000000
vt -0.000000 18.108035 0.000000
vt -0.000000 19.083577 0.000000
vt -0.000000 20.059120 0.000000
vt -0.000000 21.034663 0.000000
vt -0.000000 22.010206 0.000000
vt -0.000000 22.985748 0.000000
vt -0.000000 23.961291 0.000000
vt -0.000000 24.936834 0.000000
vt -0.000000 25.912376 0.000000
vt -0.000000 26.887919 0.000000
vt 0.162294 -0.036971 0.000000
vt 0.195875 0.013958 0.000000
vt 0.149969 0.019662 0.000000
vt 0.152694 0.059780 0.000000
vt 0.104062 0.019662 0.000000
vt 0.104062 0.069744 0.000000
vt 0.058156 0.069744 0.000000
vt 0.106015 0.089235 0.000000
vt 0.057865 0.111401 0.000000
vt 0.009117 0.130535 0.000000
vt 0.012249 0.119825 0.000000
vt 0.012249 0.069744 0.000000
vt 0.058156 0.019662 0.000000
vt 0.104062 -0.030419 0.000000
vt 0.149969 -0.030419 0.000000
vt 0.124122 -0.071666 0.000000
vt -0.033658 0.119825 0.000000
vt -0.039715 0.149240 0.000000
vt -0.079564 0.119825 0.000000
vt -0.088161 0.169907 0.000000
vt -0.108566 0.115966 0.000000
vt -0.079564 0.069744 0.000000
vt -0.121605 0.056364 0.000000
vt -0.079564 0.019662 0.000000
vt -0.125471 -0.006793 0.000000
vt -0.079564 -0.030419 0.000000
vt -0.119544 -0.069487 0.000000
vt -0.079564 -0.080501 0.000000
vt -0.104757 -0.127973 0.000000
vt -0.079564 -0.130582 0.000000
vt -0.083064 -0.180664 0.000000
vt -0.041583 -0.159028 0.000000
vt -0.033658 -0.130582 0.000000
vt 0.000344 -0.139239 0.000000
vt 0.012249 -0.130582 0.000000
vt 0.042267 -0.119435 0.000000
vt 0.012249 -0.080501 0.000000
vt 0.058156 -0.080501 0.000000
vt 0.012249 -0.030419 0.000000
vt 0.058156 -0.030419 0.000000
vt 0.012249 0.019662 0.000000
vt 0.083736 -0.097751 0.000000
vt 0.104062 -0.080501 0.000000
vt -0.033658 -0.030419 0.000000
vt -0.033658 0.019662 0.000000
vt -0.033658 0.069744 0.000000
vt -0.033658 -0.080501 0.000000
vt 2.171601 -0.104720 0.000000
vt 1.184184 -0.104720 0.000000
vt 2.171601 -0.157080 0.000000
vt 0.196767 -0.104720 0.000000
vt -0.790650 -0.104720 0.000000
vt -0.790650 -0.052360 0.000000
vt -1.778067 -0.052360 0.000000
vt -1.778067 0.000000 0.000000
vt -2.765484 0.000000 0.000000
vt -2.765484 0.052360 0.000000
vt -3.752901 0.052360 0.000000
vt -3.752901 0.104720 0.000000
vt -2.765484 0.104720 0.000000
vt -3.752901 0.157080 0.000000
vt -1.778067 0.104720 0.000000
vt -0.790650 0.104720 0.000000
vt -0.790650 0.052360 0.000000
vt 0.196767 0.052360 0.000000
vt 0.196767 0.000000 0.000000
vt 1.184184 0.000000 0.000000
vt 1.184184 -0.052360 0.000000
vt 2.171601 -0.052360 0.000000
vt 2.171601 0.000000 0.000000
vt 1.184184 0.052360 0.000000
vt 0.196767 0.104720 0.000000
vt 2.171601 0.157080 0.000000
vt 2.171601 0.052360 0.000000
vt 1.184184 0.104720 0.000000
vt 2.171601 0.104720 0.000000
vt -3.752901 0.000000 0.000000
vt -2.765484 -0.052360 0.000000
vt -1.778067 -0.104720 0.000000
vt -3.752901 -0.157080 0.000000
vt -3.752901 -0.052360 0.000000
vt -2.765484 -0.104720 0.000000
vt -3.752901 -0.104720 0.000000
vt 0.196767 -0.052360 0.000000
vt -0.790650 0.000000 0.000000
vt -1.778067 0.052360 0.000000
vt -0.155336 -0.051054 0.000000
vt -0.150234 -0.022353 0.000000
vt -0.196212 -0.000000 0.000000
vt -0.150234 0.027733 0.000000
vt -0.160293 0.046514 0.000000
vt -0.120600 0.077761 0.000000
vt -0.104256 0.027733 0.000000
vt -0.104256 0.077765 0.000000
vt -0.058278 0.027733 0.000000
vt -0.058278 0.077776 0.000000
vt -0.012300 0.027733 0.000000
vt -0.012300 0.077787 0.000000
vt 0.033678 0.027733 0.000000
vt 0.033678 0.077798 0.000000
vt 0.079657 0.027733 0.000000
vt 0.079657 0.077809 0.000000
vt 0.122691 0.063366 0.000000
vt 0.110424 0.123479 0.000000
vt -0.110067 -0.084150 0.000000
vt -0.104256 -0.072438 0.000000
vt -0.104256 -0.022353 0.000000
vt -0.062911 -0.108922 0.000000
vt -0.058278 -0.072438 0.000000
vt -0.058278 -0.022353 0.000000
vt -0.014959 -0.130080 0.000000
vt -0.012300 -0.122524 0.000000
vt -0.012300 -0.072438 0.000000
vt 0.033158 -0.150477 0.000000
vt 0.033678 -0.122524 0.000000
vt 0.033678 -0.072438 0.000000
vt -0.012300 -0.022353 0.000000
vt 0.033678 -0.022353 0.000000
vt 0.079657 -0.122524 0.000000
vt 0.080896 -0.172609 0.000000
vt 0.103194 -0.120476 0.000000
vt 0.079657 -0.072438 0.000000
vt 0.118778 -0.062487 0.000000
vt 0.079657 -0.022353 0.000000
vt 0.125635 -0.000000 0.000000
vt 0.079657 0.127904 0.000000
vt 0.090574 0.177989 0.000000
vt 0.048428 0.157529 0.000000
vt 0.033678 0.127904 0.000000
vt 0.005831 0.139130 0.000000
vt -0.012300 0.127904 0.000000
vt -0.036817 0.120962 0.000000
vt -0.079133 0.101276 0.000000
vt 0.134014 -0.063769 0.000000
vt 0.174911 -0.030754 0.000000
vt 0.126644 -0.010932 0.000000
vt 0.141205 0.025918 0.000000
vt 0.126644 0.038320 0.000000
vt 0.101538 0.067244 0.000000
vt 0.078377 0.038320 0.000000
vt 0.058923 0.100018 0.000000
vt 0.030110 0.038320 0.000000
vt 0.030110 0.087573 0.000000
vt -0.018156 0.087573 0.000000
vt 0.014973 0.128707 0.000000
vt -0.018156 0.136826 0.000000
vt -0.029281 0.156451 0.000000
vt -0.066423 0.136826 0.000000
vt -0.072928 0.186078 0.000000
vt -0.093520 0.133980 0.000000
vt -0.066423 0.087573 0.000000
vt -0.108005 0.077105 0.000000
vt -0.066423 0.038320 0.000000
vt -0.114690 0.016555 0.000000
vt -0.066423 -0.010932 0.000000
vt -0.112650 -0.044895 0.000000
vt -0.066423 -0.060185 0.000000
vt -0.102177 -0.103999 0.000000
vt -0.066423 -0.109438 0.000000
vt -0.084632 -0.158690 0.000000
vt -0.040811 -0.140163 0.000000
vt -0.018156 -0.109438 0.000000
vt 0.003327 -0.123272 0.000000
vt 0.030110 -0.109438 0.000000
vt 0.047441 -0.106254 0.000000
vt 0.030110 -0.060185 0.000000
vt 0.078377 -0.060185 0.000000
vt 0.030110 -0.010932 0.000000
vt 0.078377 -0.010932 0.000000
vt 0.091179 -0.087297 0.000000
vt 0.126644 -0.060185 0.000000
vt -0.018156 -0.060185 0.000000
vt -0.018156 -0.010932 0.000000
vt -0.018156 0.038320 0.000000
vt -0.000000 0.283739 0.000000
vt -0.300000 0.283739 0.000000
vt -0.000000 0.236449 0.000000
vt -0.300000 0.236449 0.000000
vt -0.000000 0.189159 0.000000
vt -0.300000 0.189159 0.000000
vt -0.000000 0.141870 0.000000
vt -0.300000 0.141870 0.000000
vt -0.000000 0.094580 0.000000
vt -0.300000 0.094580 0.000000
vt -0.000000 0.047290 0.000000
vt -0.300000 0.047290 0.000000
vt -0.000000 -0.000000 0.000000
vt -0.300000 -0.000000 0.000000
vt 0.300000 0.000000 0.000000
vt -0.000000 0.560920 0.000000
vt 0.300000 0.560920 0.000000
vt 0.000000 1.121841 0.000000
vt 0.300000 1.121841 0.000000
vt 0.000000 1.682761 0.000000
vt 0.300000 1.682761 0.000000
vt 0.000000 2.243682 0.000000
vt 0.300000 2.243682 0.000000
vt 0.000000 2.804602 0.000000
vt 0.300000 2.804602 0.000000
vt -0.000000 3.365522 0.000000
vt 0.300000 3.365522 0.000000
vt 0.000000 3.926443 0.000000
vt 0.300000 3.926443 0.000000
vt -0.000000 0.283739 0.000000
vt -0.300000 0.283739 0.000000
vt -0.000000 0.236449 0.000000
vt -0.300000 0.236449 0.000000
vt -0.000000 0.189159 0.000000
vt -0.300000 0.189159 0.000000
vt -0.000000 0.141870 0.000000
vt -0.300000 0.141870 0.000000
vt -0.000000 0.094580 0.000000
vt -0.300000 0.094580 0.000000
vt -0.000000 0.047290 0.000000
vt -0.300000 0.047290 0.000000
vt -0.000000 0.000000 0.000000
vt -0.300000 0.000000 0.000000
vt 5.924502 0.300000 0.000000
vt 0.000000 0.300000 0.000000
vt 5.924502 0.000000 0.000000
vt 0.000000 0.000000 0.000000
vt -1.323792 1.367153 0.000000
vt -2.304875 0.948604 0.000000
vt -0.160015 -1.677568 0.000000
vt -2.869682 0.171918 0.000000
vt -3.350449 -0.659412 0.000000
vt 0.280881 0.083369 0.000000
vt 0.982379 0.849043 0.000000
vt -0.948604 2.304875 0.000000
vt -1.662181 1.662181 0.000000
vt 2.160207 -2.229891 0.000000
vt 3.352357 -1.899160 0.000000
vt 3.835172 -1.700929 0.000000
vt 4.343201 -1.581300 0.000000
vt 0.564696 -0.952858 0.000000
vt 2.171033 -2.906835 0.000000
vt 2.509749 -2.509749 0.000000
vt -4.343201 -4.343201 0.000000
vt 1.581300 -4.343201 0.000000
vt 1.700929 -3.835172 0.000000
vt 1.899160 -3.352357 0.000000
vt 2.906835 -2.171033 0.000000
vt 4.343201 4.343201 0.000000
vt 3.388315 4.241032 0.000000
vt 2.449280 4.039880 0.000000
vt 1.536330 3.741937 0.000000
vt 0.659412 3.350449 0.000000
vt -0.171918 2.869682 0.000000
vt -3.741937 -1.536330 0.000000
vt -4.039880 -2.449280 0.000000
vt -4.241032 -3.388315 0.000000
vt -3.296530 0.300000 0.000000
vt -0.000000 0.300000 0.000000
vt -3.296530 0.500000 0.000000
vt -0.000000 0.500000 0.000000
vt -1.038439 0.300000 0.000000
vt 0.000000 0.300000 0.000000
vt -1.038439 0.500000 0.000000
vt 0.000000 0.500000 0.000000
vt -2.055012 0.300000 0.000000
vt -0.000000 0.300000 0.000000
vt -2.055012 0.500000 0.000000
vt -0.000000 0.500000 0.000000
vt -3.259555 0.300000 0.000000
vt -0.000000 0.300000 0.000000
vt -3.259555 0.500000 0.000000
vt -0.000000 0.500000 0.000000
vt -2.043642 0.300000 0.000000
vt -0.000000 0.300000 0.000000
vt -2.043642 0.500000 0.000000
vt -0.000000 0.500000 0.000000
vt -1.024895 0.300000 0.000000
vt -0.000000 0.300000 0.000000
vt -1.024895 0.500000 0.000000
vt -0.000000 0.500000 0.000000
vt -0.300000 0.000000 0.000000
vt -0.000000 0.000000 0.000000
vt -0.300000 0.529230 0.000000
vt -0.000000 0.529230 0.000000
vt -0.300000 1.058461 0.000000
vt -0.000000 1.058461 0.000000
vt -0.300000 1.587691 0.000000
vt -0.000000 1.587691 0.000000
vt -0.300000 2.116922 0.000000
vt -0.000000 2.116922 0.000000
vt -0.300000 2.646152 0.000000
vt -0.000000 2.646152 0.000000
vt -0.300000 3.175383 0.000000
vt -0.000000 3.175383 0.000000
vt -0.300000 3.704613 0.000000
vt -0.000000 3.704613 0.000000
vt 0.300000 0.404011 0.000000
vt 0.000000 0.404011 0.000000
vt 0.300000 0.336676 0.000000
vt 0.000000 0.336676 0.000000
vt 0.300000 0.269341 0.000000
vt 0.000000 0.269341 0.000000
vt 0.300000 0.202005 0.000000
vt 0.000000 0.202005 0.000000
vt 0.300000 0.134670 0.000000
vt 0.000000 0.134670 0.000000
vt 0.300000 0.067335 0.000000
vt 0.000000 0.067335 0.000000
vt 0.300000 0.000000 0.000000
vt 0.000000 0.000000 0.000000
vt -5.353986 0.000000 0.000000
vt -0.000000 0.000000 0.000000
vt -5.353986 0.300000 0.000000
vt -0.000000 0.300000 0.000000
vt 0.300000 0.498242 0.000000
vt 0.000000 0.498242 0.000000
vt 0.300000 0.427064 0.000000
vt 0.000000 0.427064 0.000000
vt 0.300000 0.355887 0.000000
vt 0.000000 0.355887 0.000000
vt 0.300000 0.284710 0.000000
vt 0.000000 0.284710 0.000000
vt 0.300000 0.213532 0.000000
vt 0.000000 0.213532 0.000000
vt 0.300000 0.142355 0.000000
vt 0.000000 0.142355 0.000000
vt 0.300000 0.071177 0.000000
vt 0.000000 0.071177 0.000000
vt 0.300000 0.000000 0.000000
vt 0.000000 -0.000000 0.000000
vt 0.300000 12.795158 0.000000
vt 0.000000 12.795158 0.000000
vt 0.300000 11.881218 0.000000
vt 0.000000 11.881218 0.000000
vt 0.300000 10.967278 0.000000
vt 0.000000 10.967278 0.000000
vt 0.300000 10.053339 0.000000
vt 0.000000 10.053339 0.000000
vt 0.300000 9.139399 0.000000
vt 0.000000 9.139399 0.000000
vt 0.300000 8.225459 0.000000
vt 0.000000 8.225459 0.000000
vt 0.300000 7.311519 0.000000
vt 0.000000 7.311519 0.000000
vt 0.300000 6.397579 0.000000
vt 0.000000 6.397579 0.000000
vt 0.300000 5.483639 0.000000
vt 0.000000 5.483639 0.000000
vt 0.300000 4.569699 0.000000
vt 0.000000 4.569699 0.000000
vt 0.300000 3.655759 0.000000
vt 0.000000 3.655759 0.000000
vt 0.300000 2.741820 0.000000
vt 0.000000 2.741820 0.000000
vt 0.300000 1.827880 0.000000
vt 0.000000 1.827880 0.000000
vt 0.300000 0.913940 0.000000
vt 0.000000 0.913940 0.000000
vt 0.300000 0.000000 0.000000
vt 0.000000 0.000000 0.000000
vt 0.300000 0.498242 0.000000
vt 0.000000 0.498242 0.000000
vt 0.300000 0.427064 0.000000
vt 0.000000 0.427064 0.000000
vt 0.300000 0.355887 0.000000
vt 0.000000 0.355887 0.000000
vt 0.300000 0.284710 0.000000
vt 0.000000 0.284710 0.000000
vt 0.300000 0.213532 0.000000
vt 0.000000 0.213532 0.000000
vt 0.300000 0.142355 0.000000
vt 0.000000 0.142355 0.000000
vt 0.300000 0.071177 0.000000
vt 0.000000 0.071177 0.000000
vt 0.300000 0.000000 0.000000
vt 0.000000 0.000000 0.000000
vt -5.353986 0.000000 0.000000
vt -0.000000 0.000000 0.000000
vt -5.353986 0.300000 0.000000
vt -0.000000 0.300000 0.000000
vt 0.300000 0.404011 0.000000
vt 0.000000 0.404011 0.000000
vt 0.300000 0.336676 0.000000
vt 0.000000 0.336676 0.000000
vt 0.300000 0.269341 0.000000
vt 0.000000 0.269341 0.000000
vt 0.300000 0.202005 0.000000
vt 0.000000 0.202005 0.000000
vt 0.300000 0.134670 0.000000
vt 0.000000 0.134670 0.000000
vt 0.300000 0.067335 0.000000
vt 0.000000 0.067335 0.000000
vt 0.300000 0.000000 0.000000
vt 0.000000 0.000000 0.000000
vt 0.171230 -1.666353 0.000000
vt 2.286514 0.996132 0.000000
vt 1.335007 1.378368 0.000000
vt 1.673396 1.673396 0.000000
vt 0.996132 2.286514 0.000000
vt -0.553480 -0.941642 0.000000
vt -2.148991 -2.218676 0.000000
vt -2.009790 -3.121661 0.000000
vt -1.772890 -3.594274 0.000000
vt -0.971163 0.860258 0.000000
vt -3.121661 -2.009790 0.000000
vt -2.692942 -2.319121 0.000000
vt -2.319121 -2.692942 0.000000
vt -0.269666 0.094585 0.000000
vt 0.261400 2.829438 0.000000
vt -4.324461 -1.388771 0.000000
vt -4.302263 -1.452193 0.000000
vt -4.331986 -1.322000 0.000000
vt -4.266507 -1.509083 0.000000
vt -4.218985 -1.556588 0.000000
vt -4.162082 -1.592324 0.000000
vt -4.098653 -1.614499 0.000000
vt -3.594274 -1.772890 0.000000
vt -1.322000 -4.331986 0.000000
vt -1.614499 -4.098653 0.000000
vt -1.388771 -4.324461 0.000000
vt -1.452193 -4.302263 0.000000
vt -1.509083 -4.266507 0.000000
vt -1.556588 -4.218985 0.000000
vt -1.592324 -4.162082 0.000000
vt 4.031986 -4.331986 0.000000
vt 4.203580 -3.100353 0.000000
vt 3.987292 -2.212761 0.000000
vt 4.330772 -4.005020 0.000000
vt 4.102497 -4.323582 0.000000
vt 4.169058 -4.298840 0.000000
vt 4.227939 -4.259147 0.000000
vt 4.275842 -4.206727 0.000000
vt 4.310081 -4.144517 0.000000
vt 4.328740 -4.076001 0.000000
vt 3.684041 -1.350997 0.000000
vt 3.296817 -0.523557 0.000000
vt 2.829438 0.261400 0.000000
vt -0.523557 3.296817 0.000000
vt -1.350997 3.684041 0.000000
vt -2.212761 3.987292 0.000000
vt -3.100353 4.203580 0.000000
vt -4.331986 4.031986 0.000000
vt -4.005020 4.330772 0.000000
vt -4.323582 4.102497 0.000000
vt -4.298840 4.169058 0.000000
vt -4.259147 4.227939 0.000000
vt -4.206727 4.275842 0.000000
vt -4.144517 4.310081 0.000000
vt -4.076001 4.328740 0.000000
vt -0.000000 0.325034 0.000000
vt -0.300000 0.325034 0.000000
vt -0.000000 0.278601 0.000000
vt -0.300000 0.278601 0.000000
vt -0.000000 0.232167 0.000000
vt -0.300000 0.232167 0.000000
vt -0.000000 0.185734 0.000000
vt -0.300000 0.185734 0.000000
vt -0.000000 0.139300 0.000000
vt -0.300000 0.139300 0.000000
vt -0.000000 0.092867 0.000000
vt -0.300000 0.092867 0.000000
vt -0.000000 0.046433 0.000000
vt -0.300000 0.046433 0.000000
vt -0.000000 0.000000 0.000000
vt -0.300000 0.000000 0.000000
vt -0.000000 13.743243 0.000000
vt -0.300000 13.743243 0.000000
vt -0.000000 12.761582 0.000000
vt -0.300000 12.761582 0.000000
vt -0.000000 11.779922 0.000000
vt -0.300000 11.779922 0.000000
vt -0.000000 10.798262 0.000000
vt -0.300000 10.798262 0.000000
vt -0.000000 9.816602 0.000000
vt -0.300000 9.816602 0.000000
vt -0.000000 8.834942 0.000000
vt -0.300000 8.834942 0.000000
vt -0.000000 7.853282 0.000000
vt -0.300000 7.853282 0.000000
vt -0.000000 6.871621 0.000000
vt -0.300000 6.871621 0.000000
vt -0.000000 5.889961 0.000000
vt -0.300000 5.889961 0.000000
vt -0.000000 4.908301 0.000000
vt -0.300000 4.908301 0.000000
vt -0.000000 3.926641 0.000000
vt -0.300000 3.926641 0.000000
vt -0.000000 2.944981 0.000000
vt -0.300000 2.944981 0.000000
vt -0.000000 1.963320 0.000000
vt -0.300000 1.963320 0.000000
vt -0.000000 0.981660 0.000000
vt -0.300000 0.981660 0.000000
vt -0.000000 0.000000 0.000000
vt -0.300000 0.000000 0.000000
vt -0.000000 0.325034 0.000000
vt -0.300000 0.325034 0.000000
vt -0.000000 0.278601 0.000000
vt -0.300000 0.278601 0.000000
vt -0.000000 0.232167 0.000000
vt -0.300000 0.232167 0.000000
vt -0.000000 0.185734 0.000000
vt -0.300000 0.185734 0.000000
vt -0.000000 0.139300 0.000000
vt -0.300000 0.139300 0.000000
vt -0.000000 0.092867 0.000000
vt -0.300000 0.092867 0.000000
vt -0.000000 0.046433 0.000000
vt -0.300000 0.046433 0.000000
vt -0.000000 0.000000 0.000000
vt -0.300000 0.000000 0.000000
vt 5.924502 0.300000 0.000000
vt 0.000000 0.300000 0.000000
vt 5.924502 0.000000 0.000000
vt 0.000000 0.000000 0.000000
vt -1.784105 -3.605490 0.000000
vt -1.913541 -3.829748 0.000000
vt -1.625715 -4.109868 0.000000
vt -1.778991 -4.373505 0.000000
vt -1.603540 -4.173298 0.000000
vt -1.567803 -4.230201 0.000000
vt -1.520299 -4.277722 0.000000
vt -1.766392 -4.418971 0.000000
vt -1.743493 -4.460221 0.000000
vt -2.143746 -3.319082 0.000000
vt -2.021006 -3.132877 0.000000
vt -2.462090 -2.858180 0.000000
vt -2.330336 -2.704158 0.000000
vt -2.858180 -2.462090 0.000000
vt -2.704158 -2.330336 0.000000
vt -3.132877 -2.021006 0.000000
vt -3.319082 -2.143746 0.000000
vt -3.605490 -1.784105 0.000000
vt -3.829748 -1.913541 0.000000
vt -4.109868 -1.625715 0.000000
vt -4.373505 -1.778991 0.000000
vt -4.173298 -1.603540 0.000000
vt -4.230201 -1.567803 0.000000
vt -4.277722 -1.520299 0.000000
vt -4.418971 -1.766392 0.000000
vt -4.460221 -1.743493 0.000000
vt -4.494959 -1.711568 0.000000
vt -4.521252 -1.672394 0.000000
vt -4.537637 -1.628151 0.000000
vt -4.543201 -1.581300 0.000000
vt -4.313479 -1.463408 0.000000
vt -4.335676 -1.399987 0.000000
vt -4.343201 -1.333216 0.000000
vt -4.343201 4.020771 0.000000
vt -4.543201 4.343201 0.000000
vt -4.334797 4.091282 0.000000
vt -4.310056 4.157843 0.000000
vt -4.270363 4.216724 0.000000
vt -4.537836 4.389219 0.000000
vt -4.522025 4.432767 0.000000
vt -4.496620 4.471509 0.000000
vt -4.462982 4.503366 0.000000
vt -4.217943 4.264626 0.000000
vt -4.422916 4.526629 0.000000
vt -4.378573 4.540049 0.000000
vt -4.332332 4.542906 0.000000
vt -4.155732 4.298866 0.000000
vt -4.087217 4.317524 0.000000
vt -4.016235 4.319556 0.000000
vt -3.356687 4.438516 0.000000
vt -3.111569 4.192364 0.000000
vt -2.397238 4.232991 0.000000
vt -2.223977 3.976076 0.000000
vt -1.464442 3.928570 0.000000
vt -1.362212 3.672825 0.000000
vt -0.568461 3.528572 0.000000
vt -0.534772 3.285601 0.000000
vt 0.280943 3.037353 0.000000
vt 0.250184 2.818223 0.000000
vt 1.074513 2.460268 0.000000
vt 0.984917 2.275298 0.000000
vt 1.803602 1.803602 0.000000
vt 1.662181 1.662181 0.000000
vt 2.275298 0.984917 0.000000
vt 2.460268 1.074513 0.000000
vt 2.818223 0.250184 0.000000
vt 3.037353 0.280943 0.000000
vt 3.285601 -0.534772 0.000000
vt 3.528572 -0.568461 0.000000
vt 3.672825 -1.362212 0.000000
vt 3.928570 -1.464442 0.000000
vt 3.976076 -2.223977 0.000000
vt 4.232991 -2.397238 0.000000
vt 4.192364 -3.111569 0.000000
vt 4.438516 -3.356687 0.000000
vt 4.319556 -4.016235 0.000000
vt 4.542906 -4.332332 0.000000
vt 4.317524 -4.087217 0.000000
vt 4.298866 -4.155732 0.000000
vt 4.264626 -4.217943 0.000000
vt 4.540049 -4.378573 0.000000
vt 4.526629 -4.422916 0.000000
vt 4.503366 -4.462982 0.000000
vt 4.216724 -4.270363 0.000000
vt 4.471509 -4.496620 0.000000
vt 4.432767 -4.522025 0.000000
vt 4.389219 -4.537836 0.000000
vt 4.343201 -4.543201 0.000000
vt 4.157843 -4.310056 0.000000
vt 4.091282 -4.334797 0.000000
vt 4.020771 -4.343201 0.000000
vt -1.581300 -4.543201 0.000000
vt -1.333216 -4.343201 0.000000
vt -1.399987 -4.335676 0.000000
vt -1.463408 -4.313479 0.000000
vt -1.628151 -4.537637 0.000000
vt -1.672394 -4.521252 0.000000
vt -1.711568 -4.494959 0.000000
vn 0.000000 -0.000000 1.000000
vn 0.255831 -0.039215 0.965926
vn 0.000000 -0.000000 1.000000
vn 0.246448 -0.079060 0.965926
vn -0.000000 0.000000 1.000000
vn 0.230901 -0.116927 0.965926
vn 0.000000 -0.000000 1.000000
vn 0.209578 -0.151869 0.965926
vn 0.000000 -0.000000 1.000000
vn 0.183013 -0.183013 0.965926
vn 0.000000 -0.000000 1.000000
vn 0.151869 -0.209578 0.965926
vn -0.000000 0.000000 1.000000
vn 0.116927 -0.230901 0.965926
vn -0.000000 0.000000 1.000000
vn 0.079060 -0.246448 0.965926
vn -0.000000 0.000000 1.000000
vn 0.039215 -0.255831 0.965926
vn 0.152732 -0.476102 0.866025
vn 0.075758 -0.494227 0.866025
vn 0.215995 -0.673310 0.707107
vn 0.107137 -0.698943 0.707107
vn 0.264539 -0.824633 0.500000
vn 0.131216 -0.856027 0.500000
vn 0.295055 -0.919758 0.258819
vn 0.146352 -0.954774 0.258819
vn 0.151515 -0.988455 0.000000
vn 0.326920 -0.945052 0.000000
vn 0.436377 -0.861735 0.258819
vn 0.491651 -0.870792 0.000000
vn 0.566784 -0.782156 0.258819
vn 0.640329 -0.768100 0.000000
vn 0.683013 -0.683013 0.258819
vn 0.768100 -0.640329 0.000000
vn 0.782156 -0.566784 0.258819
vn 0.870792 -0.491651 0.000000
vn 0.861735 -0.436377 0.258819
vn 0.945052 -0.326920 0.000000
vn 0.919758 -0.295055 0.258819
vn 0.988455 -0.151515 0.000000
vn 0.954774 -0.146352 0.258819
vn 0.824633 -0.264539 0.500000
vn 0.856027 -0.131216 0.500000
vn 0.673310 -0.215995 0.707107
vn 0.698943 -0.107137 0.707107
vn 0.476102 -0.152732 0.866025
vn 0.494227 -0.075758 0.866025
vn 0.772611 -0.391245 0.500000
vn 0.701262 -0.508165 0.500000
vn 0.612372 -0.612372 0.500000
vn 0.508165 -0.701262 0.500000
vn 0.391245 -0.772611 0.500000
vn 0.630834 -0.319450 0.707107
vn 0.572578 -0.414915 0.707107
vn 0.500000 -0.500000 0.707107
vn 0.414915 -0.572578 0.707107
vn 0.319450 -0.630834 0.707107
vn 0.446067 -0.225886 0.866025
vn 0.404874 -0.293389 0.866025
vn 0.353553 -0.353553 0.866025
vn 0.293389 -0.404874 0.866025
vn 0.225886 -0.446067 0.866025
vn 0.258819 -0.000000 0.965926
vn 0.258819 -0.000000 0.965926
vn 0.258819 -0.000000 0.965926
vn 0.258819 -0.000000 0.965926
vn 0.500000 -0.000000 0.866025
vn 0.500000 -0.000000 0.866025
vn 0.707107 -0.000000 0.707107
vn 0.707107 -0.000000 0.707107
vn 0.866025 -0.000000 0.500000
vn 0.866025 -0.000000 0.500000
vn 0.965926 -0.000000 0.258819
vn 0.965926 -0.000000 0.258819
vn 1.000000 -0.000000 0.000000
vn 0.965926 -0.000000 0.258819
vn 0.965926 -0.000000 0.258819
vn 0.866025 -0.000000 0.500000
vn 0.866025 -0.000000 0.500000
vn 0.707107 -0.000000 0.707107
vn 0.707107 -0.000000 0.707107
vn 0.500000 -0.000000 0.866025
vn 0.500000 -0.000000 0.866025
vn 0.707107 -0.000000 0.707107
vn 0.866025 -0.000000 0.500000
vn 0.965926 -0.000000 0.258819
vn 1.000000 -0.000000 -0.000000
vn 0.866025 -0.000000 0.500000
vn 0.965926 -0.000000 0.258819
vn 0.965926 -0.000000 0.258819
vn 0.707107 -0.000000 0.707107
vn 0.500000 -0.000000 0.866025
vn 0.258819 -0.000000 0.965926
vn 0.000000 -0.000000 1.000000
vn 0.500000 -0.000000 0.866025
vn 0.258819 -0.000000 0.965926
vn 0.258819 -0.000000 0.965926
vn 0.500000 -0.000000 0.866025
vn 0.707107 -0.000000 0.707107
vn 0.866025 -0.000000 0.500000
vn 0.972176 -0.234252 0.000000
vn 0.971588 -0.158214 0.176025
vn 0.908180 -0.068686 0.412906
vn 0.838765 -0.278138 0.468094
vn 0.714769 -0.179997 0.675800
vn 0.727085 -0.474248 0.496424
vn 0.605186 -0.372424 0.703598
vn 0.578937 -0.646835 0.496424
vn 0.459820 -0.541771 0.703598
vn 0.402012 -0.786940 0.468094
vn 0.286217 -0.679245 0.675800
vn 0.150916 -0.525261 0.837451
vn 0.309366 -0.399787 0.862823
vn 0.137830 -0.230557 0.963248
vn 0.248779 -0.101306 0.963248
vn 0.542063 -0.069589 0.837451
vn 0.205496 -0.887288 0.412906
vn 0.303598 -0.936399 0.176025
vn 0.378847 -0.925459 0.000000
vn 0.490411 -0.841005 0.228489
vn 0.585097 -0.810963 0.000000
vn 0.658601 -0.707818 0.255420
vn 0.758787 -0.651339 0.000000
vn 0.799434 -0.543752 0.255420
vn 0.890252 -0.455469 0.000000
vn 0.905600 -0.357324 0.228489
vn 0.442045 -0.245221 0.862823
vn -0.014066 0.258437 0.965926
vn -0.000000 0.000000 1.000000
vn -0.040930 0.255562 0.965926
vn -0.000000 0.000000 1.000000
vn -0.067347 0.249903 0.965926
vn -0.000000 0.000000 1.000000
vn -0.093031 0.241521 0.965926
vn -0.000000 0.000000 1.000000
vn -0.117700 0.230508 0.965926
vn -0.000000 0.000000 1.000000
vn -0.141088 0.216983 0.965926
vn -0.000000 0.000000 1.000000
vn -0.162938 0.201093 0.965926
vn -0.000000 0.000000 1.000000
vn -0.183013 0.183013 0.965926
vn -0.000000 0.000000 1.000000
vn -0.201093 0.162938 0.965926
vn -0.000000 0.000000 1.000000
vn -0.216983 0.141088 0.965926
vn -0.000000 0.000000 1.000000
vn -0.230508 0.117700 0.965926
vn -0.000000 0.000000 1.000000
vn -0.241521 0.093031 0.965926
vn -0.000000 0.000000 1.000000
vn -0.249903 0.067347 0.965926
vn -0.000000 0.000000 1.000000
vn -0.255562 0.040930 0.965926
vn -0.000000 0.000000 1.000000
vn -0.258437 0.014066 0.965926
vn -0.493708 0.079070 0.866025
vn -0.499261 0.027174 0.866025
vn -0.698209 0.111822 0.707107
vn -0.706062 0.038430 0.707107
vn -0.855128 0.136953 0.500000
vn -0.864745 0.047067 0.500000
vn -0.953771 0.152751 0.258819
vn -0.964498 0.052496 0.258819
vn -0.987417 0.158140 -0.000000
vn -0.998522 0.054348 -0.000000
vn -0.027174 0.499261 0.866025
vn -0.079070 0.493708 0.866025
vn -0.130104 0.482776 0.866025
vn -0.179721 0.466584 0.866025
vn -0.227380 0.445307 0.866025
vn -0.272561 0.419178 0.866025
vn -0.314772 0.388482 0.866025
vn -0.353553 0.353553 0.866025
vn -0.388482 0.314772 0.866025
vn -0.419178 0.272561 0.866025
vn -0.445307 0.227380 0.866025
vn -0.466584 0.179721 0.866025
vn -0.482776 0.130104 0.866025
vn -0.038430 0.706062 0.707107
vn -0.111822 0.698209 0.707107
vn -0.183995 0.682749 0.707107
vn -0.254164 0.659849 0.707107
vn -0.321564 0.629759 0.707107
vn -0.385459 0.592808 0.707107
vn -0.445155 0.549397 0.707107
vn -0.500000 0.500000 0.707107
vn -0.549397 0.445155 0.707107
vn -0.592808 0.385459 0.707107
vn -0.629759 0.321564 0.707107
vn -0.659849 0.254164 0.707107
vn -0.682749 0.183995 0.707107
vn -0.047067 0.864745 0.500000
vn -0.136953 0.855128 0.500000
vn -0.225347 0.836193 0.500000
vn -0.311286 0.808147 0.500000
vn -0.393833 0.771295 0.500000
vn -0.472089 0.726038 0.500000
vn -0.545201 0.672871 0.500000
vn -0.612372 0.612372 0.500000
vn -0.672871 0.545201 0.500000
vn -0.726038 0.472089 0.500000
vn -0.771295 0.393833 0.500000
vn -0.808147 0.311286 0.500000
vn -0.836193 0.225347 0.500000
vn -0.052496 0.964498 0.258819
vn -0.152751 0.953771 0.258819
vn -0.251342 0.932652 0.258819
vn -0.347195 0.901370 0.258819
vn -0.439264 0.860267 0.258819
vn -0.526547 0.809791 0.258819
vn -0.608093 0.750490 0.258819
vn -0.683013 0.683013 0.258819
vn -0.750490 0.608093 0.258819
vn -0.809791 0.526547 0.258819
vn -0.860267 0.439264 0.258819
vn -0.901370 0.347195 0.258819
vn -0.932652 0.251342 0.258819
vn -0.054348 0.998522 -0.000000
vn -0.158140 0.987417 -0.000000
vn -0.260209 0.965552 -0.000000
vn -0.359443 0.933167 -0.000000
vn -0.454760 0.890614 -0.000000
vn -0.545122 0.838357 -0.000000
vn -0.629544 0.776965 -0.000000
vn -0.707107 0.707107 -0.000000
vn -0.776965 0.629544 -0.000000
vn -0.838357 0.545122 -0.000000
vn -0.890614 0.454760 -0.000000
vn -0.933167 0.359443 -0.000000
vn -0.965552 0.260209 -0.000000
vn 0.176857 0.984236 -0.000000
vn 0.076967 0.979232 0.187566
vn 0.216704 0.909385 0.355046
vn 0.033349 0.880296 0.473251
vn 0.142624 0.759719 0.634418
vn 0.016181 0.530457 0.847557
vn 0.244418 0.599291 0.762306
vn 0.345073 0.791837 0.503903
vn 0.373210 0.905856 0.200350
vn 0.208966 0.976255 0.057094
vn 0.398573 0.917137 0.000000
vn 0.107955 0.339439 0.934413
vn 0.194067 0.130616 0.972254
vn 0.404877 0.194193 0.893512
vn 0.599694 0.225101 0.767917
vn 0.765984 0.221351 0.603550
vn 0.893048 0.183184 0.410986
vn 0.972711 0.113055 0.202614
vn 0.973170 0.230087 -0.000000
vn 0.940624 0.320660 0.111372
vn 0.894120 0.447828 0.000000
vn 0.859197 0.511445 0.014289
vn 0.767091 0.641538 -0.000000
vn 0.772948 0.587371 0.239887
vn 0.649919 0.748278 0.132990
vn 0.635379 0.628694 0.448371
vn 0.517877 0.787940 0.333097
vn 0.455342 0.632754 0.626327
vn 0.598900 0.800824 -0.000000
vn 0.492798 0.869934 0.019116
vn 0.719553 0.436470 0.540127
vn 0.541726 0.440480 0.715898
vn 0.333392 0.407428 0.850207
vn 0.855434 0.395654 0.334202
vn -0.000000 -0.258819 0.965926
vn -0.000000 -0.258819 0.965926
vn -0.000000 -0.258819 0.965926
vn -0.000000 -0.258819 0.965926
vn -0.000000 -0.500000 0.866025
vn -0.000000 -0.500000 0.866025
vn -0.000000 -0.707107 0.707107
vn -0.000000 -0.707107 0.707107
vn -0.000000 -0.866025 0.500000
vn -0.000000 -0.866025 0.500000
vn -0.000000 -0.965926 0.258819
vn -0.000000 -0.965926 0.258819
vn -0.000000 -1.000000 0.000000
vn -0.000000 -0.965926 0.258819
vn -0.000000 -0.965926 0.258819
vn -0.000000 -0.866025 0.500000
vn -0.000000 -0.866025 0.500000
vn -0.000000 -0.707107 0.707107
vn -0.000000 -0.707107 0.707107
vn -0.000000 -0.500000 0.866025
vn -0.000000 -0.500000 0.866025
vn -0.000000 -0.707107 0.707107
vn -0.000000 -0.866025 0.500000
vn -0.000000 -0.965926 0.258819
vn -0.000000 -1.000000 0.000000
vn -0.000000 -0.866025 0.500000
vn -0.000000 -0.965926 0.258819
vn -0.000000 -0.965926 0.258819
vn -0.000000 -0.707107 0.707107
vn -0.000000 -0.500000 0.866025
vn -0.000000 -0.258819 0.965926
vn -0.000000 -0.500000 0.866025
vn -0.000000 -0.258819 0.965926
vn -0.000000 -0.258819 0.965926
vn -0.000000 -0.500000 0.866025
vn -0.000000 -0.707107 0.707107
vn -0.000000 -0.866025 0.500000
vn -0.099657 -0.971075 0.216985
vn -0.229367 -0.969666 0.084492
vn -0.230087 -0.973170 0.000000
vn -0.447828 -0.894120 0.000000
vn -0.394652 -0.891373 0.222943
vn -0.510455 -0.859020 0.038987
vn -0.539171 -0.766179 0.349663
vn -0.667104 -0.730432 0.146428
vn -0.655320 -0.600671 0.457985
vn -0.788655 -0.563409 0.246158
vn -0.736989 -0.403556 0.542208
vn -0.868709 -0.366741 0.332935
vn -0.779879 -0.185208 0.597903
vn -0.903053 -0.150776 0.402197
vn -0.058769 -0.863877 0.500262
vn -0.240755 -0.893045 0.380142
vn -0.168172 -0.735808 0.655976
vn -0.369184 -0.768025 0.523297
vn -0.040414 -0.502117 0.863855
vn -0.268726 -0.569023 0.777174
vn -0.129632 -0.306213 0.943096
vn -0.355140 -0.372297 0.857479
vn -0.478188 -0.602594 0.638918
vn -0.562031 -0.405456 0.720920
vn -0.212028 -0.094196 0.972713
vn -0.422868 -0.155982 0.892666
vn -0.616302 -0.186984 0.764990
vn -0.977952 -0.085877 0.190354
vn -0.984236 -0.176857 0.000000
vn -0.948843 -0.297315 0.106305
vn -0.917137 -0.398573 0.000000
vn -0.869808 -0.493109 0.016663
vn -0.800824 -0.598900 0.000000
vn -0.641538 -0.767091 0.000000
vn 0.925459 -0.378847 0.000000
vn 0.934334 -0.296190 0.198219
vn 0.926797 -0.156409 0.341443
vn 0.813741 -0.301063 0.497179
vn 0.653520 -0.428268 0.624097
vn 0.611709 -0.226596 0.757936
vn 0.413306 -0.327511 0.849656
vn 0.340985 -0.106455 0.934022
vn 0.122296 -0.199603 0.972215
vn 0.190948 -0.409444 0.892129
vn 0.230927 -0.602277 0.764157
vn 0.239766 -0.766200 0.596196
vn 0.216919 -0.891097 0.398614
vn 0.163797 -0.969257 0.183605
vn 0.234252 -0.972176 0.000000
vn 0.384704 -0.917246 0.103262
vn 0.455469 -0.890252 0.000000
vn 0.583313 -0.812071 0.016934
vn 0.651339 -0.758787 0.000000
vn 0.638871 -0.730327 0.241798
vn 0.800047 -0.583417 0.139819
vn 0.662765 -0.599706 0.448437
vn 0.822382 -0.461317 0.332978
vn 0.810963 -0.585097 0.000000
vn 0.914852 -0.402692 0.029736
vn 0.440666 -0.834908 0.329762
vn 0.464733 -0.703336 0.537905
vn 0.455422 -0.530651 0.714843
vn 1.000000 -0.000000 -0.000000
vn 0.972176 -0.234252 -0.000000
vn 0.890252 -0.455469 -0.000000
vn 0.758787 -0.651339 -0.000000
vn 0.585097 -0.810963 -0.000000
vn 0.378847 -0.925459 -0.000000
vn 0.151515 -0.988455 -0.000000
vn 0.326920 -0.945052 0.000000
vn 0.491651 -0.870792 0.000000
vn 0.640329 -0.768100 0.000000
vn 0.768100 -0.640329 0.000000
vn 0.870792 -0.491651 0.000000
vn 0.945052 -0.326920 0.000000
vn 0.988455 -0.151515 0.000000
vn 0.925459 -0.378847 -0.000000
vn 0.810963 -0.585097 -0.000000
vn 0.651339 -0.758787 -0.000000
vn 0.455469 -0.890252 -0.000000
vn 0.234252 -0.972176 -0.000000
vn -0.000000 -1.000000 0.000000
vn 0.000000 -1.000000 0.000000
vn 0.000000 0.000000 1.000000
vn 0.000000 0.000000 1.000000
vn 0.000000 0.000000 1.000000
vn 0.000000 0.000000 1.000000
vn 0.000000 0.000000 1.000000
vn 0.000000 0.000000 1.000000
vn -0.933992 -0.357293 0.000000
vn -0.933992 -0.357293 0.000000
vn -0.933992 -0.357293 0.000000
vn -0.933992 -0.357293 0.000000
vn 0.737331 -0.675531 -0.000000
vn 0.737331 -0.675531 -0.000000
vn 0.737331 -0.675531 -0.000000
vn 0.737331 -0.675531 -0.000000
vn -0.624708 -0.780858 0.000000
vn -0.624708 -0.780858 0.000000
vn -0.624708 -0.780858 0.000000
vn -0.624708 -0.780858 0.000000
vn 0.934091 0.357035 -0.000000
vn 0.934091 0.357035 -0.000000
vn 0.934091 0.357035 -0.000000
vn 0.934091 0.357035 -0.000000
vn 0.624881 0.780720 -0.000000
vn 0.624881 0.780720 -0.000000
vn 0.624881 0.780720 -0.000000
vn 0.624881 0.780720 -0.000000
vn -0.707107 0.707107 -0.000000
vn -0.707107 0.707107 -0.000000
vn -0.707107 0.707107 -0.000000
vn -0.707107 0.707107 -0.000000
vn -0.222222 0.974996 -0.000000
vn -0.222222 0.974996 -0.000000
vn -0.375064 0.926999 -0.000000
vn -0.375064 0.926999 -0.000000
vn -0.518280 0.855211 -0.000000
vn -0.518280 0.855211 -0.000000
vn -0.648195 0.761474 -0.000000
vn -0.648195 0.761474 -0.000000
vn -0.761474 0.648195 -0.000000
vn -0.761474 0.648195 -0.000000
vn -0.855211 0.518280 -0.000000
vn -0.855211 0.518280 -0.000000
vn -0.926999 0.375064 -0.000000
vn -0.926999 0.375064 -0.000000
vn -0.974996 0.222222 -0.000000
vn -0.974996 0.222222 -0.000000
vn -0.901080 0.433654 0.000000
vn -0.901080 0.433654 0.000000
vn -0.781959 0.623330 0.000000
vn -0.781959 0.623330 0.000000
vn -0.623610 0.781736 0.000000
vn -0.623610 0.781736 0.000000
vn -0.433976 0.900925 0.000000
vn -0.433976 0.900925 0.000000
vn -0.222571 0.974917 0.000000
vn -0.222571 0.974917 0.000000
vn -0.000000 1.000000 0.000000
vn -0.000000 1.000000 0.000000
vn -0.000000 1.000000 -0.000000
vn -0.000000 1.000000 -0.000000
vn 0.235038 0.971986 -0.000000
vn 0.235038 0.971986 -0.000000
vn 0.456908 0.889514 -0.000000
vn 0.456908 0.889514 -0.000000
vn 0.653178 0.757204 -0.000000
vn 0.653178 0.757204 -0.000000
vn 0.812852 0.582470 -0.000000
vn 0.812852 0.582470 -0.000000
vn 0.926984 0.375102 -0.000000
vn 0.926984 0.375102 -0.000000
vn 0.989178 0.146717 -0.000000
vn 0.989178 0.146717 -0.000000
vn 0.995952 -0.089888 0.000000
vn 0.995952 -0.089888 0.000000
vn 0.982127 -0.188221 0.000000
vn 0.982127 -0.188221 0.000000
vn 0.958617 -0.284698 0.000000
vn 0.958617 -0.284698 0.000000
vn 0.925655 -0.378368 0.000000
vn 0.925655 -0.378368 0.000000
vn 0.883566 -0.468308 0.000000
vn 0.883566 -0.468308 0.000000
vn 0.832764 -0.553629 0.000000
vn 0.832764 -0.553629 0.000000
vn 0.773750 -0.633491 0.000000
vn 0.773750 -0.633491 0.000000
vn 0.707107 -0.707107 0.000000
vn 0.707107 -0.707107 0.000000
vn 0.633491 -0.773750 0.000000
vn 0.633491 -0.773750 0.000000
vn 0.553629 -0.832764 0.000000
vn 0.553629 -0.832764 0.000000
vn 0.468308 -0.883566 0.000000
vn 0.468308 -0.883566 0.000000
vn 0.378368 -0.925655 0.000000
vn 0.378368 -0.925655 0.000000
vn 0.284698 -0.958617 0.000000
vn 0.284698 -0.958617 0.000000
vn 0.188221 -0.982127 0.000000
vn 0.188221 -0.982127 0.000000
vn 0.089888 -0.995952 0.000000
vn 0.089888 -0.995952 0.000000
vn -0.146717 -0.989178 0.000000
vn -0.146717 -0.989178 0.000000
vn -0.375102 -0.926984 0.000000
vn -0.375102 -0.926984 0.000000
vn -0.582470 -0.812852 0.000000
vn -0.582470 -0.812852 0.000000
vn -0.757204 -0.653178 0.000000
vn -0.757204 -0.653178 0.000000
vn -0.889514 -0.456908 0.000000
vn -0.889514 -0.456908 0.000000
vn -0.971986 -0.235038 0.000000
vn -0.971986 -0.235038 0.000000
vn -1.000000 0.000000 0.000000
vn -1.000000 0.000000 0.000000
vn -1.000000 0.000000 -0.000000
vn -1.000000 0.000000 -0.000000
vn -0.974917 0.222571 0.000000
vn -0.974917 0.222571 0.000000
vn -0.900925 0.433976 0.000000
vn -0.900925 0.433976 0.000000
vn -0.781736 0.623610 0.000000
vn -0.781736 0.623610 0.000000
vn -0.623330 0.781959 0.000000
vn -0.623330 0.781959 0.000000
vn -0.433654 0.901080 0.000000
vn -0.433654 0.901080 0.000000
vn -0.000000 -0.000000 -1.000000
vn -0.000000 -0.000000 -1.000000
vn -0.000000 -0.000000 -1.000000
vn -0.000000 -0.000000 -1.000000
vn -0.000000 -0.000000 -1.000000
vn -0.000000 -0.000000 -1.000000
vn -0.000000 -0.000000 -1.000000
vn -0.000000 -0.000000 -1.000000
vn -0.000000 -0.000000 -1.000000
vn -0.000000 -0.000000 -1.000000
vn -0.000000 -0.000000 -1.000000
vn -0.000000 -0.000000 -1.000000
vn -0.000000 -0.000000 -1.000000
vn -0.000000 -0.000000 -1.000000
vn -0.000000 -0.000000 -1.000000
vn -0.000000 -0.000000 -1.000000
vn -0.000000 -0.000000 -1.000000
vn -0.000000 -0.000000 -1.000000
vn -0.000000 -0.000000 -1.000000
vn -0.000000 -0.000000 -1.000000
vn -0.000000 -0.000000 -1.000000
vn -0.000000 -0.000000 -1.000000
vn -0.000000 -0.000000 -1.000000
vn -0.000000 -0.000000 -1.000000
vn -0.000000 -0.000000 -1.000000
vn -0.000000 -0.000000 -1.000000
vn -0.000000 -0.000000 -1.000000
vn -0.000000 -0.000000 -1.000000
vn -0.000000 -0.000000 -1.000000
vn -0.000000 -0.000000 -1.000000
vn -0.000000 -0.000000 -1.000000
vn -0.000000 -0.000000 -1.000000
vn -0.000000 -0.000000 -1.000000
vn -0.000000 -0.000000 -1.000000
vn -0.000000 -0.000000 -1.000000
vn -0.000000 -0.000000 -1.000000
vn -0.000000 -0.000000 -1.000000
vn -0.000000 -0.000000 -1.000000
vn -0.000000 -0.000000 -1.000000
vn -0.000000 -0.000000 -1.000000
vn -0.000000 -0.000000 -1.000000
vn -0.000000 -0.000000 -1.000000
vn -0.000000 -0.000000 -1.000000
vn -0.000000 -0.000000 -1.000000
vn -0.000000 -0.000000 -1.000000
vn -0.000000 -0.000000 -1.000000
vn -0.000000 -0.000000 -1.000000
vn -0.000000 -0.000000 -1.000000
vn -0.000000 -0.000000 -1.000000
vn -0.000000 -0.000000 -1.000000
vn -0.000000 -0.000000 -1.000000
vn -0.000000 -0.000000 -1.000000
vn -0.000000 -0.000000 -1.000000
vn -0.000000 -0.000000 -1.000000
vn -0.000000 -0.000000 -1.000000
vn -0.230087 -0.973170 0.000000
vn -0.447828 -0.894120 0.000000
vn -0.641538 -0.767091 0.000000
vn -0.800824 -0.598900 0.000000
vn -0.917137 -0.398573 0.000000
vn -0.984236 -0.176857 0.000000
vn -0.998522 0.054348 -0.000000
vn -0.987417 0.158140 -0.000000
vn -0.965552 0.260209 -0.000000
vn -0.933167 0.359443 -0.000000
vn -0.890614 0.454760 -0.000000
vn -0.838357 0.545122 -0.000000
vn -0.776965 0.629544 -0.000000
vn -0.707107 0.707107 -0.000000
vn -0.629544 0.776965 -0.000000
vn -0.545122 0.838357 -0.000000
vn -0.454760 0.890614 -0.000000
vn -0.359443 0.933167 -0.000000
vn -0.260209 0.965552 -0.000000
vn -0.158140 0.987417 -0.000000
vn -0.054348 0.998522 -0.000000
vn 0.176857 0.984236 -0.000000
vn 0.398573 0.917137 -0.000000
vn 0.598900 0.800824 -0.000000
vn 0.767091 0.641538 -0.000000
vn 0.894120 0.447828 -0.000000
vn 0.973170 0.230087 -0.000000
vn 1.000000 -0.000000 -0.000000
vn -0.000000 -0.000000 -1.000000
vn -0.000000 -0.000000 -1.000000
vn -0.000000 -0.000000 -1.000000
vn -0.000000 -0.000000 -1.000000
vn -0.000000 -0.000000 -1.000000
vn -0.000000 -0.000000 -1.000000
vn -0.000000 -0.000000 -1.000000
vn -0.000000 -0.000000 -1.000000
vn -0.000000 -0.000000 -1.000000
vn -0.000000 -0.000000 -1.000000
vn -0.000000 -0.000000 -1.000000
vn -0.000000 -0.000000 -1.000000
vn -0.000000 -0.000000 -1.000000
vn -0.000000 -0.000000 -1.000000
vn -0.000000 -0.000000 -1.000000
vn -0.000000 -0.000000 -1.000000
vn -0.000000 -0.000000 -1.000000
vn -0.000000 -0.000000 -1.000000
vn -0.000000 -0.000000 -1.000000
vn -0.000000 -0.000000 -1.000000
vn -0.000000 -0.000000 -1.000000
vn -0.000000 -0.000000 -1.000000
vn -0.000000 -0.000000 -1.000000
vn -0.000000 -0.000000 -1.000000
vn -0.000000 -0.000000 -1.000000
vn -0.000000 -0.000000 -1.000000
vn -0.000000 -0.000000 -1.000000
vn -0.000000 -0.000000 -1.000000
vn -0.000000 -0.000000 -1.000000
vn -0.000000 -0.000000 -1.000000
vn -0.000000 -0.000000 -1.000000
vn -0.000000 -0.000000 -1.000000
vn -0.000000 -0.000000 -1.000000
vn -0.000000 -0.000000 -1.000000
vn -0.000000 -0.000000 -1.000000
vn -0.000000 -0.000000 -1.000000
vn -0.000000 -0.000000 -1.000000
vn -0.000000 -0.000000 -1.000000
vn -0.000000 -0.000000 -1.000000
vn -0.000000 -0.000000 -1.000000
vn -0.000000 -0.000000 -1.000000
vn -0.000000 -0.000000 -1.000000
vn -0.000000 -0.000000 -1.000000
vn -0.000000 -0.000000 -1.000000
vn -0.000000 -0.000000 -1.000000
vn -0.000000 -0.000000 -1.000000
vn -0.000000 -0.000000 -1.000000
vn -0.000000 -0.000000 -1.000000
vn -0.000000 -0.000000 -1.000000
vn -0.000000 -0.000000 -1.000000
vn -0.000000 -0.000000 -1.000000
vn -0.000000 -0.000000 -1.000000
vn -0.000000 -0.000000 -1.000000
vn -0.000000 -0.000000 -1.000000
vn -0.000000 -0.000000 -1.000000
vn -0.000000 -0.000000 -1.000000
vn -0.000000 -0.000000 -1.000000
vn -0.000000 -0.000000 -1.000000
vn -0.000000 -0.000000 -1.000000
vn -0.000000 -0.000000 -1.000000
vn -0.000000 -0.000000 -1.000000
vn -0.000000 -0.000000 -1.000000
vn -0.000000 -0.000000 -1.000000
vn -0.000000 -0.000000 -1.000000
vn -0.000000 -0.000000 -1.000000
vn -0.000000 -0.000000 -1.000000
vn -0.000000 -0.000000 -1.000000
vn -0.000000 -0.000000 -1.000000
vn -0.000000 -0.000000 -1.000000
vn -0.000000 -0.000000 -1.000000
vn -0.000000 -0.000000 -1.000000
vn -0.000000 -0.000000 -1.000000
vn -0.000000 -0.000000 -1.000000
vn -0.000000 -0.000000 -1.000000
vn -0.000000 -0.000000 -1.000000
vn -0.000000 -0.000000 -1.000000
vn -0.000000 -0.000000 -1.000000
vn -0.000000 -0.000000 -1.000000
vn -0.000000 -0.000000 -1.000000
vn -0.000000 -0.000000 -1.000000
vn -0.000000 -0.000000 -1.000000
vn -0.000000 -0.000000 -1.000000
vn -0.000000 -0.000000 -1.000000
vn -0.000000 -0.000000 -1.000000
vn -0.000000 -0.000000 -1.000000
vn -0.000000 -0.000000 -1.000000
vn -0.000000 -0.000000 -1.000000
vn -0.000000 -0.000000 -1.000000
vn -0.000000 -0.000000 -1.000000
vn -0.000000 -0.000000 -1.000000
vn -0.000000 -0.000000 -1.000000
vn -0.000000 -0.000000 -1.000000
vn -0.000000 -0.000000 -1.000000
vn -0.000000 -0.000000 -1.000000
vn -0.000000 -0.000000 -1.000000
vn -0.000000 -0.000000 -1.000000
vn -0.000000 -0.000000 -1.000000
vn -0.000000 -0.000000 -1.000000
f 2335/3147/2896 2336/3148/2897 2361/3149/2898
f 2361/3149/2898 2336/3148/2897 2366/3150/2899
f 2361/3149/2898 2366/3150/2899 2360/3151/2900
f 2360/3151/2900 2366/3150/2899 2371/3152/2901
f 2360/3151/2900 2371/3152/2901 2359/3153/2902
f 2359/3153/2902 2371/3152/2901 2376/3154/2903
f 2359/3153/2902 2376/3154/2903 2358/3155/2904
f 2358/3155/2904 2376/3154/2903 2381/3156/2905
f 2358/3155/2904 2381/3156/2905 2357/3157/2906
f 2357/3157/2906 2381/3156/2905 2386/3158/2907
f 2357/3157/2906 2386/3158/2907 2356/3159/2908
f 2356/3159/2908 2386/3158/2907 2391/3160/2909
f 2356/3159/2908 2391/3160/2909 2355/3161/2910
f 2355/3161/2910 2391/3160/2909 2396/3162/2911
f 2355/3161/2910 2396/3162/2911 2354/3163/2912
f 2354/3163/2912 2396/3162/2911 2353/3164/2913
f 2353/3164/2913 2396/3162/2911 2395/3165/2914
f 2353/3164/2913 2395/3165/2914 2352/3166/2915
f 2352/3166/2915 2395/3165/2914 2394/3167/2916
f 2352/3166/2915 2394/3167/2916 2351/3168/2917
f 2351/3168/2917 2394/3167/2916 2393/3169/2918
f 2351/3168/2917 2393/3169/2918 2350/3170/2919
f 2350/3170/2919 2393/3169/2918 2392/3171/2920
f 2350/3170/2919 2392/3171/2920 2349/3172/2921
f 2349/3172/2921 2392/3171/2920 2348/3173/2922
f 2348/3173/2922 2392/3171/2920 2347/3174/2923
f 2347/3174/2923 2392/3171/2920 2387/3175/2924
f 2347/3174/2923 2387/3175/2924 2346/3176/2925
f 2346/3176/2925 2387/3175/2924 2382/3177/2926
f 2346/3176/2925 2382/3177/2926 2345/3178/2927
f 2345/3178/2927 2382/3177/2926 2377/3179/2928
f 2345/3178/2927 2377/3179/2928 2344/3180/2929
f 2344/3180/2929 2377/3179/2928 2372/3181/2930
f 2344/3180/2929 2372/3181/2930 2343/3182/2931
f 2343/3182/2931 2372/3181/2930 2367/3183/2932
f 2343/3182/2931 2367/3183/2932 2342/3184/2933
f 2342/3184/2933 2367/3183/2932 2362/3185/2934
f 2342/3184/2933 2362/3185/2934 2341/3186/2935
f 2341/3186/2935 2362/3185/2934 2340/3187/2936
f 2340/3187/2936 2362/3185/2934 2363/3188/2937
f 2340/3187/2936 2363/3188/2937 2339/3189/2938
f 2339/3189/2938 2363/3188/2937 2364/3190/2939
f 2339/3189/2938 2364/3190/2939 2338/3191/2940
f 2338/3191/2940 2364/3190/2939 2365/3192/2941
f 2338/3191/2940 2365/3192/2941 2337/3193/2942
f 2337/3193/2942 2365/3192/2941 2366/3150/2899
f 2337/3193/2942 2366/3150/2899 2336/3148/2897
f 2363/3188/2937 2362/3185/2934 2368/3194/2943
f 2368/3194/2943 2362/3185/2934 2367/3183/2932
f 2368/3194/2943 2367/3183/2932 2373/3195/2944
f 2373/3195/2944 2367/3183/2932 2372/3181/2930
f 2373/3195/2944 2372/3181/2930 2378/3196/2945
f 2378/3196/2945 2372/3181/2930 2377/3179/2928
f 2378/3196/2945 2377/3179/2928 2383/3197/2946
f 2383/3197/2946 2377/3179/2928 2382/3177/2926
f 2383/3197/2946 2382/3177/2926 2388/3198/2947
f 2388/3198/2947 2382/3177/2926 2387/3175/2924
f 2388/3198/2947 2387/3175/2924 2393/3169/2918
f 2393/3169/2918 2387/3175/2924 2392/3171/2920
f 2364/3190/2939 2363/3188/2937 2369/3199/2948
f 2369/3199/2948 2363/3188/2937 2368/3194/2943
f 2369/3199/2948 2368/3194/2943 2374/3200/2949
f 2374/3200/2949 2368/3194/2943 2373/3195/2944
f 2374/3200/2949 2373/3195/2944 2379/3201/2950
f 2379/3201/2950 2373/3195/2944 2378/3196/2945
f 2379/3201/2950 2378/3196/2945 2384/3202/2951
f 2384/3202/2951 2378/3196/2945 2383/3197/2946
f 2384/3202/2951 2383/3197/2946 2389/3203/2952
f 2389/3203/2952 2383/3197/2946 2388/3198/2947
f 2389/3203/2952 2388/3198/2947 2394/3167/2916
f 2394/3167/2916 2388/3198/2947 2393/3169/2918
f 2371/3152/2901 2366/3150/2899 2365/3192/2941
f 2365/3192/2941 2364/3190/2939 2370/3204/2953
f 2370/3204/2953 2364/3190/2939 2369/3199/2948
f 2370/3204/2953 2369/3199/2948 2375/3205/2954
f 2375/3205/2954 2369/3199/2948 2374/3200/2949
f 2375/3205/2954 2374/3200/2949 2380/3206/2955
f 2380/3206/2955 2374/3200/2949 2379/3201/2950
f 2380/3206/2955 2379/3201/2950 2385/3207/2956
f 2385/3207/2956 2379/3201/2950 2384/3202/2951
f 2385/3207/2956 2384/3202/2951 2390/3208/2957
f 2390/3208/2957 2384/3202/2951 2389/3203/2952
f 2390/3208/2957 2389/3203/2952 2395/3165/2914
f 2395/3165/2914 2389/3203/2952 2394/3167/2916
f 2376/3154/2903 2371/3152/2901 2370/3204/2953
f 2370/3204/2953 2371/3152/2901 2365/3192/2941
f 2376/3154/2903 2370/3204/2953 2375/3205/2954
f 2381/3156/2905 2376/3154/2903 2375/3205/2954
f 2381/3156/2905 2375/3205/2954 2380/3206/2955
f 2386/3158/2907 2381/3156/2905 2380/3206/2955
f 2386/3158/2907 2380/3206/2955 2385/3207/2956
f 2391/3160/2909 2386/3158/2907 2385/3207/2956
f 2391/3160/2909 2385/3207/2956 2390/3208/2957
f 2396/3162/2911 2391/3160/2909 2390/3208/2957
f 2396/3162/2911 2390/3208/2957 2395/3165/2914
f 2397/3209/2958 2410/3210/2959 2354/3211/2912
f 2354/3211/2912 2410/3210/2959 2411/3212/2960
f 2354/3211/2912 2411/3212/2960 2412/3213/2961
f 2412/3213/2961 2411/3212/2960 2417/3214/2962
f 2412/3213/2961 2417/3214/2962 2418/3215/2963
f 2418/3215/2963 2417/3214/2962 2423/3216/2964
f 2418/3215/2963 2423/3216/2964 2424/3217/2965
f 2424/3217/2965 2423/3216/2964 2429/3218/2966
f 2424/3217/2965 2429/3218/2966 2405/3219/2967
f 2405/3219/2967 2429/3218/2966 2404/3220/2968
f 2404/3220/2968 2429/3218/2966 2434/3221/2969
f 2404/3220/2968 2434/3221/2969 2403/3222/2970
f 2403/3222/2970 2434/3221/2969 2433/3223/2971
f 2403/3222/2970 2433/3223/2971 2432/3224/2972
f 2432/3224/2972 2433/3223/2971 2427/3225/2973
f 2432/3224/2972 2427/3225/2973 2426/3226/2974
f 2426/3226/2974 2427/3225/2973 2421/3227/2975
f 2426/3226/2974 2421/3227/2975 2420/3228/2976
f 2420/3228/2976 2421/3227/2975 2415/3229/2977
f 2420/3228/2976 2415/3229/2977 2398/3230/2978
f 2398/3230/2978 2415/3229/2977 2397/3209/2958
f 2397/3209/2958 2415/3229/2977 2410/3210/2959
f 2398/3230/2978 2399/3231/2979 2420/3228/2976
f 2420/3228/2976 2399/3231/2979 2425/3232/2980
f 2420/3228/2976 2425/3232/2980 2426/3226/2974
f 2426/3226/2974 2425/3232/2980 2431/3233/2981
f 2426/3226/2974 2431/3233/2981 2432/3224/2972
f 2432/3224/2972 2431/3233/2981 2402/3234/2982
f 2432/3224/2972 2402/3234/2982 2403/3222/2970
f 2399/3231/2979 2400/3235/2983 2425/3232/2980
f 2425/3232/2980 2400/3235/2983 2430/3236/2984
f 2425/3232/2980 2430/3236/2984 2431/3233/2981
f 2431/3233/2981 2430/3236/2984 2402/3234/2982
f 2400/3235/2983 2401/3237/2985 2430/3236/2984
f 2430/3236/2984 2401/3237/2985 2402/3234/2982
f 2405/3219/2967 2406/3238/2986 2424/3217/2965
f 2424/3217/2965 2406/3238/2986 2419/3239/2987
f 2424/3217/2965 2419/3239/2987 2418/3215/2963
f 2418/3215/2963 2419/3239/2987 2413/3240/2988
f 2418/3215/2963 2413/3240/2988 2412/3213/2961
f 2412/3213/2961 2413/3240/2988 2409/3241/2989
f 2412/3213/2961 2409/3241/2989 2354/3211/2912
f 2406/3238/2986 2407/3242/2990 2419/3239/2987
f 2419/3239/2987 2407/3242/2990 2414/3243/2991
f 2419/3239/2987 2414/3243/2991 2413/3240/2988
f 2413/3240/2988 2414/3243/2991 2409/3241/2989
f 2407/3242/2990 2408/3244/2992 2414/3243/2991
f 2414/3243/2991 2408/3244/2992 2409/3241/2989
f 2411/3212/2960 2410/3210/2959 2416/3245/2993
f 2416/3245/2993 2410/3210/2959 2415/3229/2977
f 2416/3245/2993 2415/3229/2977 2421/3227/2975
f 2411/3212/2960 2416/3245/2993 2417/3214/2962
f 2417/3214/2962 2416/3245/2993 2422/3246/2994
f 2417/3214/2962 2422/3246/2994 2423/3216/2964
f 2423/3216/2964 2422/3246/2994 2428/3247/2995
f 2423/3216/2964 2428/3247/2995 2429/3218/2966
f 2429/3218/2966 2428/3247/2995 2434/3221/2969
f 2422/3246/2994 2416/3245/2993 2421/3227/2975
f 2428/3247/2995 2422/3246/2994 2427/3225/2973
f 2427/3225/2973 2422/3246/2994 2421/3227/2975
f 2434/3221/2969 2428/3247/2995 2433/3223/2971
f 2433/3223/2971 2428/3247/2995 2427/3225/2973
f 2439/3248/2996 2402/3249/2982 2442/3250/2997
f 2442/3250/2997 2402/3249/2982 2401/3251/2985
f 2442/3250/2997 2401/3251/2985 2441/3252/2998
f 2441/3252/2998 2401/3251/2985 2400/3253/2983
f 2441/3252/2998 2400/3253/2983 2445/3254/2999
f 2445/3254/2999 2400/3253/2983 2444/3255/3000
f 2445/3254/2999 2444/3255/3000 2450/3256/3001
f 2450/3256/3001 2444/3255/3000 2449/3257/3002
f 2450/3256/3001 2449/3257/3002 2455/3258/3003
f 2455/3258/3003 2449/3257/3002 2454/3259/3004
f 2455/3258/3003 2454/3259/3004 2459/3260/3005
f 2459/3260/3005 2454/3259/3004 2458/3261/3006
f 2459/3260/3005 2458/3261/3006 2350/3262/2919
f 2350/3262/2919 2458/3261/3006 2351/3263/2917
f 2351/3263/2917 2458/3261/3006 2457/3264/3007
f 2351/3263/2917 2457/3264/3007 2352/3265/2915
f 2352/3265/2915 2457/3264/3007 2453/3266/3008
f 2352/3265/2915 2453/3266/3008 2452/3267/3009
f 2452/3267/3009 2453/3266/3008 2447/3268/3010
f 2452/3267/3009 2447/3268/3010 2354/3269/2912
f 2354/3269/2912 2447/3268/3010 2397/3270/2958
f 2397/3270/2958 2447/3268/3010 2443/3271/3011
f 2397/3270/2958 2443/3271/3011 2398/3272/2978
f 2398/3272/2978 2443/3271/3011 2399/3273/2979
f 2399/3273/2979 2443/3271/3011 2444/3255/3000
f 2399/3273/2979 2444/3255/3000 2400/3253/2983
f 2354/3269/2912 2353/3274/2913 2452/3267/3009
f 2452/3267/3009 2353/3274/2913 2352/3265/2915
f 2459/3260/3005 2350/3262/2919 2461/3275/3012
f 2461/3275/3012 2350/3262/2919 2349/3276/2921
f 2461/3275/3012 2349/3276/2921 2440/3277/3013
f 2440/3277/3013 2349/3276/2921 2348/3278/2922
f 2440/3277/3013 2348/3278/2922 2435/3279/3014
f 2440/3277/3013 2435/3279/3014 2460/3280/3015
f 2460/3280/3015 2435/3279/3014 2436/3281/3016
f 2460/3280/3015 2436/3281/3016 2456/3282/3017
f 2456/3282/3017 2436/3281/3016 2437/3283/3018
f 2456/3282/3017 2437/3283/3018 2451/3284/3019
f 2451/3284/3019 2437/3283/3018 2438/3285/3020
f 2451/3284/3019 2438/3285/3020 2446/3286/3021
f 2446/3286/3021 2438/3285/3020 2439/3248/2996
f 2446/3286/3021 2439/3248/2996 2442/3250/2997
f 2446/3286/3021 2442/3250/2997 2441/3252/2998
f 2449/3257/3002 2444/3255/3000 2443/3271/3011
f 2451/3284/3019 2446/3286/3021 2445/3254/2999
f 2445/3254/2999 2446/3286/3021 2441/3252/2998
f 2451/3284/3019 2445/3254/2999 2450/3256/3001
f 2449/3257/3002 2443/3271/3011 2448/3287/3022
f 2448/3287/3022 2443/3271/3011 2447/3268/3010
f 2448/3287/3022 2447/3268/3010 2453/3266/3008
f 2454/3259/3004 2449/3257/3002 2448/3287/3022
f 2454/3259/3004 2448/3287/3022 2453/3266/3008
f 2456/3282/3017 2451/3284/3019 2450/3256/3001
f 2456/3282/3017 2450/3256/3001 2455/3258/3003
f 2458/3261/3006 2454/3259/3004 2453/3266/3008
f 2457/3264/3007 2458/3261/3006 2453/3266/3008
f 2460/3280/3015 2456/3282/3017 2455/3258/3003
f 2460/3280/3015 2455/3258/3003 2459/3260/3005
f 2440/3277/3013 2460/3280/3015 2459/3260/3005
f 2461/3275/3012 2440/3277/3013 2459/3260/3005
f 2409/3288/2989 2462/3289/3023 2500/3290/3024
f 2500/3290/3024 2462/3289/3023 2505/3291/3025
f 2500/3290/3024 2505/3291/3025 2499/3292/3026
f 2499/3292/3026 2505/3291/3025 2510/3293/3027
f 2499/3292/3026 2510/3293/3027 2498/3294/3028
f 2498/3294/3028 2510/3293/3027 2515/3295/3029
f 2498/3294/3028 2515/3295/3029 2497/3296/3030
f 2497/3296/3030 2515/3295/3029 2520/3297/3031
f 2497/3296/3030 2520/3297/3031 2496/3298/3032
f 2496/3298/3032 2520/3297/3031 2525/3299/3033
f 2496/3298/3032 2525/3299/3033 2495/3300/3034
f 2495/3300/3034 2525/3299/3033 2530/3301/3035
f 2495/3300/3034 2530/3301/3035 2494/3302/3036
f 2494/3302/3036 2530/3301/3035 2535/3303/3037
f 2494/3302/3036 2535/3303/3037 2493/3304/3038
f 2493/3304/3038 2535/3303/3037 2540/3305/3039
f 2493/3304/3038 2540/3305/3039 2492/3306/3040
f 2492/3306/3040 2540/3305/3039 2545/3307/3041
f 2492/3306/3040 2545/3307/3041 2491/3308/3042
f 2491/3308/3042 2545/3307/3041 2550/3309/3043
f 2491/3308/3042 2550/3309/3043 2490/3310/3044
f 2490/3310/3044 2550/3309/3043 2555/3311/3045
f 2490/3310/3044 2555/3311/3045 2489/3312/3046
f 2489/3312/3046 2555/3311/3045 2560/3313/3047
f 2489/3312/3046 2560/3313/3047 2488/3314/3048
f 2488/3314/3048 2560/3313/3047 2565/3315/3049
f 2488/3314/3048 2565/3315/3049 2487/3316/3050
f 2487/3316/3050 2565/3315/3049 2486/3317/3051
f 2486/3317/3051 2565/3315/3049 2564/3318/3052
f 2486/3317/3051 2564/3318/3052 2485/3319/3053
f 2485/3319/3053 2564/3318/3052 2563/3320/3054
f 2485/3319/3053 2563/3320/3054 2484/3321/3055
f 2484/3321/3055 2563/3320/3054 2562/3322/3056
f 2484/3321/3055 2562/3322/3056 2483/3323/3057
f 2483/3323/3057 2562/3322/3056 2561/3324/3058
f 2483/3323/3057 2561/3324/3058 2482/3325/3059
f 2482/3325/3059 2561/3324/3058 2480/3326/3060
f 2482/3325/3059 2480/3326/3060 2481/3327/3061
f 2462/3289/3023 2463/3328/3062 2505/3291/3025
f 2505/3291/3025 2463/3328/3062 2504/3329/3063
f 2505/3291/3025 2504/3329/3063 2510/3293/3027
f 2510/3293/3027 2504/3329/3063 2509/3330/3064
f 2510/3293/3027 2509/3330/3064 2515/3295/3029
f 2515/3295/3029 2509/3330/3064 2514/3331/3065
f 2515/3295/3029 2514/3331/3065 2520/3297/3031
f 2520/3297/3031 2514/3331/3065 2519/3332/3066
f 2520/3297/3031 2519/3332/3066 2525/3299/3033
f 2525/3299/3033 2519/3332/3066 2524/3333/3067
f 2525/3299/3033 2524/3333/3067 2530/3301/3035
f 2530/3301/3035 2524/3333/3067 2529/3334/3068
f 2530/3301/3035 2529/3334/3068 2535/3303/3037
f 2535/3303/3037 2529/3334/3068 2534/3335/3069
f 2535/3303/3037 2534/3335/3069 2540/3305/3039
f 2540/3305/3039 2534/3335/3069 2539/3336/3070
f 2540/3305/3039 2539/3336/3070 2545/3307/3041
f 2545/3307/3041 2539/3336/3070 2544/3337/3071
f 2545/3307/3041 2544/3337/3071 2550/3309/3043
f 2550/3309/3043 2544/3337/3071 2549/3338/3072
f 2550/3309/3043 2549/3338/3072 2555/3311/3045
f 2555/3311/3045 2549/3338/3072 2554/3339/3073
f 2555/3311/3045 2554/3339/3073 2560/3313/3047
f 2560/3313/3047 2554/3339/3073 2559/3340/3074
f 2560/3313/3047 2559/3340/3074 2565/3315/3049
f 2565/3315/3049 2559/3340/3074 2564/3318/3052
f 2463/3328/3062 2464/3341/3075 2504/3329/3063
f 2504/3329/3063 2464/3341/3075 2503/3342/3076
f 2504/3329/3063 2503/3342/3076 2509/3330/3064
f 2509/3330/3064 2503/3342/3076 2508/3343/3077
f 2509/3330/3064 2508/3343/3077 2514/3331/3065
f 2514/3331/3065 2508/3343/3077 2513/3344/3078
f 2514/3331/3065 2513/3344/3078 2519/3332/3066
f 2519/3332/3066 2513/3344/3078 2518/3345/3079
f 2519/3332/3066 2518/3345/3079 2524/3333/3067
f 2524/3333/3067 2518/3345/3079 2523/3346/3080
f 2524/3333/3067 2523/3346/3080 2529/3334/3068
f 2529/3334/3068 2523/3346/3080 2528/3347/3081
f 2529/3334/3068 2528/3347/3081 2534/3335/3069
f 2534/3335/3069 2528/3347/3081 2533/3348/3082
f 2534/3335/3069 2533/3348/3082 2539/3336/3070
f 2539/3336/3070 2533/3348/3082 2538/3349/3083
f 2539/3336/3070 2538/3349/3083 2544/3337/3071
f 2544/3337/3071 2538/3349/3083 2543/3350/3084
f 2544/3337/3071 2543/3350/3084 2549/3338/3072
f 2549/3338/3072 2543/3350/3084 2548/3351/3085
f 2549/3338/3072 2548/3351/3085 2554/3339/3073
f 2554/3339/3073 2548/3351/3085 2553/3352/3086
f 2554/3339/3073 2553/3352/3086 2559/3340/3074
f 2559/3340/3074 2553/3352/3086 2558/3353/3087
f 2559/3340/3074 2558/3353/3087 2564/3318/3052
f 2564/3318/3052 2558/3353/3087 2563/3320/3054
f 2464/3341/3075 2465/3354/3088 2503/3342/3076
f 2503/3342/3076 2465/3354/3088 2502/3355/3089
f 2503/3342/3076 2502/3355/3089 2508/3343/3077
f 2508/3343/3077 2502/3355/3089 2507/3356/3090
f 2508/3343/3077 2507/3356/3090 2513/3344/3078
f 2513/3344/3078 2507/3356/3090 2512/3357/3091
f 2513/3344/3078 2512/3357/3091 2518/3345/3079
f 2518/3345/3079 2512/3357/3091 2517/3358/3092
f 2518/3345/3079 2517/3358/3092 2523/3346/3080
f 2523/3346/3080 2517/3358/3092 2522/3359/3093
f 2523/3346/3080 2522/3359/3093 2528/3347/3081
f 2528/3347/3081 2522/3359/3093 2527/3360/3094
f 2528/3347/3081 2527/3360/3094 2533/3348/3082
f 2533/3348/3082 2527/3360/3094 2532/3361/3095
f 2533/3348/3082 2532/3361/3095 2538/3349/3083
f 2538/3349/3083 2532/3361/3095 2537/3362/3096
f 2538/3349/3083 2537/3362/3096 2543/3350/3084
f 2543/3350/3084 2537/3362/3096 2542/3363/3097
f 2543/3350/3084 2542/3363/3097 2548/3351/3085
f 2548/3351/3085 2542/3363/3097 2547/3364/3098
f 2548/3351/3085 2547/3364/3098 2553/3352/3086
f 2553/3352/3086 2547/3364/3098 2552/3365/3099
f 2553/3352/3086 2552/3365/3099 2558/3353/3087
f 2558/3353/3087 2552/3365/3099 2557/3366/3100
f 2558/3353/3087 2557/3366/3100 2563/3320/3054
f 2563/3320/3054 2557/3366/3100 2562/3322/3056
f 2465/3354/3088 2466/3367/3101 2502/3355/3089
f 2502/3355/3089 2466/3367/3101 2501/3368/3102
f 2502/3355/3089 2501/3368/3102 2507/3356/3090
f 2507/3356/3090 2501/3368/3102 2506/3369/3103
f 2507/3356/3090 2506/3369/3103 2512/3357/3091
f 2512/3357/3091 2506/3369/3103 2511/3370/3104
f 2512/3357/3091 2511/3370/3104 2517/3358/3092
f 2517/3358/3092 2511/3370/3104 2516/3371/3105
f 2517/3358/3092 2516/3371/3105 2522/3359/3093
f 2522/3359/3093 2516/3371/3105 2521/3372/3106
f 2522/3359/3093 2521/3372/3106 2527/3360/3094
f 2527/3360/3094 2521/3372/3106 2526/3373/3107
f 2527/3360/3094 2526/3373/3107 2532/3361/3095
f 2532/3361/3095 2526/3373/3107 2531/3374/3108
f 2532/3361/3095 2531/3374/3108 2537/3362/3096
f 2537/3362/3096 2531/3374/3108 2536/3375/3109
f 2537/3362/3096 2536/3375/3109 2542/3363/3097
f 2542/3363/3097 2536/3375/3109 2541/3376/3110
f 2542/3363/3097 2541/3376/3110 2547/3364/3098
f 2547/3364/3098 2541/3376/3110 2546/3377/3111
f 2547/3364/3098 2546/3377/3111 2552/3365/3099
f 2552/3365/3099 2546/3377/3111 2551/3378/3112
f 2552/3365/3099 2551/3378/3112 2557/3366/3100
f 2557/3366/3100 2551/3378/3112 2556/3379/3113
f 2557/3366/3100 2556/3379/3113 2562/3322/3056
f 2562/3322/3056 2556/3379/3113 2561/3324/3058
f 2466/3367/3101 2467/3380/3114 2501/3368/3102
f 2501/3368/3102 2467/3380/3114 2468/3381/3115
f 2501/3368/3102 2468/3381/3115 2506/3369/3103
f 2506/3369/3103 2468/3381/3115 2469/3382/3116
f 2506/3369/3103 2469/3382/3116 2511/3370/3104
f 2511/3370/3104 2469/3382/3116 2470/3383/3117
f 2511/3370/3104 2470/3383/3117 2516/3371/3105
f 2516/3371/3105 2470/3383/3117 2471/3384/3118
f 2516/3371/3105 2471/3384/3118 2521/3372/3106
f 2521/3372/3106 2471/3384/3118 2472/3385/3119
f 2521/3372/3106 2472/3385/3119 2526/3373/3107
f 2526/3373/3107 2472/3385/3119 2473/3386/3120
f 2526/3373/3107 2473/3386/3120 2531/3374/3108
f 2531/3374/3108 2473/3386/3120 2474/3387/3121
f 2531/3374/3108 2474/3387/3121 2536/3375/3109
f 2536/3375/3109 2474/3387/3121 2475/3388/3122
f 2536/3375/3109 2475/3388/3122 2541/3376/3110
f 2541/3376/3110 2475/3388/3122 2476/3389/3123
f 2541/3376/3110 2476/3389/3123 2546/3377/3111
f 2546/3377/3111 2476/3389/3123 2477/3390/3124
f 2546/3377/3111 2477/3390/3124 2551/3378/3112
f 2551/3378/3112 2477/3390/3124 2478/3391/3125
f 2551/3378/3112 2478/3391/3125 2556/3379/3113
f 2556/3379/3113 2478/3391/3125 2479/3392/3126
f 2556/3379/3113 2479/3392/3126 2561/3324/3058
f 2561/3324/3058 2479/3392/3126 2480/3326/3060
f 2571/3393/3127 2467/3394/3114 2579/3395/3128
f 2579/3395/3128 2467/3394/3114 2466/3396/3101
f 2579/3395/3128 2466/3396/3101 2580/3397/3129
f 2580/3397/3129 2466/3396/3101 2585/3398/3130
f 2580/3397/3129 2585/3398/3130 2586/3399/3131
f 2586/3399/3131 2585/3398/3130 2465/3400/3088
f 2586/3399/3131 2465/3400/3088 2464/3401/3075
f 2466/3396/3101 2465/3400/3088 2585/3398/3130
f 2463/3402/3062 2590/3403/3132 2464/3401/3075
f 2464/3401/3075 2590/3403/3132 2587/3404/3133
f 2464/3401/3075 2587/3404/3133 2586/3399/3131
f 2586/3399/3131 2587/3404/3133 2581/3405/3134
f 2586/3399/3131 2581/3405/3134 2580/3397/3129
f 2580/3397/3129 2581/3405/3134 2577/3406/3135
f 2580/3397/3129 2577/3406/3135 2578/3407/3136
f 2578/3407/3136 2577/3406/3135 2570/3408/3137
f 2578/3407/3136 2570/3408/3137 2571/3393/3127
f 2590/3403/3132 2463/3402/3062 2591/3409/3138
f 2591/3409/3138 2463/3402/3062 2462/3410/3023
f 2591/3409/3138 2462/3410/3023 2572/3411/3139
f 2572/3411/3139 2462/3410/3023 2409/3412/2989
f 2572/3411/3139 2409/3412/2989 2408/3413/2992
f 2572/3411/3139 2408/3413/2992 2589/3414/3140
f 2589/3414/3140 2408/3413/2992 2407/3415/2990
f 2589/3414/3140 2407/3415/2990 2584/3416/3141
f 2584/3416/3141 2407/3415/2990 2406/3417/2986
f 2584/3416/3141 2406/3417/2986 2573/3418/3142
f 2573/3418/3142 2406/3417/2986 2405/3419/2967
f 2573/3418/3142 2405/3419/2967 2592/3420/3143
f 2592/3420/3143 2405/3419/2967 2404/3421/2968
f 2592/3420/3143 2404/3421/2968 2597/3422/3144
f 2597/3422/3144 2404/3421/2968 2403/3423/2970
f 2597/3422/3144 2403/3423/2970 2566/3424/3145
f 2597/3422/3144 2566/3424/3145 2598/3425/3146
f 2598/3425/3146 2566/3424/3145 2567/3426/3147
f 2598/3425/3146 2567/3426/3147 2599/3427/3148
f 2599/3427/3148 2567/3426/3147 2568/3428/3149
f 2599/3427/3148 2568/3428/3149 2594/3429/3150
f 2594/3429/3150 2568/3428/3149 2595/3430/3151
f 2594/3429/3150 2595/3430/3151 2575/3431/3152
f 2575/3431/3152 2595/3430/3151 2576/3432/3153
f 2575/3431/3152 2576/3432/3153 2582/3433/3154
f 2582/3433/3154 2576/3432/3153 2581/3405/3134
f 2582/3433/3154 2581/3405/3134 2587/3404/3133
f 2568/3428/3149 2569/3434/3155 2595/3430/3151
f 2595/3430/3151 2569/3434/3155 2596/3435/3156
f 2595/3430/3151 2596/3435/3156 2576/3432/3153
f 2576/3432/3153 2596/3435/3156 2577/3406/3135
f 2576/3432/3153 2577/3406/3135 2581/3405/3134
f 2569/3434/3155 2570/3408/3137 2596/3435/3156
f 2596/3435/3156 2570/3408/3137 2577/3406/3135
f 2578/3407/3136 2571/3393/3127 2579/3395/3128
f 2573/3418/3142 2574/3436/3157 2584/3416/3141
f 2584/3416/3141 2574/3436/3157 2583/3437/3158
f 2584/3416/3141 2583/3437/3158 2589/3414/3140
f 2589/3414/3140 2583/3437/3158 2588/3438/3159
f 2589/3414/3140 2588/3438/3159 2572/3411/3139
f 2572/3411/3139 2588/3438/3159 2591/3409/3138
f 2574/3436/3157 2575/3431/3152 2583/3437/3158
f 2583/3437/3158 2575/3431/3152 2582/3433/3154
f 2583/3437/3158 2582/3433/3154 2588/3438/3159
f 2588/3438/3159 2582/3433/3154 2587/3404/3133
f 2588/3438/3159 2587/3404/3133 2591/3409/3138
f 2591/3409/3138 2587/3404/3133 2590/3403/3132
f 2574/3436/3157 2573/3418/3142 2593/3439/3160
f 2593/3439/3160 2573/3418/3142 2592/3420/3143
f 2593/3439/3160 2592/3420/3143 2598/3425/3146
f 2598/3425/3146 2592/3420/3143 2597/3422/3144
f 2575/3431/3152 2574/3436/3157 2594/3429/3150
f 2594/3429/3150 2574/3436/3157 2593/3439/3160
f 2594/3429/3150 2593/3439/3160 2599/3427/3148
f 2599/3427/3148 2593/3439/3160 2598/3425/3146
f 2579/3395/3128 2580/3397/3129 2578/3407/3136
f 2600/3440/3161 2612/3441/3162 2487/3442/3050
f 2487/3442/3050 2612/3441/3162 2613/3443/3163
f 2487/3442/3050 2613/3443/3163 2614/3444/3164
f 2614/3444/3164 2613/3443/3163 2619/3445/3165
f 2614/3444/3164 2619/3445/3165 2620/3446/3166
f 2620/3446/3166 2619/3445/3165 2625/3447/3167
f 2620/3446/3166 2625/3447/3167 2626/3448/3168
f 2626/3448/3168 2625/3447/3167 2631/3449/3169
f 2626/3448/3168 2631/3449/3169 2608/3450/3170
f 2608/3450/3170 2631/3449/3169 2607/3451/3171
f 2607/3451/3171 2631/3449/3169 2636/3452/3172
f 2607/3451/3171 2636/3452/3172 2606/3453/3173
f 2606/3453/3173 2636/3452/3172 2635/3454/3174
f 2606/3453/3173 2635/3454/3174 2634/3455/3175
f 2634/3455/3175 2635/3454/3174 2629/3456/3176
f 2634/3455/3175 2629/3456/3176 2628/3457/3177
f 2628/3457/3177 2629/3456/3176 2623/3458/3178
f 2628/3457/3177 2623/3458/3178 2622/3459/3179
f 2622/3459/3179 2623/3458/3178 2617/3460/3180
f 2622/3459/3179 2617/3460/3180 2601/3461/3181
f 2601/3461/3181 2617/3460/3180 2600/3440/3161
f 2600/3440/3161 2617/3460/3180 2612/3441/3162
f 2601/3461/3181 2602/3462/3182 2622/3459/3179
f 2622/3459/3179 2602/3462/3182 2627/3463/3183
f 2622/3459/3179 2627/3463/3183 2628/3457/3177
f 2628/3457/3177 2627/3463/3183 2633/3464/3184
f 2628/3457/3177 2633/3464/3184 2634/3455/3175
f 2634/3455/3175 2633/3464/3184 2605/3465/3185
f 2634/3455/3175 2605/3465/3185 2606/3453/3173
f 2602/3462/3182 2603/3466/3186 2627/3463/3183
f 2627/3463/3183 2603/3466/3186 2632/3467/3187
f 2627/3463/3183 2632/3467/3187 2633/3464/3184
f 2633/3464/3184 2632/3467/3187 2605/3465/3185
f 2603/3466/3186 2604/3468/3188 2632/3467/3187
f 2632/3467/3187 2604/3468/3188 2605/3465/3185
f 2608/3450/3170 2609/3469/3189 2626/3448/3168
f 2626/3448/3168 2609/3469/3189 2621/3470/3190
f 2626/3448/3168 2621/3470/3190 2620/3446/3166
f 2620/3446/3166 2621/3470/3190 2615/3471/3191
f 2620/3446/3166 2615/3471/3191 2614/3444/3164
f 2614/3444/3164 2615/3471/3191 2335/3472/2896
f 2614/3444/3164 2335/3472/2896 2487/3442/3050
f 2609/3469/3189 2610/3473/3192 2621/3470/3190
f 2621/3470/3190 2610/3473/3192 2616/3474/3193
f 2621/3470/3190 2616/3474/3193 2615/3471/3191
f 2615/3471/3191 2616/3474/3193 2335/3472/2896
f 2610/3473/3192 2611/3475/3194 2616/3474/3193
f 2616/3474/3193 2611/3475/3194 2335/3472/2896
f 2613/3443/3163 2612/3441/3162 2618/3476/3195
f 2618/3476/3195 2612/3441/3162 2617/3460/3180
f 2618/3476/3195 2617/3460/3180 2623/3458/3178
f 2613/3443/3163 2618/3476/3195 2619/3445/3165
f 2619/3445/3165 2618/3476/3195 2624/3477/3196
f 2619/3445/3165 2624/3477/3196 2625/3447/3167
f 2625/3447/3167 2624/3477/3196 2630/3478/3197
f 2625/3447/3167 2630/3478/3197 2631/3449/3169
f 2631/3449/3169 2630/3478/3197 2636/3452/3172
f 2624/3477/3196 2618/3476/3195 2623/3458/3178
f 2630/3478/3197 2624/3477/3196 2629/3456/3176
f 2629/3456/3176 2624/3477/3196 2623/3458/3178
f 2636/3452/3172 2630/3478/3197 2635/3454/3174
f 2635/3454/3174 2630/3478/3197 2629/3456/3176
f 2604/3479/3188 2649/3480/3198 2605/3481/3185
f 2605/3481/3185 2649/3480/3198 2648/3482/3199
f 2605/3481/3185 2648/3482/3199 2642/3483/3200
f 2642/3483/3200 2648/3482/3199 2641/3484/3201
f 2641/3484/3201 2648/3482/3199 2647/3485/3202
f 2641/3484/3201 2647/3485/3202 2667/3486/3203
f 2667/3486/3203 2647/3485/3202 2646/3487/3204
f 2667/3486/3203 2646/3487/3204 2666/3488/3205
f 2666/3488/3205 2646/3487/3204 2645/3489/3206
f 2666/3488/3205 2645/3489/3206 2665/3490/3207
f 2665/3490/3207 2645/3489/3206 2644/3491/3208
f 2665/3490/3207 2644/3491/3208 2664/3492/3209
f 2664/3492/3209 2644/3491/3208 2643/3493/3210
f 2664/3492/3209 2643/3493/3210 2663/3494/3211
f 2663/3494/3211 2643/3493/3210 2483/3495/3057
f 2663/3494/3211 2483/3495/3057 2482/3496/3059
f 2603/3497/3186 2655/3498/3212 2604/3479/3188
f 2604/3479/3188 2655/3498/3212 2650/3499/3213
f 2604/3479/3188 2650/3499/3213 2649/3480/3198
f 2649/3480/3198 2650/3499/3213 2648/3482/3199
f 2603/3497/3186 2602/3500/3182 2655/3498/3212
f 2655/3498/3212 2602/3500/3182 2656/3501/3214
f 2655/3498/3212 2656/3501/3214 2650/3499/3213
f 2650/3499/3213 2656/3501/3214 2651/3502/3215
f 2650/3499/3213 2651/3502/3215 2647/3485/3202
f 2647/3485/3202 2651/3502/3215 2646/3487/3204
f 2601/3503/3181 2660/3504/3216 2602/3500/3182
f 2602/3500/3182 2660/3504/3216 2657/3505/3217
f 2602/3500/3182 2657/3505/3217 2656/3501/3214
f 2656/3501/3214 2657/3505/3217 2651/3502/3215
f 2601/3503/3181 2600/3506/3161 2660/3504/3216
f 2660/3504/3216 2600/3506/3161 2661/3507/3218
f 2660/3504/3216 2661/3507/3218 2657/3505/3217
f 2657/3505/3217 2661/3507/3218 2658/3508/3219
f 2657/3505/3217 2658/3508/3219 2652/3509/3220
f 2652/3509/3220 2658/3508/3219 2653/3510/3221
f 2652/3509/3220 2653/3510/3221 2645/3489/3206
f 2645/3489/3206 2653/3510/3221 2644/3491/3208
f 2661/3507/3218 2600/3506/3161 2662/3511/3222
f 2662/3511/3222 2600/3506/3161 2487/3512/3050
f 2662/3511/3222 2487/3512/3050 2486/3513/3051
f 2662/3511/3222 2486/3513/3051 2659/3514/3223
f 2659/3514/3223 2486/3513/3051 2485/3515/3053
f 2659/3514/3223 2485/3515/3053 2654/3516/3224
f 2654/3516/3224 2485/3515/3053 2484/3517/3055
f 2654/3516/3224 2484/3517/3055 2643/3493/3210
f 2643/3493/3210 2484/3517/3055 2483/3495/3057
f 2663/3494/3211 2482/3496/3059 2668/3518/3225
f 2668/3518/3225 2482/3496/3059 2481/3519/3061
f 2668/3518/3225 2481/3519/3061 2637/3520/3226
f 2668/3518/3225 2637/3520/3226 2669/3521/3227
f 2669/3521/3227 2637/3520/3226 2638/3522/3228
f 2669/3521/3227 2638/3522/3228 2670/3523/3229
f 2670/3523/3229 2638/3522/3228 2639/3524/3230
f 2670/3523/3229 2639/3524/3230 2665/3490/3207
f 2665/3490/3207 2639/3524/3230 2666/3488/3205
f 2639/3524/3230 2640/3525/3231 2666/3488/3205
f 2666/3488/3205 2640/3525/3231 2667/3486/3203
f 2640/3525/3231 2641/3484/3201 2667/3486/3203
f 2643/3493/3210 2644/3491/3208 2654/3516/3224
f 2654/3516/3224 2644/3491/3208 2653/3510/3221
f 2654/3516/3224 2653/3510/3221 2659/3514/3223
f 2659/3514/3223 2653/3510/3221 2658/3508/3219
f 2659/3514/3223 2658/3508/3219 2662/3511/3222
f 2662/3511/3222 2658/3508/3219 2661/3507/3218
f 2645/3489/3206 2646/3487/3204 2652/3509/3220
f 2652/3509/3220 2646/3487/3204 2651/3502/3215
f 2652/3509/3220 2651/3502/3215 2657/3505/3217
f 2647/3485/3202 2648/3482/3199 2650/3499/3213
f 2670/3523/3229 2665/3490/3207 2664/3492/3209
f 2668/3518/3225 2669/3521/3227 2663/3494/3211
f 2663/3494/3211 2669/3521/3227 2664/3492/3209
f 2669/3521/3227 2670/3523/3229 2664/3492/3209
f 2675/3526/3232 2341/3527/2935 2682/3528/3233
f 2682/3528/3233 2341/3527/2935 2340/3529/2936
f 2682/3528/3233 2340/3529/2936 2687/3530/3234
f 2687/3530/3234 2340/3529/2936 2339/3531/2938
f 2687/3530/3234 2339/3531/2938 2688/3532/3235
f 2688/3532/3235 2339/3531/2938 2338/3533/2940
f 2688/3532/3235 2338/3533/2940 2689/3534/3236
f 2689/3534/3236 2338/3533/2940 2692/3535/3237
f 2689/3534/3236 2692/3535/3237 2693/3536/3238
f 2693/3536/3238 2692/3535/3237 2337/3537/2942
f 2693/3536/3238 2337/3537/2942 2695/3538/3239
f 2695/3538/3239 2337/3537/2942 2336/3539/2897
f 2695/3538/3239 2336/3539/2897 2676/3540/3240
f 2676/3540/3240 2336/3539/2897 2335/3541/2896
f 2676/3540/3240 2335/3541/2896 2611/3542/3194
f 2338/3533/2940 2337/3537/2942 2692/3535/3237
f 2676/3540/3240 2611/3542/3194 2694/3543/3241
f 2694/3543/3241 2611/3542/3194 2610/3544/3192
f 2694/3543/3241 2610/3544/3192 2691/3545/3242
f 2691/3545/3242 2610/3544/3192 2609/3546/3189
f 2691/3545/3242 2609/3546/3189 2686/3547/3243
f 2686/3547/3243 2609/3546/3189 2608/3548/3170
f 2686/3547/3243 2608/3548/3170 2677/3549/3244
f 2677/3549/3244 2608/3548/3170 2607/3550/3171
f 2677/3549/3244 2607/3550/3171 2696/3551/3245
f 2696/3551/3245 2607/3550/3171 2606/3552/3173
f 2696/3551/3245 2606/3552/3173 2671/3553/3246
f 2696/3551/3245 2671/3553/3246 2697/3554/3247
f 2697/3554/3247 2671/3553/3246 2672/3555/3248
f 2697/3554/3247 2672/3555/3248 2698/3556/3249
f 2698/3556/3249 2672/3555/3248 2673/3557/3250
f 2698/3556/3249 2673/3557/3250 2679/3558/3251
f 2679/3558/3251 2673/3557/3250 2680/3559/3252
f 2679/3558/3251 2680/3559/3252 2684/3560/3253
f 2684/3560/3253 2680/3559/3252 2683/3561/3254
f 2684/3560/3253 2683/3561/3254 2689/3534/3236
f 2689/3534/3236 2683/3561/3254 2688/3532/3235
f 2673/3557/3250 2674/3562/3255 2680/3559/3252
f 2680/3559/3252 2674/3562/3255 2681/3563/3256
f 2680/3559/3252 2681/3563/3256 2683/3561/3254
f 2683/3561/3254 2681/3563/3256 2682/3528/3233
f 2683/3561/3254 2682/3528/3233 2688/3532/3235
f 2688/3532/3235 2682/3528/3233 2687/3530/3234
f 2674/3562/3255 2675/3526/3232 2681/3563/3256
f 2681/3563/3256 2675/3526/3232 2682/3528/3233
f 2677/3549/3244 2678/3564/3257 2686/3547/3243
f 2686/3547/3243 2678/3564/3257 2685/3565/3258
f 2686/3547/3243 2685/3565/3258 2691/3545/3242
f 2691/3545/3242 2685/3565/3258 2690/3566/3259
f 2691/3545/3242 2690/3566/3259 2694/3543/3241
f 2694/3543/3241 2690/3566/3259 2693/3536/3238
f 2694/3543/3241 2693/3536/3238 2676/3540/3240
f 2676/3540/3240 2693/3536/3238 2695/3538/3239
f 2678/3564/3257 2679/3558/3251 2685/3565/3258
f 2685/3565/3258 2679/3558/3251 2684/3560/3253
f 2685/3565/3258 2684/3560/3253 2690/3566/3259
f 2690/3566/3259 2684/3560/3253 2689/3534/3236
f 2690/3566/3259 2689/3534/3236 2693/3536/3238
f 2696/3551/3245 2697/3554/3247 2677/3549/3244
f 2677/3549/3244 2697/3554/3247 2678/3564/3257
f 2697/3554/3247 2698/3556/3249 2678/3564/3257
f 2678/3564/3257 2698/3556/3249 2679/3558/3251
f 2705/3567/3260 2402/3568/2982 2704/3569/3261
f 2704/3569/3261 2402/3568/2982 2439/3570/2996
f 2704/3569/3261 2439/3570/2996 2703/3571/3262
f 2703/3571/3262 2439/3570/2996 2438/3572/3020
f 2703/3571/3262 2438/3572/3020 2702/3573/3263
f 2702/3573/3263 2438/3572/3020 2437/3574/3018
f 2702/3573/3263 2437/3574/3018 2701/3575/3264
f 2701/3575/3264 2437/3574/3018 2436/3576/3016
f 2701/3575/3264 2436/3576/3016 2700/3577/3265
f 2700/3577/3265 2436/3576/3016 2435/3578/3014
f 2700/3577/3265 2435/3578/3014 2699/3579/3266
f 2699/3579/3266 2435/3578/3014 2348/3580/2922
f 2699/3579/3266 2348/3581/2922 2712/3582/3267
f 2712/3582/3267 2348/3581/2922 2347/3583/2923
f 2712/3582/3267 2347/3583/2923 2711/3584/3268
f 2711/3584/3268 2347/3583/2923 2346/3585/2925
f 2711/3584/3268 2346/3585/2925 2710/3586/3269
f 2710/3586/3269 2346/3585/2925 2345/3587/2927
f 2710/3586/3269 2345/3587/2927 2709/3588/3270
f 2709/3588/3270 2345/3587/2927 2344/3589/2929
f 2709/3588/3270 2344/3589/2929 2708/3590/3271
f 2708/3590/3271 2344/3589/2929 2343/3591/2931
f 2708/3590/3271 2343/3591/2931 2707/3592/3272
f 2707/3592/3272 2343/3591/2931 2342/3593/2933
f 2707/3592/3272 2342/3593/2933 2706/3594/3273
f 2706/3594/3273 2342/3593/2933 2341/3595/2935
f 2706/3596/3273 2341/3597/2935 2718/3598/3274
f 2718/3598/3274 2341/3597/2935 2675/3599/3232
f 2718/3598/3274 2675/3599/3232 2717/3600/3275
f 2717/3600/3275 2675/3599/3232 2674/3601/3255
f 2717/3600/3275 2674/3601/3255 2716/3602/3276
f 2716/3602/3276 2674/3601/3255 2673/3603/3250
f 2716/3602/3276 2673/3603/3250 2715/3604/3277
f 2715/3604/3277 2673/3603/3250 2672/3605/3248
f 2715/3604/3277 2672/3605/3248 2714/3606/3278
f 2714/3606/3278 2672/3605/3248 2671/3607/3246
f 2714/3606/3278 2671/3607/3246 2713/3608/3279
f 2713/3608/3279 2671/3607/3246 2606/3609/3173
f 2606/3610/3173 2605/3611/3185 2713/3612/3279
f 2713/3612/3279 2605/3611/3185 2719/3613/3280
f 2721/3614/3281 2493/3615/3038 2720/3616/3282
f 2720/3616/3282 2493/3615/3038 2492/3617/3040
f 2720/3616/3282 2492/3617/3040 2491/3618/3042
f 2722/3619/3283 2723/3620/3284 2721/3614/3281
f 2721/3614/3281 2723/3620/3284 2495/3621/3034
f 2721/3614/3281 2495/3621/3034 2494/3622/3036
f 2724/3623/3285 2356/3624/2908 2723/3620/3284
f 2723/3620/3284 2356/3624/2908 2355/3625/2910
f 2723/3620/3284 2355/3625/2910 2354/3626/2912
f 2725/3627/3286 2720/3616/3282 2724/3623/3285
f 2724/3623/3285 2720/3616/3282 2359/3628/2902
f 2724/3623/3285 2359/3628/2902 2358/3629/2904
f 2487/3630/3050 2335/3631/2896 2720/3616/3282
f 2720/3616/3282 2335/3631/2896 2361/3632/2898
f 2720/3616/3282 2361/3632/2898 2360/3633/2900
f 2360/3633/2900 2359/3628/2902 2720/3616/3282
f 2358/3629/2904 2357/3634/2906 2724/3623/3285
f 2724/3623/3285 2357/3634/2906 2356/3624/2908
f 2409/3635/2989 2500/3636/3024 2354/3626/2912
f 2354/3626/2912 2500/3636/3024 2723/3620/3284
f 2500/3636/3024 2499/3637/3026 2723/3620/3284
f 2723/3620/3284 2499/3637/3026 2498/3638/3028
f 2723/3620/3284 2498/3638/3028 2497/3639/3030
f 2497/3639/3030 2496/3640/3032 2723/3620/3284
f 2723/3620/3284 2496/3640/3032 2495/3621/3034
f 2494/3622/3036 2493/3615/3038 2721/3614/3281
f 2491/3618/3042 2490/3641/3044 2720/3616/3282
f 2720/3616/3282 2490/3641/3044 2489/3642/3046
f 2720/3616/3282 2489/3642/3046 2488/3643/3048
f 2488/3643/3048 2487/3630/3050 2720/3616/3282
f 2726/3644/3287 2727/3645/3288 2723/3646/3289
f 2723/3646/3289 2727/3645/3288 2724/3647/3290
f 2728/3648/3291 2726/3649/3292 2722/3650/3293
f 2722/3650/3293 2726/3649/3292 2723/3651/3294
f 2729/3652/3295 2728/3653/3296 2721/3654/3297
f 2721/3654/3297 2728/3653/3296 2722/3655/3298
f 2730/3656/3299 2729/3657/3300 2720/3658/3301
f 2720/3658/3301 2729/3657/3300 2721/3659/3302
f 2727/3660/3303 2731/3661/3304 2724/3662/3305
f 2724/3662/3305 2731/3661/3304 2725/3663/3306
f 2731/3664/3307 2730/3665/3308 2725/3666/3309
f 2725/3666/3309 2730/3665/3308 2720/3667/3310
f 2747/3668/3311 2732/3669/3312 2746/3670/3313
f 2746/3670/3313 2732/3669/3312 2733/3671/3314
f 2746/3670/3313 2733/3671/3314 2745/3672/3315
f 2745/3672/3315 2733/3671/3314 2734/3673/3316
f 2745/3672/3315 2734/3673/3316 2744/3674/3317
f 2744/3674/3317 2734/3673/3316 2735/3675/3318
f 2744/3674/3317 2735/3675/3318 2743/3676/3319
f 2743/3676/3319 2735/3675/3318 2736/3677/3320
f 2743/3676/3319 2736/3677/3320 2742/3678/3321
f 2742/3678/3321 2736/3677/3320 2737/3679/3322
f 2742/3678/3321 2737/3679/3322 2741/3680/3323
f 2741/3680/3323 2737/3679/3322 2738/3681/3324
f 2741/3680/3323 2738/3681/3324 2740/3682/3325
f 2740/3682/3325 2738/3681/3324 2739/3683/3326
f 2740/3684/3325 2739/3685/3326 2759/3686/3327
f 2759/3686/3327 2739/3685/3326 2748/3687/3328
f 2759/3686/3327 2748/3687/3328 2758/3688/3329
f 2758/3688/3329 2748/3687/3328 2749/3689/3330
f 2758/3688/3329 2749/3689/3330 2757/3690/3331
f 2757/3690/3331 2749/3689/3330 2750/3691/3332
f 2757/3690/3331 2750/3691/3332 2756/3692/3333
f 2756/3692/3333 2750/3691/3332 2751/3693/3334
f 2756/3692/3333 2751/3693/3334 2755/3694/3335
f 2755/3694/3335 2751/3693/3334 2752/3695/3336
f 2755/3694/3335 2752/3695/3336 2754/3696/3337
f 2754/3696/3337 2752/3695/3336 2753/3697/3338
f 2753/3698/3338 2760/3699/3339 2754/3700/3337
f 2754/3700/3337 2760/3699/3339 2761/3701/3340
f 2761/3702/3340 2760/3703/3339 2775/3704/3341
f 2775/3704/3341 2760/3703/3339 2762/3705/3342
f 2775/3704/3341 2762/3705/3342 2774/3706/3343
f 2774/3706/3343 2762/3705/3342 2763/3707/3344
f 2774/3706/3343 2763/3707/3344 2773/3708/3345
f 2773/3708/3345 2763/3707/3344 2764/3709/3346
f 2773/3708/3345 2764/3709/3346 2772/3710/3347
f 2772/3710/3347 2764/3709/3346 2765/3711/3348
f 2772/3710/3347 2765/3711/3348 2771/3712/3349
f 2771/3712/3349 2765/3711/3348 2766/3713/3350
f 2771/3712/3349 2766/3713/3350 2770/3714/3351
f 2770/3714/3351 2766/3713/3350 2767/3715/3352
f 2770/3714/3351 2767/3715/3352 2769/3716/3353
f 2769/3716/3353 2767/3715/3352 2768/3717/3354
f 2769/3718/3353 2768/3719/3354 2803/3720/3355
f 2803/3720/3355 2768/3719/3354 2776/3721/3356
f 2803/3720/3355 2776/3721/3356 2802/3722/3357
f 2802/3722/3357 2776/3721/3356 2777/3723/3358
f 2802/3722/3357 2777/3723/3358 2801/3724/3359
f 2801/3724/3359 2777/3723/3358 2778/3725/3360
f 2801/3724/3359 2778/3725/3360 2800/3726/3361
f 2800/3726/3361 2778/3725/3360 2779/3727/3362
f 2800/3726/3361 2779/3727/3362 2799/3728/3363
f 2799/3728/3363 2779/3727/3362 2780/3729/3364
f 2799/3728/3363 2780/3729/3364 2798/3730/3365
f 2798/3730/3365 2780/3729/3364 2781/3731/3366
f 2798/3730/3365 2781/3731/3366 2797/3732/3367
f 2797/3732/3367 2781/3731/3366 2782/3733/3368
f 2797/3732/3367 2782/3733/3368 2796/3734/3369
f 2796/3734/3369 2782/3733/3368 2783/3735/3370
f 2796/3734/3369 2783/3735/3370 2795/3736/3371
f 2795/3736/3371 2783/3735/3370 2784/3737/3372
f 2795/3736/3371 2784/3737/3372 2794/3738/3373
f 2794/3738/3373 2784/3737/3372 2785/3739/3374
f 2794/3738/3373 2785/3739/3374 2793/3740/3375
f 2793/3740/3375 2785/3739/3374 2786/3741/3376
f 2793/3740/3375 2786/3741/3376 2792/3742/3377
f 2792/3742/3377 2786/3741/3376 2787/3743/3378
f 2792/3742/3377 2787/3743/3378 2791/3744/3379
f 2791/3744/3379 2787/3743/3378 2788/3745/3380
f 2791/3744/3379 2788/3745/3380 2790/3746/3381
f 2790/3746/3381 2788/3745/3380 2789/3747/3382
f 2790/3748/3381 2789/3749/3382 2817/3750/3383
f 2817/3750/3383 2789/3749/3382 2804/3751/3384
f 2817/3750/3383 2804/3751/3384 2816/3752/3385
f 2816/3752/3385 2804/3751/3384 2805/3753/3386
f 2816/3752/3385 2805/3753/3386 2815/3754/3387
f 2815/3754/3387 2805/3753/3386 2806/3755/3388
f 2815/3754/3387 2806/3755/3388 2814/3756/3389
f 2814/3756/3389 2806/3755/3388 2807/3757/3390
f 2814/3756/3389 2807/3757/3390 2813/3758/3391
f 2813/3758/3391 2807/3757/3390 2808/3759/3392
f 2813/3758/3391 2808/3759/3392 2812/3760/3393
f 2812/3760/3393 2808/3759/3392 2809/3761/3394
f 2812/3760/3393 2809/3761/3394 2811/3762/3395
f 2811/3762/3395 2809/3761/3394 2810/3763/3396
f 2810/3764/3396 2818/3765/3397 2811/3766/3395
f 2811/3766/3395 2818/3765/3397 2819/3767/3398
f 2819/3768/3398 2818/3769/3397 2829/3770/3399
f 2829/3770/3399 2818/3769/3397 2820/3771/3400
f 2829/3770/3399 2820/3771/3400 2828/3772/3401
f 2828/3772/3401 2820/3771/3400 2821/3773/3402
f 2828/3772/3401 2821/3773/3402 2827/3774/3403
f 2827/3774/3403 2821/3773/3402 2822/3775/3404
f 2827/3774/3403 2822/3775/3404 2826/3776/3405
f 2826/3776/3405 2822/3775/3404 2823/3777/3406
f 2826/3776/3405 2823/3777/3406 2825/3778/3407
f 2825/3778/3407 2823/3777/3406 2824/3779/3408
f 2825/3778/3407 2824/3779/3408 2747/3780/3311
f 2747/3780/3311 2824/3779/3408 2732/3781/3312
f 2730/3782/3409 2798/3783/3410 2729/3784/3411
f 2729/3784/3411 2798/3783/3410 2797/3785/3412
f 2729/3784/3411 2797/3785/3412 2796/3786/3413
f 2731/3787/3414 2727/3788/3415 2730/3782/3409
f 2730/3782/3409 2727/3788/3415 2742/3789/3416
f 2730/3782/3409 2742/3789/3416 2741/3790/3417
f 2726/3791/3418 2745/3792/3419 2727/3788/3415
f 2727/3788/3415 2745/3792/3419 2744/3793/3420
f 2727/3788/3415 2744/3793/3420 2743/3794/3421
f 2728/3795/3422 2729/3784/3411 2726/3791/3418
f 2726/3791/3418 2729/3784/3411 2796/3786/3413
f 2726/3791/3418 2796/3786/3413 2795/3796/3423
f 2829/3797/3424 2828/3798/3425 2819/3799/3426
f 2819/3799/3426 2828/3798/3425 2827/3800/3427
f 2819/3799/3426 2827/3800/3427 2826/3801/3428
f 2826/3801/3428 2825/3802/3429 2819/3799/3426
f 2819/3799/3426 2825/3802/3429 2747/3803/3430
f 2819/3799/3426 2747/3803/3430 2746/3804/3431
f 2819/3799/3426 2746/3804/3431 2726/3791/3418
f 2726/3791/3418 2746/3804/3431 2745/3792/3419
f 2743/3794/3421 2742/3789/3416 2727/3788/3415
f 2730/3782/3409 2741/3790/3417 2754/3805/3432
f 2754/3805/3432 2741/3790/3417 2740/3806/3433
f 2754/3805/3432 2740/3806/3433 2755/3807/3434
f 2755/3807/3434 2740/3806/3433 2756/3808/3435
f 2756/3808/3435 2740/3806/3433 2757/3809/3436
f 2757/3809/3436 2740/3806/3433 2758/3810/3437
f 2758/3810/3437 2740/3806/3433 2759/3811/3438
f 2754/3805/3432 2761/3812/3439 2730/3782/3409
f 2730/3782/3409 2761/3812/3439 2803/3813/3440
f 2730/3782/3409 2803/3813/3440 2802/3814/3441
f 2803/3813/3440 2761/3812/3439 2769/3815/3442
f 2769/3815/3442 2761/3812/3439 2775/3816/3443
f 2769/3815/3442 2775/3816/3443 2774/3817/3444
f 2774/3817/3444 2773/3818/3445 2769/3815/3442
f 2769/3815/3442 2773/3818/3445 2772/3819/3446
f 2769/3815/3442 2772/3819/3446 2771/3820/3447
f 2771/3820/3447 2770/3821/3448 2769/3815/3442
f 2802/3814/3441 2801/3822/3449 2730/3782/3409
f 2730/3782/3409 2801/3822/3449 2800/3823/3450
f 2730/3782/3409 2800/3823/3450 2799/3824/3451
f 2799/3824/3451 2798/3783/3410 2730/3782/3409
f 2795/3796/3423 2794/3825/3452 2726/3791/3418
f 2726/3791/3418 2794/3825/3452 2793/3826/3453
f 2726/3791/3418 2793/3826/3453 2792/3827/3454
f 2792/3827/3454 2791/3828/3455 2726/3791/3418
f 2726/3791/3418 2791/3828/3455 2811/3829/3456
f 2726/3791/3418 2811/3829/3456 2819/3799/3426
f 2791/3828/3455 2790/3830/3457 2811/3829/3456
f 2811/3829/3456 2790/3830/3457 2812/3831/3458
f 2812/3831/3458 2790/3830/3457 2813/3832/3459
f 2813/3832/3459 2790/3830/3457 2814/3833/3460
f 2814/3833/3460 2790/3830/3457 2815/3834/3461
f 2815/3834/3461 2790/3830/3457 2816/3835/3462
f 2816/3835/3462 2790/3830/3457 2817/3836/3463
f 2719/3837/3280 2605/3838/3185 2836/3839/3464
f 2836/3839/3464 2605/3838/3185 2642/3840/3200
f 2836/3839/3464 2642/3840/3200 2835/3841/3465
f 2835/3841/3465 2642/3840/3200 2641/3842/3201
f 2835/3841/3465 2641/3842/3201 2834/3843/3466
f 2834/3843/3466 2641/3842/3201 2640/3844/3231
f 2834/3843/3466 2640/3844/3231 2833/3845/3467
f 2833/3845/3467 2640/3844/3231 2639/3846/3230
f 2833/3845/3467 2639/3846/3230 2832/3847/3468
f 2832/3847/3468 2639/3846/3230 2638/3848/3228
f 2832/3847/3468 2638/3848/3228 2831/3849/3469
f 2831/3849/3469 2638/3848/3228 2637/3850/3226
f 2831/3849/3469 2637/3850/3226 2830/3851/3470
f 2830/3851/3470 2637/3850/3226 2481/3852/3061
f 2830/3853/3470 2481/3854/3061 2850/3855/3471
f 2850/3855/3471 2481/3854/3061 2480/3856/3060
f 2850/3855/3471 2480/3856/3060 2849/3857/3472
f 2849/3857/3472 2480/3856/3060 2479/3858/3126
f 2849/3857/3472 2479/3858/3126 2848/3859/3473
f 2848/3859/3473 2479/3858/3126 2478/3860/3125
f 2848/3859/3473 2478/3860/3125 2847/3861/3474
f 2847/3861/3474 2478/3860/3125 2477/3862/3124
f 2847/3861/3474 2477/3862/3124 2846/3863/3475
f 2846/3863/3475 2477/3862/3124 2476/3864/3123
f 2846/3863/3475 2476/3864/3123 2845/3865/3476
f 2845/3865/3476 2476/3864/3123 2475/3866/3122
f 2845/3865/3476 2475/3866/3122 2844/3867/3477
f 2844/3867/3477 2475/3866/3122 2474/3868/3121
f 2844/3867/3477 2474/3868/3121 2843/3869/3478
f 2843/3869/3478 2474/3868/3121 2473/3870/3120
f 2843/3869/3478 2473/3870/3120 2842/3871/3479
f 2842/3871/3479 2473/3870/3120 2472/3872/3119
f 2842/3871/3479 2472/3872/3119 2841/3873/3480
f 2841/3873/3480 2472/3872/3119 2471/3874/3118
f 2841/3873/3480 2471/3874/3118 2840/3875/3481
f 2840/3875/3481 2471/3874/3118 2470/3876/3117
f 2840/3875/3481 2470/3876/3117 2839/3877/3482
f 2839/3877/3482 2470/3876/3117 2469/3878/3116
f 2839/3877/3482 2469/3878/3116 2838/3879/3483
f 2838/3879/3483 2469/3878/3116 2468/3880/3115
f 2838/3879/3483 2468/3880/3115 2837/3881/3484
f 2837/3881/3484 2468/3880/3115 2467/3882/3114
f 2837/3883/3484 2467/3884/3114 2857/3885/3485
f 2857/3885/3485 2467/3884/3114 2571/3886/3127
f 2857/3885/3485 2571/3886/3127 2856/3887/3486
f 2856/3887/3486 2571/3886/3127 2570/3888/3137
f 2856/3887/3486 2570/3888/3137 2855/3889/3487
f 2855/3889/3487 2570/3888/3137 2569/3890/3155
f 2855/3889/3487 2569/3890/3155 2854/3891/3488
f 2854/3891/3488 2569/3890/3155 2568/3892/3149
f 2854/3891/3488 2568/3892/3149 2853/3893/3489
f 2853/3893/3489 2568/3892/3149 2567/3894/3147
f 2853/3893/3489 2567/3894/3147 2852/3895/3490
f 2852/3895/3490 2567/3894/3147 2566/3896/3145
f 2852/3895/3490 2566/3896/3145 2851/3897/3491
f 2851/3897/3491 2566/3896/3145 2403/3898/2970
f 2403/3899/2970 2402/3900/2982 2851/3901/3491
f 2851/3901/3491 2402/3900/2982 2705/3902/3260
f 2738/3903/3492 2707/3904/3493 2739/3905/3494
f 2739/3905/3494 2707/3904/3493 2706/3906/3495
f 2739/3905/3494 2706/3906/3495 2748/3907/3496
f 2748/3907/3496 2706/3906/3495 2749/3908/3497
f 2749/3908/3497 2706/3906/3495 2750/3909/3498
f 2750/3909/3498 2706/3906/3495 2718/3910/3499
f 2750/3909/3498 2718/3910/3499 2717/3911/3500
f 2707/3904/3493 2738/3903/3492 2708/3912/3501
f 2708/3912/3501 2738/3903/3492 2737/3913/3502
f 2708/3912/3501 2737/3913/3502 2709/3914/3503
f 2709/3914/3503 2737/3913/3502 2736/3915/3504
f 2709/3914/3503 2736/3915/3504 2710/3916/3505
f 2710/3916/3505 2736/3915/3504 2735/3917/3506
f 2710/3916/3505 2735/3917/3506 2734/3918/3507
f 2710/3916/3505 2734/3918/3507 2711/3919/3508
f 2711/3919/3508 2734/3918/3507 2733/3920/3509
f 2711/3919/3508 2733/3920/3509 2712/3921/3510
f 2712/3921/3510 2733/3920/3509 2732/3922/3511
f 2712/3921/3510 2732/3922/3511 2699/3923/3512
f 2699/3923/3512 2732/3922/3511 2824/3924/3513
f 2699/3923/3512 2824/3924/3513 2823/3925/3514
f 2823/3925/3514 2822/3926/3515 2699/3923/3512
f 2699/3923/3512 2822/3926/3515 2700/3927/3516
f 2700/3927/3516 2822/3926/3515 2701/3928/3517
f 2701/3928/3517 2822/3926/3515 2702/3929/3518
f 2702/3929/3518 2822/3926/3515 2703/3930/3519
f 2703/3930/3519 2822/3926/3515 2704/3931/3520
f 2704/3931/3520 2822/3926/3515 2705/3932/3521
f 2705/3932/3521 2822/3926/3515 2821/3933/3522
f 2705/3932/3521 2821/3933/3522 2820/3934/3523
f 2820/3934/3523 2818/3935/3524 2705/3932/3521
f 2705/3932/3521 2818/3935/3524 2810/3936/3525
f 2705/3932/3521 2810/3936/3525 2851/3937/3526
f 2851/3937/3526 2810/3936/3525 2809/3938/3527
f 2851/3937/3526 2809/3938/3527 2808/3939/3528
f 2808/3939/3528 2807/3940/3529 2851/3937/3526
f 2851/3937/3526 2807/3940/3529 2852/3941/3530
f 2852/3941/3530 2807/3940/3529 2853/3942/3531
f 2853/3942/3531 2807/3940/3529 2854/3943/3532
f 2854/3943/3532 2807/3940/3529 2855/3944/3533
f 2855/3944/3533 2807/3940/3529 2806/3945/3534
f 2855/3944/3533 2806/3945/3534 2856/3946/3535
f 2856/3946/3535 2806/3945/3534 2857/3947/3536
f 2857/3947/3536 2806/3945/3534 2837/3948/3537
f 2837/3948/3537 2806/3945/3534 2805/3949/3538
f 2837/3948/3537 2805/3949/3538 2804/3950/3539
f 2804/3950/3539 2789/3951/3540 2837/3948/3537
f 2837/3948/3537 2789/3951/3540 2838/3952/3541
f 2838/3952/3541 2789/3951/3540 2788/3953/3542
f 2838/3952/3541 2788/3953/3542 2839/3954/3543
f 2839/3954/3543 2788/3953/3542 2787/3955/3544
f 2839/3954/3543 2787/3955/3544 2840/3956/3545
f 2840/3956/3545 2787/3955/3544 2786/3957/3546
f 2840/3956/3545 2786/3957/3546 2841/3958/3547
f 2841/3958/3547 2786/3957/3546 2785/3959/3548
f 2841/3958/3547 2785/3959/3548 2842/3960/3549
f 2842/3960/3549 2785/3959/3548 2784/3961/3550
f 2842/3960/3549 2784/3961/3550 2843/3962/3551
f 2843/3962/3551 2784/3961/3550 2783/3963/3552
f 2843/3962/3551 2783/3963/3552 2844/3964/3553
f 2844/3964/3553 2783/3963/3552 2782/3965/3554
f 2844/3964/3553 2782/3965/3554 2781/3966/3555
f 2844/3964/3553 2781/3966/3555 2845/3967/3556
f 2845/3967/3556 2781/3966/3555 2780/3968/3557
f 2845/3967/3556 2780/3968/3557 2846/3969/3558
f 2846/3969/3558 2780/3968/3557 2779/3970/3559
f 2846/3969/3558 2779/3970/3559 2847/3971/3560
f 2847/3971/3560 2779/3970/3559 2778/3972/3561
f 2847/3971/3560 2778/3972/3561 2848/3973/3562
f 2848/3973/3562 2778/3972/3561 2777/3974/3563
f 2848/3973/3562 2777/3974/3563 2849/3975/3564
f 2849/3975/3564 2777/3974/3563 2776/3976/3565
f 2849/3975/3564 2776/3976/3565 2850/3977/3566
f 2850/3977/3566 2776/3976/3565 2768/3978/3567
f 2850/3977/3566 2768/3978/3567 2830/3979/3568
f 2830/3979/3568 2768/3978/3567 2767/3980/3569
f 2830/3979/3568 2767/3980/3569 2766/3981/3570
f 2766/3981/3570 2765/3982/3571 2830/3979/3568
f 2830/3979/3568 2765/3982/3571 2831/3983/3572
f 2831/3983/3572 2765/3982/3571 2832/3984/3573
f 2832/3984/3573 2765/3982/3571 2833/3985/3574
f 2833/3985/3574 2765/3982/3571 2764/3986/3575
f 2833/3985/3574 2764/3986/3575 2834/3987/3576
f 2834/3987/3576 2764/3986/3575 2835/3988/3577
f 2835/3988/3577 2764/3986/3575 2836/3989/3578
f 2836/3989/3578 2764/3986/3575 2719/3990/3579
f 2719/3990/3579 2764/3986/3575 2763/3991/3580
f 2719/3990/3579 2763/3991/3580 2762/3992/3581
f 2762/3992/3581 2760/3993/3582 2719/3990/3579
f 2719/3990/3579 2760/3993/3582 2713/3994/3583
f 2713/3994/3583 2760/3993/3582 2753/3995/3584
f 2713/3994/3583 2753/3995/3584 2752/3996/3585
f 2752/3996/3585 2751/3997/3586 2713/3994/3583
f 2713/3994/3583 2751/3997/3586 2750/3909/3498
f 2713/3994/3583 2750/3909/3498 2714/3998/3587
f 2714/3998/3587 2750/3909/3498 2715/3999/3588
f 2715/3999/3588 2750/3909/3498 2716/4000/3589
f 2716/4000/3589 2750/3909/3498 2717/3911/3500
g Körper3

v 3.261901 0.500000 0.500000
v 3.261901 0.448236 0.493185
v 3.261901 0.400000 0.473205
v 3.261901 0.358579 0.441421
v 3.261901 0.326795 0.400000
v 3.261901 0.306815 0.351764
v 3.261901 0.300000 0.300000
v 9.186403 0.300000 0.300000
v 9.186403 0.306815 0.351764
v 9.186403 0.326795 0.400000
v 9.186403 0.358579 0.441421
v 9.186403 0.400000 0.473205
v 9.186403 0.448236 0.493185
v 9.186403 0.500000 0.500000
v 4.249318 0.448236 0.493185
v 5.236735 0.448236 0.493185
v 6.224152 0.448236 0.493185
v 7.211569 0.448236 0.493185
v 8.198986 0.448236 0.493185
v 4.249318 0.400000 0.473205
v 5.236735 0.400000 0.473205
v 6.224152 0.400000 0.473205
v 7.211569 0.400000 0.473205
v 8.198986 0.400000 0.473205
v 4.249318 0.358579 0.441421
v 5.236735 0.358579 0.441421
v 6.224152 0.358579 0.441421
v 7.211569 0.358579 0.441421
v 8.198986 0.358579 0.441421
v 4.249318 0.326795 0.400000
v 5.236735 0.326795 0.400000
v 6.224152 0.326795 0.400000
v 7.211569 0.326795 0.400000
v 8.198986 0.326795 0.400000
v 4.249318 0.306815 0.351764
v 5.236735 0.306815 0.351764
v 6.224152 0.306815 0.351764
v 7.211569 0.306815 0.351764
v 8.198986 0.306815 0.351764
v 9.238090 0.502813 0.493185
v 9.286255 0.505435 0.473205
v 9.327615 0.507686 0.441421
v 9.359352 0.509413 0.400000
v 9.379303 0.510499 0.351764
v 9.386107 0.510870 0.300000
v 9.281717 1.486515 0.300000
v 9.076192 2.445963 0.300000
v 8.771772 3.378760 0.300000
v 8.371773 4.274741 0.300000
v 7.880555 5.124144 0.300000
v 7.303469 5.917714 0.300000
v 6.646804 6.646804 0.300000
v 5.917714 7.303469 0.300000
v 5.124144 7.880555 0.300000
v 4.274741 8.371773 0.300000
v 3.378760 8.771772 0.300000
v 2.445963 9.076192 0.300000
v 1.486515 9.281717 0.300000
v 0.510870 9.386107 0.300000
v 0.510499 9.379303 0.351764
v 0.509413 9.359352 0.400000
v 0.507686 9.327615 0.441421
v 0.505435 9.286255 0.473205
v 0.502813 9.238090 0.493185
v 0.500000 9.186403 0.500000
v 1.454887 9.084234 0.500000
v 2.393921 8.883082 0.500000
v 3.306871 8.585138 0.500000
v 4.183789 8.193651 0.500000
v 5.015120 7.712884 0.500000
v 5.791805 7.148076 0.500000
v 6.505382 6.505382 0.500000
v 7.148076 5.791805 0.500000
v 7.712884 5.015120 0.500000
v 8.193651 4.183789 0.500000
v 8.585138 3.306871 0.500000
v 8.883082 2.393921 0.500000
v 9.084234 1.454887 0.500000
v 9.274988 1.485437 0.351764
v 9.255259 1.482278 0.400000
v 9.223876 1.477251 0.441421
v 9.182975 1.470701 0.473205
v 9.135346 1.463073 0.493185
v 9.069612 2.444190 0.351764
v 9.050320 2.438991 0.400000
v 9.019631 2.430720 0.441421
v 8.979637 2.419942 0.473205
v 8.933062 2.407391 0.493185
v 8.765413 3.376310 0.351764
v 8.746768 3.369128 0.400000
v 8.717108 3.357704 0.441421
v 8.678455 3.342815 0.473205
v 8.633443 3.325477 0.493185
v 8.365704 4.271642 0.351764
v 8.347909 4.262556 0.400000
v 8.319602 4.248102 0.441421
v 8.282712 4.229265 0.473205
v 8.239752 4.207329 0.493185
v 7.874842 5.120429 0.351764
v 7.858091 5.109538 0.400000
v 7.831445 5.092212 0.441421
v 7.796719 5.069632 0.473205
v 7.756280 5.043337 0.493185
v 7.298174 5.913424 0.351764
v 7.282650 5.900845 0.400000
v 7.257956 5.880836 0.441421
v 7.225773 5.854760 0.473205
v 7.188295 5.824393 0.493185
v 6.641985 6.641985 0.351764
v 6.627857 6.627857 0.400000
v 6.605382 6.605382 0.441421
v 6.576093 6.576093 0.473205
v 6.541985 6.541985 0.493185
v 5.913424 7.298174 0.351764
v 5.900845 7.282650 0.400000
v 5.880836 7.257956 0.441421
v 5.854760 7.225773 0.473205
v 5.824393 7.188295 0.493185
v 5.120429 7.874842 0.351764
v 5.109538 7.858091 0.400000
v 5.092212 7.831445 0.441421
v 5.069632 7.796719 0.473205
v 5.043337 7.756280 0.493185
v 4.271642 8.365704 0.351764
v 4.262556 8.347909 0.400000
v 4.248102 8.319602 0.441421
v 4.229265 8.282712 0.473205
v 4.207329 8.239752 0.493185
v 3.376310 8.765413 0.351764
v 3.369128 8.746768 0.400000
v 3.357704 8.717108 0.441421
v 3.342815 8.678455 0.473205
v 3.325477 8.633443 0.493185
v 2.444190 9.069612 0.351764
v 2.438991 9.050320 0.400000
v 2.430720 9.019631 0.441421
v 2.419942 8.979637 0.473205
v 2.407391 8.933062 0.493185
v 1.485437 9.274988 0.351764
v 1.482278 9.255259 0.400000
v 1.477251 9.223876 0.441421
v 1.470701 9.182975 0.473205
v 1.463073 9.135346 0.493185
v 9.232420 0.305366 0.300000
v 9.275969 0.321176 0.300000
v 9.314711 0.346582 0.300000
v 9.346568 0.380220 0.300000
v 9.369830 0.420285 0.300000
v 9.383250 0.464629 0.300000
v 9.367014 0.469845 0.380439
v 9.381993 0.482825 0.338071
v 9.376172 0.440537 0.321261
v 9.360365 0.401378 0.303333
v 9.360145 0.426652 0.366587
v 9.344134 0.387318 0.349232
v 9.319824 0.353914 0.329286
v 9.288494 0.328196 0.307797
v 9.342379 0.462958 0.419581
v 9.333801 0.419289 0.408442
v 9.317467 0.379866 0.391597
v 9.294237 0.346764 0.369933
v 9.265333 0.321725 0.344589
v 9.232276 0.306067 0.316898
v 9.309663 0.462603 0.452998
v 9.298809 0.418909 0.444184
v 9.282041 0.379481 0.427784
v 9.260240 0.346395 0.404659
v 9.234554 0.321391 0.376028
v 9.206334 0.305785 0.343397
v 9.270977 0.468804 0.478533
v 9.257431 0.425541 0.471496
v 9.240148 0.386195 0.455435
v 9.220037 0.352838 0.431195
v 9.198157 0.327225 0.400052
v 9.228809 0.481161 0.494543
v 9.212329 0.438757 0.488619
v 9.194486 0.399577 0.472771
v 0.448236 9.186403 0.493185
v 0.400000 9.186403 0.473205
v 0.358579 9.186403 0.441421
v 0.326795 9.186403 0.400000
v 0.306815 9.186403 0.351764
v 0.300000 9.186403 0.300000
v 0.300000 3.261901 0.300000
v 0.306815 3.261901 0.351764
v 0.326795 3.261901 0.400000
v 0.358579 3.261901 0.441421
v 0.400000 3.261901 0.473205
v 0.448236 3.261901 0.493185
v 0.500000 3.261901 0.500000
v 0.448236 8.198986 0.493185
v 0.448236 7.211569 0.493185
v 0.448236 6.224152 0.493185
v 0.448236 5.236735 0.493185
v 0.448236 4.249318 0.493185
v 0.400000 8.198986 0.473205
v 0.400000 7.211569 0.473205
v 0.400000 6.224152 0.473205
v 0.400000 5.236735 0.473205
v 0.400000 4.249318 0.473205
v 0.358579 8.198986 0.441421
v 0.358579 7.211569 0.441421
v 0.358579 6.224152 0.441421
v 0.358579 5.236735 0.441421
v 0.358579 4.249318 0.441421
v 0.326795 8.198986 0.400000
v 0.326795 7.211569 0.400000
v 0.326795 6.224152 0.400000
v 0.326795 5.236735 0.400000
v 0.326795 4.249318 0.400000
v 0.306815 8.198986 0.351764
v 0.306815 7.211569 0.351764
v 0.306815 6.224152 0.351764
v 0.306815 5.236735 0.351764
v 0.306815 4.249318 0.351764
v 0.464629 9.383250 0.300000
v 0.420285 9.369830 0.300000
v 0.380220 9.346568 0.300000
v 0.346582 9.314711 0.300000
v 0.321176 9.275969 0.300000
v 0.305366 9.232420 0.300000
v 0.305458 9.209014 0.340523
v 0.311875 9.250535 0.322274
v 0.328161 9.288692 0.302858
v 0.321390 9.223040 0.382197
v 0.328913 9.265534 0.366840
v 0.345410 9.303877 0.347977
v 0.370016 9.336059 0.326598
v 0.401440 9.360390 0.303823
v 0.346803 9.230673 0.420710
v 0.356089 9.273697 0.408025
v 0.372924 9.312142 0.389674
v 0.396425 9.343991 0.366619
v 0.425358 9.367574 0.340070
v 0.458207 9.381654 0.311419
v 0.380061 9.231423 0.453583
v 0.391655 9.274499 0.443180
v 0.408932 9.312954 0.425265
v 0.430985 9.344770 0.400781
v 0.456659 9.368280 0.371009
v 0.484607 9.382249 0.337513
v 0.419025 9.225242 0.478702
v 0.433322 9.267889 0.470041
v 0.451116 9.306261 0.452461
v 0.471475 9.338347 0.426884
v 0.493330 9.362462 0.394650
v 0.461187 9.212526 0.494451
v 0.478409 9.254291 0.486883
v 0.496764 9.292494 0.469511
v 0.492157 3.210735 0.493185
v 0.484848 3.163056 0.473205
v 0.478573 3.122113 0.441421
v 0.473757 3.090696 0.400000
v 0.470730 3.070946 0.351764
v 0.469697 3.064210 0.300000
v 1.013453 2.929661 0.300000
v 1.524119 2.699456 0.300000
v 1.985021 2.381111 0.300000
v 2.381111 1.985021 0.300000
v 2.699456 1.524119 0.300000
v 2.929661 1.013453 0.300000
v 3.064210 0.469697 0.300000
v 3.070946 0.470730 0.351764
v 3.090696 0.473757 0.400000
v 3.122113 0.478573 0.441421
v 3.163056 0.484848 0.473205
v 3.210735 0.492157 0.493185
v 3.142272 1.008030 0.500000
v 2.944042 1.490845 0.500000
v 2.672168 1.936367 0.500000
v 2.333452 2.333452 0.500000
v 1.936367 2.672168 0.500000
v 1.490845 2.944042 0.500000
v 1.008030 3.142272 0.500000
v 0.949019 2.958321 0.351764
v 0.955122 2.977346 0.400000
v 0.964831 3.007610 0.441421
v 0.977483 3.047052 0.473205
v 0.992218 3.092983 0.493185
v 1.403569 2.771695 0.351764
v 1.412595 2.789520 0.400000
v 1.426954 2.817875 0.441421
v 1.445667 2.854828 0.473205
v 1.467459 2.897862 0.493185
v 1.823010 2.515737 0.351764
v 1.834734 2.531916 0.400000
v 1.853384 2.557653 0.441421
v 1.877689 2.591193 0.473205
v 1.905993 2.630253 0.493185
v 2.196850 2.196850 0.351764
v 2.210978 2.210978 0.400000
v 2.233452 2.233452 0.441421
v 2.262742 2.262742 0.473205
v 2.296850 2.296850 0.493185
v 2.515737 1.823010 0.351764
v 2.531916 1.834734 0.400000
v 2.557653 1.853384 0.441421
v 2.591193 1.877689 0.473205
v 2.630253 1.905993 0.493185
v 2.771695 1.403569 0.351764
v 2.789520 1.412595 0.400000
v 2.817875 1.426954 0.441421
v 2.854828 1.445667 0.473205
v 2.897862 1.467459 0.493185
v 2.958321 0.949019 0.351764
v 2.977346 0.955122 0.400000
v 3.007610 0.964831 0.441421
v 3.047052 0.977483 0.473205
v 3.092983 0.992218 0.493185
v 0.305565 3.215051 0.300000
v 0.321950 3.170808 0.300000
v 0.348243 3.131633 0.300000
v 0.382981 3.099709 0.300000
v 0.424231 3.076809 0.300000
v 0.305682 3.230258 0.335205
v 0.458901 3.084444 0.382581
v 0.439280 3.074621 0.335205
v 0.469817 3.156849 0.467490
v 0.442757 3.126052 0.435160
v 0.419598 3.104513 0.393619
v 0.401918 3.093700 0.345698
v 0.472434 3.215790 0.492650
v 0.438127 3.181944 0.472565
v 0.408036 3.153547 0.440720
v 0.384213 3.132534 0.399285
v 0.368280 3.120338 0.351084
v 0.450244 3.241640 0.492650
v 0.411591 3.212857 0.472565
v 0.378963 3.187416 0.440720
v 0.354583 3.167052 0.399285
v 0.340113 3.153151 0.351084
v 0.391587 3.247983 0.467490
v 0.357046 3.225902 0.435160
v 0.332247 3.206274 0.393619
v 0.318880 3.190436 0.345698
v 0.318364 3.248164 0.382581
v 3.076809 0.424231 0.300000
v 3.099709 0.382981 0.300000
v 3.131633 0.348243 0.300000
v 3.170808 0.321950 0.300000
v 3.215051 0.305565 0.300000
v 3.229142 0.306149 0.336721
v 3.184961 0.316551 0.320652
v 3.145239 0.337586 0.303387
v 3.218517 0.321781 0.379723
v 3.173768 0.333018 0.365952
v 3.134127 0.353935 0.348360
v 3.101892 0.383317 0.327964
v 3.078931 0.419462 0.305947
v 3.213948 0.346760 0.419239
v 3.168955 0.359333 0.407581
v 3.129348 0.380059 0.389687
v 3.097425 0.407737 0.366596
v 3.075034 0.440762 0.339644
v 3.215716 0.379545 0.452831
v 3.170817 0.393870 0.442969
v 3.131197 0.414346 0.424819
v 3.099153 0.439787 0.399436
v 3.076542 0.468718 0.368289
v 3.223712 0.418111 0.478426
v 3.179240 0.434498 0.469931
v 3.139560 0.454681 0.451587
v 3.237442 0.460079 0.494443
v 3.193704 0.478709 0.486804
v 9.186403 0.300000 0.000000
v 9.232420 0.305366 0.000000
v 9.275969 0.321176 0.000000
v 9.314711 0.346582 0.000000
v 9.346568 0.380220 0.000000
v 9.369830 0.420285 0.000000
v 9.383250 0.464629 0.000000
v 9.386107 0.510870 0.000000
v 3.261901 0.300000 0.000000
v 3.064210 0.469697 0.000000
v 3.076809 0.424231 0.000000
v 3.099709 0.382981 0.000000
v 3.131633 0.348243 0.000000
v 3.170808 0.321950 0.000000
v 3.215051 0.305565 0.000000
v 0.469697 3.064210 0.000000
v 1.013453 2.929661 0.000000
v 1.524119 2.699456 0.000000
v 1.985021 2.381111 0.000000
v 2.381111 1.985021 0.000000
v 2.699456 1.524119 0.000000
v 2.929661 1.013453 0.000000
v 3.890344 4.278506 0.500000
v 3.165634 5.003216 0.500000
v 6.210354 6.166993 0.500000
v 4.926571 4.562320 0.500000
v 5.692244 3.860823 0.500000
v 2.613310 2.682995 0.500000
v 3.890344 4.278506 0.200000
v 2.613310 2.682995 0.200000
v 4.727146 3.491630 0.200000
v 5.539046 3.802218 0.200000
v 5.692244 3.860823 0.200000
v 4.926571 4.562320 0.200000
v 6.210354 6.166993 0.200000
v 4.221604 5.406838 0.200000
v 3.345679 5.072035 0.200000
v 3.165634 5.003216 0.200000
v 4.727146 3.491630 0.300000
v 2.613310 2.682995 0.300000
v 5.692244 3.860823 0.300000
v 5.539046 3.802218 0.300000
v 3.345679 5.072035 0.000000
v 2.527612 5.890102 0.000000
v 3.132976 6.495465 0.000000
v 4.221604 5.406838 0.000000
v 6.210354 6.166993 0.000000
v 4.926571 4.562320 0.000000
v 5.692244 3.860823 0.000000
v 5.539046 3.802218 0.000000
v 6.314099 3.019841 0.000000
v 5.749044 2.460076 0.000000
v 4.727146 3.491630 0.000000
v 2.613310 2.682995 0.000000
v 3.890344 4.278506 0.000000
v 3.165634 5.003216 0.000000
v 3.345679 5.072035 0.300000
v 2.527612 5.890102 0.300000
v 4.221604 5.406838 0.300000
v 6.210354 6.166993 0.300000
v 3.165634 5.003216 0.300000
v 6.314099 3.019841 0.300000
v 3.890344 4.278506 0.300000
v 4.926571 4.562320 0.300000
v 5.749044 2.460076 0.300000
v 3.132976 6.495465 0.300000
v 3.217487 0.733333 0.000000
v 3.059096 1.237712 0.000000
v 2.822196 1.710325 0.000000
v 2.512865 2.139044 0.000000
v 2.139044 2.512865 0.000000
v 1.710325 2.822196 0.000000
v 1.237712 3.059096 0.000000
v 0.733333 3.217487 0.000000
v 0.733333 3.217487 0.300000
v 1.237712 3.059096 0.300000
v 1.710325 2.822196 0.300000
v 2.139044 2.512865 0.300000
v 2.512865 2.139044 0.300000
v 2.822196 1.710325 0.300000
v 3.059096 1.237712 0.300000
v 3.217487 0.733333 0.300000
v 0.669904 3.239662 0.000000
v 0.613001 3.275398 0.000000
v 0.565479 3.322903 0.000000
v 0.529723 3.379793 0.000000
v 0.507525 3.443215 0.000000
v 0.500000 3.509986 0.000000
v 0.500000 3.509986 0.300000
v 0.507525 3.443215 0.300000
v 0.529723 3.379793 0.300000
v 0.565479 3.322903 0.300000
v 0.613001 3.275398 0.300000
v 0.669904 3.239662 0.300000
v 0.500000 8.863972 0.000000
v 0.500000 8.863972 0.300000
v 0.508404 8.934483 0.000000
v 0.533146 9.001044 0.000000
v 0.572839 9.059925 0.000000
v 0.625259 9.107828 0.000000
v 0.687469 9.142067 0.000000
v 0.755985 9.160726 0.000000
v 0.826966 9.162758 0.000000
v 0.826966 9.162758 0.300000
v 0.755985 9.160726 0.300000
v 0.687469 9.142067 0.300000
v 0.625259 9.107828 0.300000
v 0.572839 9.059925 0.300000
v 0.533146 9.001044 0.300000
v 0.508404 8.934483 0.300000
v 1.731633 9.035566 0.000000
v 2.619225 8.819278 0.000000
v 3.480989 8.516027 0.000000
v 4.308429 8.128803 0.000000
v 5.093386 7.661424 0.000000
v 5.828118 7.118500 0.000000
v 6.505382 6.505382 0.000000
v 7.118500 5.828118 0.000000
v 7.661424 5.093386 0.000000
v 8.128803 4.308429 0.000000
v 8.516027 3.480989 0.000000
v 8.819278 2.619225 0.000000
v 9.035566 1.731633 0.000000
v 9.162758 0.826966 0.000000
v 9.162758 0.826966 0.300000
v 9.035566 1.731633 0.300000
v 8.819278 2.619225 0.300000
v 8.516027 3.480989 0.300000
v 8.128803 4.308429 0.300000
v 7.661424 5.093386 0.300000
v 7.118500 5.828118 0.300000
v 6.505382 6.505382 0.300000
v 5.828118 7.118500 0.300000
v 5.093386 7.661424 0.300000
v 4.308429 8.128803 0.300000
v 3.480989 8.516027 0.300000
v 2.619225 8.819278 0.300000
v 1.731633 9.035566 0.300000
v 9.160726 0.755985 0.000000
v 9.142067 0.687469 0.000000
v 9.107828 0.625259 0.000000
v 9.059925 0.572839 0.000000
v 9.001044 0.533146 0.000000
v 8.934483 0.508404 0.000000
v 8.863972 0.500000 0.000000
v 8.863972 0.500000 0.300000
v 8.934483 0.508404 0.300000
v 9.001044 0.533146 0.300000
v 9.059925 0.572839 0.300000
v 9.107828 0.625259 0.300000
v 9.142067 0.687469 0.300000
v 9.160726 0.755985 0.300000
v 3.509986 0.500000 0.000000
v 3.509986 0.500000 0.300000
v 3.443215 0.507525 0.000000
v 3.379793 0.529723 0.000000
v 3.322903 0.565479 0.000000
v 3.275398 0.613001 0.000000
v 3.239662 0.669904 0.000000
v 3.239662 0.669904 0.300000
v 3.275398 0.613001 0.300000
v 3.322903 0.565479 0.300000
v 3.379793 0.529723 0.300000
v 3.443215 0.507525 0.300000
v 0.424231 3.076809 0.000000
v 0.382981 3.099709 0.000000
v 0.348243 3.131633 0.000000
v 0.321950 3.170808 0.000000
v 0.305565 3.215051 0.000000
v 0.300000 3.261901 0.000000
v 0.300000 9.186403 0.000000
v 0.305366 9.232420 0.000000
v 0.321176 9.275969 0.000000
v 0.346582 9.314711 0.000000
v 0.380220 9.346568 0.000000
v 0.420285 9.369830 0.000000
v 0.464629 9.383250 0.000000
v 0.510870 9.386107 0.000000
v 1.486515 9.281717 0.000000
v 2.445963 9.076192 0.000000
v 3.378760 8.771772 0.000000
v 4.274741 8.371773 0.000000
v 5.124144 7.880555 0.000000
v 5.917714 7.303469 0.000000
v 6.646804 6.646804 0.000000
v 7.303469 5.917714 0.000000
v 7.880555 5.124144 0.000000
v 8.371773 4.274741 0.000000
v 8.771772 3.378760 0.000000
v 9.076192 2.445963 0.000000
v 9.281717 1.486515 0.000000
vt 0.790650 -0.104720 0.000000
vt -0.196767 -0.104720 0.000000
vt 0.790650 -0.157080 0.000000
vt -1.184184 -0.104720 0.000000
vt -2.171601 -0.104720 0.000000
vt -2.171601 -0.052360 0.000000
vt -3.159018 -0.052360 0.000000
vt -3.159018 0.000000 0.000000
vt -4.146435 -0.000000 0.000000
vt -4.146435 0.052360 0.000000
vt -5.133852 0.052360 0.000000
vt -5.133852 0.104720 0.000000
vt -4.146435 0.104720 0.000000
vt -5.133852 0.157080 0.000000
vt -3.159018 0.104720 0.000000
vt -2.171601 0.104720 0.000000
vt -2.171601 0.052360 0.000000
vt -1.184184 0.052360 0.000000
vt -1.184184 0.000000 0.000000
vt -0.196767 0.000000 0.000000
vt -0.196767 -0.052360 0.000000
vt 0.790650 -0.052360 0.000000
vt 0.790650 0.000000 0.000000
vt -0.196767 0.052360 0.000000
vt -1.184184 0.104720 0.000000
vt 0.790650 0.157080 0.000000
vt 0.790650 0.052360 0.000000
vt -0.196767 0.104720 0.000000
vt 0.790650 0.104720 0.000000
vt -5.133852 -0.000000 0.000000
vt -4.146435 -0.052360 0.000000
vt -3.159018 -0.104720 0.000000
vt -5.133852 -0.157080 0.000000
vt -5.133852 -0.052360 0.000000
vt -4.146435 -0.104720 0.000000
vt -5.133852 -0.104720 0.000000
vt -1.184184 -0.052360 0.000000
vt -2.171601 0.000000 0.000000
vt -3.159018 0.052360 0.000000
vt -0.314159 0.507936 0.000000
vt -0.261799 0.507936 0.000000
vt -0.314159 1.483479 0.000000
vt -0.261799 1.483479 0.000000
vt -0.314159 2.459022 0.000000
vt -0.261799 2.459022 0.000000
vt -0.314159 3.434564 0.000000
vt -0.261799 3.434564 0.000000
vt -0.314159 4.410107 0.000000
vt -0.261799 4.410107 0.000000
vt -0.314159 5.385650 0.000000
vt -0.261799 5.385650 0.000000
vt -0.314159 6.361192 0.000000
vt -0.261799 6.361192 0.000000
vt -0.314159 7.336735 0.000000
vt -0.261799 7.336735 0.000000
vt -0.314159 8.312278 0.000000
vt -0.261799 8.312278 0.000000
vt -0.314159 9.287821 0.000000
vt -0.261799 9.287821 0.000000
vt -0.314159 10.263363 0.000000
vt -0.261799 10.263363 0.000000
vt -0.314159 11.238906 0.000000
vt -0.261799 11.238906 0.000000
vt -0.314159 12.214449 0.000000
vt -0.261799 12.214449 0.000000
vt -0.314159 13.189991 0.000000
vt -0.261799 13.189991 0.000000
vt -0.314159 14.165534 0.000000
vt -0.261799 14.165534 0.000000
vt -0.209440 13.189991 0.000000
vt -0.209440 14.165534 0.000000
vt -0.157080 13.189991 0.000000
vt -0.157080 14.165534 0.000000
vt -0.104720 13.189991 0.000000
vt -0.104720 14.165534 0.000000
vt -0.052360 13.189991 0.000000
vt -0.052360 14.165534 0.000000
vt -0.000000 13.189991 0.000000
vt -0.000000 14.165534 0.000000
vt -0.209440 0.507936 0.000000
vt -0.209440 1.483479 0.000000
vt -0.209440 2.459022 0.000000
vt -0.209440 3.434564 0.000000
vt -0.209440 4.410107 0.000000
vt -0.209440 5.385650 0.000000
vt -0.209440 6.361192 0.000000
vt -0.209440 7.336735 0.000000
vt -0.209440 8.312278 0.000000
vt -0.209440 9.287821 0.000000
vt -0.209440 10.263363 0.000000
vt -0.209440 11.238906 0.000000
vt -0.209440 12.214449 0.000000
vt -0.157080 0.507936 0.000000
vt -0.157080 1.483479 0.000000
vt -0.157080 2.459022 0.000000
vt -0.157080 3.434564 0.000000
vt -0.157080 4.410107 0.000000
vt -0.157080 5.385650 0.000000
vt -0.157080 6.361192 0.000000
vt -0.157080 7.336735 0.000000
vt -0.157080 8.312278 0.000000
vt -0.157080 9.287821 0.000000
vt -0.157080 10.263363 0.000000
vt -0.157080 11.238906 0.000000
vt -0.157080 12.214449 0.000000
vt -0.104720 0.507936 0.000000
vt -0.104720 1.483479 0.000000
vt -0.104720 2.459022 0.000000
vt -0.104720 3.434564 0.000000
vt -0.104720 4.410107 0.000000
vt -0.104720 5.385650 0.000000
vt -0.104720 6.361192 0.000000
vt -0.104720 7.336735 0.000000
vt -0.104720 8.312278 0.000000
vt -0.104720 9.287821 0.000000
vt -0.104720 10.263363 0.000000
vt -0.104720 11.238906 0.000000
vt -0.104720 12.214449 0.000000
vt -0.052360 0.507936 0.000000
vt -0.052360 1.483479 0.000000
vt -0.052360 2.459022 0.000000
vt -0.052360 3.434564 0.000000
vt -0.052360 4.410107 0.000000
vt -0.052360 5.385650 0.000000
vt -0.052360 6.361192 0.000000
vt -0.052360 7.336735 0.000000
vt -0.052360 8.312278 0.000000
vt -0.052360 9.287821 0.000000
vt -0.052360 10.263363 0.000000
vt -0.052360 11.238906 0.000000
vt -0.052360 12.214449 0.000000
vt -0.000000 0.507936 0.000000
vt -0.000000 1.483479 0.000000
vt -0.000000 2.459022 0.000000
vt -0.000000 3.434564 0.000000
vt -0.000000 4.410107 0.000000
vt -0.000000 5.385650 0.000000
vt -0.000000 6.361192 0.000000
vt -0.000000 7.336735 0.000000
vt -0.000000 8.312278 0.000000
vt -0.000000 9.287821 0.000000
vt -0.000000 10.263363 0.000000
vt -0.000000 11.238906 0.000000
vt -0.000000 12.214449 0.000000
vt 0.048428 -0.157529 0.000000
vt 0.090574 -0.177989 0.000000
vt 0.079657 -0.127904 0.000000
vt 0.110424 -0.123479 0.000000
vt 0.079657 -0.077809 0.000000
vt 0.122691 -0.063366 0.000000
vt 0.079657 -0.027733 0.000000
vt 0.125635 -0.000000 0.000000
vt 0.079657 0.022353 0.000000
vt 0.118778 0.062487 0.000000
vt 0.079657 0.072438 0.000000
vt 0.103194 0.120476 0.000000
vt 0.079657 0.122524 0.000000
vt 0.080896 0.172609 0.000000
vt 0.033158 0.150477 0.000000
vt 0.033678 0.122524 0.000000
vt -0.014959 0.130080 0.000000
vt -0.012300 0.122524 0.000000
vt -0.062911 0.108922 0.000000
vt -0.012300 0.072438 0.000000
vt -0.058278 0.072438 0.000000
vt -0.012300 0.022353 0.000000
vt -0.058278 0.022353 0.000000
vt -0.012300 -0.027733 0.000000
vt -0.058278 -0.027733 0.000000
vt -0.058278 -0.077776 0.000000
vt -0.104256 -0.077765 0.000000
vt -0.079133 -0.101276 0.000000
vt -0.120600 -0.077761 0.000000
vt -0.104256 -0.027733 0.000000
vt -0.150234 -0.027733 0.000000
vt -0.150234 0.022353 0.000000
vt -0.196212 0.000000 0.000000
vt -0.155336 0.051054 0.000000
vt -0.104256 0.022353 0.000000
vt -0.104256 0.072438 0.000000
vt -0.110067 0.084150 0.000000
vt -0.160293 -0.046514 0.000000
vt -0.036817 -0.120962 0.000000
vt -0.012300 -0.077787 0.000000
vt 0.033678 -0.027733 0.000000
vt 0.033678 0.022353 0.000000
vt 0.033678 0.072438 0.000000
vt -0.012300 -0.127904 0.000000
vt 0.005831 -0.139130 0.000000
vt 0.033678 -0.127904 0.000000
vt 0.033678 -0.077798 0.000000
vt 2.171601 -0.104720 0.000000
vt 1.184184 -0.104720 0.000000
vt 2.171601 -0.157080 0.000000
vt 0.196767 -0.104720 0.000000
vt -0.790650 -0.104720 0.000000
vt -0.790650 -0.052360 0.000000
vt -1.778067 -0.052360 0.000000
vt -1.778067 0.000000 0.000000
vt -2.765484 0.000000 0.000000
vt -2.765484 0.052360 0.000000
vt -3.752901 0.052360 0.000000
vt -3.752901 0.104720 0.000000
vt -2.765484 0.104720 0.000000
vt -3.752901 0.157080 0.000000
vt -1.778067 0.104720 0.000000
vt -0.790650 0.104720 0.000000
vt -0.790650 0.052360 0.000000
vt 0.196767 0.052360 0.000000
vt 0.196767 0.000000 0.000000
vt 1.184184 0.000000 0.000000
vt 1.184184 -0.052360 0.000000
vt 2.171601 -0.052360 0.000000
vt 2.171601 0.000000 0.000000
vt 1.184184 0.052360 0.000000
vt 0.196767 0.104720 0.000000
vt 2.171601 0.157080 0.000000
vt 2.171601 0.052360 0.000000
vt 1.184184 0.104720 0.000000
vt 2.171601 0.104720 0.000000
vt -3.752901 0.000000 0.000000
vt -2.765484 -0.052360 0.000000
vt -1.778067 -0.104720 0.000000
vt -3.752901 -0.157080 0.000000
vt -3.752901 -0.052360 0.000000
vt -2.765484 -0.104720 0.000000
vt -3.752901 -0.104720 0.000000
vt 0.196767 -0.052360 0.000000
vt -0.790650 0.000000 0.000000
vt -1.778067 0.052360 0.000000
vt -0.041583 0.159028 0.000000
vt -0.083064 0.180664 0.000000
vt -0.079564 0.130582 0.000000
vt -0.104757 0.127973 0.000000
vt -0.079564 0.080501 0.000000
vt -0.119544 0.069487 0.000000
vt -0.079564 0.030419 0.000000
vt -0.125471 0.006793 0.000000
vt -0.079564 -0.019662 0.000000
vt -0.121605 -0.056364 0.000000
vt -0.079564 -0.069744 0.000000
vt -0.108566 -0.115966 0.000000
vt -0.079564 -0.119825 0.000000
vt -0.088161 -0.169907 0.000000
vt -0.039715 -0.149240 0.000000
vt -0.033658 -0.119825 0.000000
vt 0.009117 -0.130535 0.000000
vt 0.012249 -0.119825 0.000000
vt 0.057865 -0.111401 0.000000
vt 0.012249 -0.069744 0.000000
vt 0.058156 -0.069744 0.000000
vt 0.012249 -0.019662 0.000000
vt 0.058156 -0.019662 0.000000
vt 0.012249 0.030419 0.000000
vt 0.058156 0.030419 0.000000
vt 0.012249 0.080501 0.000000
vt 0.058156 0.080501 0.000000
vt 0.042267 0.119435 0.000000
vt 0.083736 0.097751 0.000000
vt 0.104062 0.080501 0.000000
vt 0.124122 0.071666 0.000000
vt 0.104062 0.030419 0.000000
vt 0.149969 0.030419 0.000000
vt 0.149969 -0.019662 0.000000
vt 0.162294 0.036971 0.000000
vt 0.195875 -0.013958 0.000000
vt 0.152694 -0.059780 0.000000
vt 0.104062 -0.019662 0.000000
vt 0.104062 -0.069744 0.000000
vt 0.106015 -0.089235 0.000000
vt 0.012249 0.130582 0.000000
vt 0.000344 0.139239 0.000000
vt -0.033658 0.130582 0.000000
vt -0.033658 0.080501 0.000000
vt -0.033658 0.030419 0.000000
vt -0.033658 -0.019662 0.000000
vt -0.033658 -0.069744 0.000000
vt 0.314159 5.441907 0.000000
vt 0.366519 5.441907 0.000000
vt 0.314159 5.941986 0.000000
vt 0.366519 5.941986 0.000000
vt 0.314159 6.442066 0.000000
vt 0.366519 6.442066 0.000000
vt 0.314159 6.942146 0.000000
vt 0.366519 6.942146 0.000000
vt 0.314159 7.442226 0.000000
vt 0.366519 7.442226 0.000000
vt 0.314159 7.942305 0.000000
vt 0.366519 7.942305 0.000000
vt 0.314159 8.442385 0.000000
vt 0.366519 8.442385 0.000000
vt 0.314159 8.942465 0.000000
vt 0.366519 8.942465 0.000000
vt 0.314159 9.442545 0.000000
vt 0.366519 9.442545 0.000000
vt 0.418879 8.942465 0.000000
vt 0.418879 9.442545 0.000000
vt 0.471239 8.942465 0.000000
vt 0.471239 9.442545 0.000000
vt 0.523599 8.942465 0.000000
vt 0.523599 9.442545 0.000000
vt 0.575959 8.942465 0.000000
vt 0.575959 9.442545 0.000000
vt 0.628319 9.442545 0.000000
vt 0.628319 8.871025 0.000000
vt 0.575959 8.442385 0.000000
vt 0.628319 8.299505 0.000000
vt 0.575959 7.942305 0.000000
vt 0.628319 7.727985 0.000000
vt 0.575959 7.442226 0.000000
vt 0.628319 7.156466 0.000000
vt 0.575959 6.942146 0.000000
vt 0.628319 6.584946 0.000000
vt 0.575959 6.442066 0.000000
vt 0.628319 6.013426 0.000000
vt 0.575959 5.941986 0.000000
vt 0.628319 5.441907 0.000000
vt 0.575959 5.441907 0.000000
vt 0.523599 5.941986 0.000000
vt 0.523599 5.441907 0.000000
vt 0.471239 5.941986 0.000000
vt 0.471239 5.441907 0.000000
vt 0.418879 5.941986 0.000000
vt 0.418879 5.441907 0.000000
vt 0.523599 6.442066 0.000000
vt 0.523599 6.942146 0.000000
vt 0.523599 7.442226 0.000000
vt 0.523599 7.942305 0.000000
vt 0.523599 8.442385 0.000000
vt 0.471239 6.442066 0.000000
vt 0.471239 6.942146 0.000000
vt 0.471239 7.442226 0.000000
vt 0.471239 7.942305 0.000000
vt 0.471239 8.442385 0.000000
vt 0.418879 6.442066 0.000000
vt 0.418879 6.942146 0.000000
vt 0.418879 7.442226 0.000000
vt 0.418879 7.942305 0.000000
vt 0.418879 8.442385 0.000000
vt -0.102382 -0.107690 0.000000
vt -0.086140 -0.156567 0.000000
vt -0.064168 -0.111833 0.000000
vt -0.037655 -0.136172 0.000000
vt -0.011808 -0.111833 0.000000
vt 0.011193 -0.117617 0.000000
vt -0.011808 -0.067100 0.000000
vt 0.040552 -0.067100 0.000000
vt -0.011808 -0.022367 0.000000
vt 0.040552 -0.022367 0.000000
vt -0.011808 0.022367 0.000000
vt 0.040552 0.022367 0.000000
vt -0.011808 0.067100 0.000000
vt 0.040552 0.067100 0.000000
vt 0.011193 0.117617 0.000000
vt 0.059938 0.098538 0.000000
vt 0.092912 0.067100 0.000000
vt 0.108059 0.076312 0.000000
vt 0.092912 0.022367 0.000000
vt 0.145272 0.022367 0.000000
vt 0.145272 -0.022367 0.000000
vt 0.197631 0.000000 0.000000
vt 0.154661 -0.046588 0.000000
vt 0.092912 -0.067100 0.000000
vt 0.108059 -0.076312 0.000000
vt 0.059938 -0.098538 0.000000
vt 0.154661 0.046588 0.000000
vt -0.011808 0.111833 0.000000
vt -0.037655 0.136172 0.000000
vt -0.064168 0.111833 0.000000
vt -0.086140 0.156567 0.000000
vt -0.102382 0.107690 0.000000
vt -0.064168 0.067100 0.000000
vt -0.112883 0.055036 0.000000
vt -0.064168 0.022367 0.000000
vt -0.116528 -0.000000 0.000000
vt -0.064168 -0.022367 0.000000
vt -0.112883 -0.055036 0.000000
vt -0.064168 -0.067100 0.000000
vt 0.092912 -0.022367 0.000000
vt 0.040811 -0.140163 0.000000
vt 0.084632 -0.158690 0.000000
vt 0.066423 -0.109438 0.000000
vt 0.102177 -0.103999 0.000000
vt 0.066423 -0.060185 0.000000
vt 0.112650 -0.044895 0.000000
vt 0.066423 -0.010932 0.000000
vt 0.114690 0.016555 0.000000
vt 0.066423 0.038320 0.000000
vt 0.108005 0.077105 0.000000
vt 0.066423 0.087573 0.000000
vt 0.093520 0.133980 0.000000
vt 0.066423 0.136826 0.000000
vt 0.072928 0.186078 0.000000
vt 0.029281 0.156451 0.000000
vt 0.018156 0.136826 0.000000
vt -0.014973 0.128707 0.000000
vt 0.018156 0.087573 0.000000
vt -0.030110 0.087573 0.000000
vt 0.018156 0.038320 0.000000
vt -0.030110 0.038320 0.000000
vt 0.018156 -0.010932 0.000000
vt -0.030110 -0.010932 0.000000
vt 0.018156 -0.060185 0.000000
vt -0.030110 -0.060185 0.000000
vt 0.018156 -0.109438 0.000000
vt -0.030110 -0.109438 0.000000
vt -0.003327 -0.123272 0.000000
vt -0.047441 -0.106254 0.000000
vt -0.078377 -0.060185 0.000000
vt -0.078377 -0.010932 0.000000
vt -0.126644 -0.010932 0.000000
vt -0.126644 0.038320 0.000000
vt -0.141205 0.025918 0.000000
vt -0.101538 0.067244 0.000000
vt -0.078377 0.038320 0.000000
vt -0.058923 0.100018 0.000000
vt -0.174911 -0.030754 0.000000
vt -0.134014 -0.063769 0.000000
vt -0.126644 -0.060185 0.000000
vt -0.091179 -0.087297 0.000000
vt -0.000000 0.325034 0.000000
vt -0.300000 0.325034 0.000000
vt -0.000000 0.278601 0.000000
vt -0.300000 0.278601 0.000000
vt -0.000000 0.232167 0.000000
vt -0.300000 0.232167 0.000000
vt -0.000000 0.185734 0.000000
vt -0.300000 0.185734 0.000000
vt -0.000000 0.139300 0.000000
vt -0.300000 0.139300 0.000000
vt -0.000000 0.092867 0.000000
vt -0.300000 0.092867 0.000000
vt -0.000000 0.046433 0.000000
vt -0.300000 0.046433 0.000000
vt -0.000000 0.000000 0.000000
vt -0.300000 0.000000 0.000000
vt 5.924502 0.300000 0.000000
vt 0.000000 0.300000 0.000000
vt 5.924502 0.000000 0.000000
vt 0.000000 0.000000 0.000000
vt -0.000000 0.283739 0.000000
vt -0.300000 0.283739 0.000000
vt -0.000000 0.236449 0.000000
vt -0.300000 0.236449 0.000000
vt -0.000000 0.189159 0.000000
vt -0.300000 0.189159 0.000000
vt -0.000000 0.141870 0.000000
vt -0.300000 0.141870 0.000000
vt -0.000000 0.094580 0.000000
vt -0.300000 0.094580 0.000000
vt -0.000000 0.047290 0.000000
vt -0.300000 0.047290 0.000000
vt -0.000000 0.000000 0.000000
vt -0.300000 0.000000 0.000000
vt 0.300000 0.000000 0.000000
vt -0.000000 0.560920 0.000000
vt 0.300000 0.560920 0.000000
vt -0.000000 1.121841 0.000000
vt 0.300000 1.121841 0.000000
vt -0.000000 1.682761 0.000000
vt 0.300000 1.682761 0.000000
vt 0.000000 2.243682 0.000000
vt 0.300000 2.243682 0.000000
vt 0.000000 2.804602 0.000000
vt 0.300000 2.804602 0.000000
vt 0.000000 3.365522 0.000000
vt 0.300000 3.365522 0.000000
vt 0.000000 3.926443 0.000000
vt 0.300000 3.926443 0.000000
vt -0.952858 -0.564696 0.000000
vt -1.677568 0.160015 0.000000
vt -2.229891 -2.160207 0.000000
vt -2.906835 -2.171033 0.000000
vt -2.509749 -2.509749 0.000000
vt 1.367153 1.323792 0.000000
vt 0.948604 2.304875 0.000000
vt 0.171918 2.869682 0.000000
vt -0.659412 3.350449 0.000000
vt 0.083369 -0.280881 0.000000
vt 0.849043 -0.982379 0.000000
vt 2.304875 0.948604 0.000000
vt 1.662181 1.662181 0.000000
vt -1.899160 -3.352357 0.000000
vt -1.700929 -3.835172 0.000000
vt -1.581300 -4.343201 0.000000
vt 4.343201 -4.343201 0.000000
vt 4.241032 -3.388315 0.000000
vt 4.039880 -2.449280 0.000000
vt 3.741937 -1.536330 0.000000
vt 3.350449 -0.659412 0.000000
vt 2.869682 0.171918 0.000000
vt -1.536330 3.741937 0.000000
vt -2.449280 4.039880 0.000000
vt -3.388315 4.241032 0.000000
vt -4.343201 4.343201 0.000000
vt -4.343201 -1.581300 0.000000
vt -3.835172 -1.700929 0.000000
vt -3.352357 -1.899160 0.000000
vt -2.171033 -2.906835 0.000000
vt -1.798522 -1.741999 0.000000
vt 0.315314 -0.933364 0.000000
vt -0.521488 -0.146488 0.000000
vt 0.514739 0.137326 0.000000
vt -0.190229 0.981844 0.000000
vt 1.798522 1.741999 0.000000
vt 1.127214 -0.622776 0.000000
vt 1.280412 -0.564171 0.000000
vt -1.066153 0.647041 0.000000
vt -1.246199 0.578222 0.000000
vt -3.132506 0.200000 0.000000
vt -2.263226 0.200000 0.000000
vt -3.132506 0.300000 0.000000
vt -2.263226 0.300000 0.000000
vt -3.296530 0.500000 0.000000
vt -0.000000 0.500000 0.000000
vt -0.000000 0.300000 0.000000
vt -3.296530 0.300000 0.000000
vt 2.315589 1.046900 0.000000
vt 1.710226 1.652264 0.000000
vt 1.497522 0.228833 0.000000
vt 0.621598 0.563636 0.000000
vt 0.952858 -0.564696 0.000000
vt -0.083369 -0.280881 0.000000
vt 0.116055 -1.351571 0.000000
vt -0.695845 -1.040984 0.000000
vt -0.905843 -2.383126 0.000000
vt -1.470898 -1.823361 0.000000
vt -1.367153 1.323792 0.000000
vt -0.849043 -0.982379 0.000000
vt 2.229891 -2.160207 0.000000
vt 1.677568 0.160015 0.000000
vt -0.000000 0.000000 0.000000
vt 2.129076 0.000000 0.000000
vt -0.000000 0.200000 0.000000
vt 2.129076 0.200000 0.000000
vt 0.000000 0.000000 0.000000
vt 2.055012 0.000000 0.000000
vt 0.000000 0.200000 0.000000
vt 2.055012 0.200000 0.000000
vt 0.000000 0.000000 0.000000
vt 1.038439 0.000000 0.000000
vt 0.000000 0.200000 0.000000
vt 1.038439 0.200000 0.000000
vt 0.000000 0.000000 0.000000
vt 0.164025 0.000000 0.000000
vt 0.000000 0.200000 0.000000
vt 0.164025 0.200000 0.000000
vt 0.000000 0.000000 0.000000
vt 2.263226 0.000000 0.000000
vt 0.000000 0.200000 0.000000
vt 2.263226 0.200000 0.000000
vt -0.000000 0.000000 0.000000
vt 2.043642 0.000000 0.000000
vt -0.000000 0.200000 0.000000
vt 2.043642 0.200000 0.000000
vt 0.000000 0.000000 0.000000
vt 1.024895 0.000000 0.000000
vt 0.000000 0.200000 0.000000
vt 1.024895 0.200000 0.000000
vt 0.000000 0.000000 0.000000
vt 0.192750 0.000000 0.000000
vt -0.000000 0.200000 0.000000
vt 0.192750 0.200000 0.000000
vt -1.156921 0.000000 0.000000
vt 0.000000 0.200000 0.000000
vt -1.156921 0.300000 0.000000
vt -0.000000 0.300000 0.000000
vt -3.066806 0.200000 0.000000
vt -2.129076 0.200000 0.000000
vt -3.066806 0.300000 0.000000
vt -2.129076 0.300000 0.000000
vt -3.259555 0.500000 0.000000
vt 0.000000 0.500000 0.000000
vt 0.000000 0.300000 0.000000
vt -3.259555 0.300000 0.000000
vt -0.000000 0.000000 0.000000
vt -0.000000 0.200000 0.000000
vt -1.101281 0.000000 0.000000
vt -1.101281 0.300000 0.000000
vt -0.000000 0.300000 0.000000
vt 0.000000 0.500000 0.000000
vt -2.043642 0.500000 0.000000
vt 0.000000 0.300000 0.000000
vt -2.043642 0.300000 0.000000
vt -0.000000 0.500000 0.000000
vt -1.038439 0.500000 0.000000
vt -0.000000 0.300000 0.000000
vt -1.038439 0.300000 0.000000
vt -0.000000 0.500000 0.000000
vt -1.024895 0.500000 0.000000
vt -0.000000 0.300000 0.000000
vt -1.024895 0.300000 0.000000
vt -0.000000 0.500000 0.000000
vt -2.055012 0.500000 0.000000
vt -0.000000 0.300000 0.000000
vt -2.055012 0.300000 0.000000
vt -1.452026 0.000000 0.000000
vt -0.000000 0.000000 0.000000
vt -1.452026 0.200000 0.000000
vt -0.000000 0.300000 0.000000
vt -1.452026 0.300000 0.000000
vt -0.000000 0.300000 0.000000
vt -0.795377 0.300000 0.000000
vt -0.000000 0.000000 0.000000
vt -0.795377 0.000000 0.000000
vt -1.539552 0.000000 0.000000
vt -0.000000 0.000000 0.000000
vt -1.539552 0.200000 0.000000
vt -0.000000 0.300000 0.000000
vt -1.539552 0.300000 0.000000
vt -0.000000 0.300000 0.000000
vt -0.856113 0.300000 0.000000
vt -0.000000 0.000000 0.000000
vt -0.856113 0.000000 0.000000
vt -0.300000 0.000000 0.000000
vt -0.000000 0.000000 0.000000
vt -0.300000 0.529230 0.000000
vt 0.000000 0.529230 0.000000
vt -0.300000 1.058461 0.000000
vt -0.000000 1.058461 0.000000
vt -0.300000 1.587691 0.000000
vt 0.000000 1.587691 0.000000
vt -0.300000 2.116922 0.000000
vt -0.000000 2.116922 0.000000
vt -0.300000 2.646152 0.000000
vt 0.000000 2.646152 0.000000
vt -0.300000 3.175383 0.000000
vt 0.000000 3.175383 0.000000
vt -0.300000 3.704613 0.000000
vt -0.000000 3.704613 0.000000
vt 0.300000 0.404011 0.000000
vt 0.000000 0.404011 0.000000
vt 0.300000 0.336676 0.000000
vt 0.000000 0.336676 0.000000
vt 0.300000 0.269341 0.000000
vt 0.000000 0.269341 0.000000
vt 0.300000 0.202005 0.000000
vt 0.000000 0.202005 0.000000
vt 0.300000 0.134670 0.000000
vt 0.000000 0.134670 0.000000
vt 0.300000 0.067335 0.000000
vt 0.000000 0.067335 0.000000
vt 0.300000 0.000000 0.000000
vt 0.000000 0.000000 0.000000
vt -5.353986 0.000000 0.000000
vt 0.000000 0.000000 0.000000
vt -5.353986 0.300000 0.000000
vt 0.000000 0.300000 0.000000
vt 0.300000 0.498242 0.000000
vt 0.000000 0.498242 0.000000
vt 0.300000 0.427064 0.000000
vt 0.000000 0.427064 0.000000
vt 0.300000 0.355887 0.000000
vt 0.000000 0.355887 0.000000
vt 0.300000 0.284710 0.000000
vt 0.000000 0.284710 0.000000
vt 0.300000 0.213532 0.000000
vt 0.000000 0.213532 0.000000
vt 0.300000 0.142355 0.000000
vt 0.000000 0.142355 0.000000
vt 0.300000 0.071177 0.000000
vt 0.000000 0.071177 0.000000
vt 0.300000 0.000000 0.000000
vt 0.000000 0.000000 0.000000
vt 0.300000 12.795158 0.000000
vt 0.000000 12.795158 0.000000
vt 0.300000 11.881218 0.000000
vt 0.000000 11.881218 0.000000
vt 0.300000 10.967278 0.000000
vt 0.000000 10.967278 0.000000
vt 0.300000 10.053339 0.000000
vt 0.000000 10.053339 0.000000
vt 0.300000 9.139399 0.000000
vt 0.000000 9.139399 0.000000
vt 0.300000 8.225459 0.000000
vt 0.000000 8.225459 0.000000
vt 0.300000 7.311519 0.000000
vt 0.000000 7.311519 0.000000
vt 0.300000 6.397579 0.000000
vt 0.000000 6.397579 0.000000
vt 0.300000 5.483639 0.000000
vt 0.000000 5.483639 0.000000
vt 0.300000 4.569699 0.000000
vt 0.000000 4.569699 0.000000
vt 0.300000 3.655759 0.000000
vt 0.000000 3.655759 0.000000
vt 0.300000 2.741820 0.000000
vt 0.000000 2.741820 0.000000
vt 0.300000 1.827880 0.000000
vt 0.000000 1.827880 0.000000
vt 0.300000 0.913940 0.000000
vt 0.000000 0.913940 0.000000
vt 0.300000 0.000000 0.000000
vt 0.000000 0.000000 0.000000
vt 0.300000 0.498242 0.000000
vt 0.000000 0.498242 0.000000
vt 0.300000 0.427064 0.000000
vt 0.000000 0.427064 0.000000
vt 0.300000 0.355887 0.000000
vt 0.000000 0.355887 0.000000
vt 0.300000 0.284710 0.000000
vt 0.000000 0.284710 0.000000
vt 0.300000 0.213532 0.000000
vt 0.000000 0.213532 0.000000
vt 0.300000 0.142355 0.000000
vt 0.000000 0.142355 0.000000
vt 0.300000 0.071177 0.000000
vt 0.000000 0.071177 0.000000
vt 0.300000 -0.000000 0.000000
vt 0.000000 0.000000 0.000000
vt -5.353986 0.000000 0.000000
vt 0.000000 0.000000 0.000000
vt -5.353986 0.300000 0.000000
vt 0.000000 0.300000 0.000000
vt 0.300000 0.404011 0.000000
vt 0.000000 0.404011 0.000000
vt 0.300000 0.336676 0.000000
vt 0.000000 0.336676 0.000000
vt 0.300000 0.269341 0.000000
vt 0.000000 0.269341 0.000000
vt 0.300000 0.202005 0.000000
vt 0.000000 0.202005 0.000000
vt 0.300000 0.134670 0.000000
vt 0.000000 0.134670 0.000000
vt 0.300000 0.067335 0.000000
vt 0.000000 0.067335 0.000000
vt 0.300000 0.000000 0.000000
vt 0.000000 0.000000 0.000000
vt 1.486307 0.240049 0.000000
vt 1.666353 0.171230 0.000000
vt 2.304374 1.058116 0.000000
vt 3.594274 -1.772890 0.000000
vt 4.331986 -1.322000 0.000000
vt 4.098653 -1.614499 0.000000
vt 4.162082 -1.592324 0.000000
vt 0.941642 -0.553480 0.000000
vt 2.218676 -2.148991 0.000000
vt 3.121661 -2.009790 0.000000
vt 0.104840 -1.340356 0.000000
vt 2.009790 -3.121661 0.000000
vt 2.319121 -2.692942 0.000000
vt 2.692942 -2.319121 0.000000
vt 1.772890 -3.594274 0.000000
vt -0.917058 -2.371910 0.000000
vt 1.322000 -4.331986 0.000000
vt -4.031986 -4.331986 0.000000
vt -4.203580 -3.100353 0.000000
vt -4.330772 -4.005020 0.000000
vt -1.482113 -1.812145 0.000000
vt -3.987292 -2.212761 0.000000
vt -3.684041 -1.350997 0.000000
vt -3.296817 -0.523557 0.000000
vt -0.860258 -0.971163 0.000000
vt -2.829438 0.261400 0.000000
vt -2.286514 0.996132 0.000000
vt -1.378368 1.335007 0.000000
vt -1.673396 1.673396 0.000000
vt -0.996132 2.286514 0.000000
vt 0.610382 0.574852 0.000000
vt -0.261400 2.829438 0.000000
vt 1.699010 1.663479 0.000000
vt 0.523557 3.296817 0.000000
vt 1.350997 3.684041 0.000000
vt 2.212761 3.987292 0.000000
vt 3.100353 4.203580 0.000000
vt 4.331986 4.031986 0.000000
vt -0.707060 -1.029768 0.000000
vt -0.094585 -0.269666 0.000000
vt 1.614499 -4.098653 0.000000
vt 1.388771 -4.324461 0.000000
vt 1.452193 -4.302263 0.000000
vt 1.509083 -4.266507 0.000000
vt 1.556588 -4.218985 0.000000
vt 1.592324 -4.162082 0.000000
vt 4.218985 -1.556588 0.000000
vt 4.266507 -1.509083 0.000000
vt 4.302263 -1.452193 0.000000
vt 4.324461 -1.388771 0.000000
vt 4.005020 4.330772 0.000000
vt 4.323582 4.102497 0.000000
vt 4.298840 4.169058 0.000000
vt 4.259147 4.227939 0.000000
vt 4.206727 4.275842 0.000000
vt 4.144517 4.310081 0.000000
vt 4.076001 4.328740 0.000000
vt -4.328740 -4.076001 0.000000
vt -4.310081 -4.144517 0.000000
vt -4.275842 -4.206727 0.000000
vt -4.227939 -4.259147 0.000000
vt -4.169058 -4.298840 0.000000
vt -4.102497 -4.323582 0.000000
vt 1.628151 -4.537637 0.000000
vt 1.520299 -4.277722 0.000000
vt 1.581300 -4.543201 0.000000
vt 1.463408 -4.313479 0.000000
vt 1.399987 -4.335676 0.000000
vt 1.672394 -4.521252 0.000000
vt 1.711568 -4.494959 0.000000
vt 1.743493 -4.460221 0.000000
vt 1.766392 -4.418971 0.000000
vt 1.778991 -4.373505 0.000000
vt 1.567803 -4.230201 0.000000
vt 1.603540 -4.173298 0.000000
vt 1.625715 -4.109868 0.000000
vt 1.913541 -3.829748 0.000000
vt 1.784105 -3.605490 0.000000
vt 2.143746 -3.319082 0.000000
vt 2.021006 -3.132877 0.000000
vt 2.462090 -2.858180 0.000000
vt 2.330336 -2.704158 0.000000
vt 2.858180 -2.462090 0.000000
vt 2.704158 -2.330336 0.000000
vt 3.132877 -2.021006 0.000000
vt 3.319082 -2.143746 0.000000
vt 3.605490 -1.784105 0.000000
vt 3.829748 -1.913541 0.000000
vt 4.109868 -1.625715 0.000000
vt 4.373505 -1.778991 0.000000
vt 4.173298 -1.603540 0.000000
vt 4.230201 -1.567803 0.000000
vt 4.277722 -1.520299 0.000000
vt 4.418971 -1.766392 0.000000
vt 4.460221 -1.743493 0.000000
vt 4.494959 -1.711568 0.000000
vt 4.521252 -1.672394 0.000000
vt 4.537637 -1.628151 0.000000
vt 4.543201 -1.581300 0.000000
vt 4.313479 -1.463408 0.000000
vt 4.335676 -1.399987 0.000000
vt 4.343201 -1.333216 0.000000
vt 4.343201 4.020771 0.000000
vt 4.543201 4.343201 0.000000
vt 4.334797 4.091282 0.000000
vt 4.310056 4.157843 0.000000
vt 4.270363 4.216724 0.000000
vt 4.537836 4.389219 0.000000
vt 4.522025 4.432767 0.000000
vt 4.496620 4.471509 0.000000
vt 4.462982 4.503366 0.000000
vt 4.217943 4.264626 0.000000
vt 4.422916 4.526629 0.000000
vt 4.378573 4.540049 0.000000
vt 4.332332 4.542906 0.000000
vt 4.155732 4.298866 0.000000
vt 4.087217 4.317524 0.000000
vt 4.016235 4.319556 0.000000
vt 3.356687 4.438516 0.000000
vt 3.111569 4.192364 0.000000
vt 2.397238 4.232991 0.000000
vt 2.223977 3.976076 0.000000
vt 1.464442 3.928570 0.000000
vt 1.362212 3.672825 0.000000
vt 0.568461 3.528572 0.000000
vt 0.534772 3.285601 0.000000
vt -0.280943 3.037353 0.000000
vt -0.250184 2.818223 0.000000
vt -1.074513 2.460268 0.000000
vt -0.984917 2.275298 0.000000
vt -1.803602 1.803602 0.000000
vt -1.662181 1.662181 0.000000
vt -2.275298 0.984917 0.000000
vt -2.460268 1.074513 0.000000
vt -2.818223 0.250184 0.000000
vt -3.037353 0.280943 0.000000
vt -3.285601 -0.534772 0.000000
vt -3.528572 -0.568461 0.000000
vt -3.672825 -1.362212 0.000000
vt -3.928570 -1.464442 0.000000
vt -3.976076 -2.223977 0.000000
vt -4.232991 -2.397238 0.000000
vt -4.192364 -3.111569 0.000000
vt -4.438516 -3.356687 0.000000
vt -4.319556 -4.016235 0.000000
vt -4.542906 -4.332332 0.000000
vt -4.317524 -4.087217 0.000000
vt -4.298866 -4.155732 0.000000
vt -4.264626 -4.217943 0.000000
vt -4.540049 -4.378573 0.000000
vt -4.526629 -4.422916 0.000000
vt -4.503366 -4.462982 0.000000
vt -4.216724 -4.270363 0.000000
vt -4.471509 -4.496620 0.000000
vt -4.432767 -4.522025 0.000000
vt -4.389219 -4.537836 0.000000
vt -4.343201 -4.543201 0.000000
vt -4.157843 -4.310056 0.000000
vt -4.091282 -4.334797 0.000000
vt -4.020771 -4.343201 0.000000
vt 1.333216 -4.343201 0.000000
vt -0.000000 0.283739 0.000000
vt -0.300000 0.283739 0.000000
vt -0.000000 0.236449 0.000000
vt -0.300000 0.236449 0.000000
vt -0.000000 0.189159 0.000000
vt -0.300000 0.189159 0.000000
vt -0.000000 0.141870 0.000000
vt -0.300000 0.141870 0.000000
vt -0.000000 0.094580 0.000000
vt -0.300000 0.094580 0.000000
vt -0.000000 0.047290 0.000000
vt -0.300000 0.047290 0.000000
vt -0.000000 0.000000 0.000000
vt -0.300000 0.000000 0.000000
vt 5.924502 0.300000 0.000000
vt -0.000000 0.300000 0.000000
vt 5.924502 0.000000 0.000000
vt -0.000000 0.000000 0.000000
vt -0.000000 0.325034 0.000000
vt -0.300000 0.325034 0.000000
vt -0.000000 0.278601 0.000000
vt -0.300000 0.278601 0.000000
vt -0.000000 0.232167 0.000000
vt -0.300000 0.232167 0.000000
vt -0.000000 0.185734 0.000000
vt -0.300000 0.185734 0.000000
vt -0.000000 0.139300 0.000000
vt -0.300000 0.139300 0.000000
vt -0.000000 0.092867 0.000000
vt -0.300000 0.092867 0.000000
vt -0.000000 0.046433 0.000000
vt -0.300000 0.046433 0.000000
vt -0.000000 0.000000 0.000000
vt -0.300000 0.000000 0.000000
vt -0.000000 13.743243 0.000000
vt -0.300000 13.743243 0.000000
vt -0.000000 12.761582 0.000000
vt -0.300000 12.761582 0.000000
vt -0.000000 11.779922 0.000000
vt -0.300000 11.779922 0.000000
vt -0.000000 10.798262 0.000000
vt -0.300000 10.798262 0.000000
vt -0.000000 9.816602 0.000000
vt -0.300000 9.816602 0.000000
vt -0.000000 8.834942 0.000000
vt -0.300000 8.834942 0.000000
vt -0.000000 7.853282 0.000000
vt -0.300000 7.853282 0.000000
vt -0.000000 6.871621 0.000000
vt -0.300000 6.871621 0.000000
vt -0.000000 5.889961 0.000000
vt -0.300000 5.889961 0.000000
vt -0.000000 4.908301 0.000000
vt -0.300000 4.908301 0.000000
vt -0.000000 3.926641 0.000000
vt -0.300000 3.926641 0.000000
vt -0.000000 2.944981 0.000000
vt -0.300000 2.944981 0.000000
vt -0.000000 1.963320 0.000000
vt -0.300000 1.963320 0.000000
vt -0.000000 0.981660 0.000000
vt -0.300000 0.981660 0.000000
vt -0.000000 0.000000 0.000000
vt -0.300000 0.000000 0.000000
vn -0.000000 -0.258819 0.965926
vn -0.000000 -0.258819 0.965926
vn -0.000000 -0.000000 1.000000
vn -0.000000 -0.258819 0.965926
vn -0.000000 -0.258819 0.965926
vn -0.000000 -0.500000 0.866025
vn -0.000000 -0.500000 0.866025
vn -0.000000 -0.707107 0.707107
vn -0.000000 -0.707107 0.707107
vn -0.000000 -0.866025 0.500000
vn -0.000000 -0.866025 0.500000
vn -0.000000 -0.965926 0.258819
vn -0.000000 -0.965926 0.258819
vn -0.000000 -1.000000 0.000000
vn -0.000000 -0.965926 0.258819
vn -0.000000 -0.965926 0.258819
vn -0.000000 -0.866025 0.500000
vn -0.000000 -0.866025 0.500000
vn -0.000000 -0.707107 0.707107
vn -0.000000 -0.707107 0.707107
vn -0.000000 -0.500000 0.866025
vn -0.000000 -0.500000 0.866025
vn -0.000000 -0.707107 0.707107
vn -0.000000 -0.866025 0.500000
vn -0.000000 -0.965926 0.258819
vn -0.000000 -1.000000 -0.000000
vn -0.000000 -0.866025 0.500000
vn -0.000000 -0.965926 0.258819
vn -0.000000 -0.965926 0.258819
vn -0.000000 -0.707107 0.707107
vn -0.000000 -0.500000 0.866025
vn -0.000000 -0.258819 0.965926
vn -0.000000 -0.000000 1.000000
vn -0.000000 -0.500000 0.866025
vn -0.000000 -0.258819 0.965926
vn -0.000000 -0.258819 0.965926
vn -0.000000 -0.500000 0.866025
vn -0.000000 -0.707107 0.707107
vn -0.000000 -0.866025 0.500000
vn 0.258437 0.014066 0.965926
vn 0.000000 0.000000 1.000000
vn 0.255562 0.040930 0.965926
vn 0.000000 0.000000 1.000000
vn 0.249903 0.067347 0.965926
vn 0.000000 0.000000 1.000000
vn 0.241521 0.093031 0.965926
vn 0.000000 0.000000 1.000000
vn 0.230508 0.117700 0.965926
vn 0.000000 0.000000 1.000000
vn 0.216983 0.141088 0.965926
vn 0.000000 0.000000 1.000000
vn 0.201093 0.162938 0.965926
vn 0.000000 0.000000 1.000000
vn 0.183013 0.183013 0.965926
vn 0.000000 0.000000 1.000000
vn 0.162938 0.201093 0.965926
vn 0.000000 0.000000 1.000000
vn 0.141088 0.216983 0.965926
vn -0.000000 -0.000000 1.000000
vn 0.117700 0.230508 0.965926
vn 0.000000 0.000000 1.000000
vn 0.093031 0.241521 0.965926
vn 0.000000 0.000000 1.000000
vn 0.067347 0.249903 0.965926
vn 0.000000 0.000000 1.000000
vn 0.040930 0.255562 0.965926
vn 0.000000 0.000000 1.000000
vn 0.014066 0.258437 0.965926
vn 0.079070 0.493708 0.866025
vn 0.027174 0.499261 0.866025
vn 0.111822 0.698209 0.707107
vn 0.038430 0.706062 0.707107
vn 0.136953 0.855128 0.500000
vn 0.047067 0.864745 0.500000
vn 0.152751 0.953771 0.258819
vn 0.052496 0.964498 0.258819
vn 0.158140 0.987417 -0.000000
vn 0.054348 0.998522 -0.000000
vn 0.499261 0.027174 0.866025
vn 0.493708 0.079070 0.866025
vn 0.482776 0.130104 0.866025
vn 0.466584 0.179721 0.866025
vn 0.445307 0.227380 0.866025
vn 0.419178 0.272561 0.866025
vn 0.388482 0.314772 0.866025
vn 0.353553 0.353553 0.866025
vn 0.314772 0.388482 0.866025
vn 0.272561 0.419178 0.866025
vn 0.227380 0.445307 0.866025
vn 0.179721 0.466584 0.866025
vn 0.130104 0.482776 0.866025
vn 0.706062 0.038430 0.707107
vn 0.698209 0.111822 0.707107
vn 0.682749 0.183995 0.707107
vn 0.659849 0.254164 0.707107
vn 0.629759 0.321564 0.707107
vn 0.592808 0.385459 0.707107
vn 0.549397 0.445155 0.707107
vn 0.500000 0.500000 0.707107
vn 0.445155 0.549397 0.707107
vn 0.385459 0.592808 0.707107
vn 0.321564 0.629759 0.707107
vn 0.254164 0.659849 0.707107
vn 0.183995 0.682749 0.707107
vn 0.864745 0.047067 0.500000
vn 0.855128 0.136953 0.500000
vn 0.836193 0.225347 0.500000
vn 0.808147 0.311286 0.500000
vn 0.771295 0.393833 0.500000
vn 0.726038 0.472089 0.500000
vn 0.672871 0.545201 0.500000
vn 0.612372 0.612372 0.500000
vn 0.545201 0.672871 0.500000
vn 0.472089 0.726038 0.500000
vn 0.393833 0.771295 0.500000
vn 0.311286 0.808147 0.500000
vn 0.225347 0.836193 0.500000
vn 0.964498 0.052496 0.258819
vn 0.953771 0.152751 0.258819
vn 0.932652 0.251342 0.258819
vn 0.901370 0.347195 0.258819
vn 0.860267 0.439264 0.258819
vn 0.809791 0.526547 0.258819
vn 0.750490 0.608093 0.258819
vn 0.683013 0.683013 0.258819
vn 0.608093 0.750490 0.258819
vn 0.526547 0.809791 0.258819
vn 0.439264 0.860267 0.258819
vn 0.347195 0.901370 0.258819
vn 0.251342 0.932652 0.258819
vn 0.998522 0.054348 -0.000000
vn 0.987417 0.158140 -0.000000
vn 0.965552 0.260209 -0.000000
vn 0.933167 0.359443 -0.000000
vn 0.890614 0.454760 -0.000000
vn 0.838357 0.545122 -0.000000
vn 0.776965 0.629544 -0.000000
vn 0.707107 0.707107 -0.000000
vn 0.629544 0.776965 -0.000000
vn 0.545122 0.838357 -0.000000
vn 0.454760 0.890614 -0.000000
vn 0.359443 0.933167 -0.000000
vn 0.260209 0.965552 -0.000000
vn 0.984236 -0.176857 0.000000
vn 0.977952 -0.085877 0.190354
vn 0.903053 -0.150776 0.402197
vn 0.779879 -0.185208 0.597903
vn 0.616302 -0.186984 0.764990
vn 0.422868 -0.155982 0.892666
vn 0.212028 -0.094196 0.972713
vn 0.129632 -0.306213 0.943096
vn 0.040414 -0.502117 0.863855
vn 0.268726 -0.569023 0.777174
vn 0.168172 -0.735808 0.655976
vn 0.478188 -0.602594 0.638918
vn 0.369184 -0.768025 0.523297
vn 0.655320 -0.600671 0.457985
vn 0.539171 -0.766179 0.349663
vn 0.667104 -0.730432 0.146428
vn 0.510455 -0.859020 0.038987
vn 0.641538 -0.767091 0.000000
vn 0.447828 -0.894120 0.000000
vn 0.394652 -0.891373 0.222943
vn 0.229367 -0.969666 0.084492
vn 0.099657 -0.971075 0.216985
vn 0.240755 -0.893045 0.380142
vn 0.058769 -0.863877 0.500262
vn 0.230087 -0.973170 0.000000
vn 0.800824 -0.598900 0.000000
vn 0.788655 -0.563409 0.246158
vn 0.736989 -0.403556 0.542208
vn 0.562031 -0.405456 0.720920
vn 0.355140 -0.372297 0.857479
vn 0.869808 -0.493109 0.016663
vn 0.917137 -0.398573 0.000000
vn 0.948843 -0.297315 0.106305
vn 0.868709 -0.366741 0.332935
vn -0.258819 0.000000 0.965926
vn -0.258819 0.000000 0.965926
vn -0.258819 0.000000 0.965926
vn -0.258819 0.000000 0.965926
vn -0.500000 0.000000 0.866025
vn -0.500000 0.000000 0.866025
vn -0.707107 0.000000 0.707107
vn -0.707107 0.000000 0.707107
vn -0.866025 0.000000 0.500000
vn -0.866025 0.000000 0.500000
vn -0.965926 0.000000 0.258819
vn -0.965926 0.000000 0.258819
vn -1.000000 0.000000 0.000000
vn -0.965926 0.000000 0.258819
vn -0.965926 0.000000 0.258819
vn -0.866025 0.000000 0.500000
vn -0.866025 0.000000 0.500000
vn -0.707107 0.000000 0.707107
vn -0.707107 0.000000 0.707107
vn -0.500000 0.000000 0.866025
vn -0.500000 0.000000 0.866025
vn -0.707107 0.000000 0.707107
vn -0.866025 0.000000 0.500000
vn -0.965926 0.000000 0.258819
vn -1.000000 0.000000 -0.000000
vn -0.866025 0.000000 0.500000
vn -0.965926 0.000000 0.258819
vn -0.965926 0.000000 0.258819
vn -0.707107 0.000000 0.707107
vn -0.500000 0.000000 0.866025
vn -0.258819 0.000000 0.965926
vn -0.000000 0.000000 1.000000
vn -0.500000 0.000000 0.866025
vn -0.258819 0.000000 0.965926
vn -0.258819 0.000000 0.965926
vn -0.500000 0.000000 0.866025
vn -0.707107 0.000000 0.707107
vn -0.866025 0.000000 0.500000
vn -0.973170 0.230087 0.000000
vn -0.972711 0.113055 0.202614
vn -0.893048 0.183184 0.410986
vn -0.765984 0.221351 0.603550
vn -0.599694 0.225101 0.767917
vn -0.404877 0.194193 0.893512
vn -0.194067 0.130616 0.972254
vn -0.107955 0.339439 0.934413
vn -0.016181 0.530457 0.847557
vn -0.244418 0.599291 0.762306
vn -0.142624 0.759719 0.634418
vn -0.455342 0.632754 0.626327
vn -0.345073 0.791837 0.503903
vn -0.635379 0.628694 0.448371
vn -0.517877 0.787940 0.333097
vn -0.772948 0.587371 0.239887
vn -0.649919 0.748278 0.132990
vn -0.767091 0.641538 0.000000
vn -0.598900 0.800824 0.000000
vn -0.492798 0.869934 0.019116
vn -0.398573 0.917137 0.000000
vn -0.373210 0.905856 0.200350
vn -0.208966 0.976255 0.057094
vn -0.076967 0.979232 0.187566
vn -0.176857 0.984236 0.000000
vn -0.216704 0.909385 0.355046
vn -0.033349 0.880296 0.473251
vn -0.859197 0.511445 0.014289
vn -0.894120 0.447828 0.000000
vn -0.940624 0.320660 0.111372
vn -0.855434 0.395654 0.334202
vn -0.719553 0.436470 0.540127
vn -0.541726 0.440480 0.715898
vn -0.333392 0.407428 0.850207
vn -0.039215 -0.255831 0.965926
vn 0.000000 0.000000 1.000000
vn -0.079060 -0.246448 0.965926
vn 0.000000 0.000000 1.000000
vn -0.116927 -0.230901 0.965926
vn -0.000000 -0.000000 1.000000
vn -0.151869 -0.209578 0.965926
vn 0.000000 0.000000 1.000000
vn -0.183013 -0.183013 0.965926
vn 0.000000 0.000000 1.000000
vn -0.209578 -0.151869 0.965926
vn 0.000000 0.000000 1.000000
vn -0.230901 -0.116927 0.965926
vn 0.000000 0.000000 1.000000
vn -0.246448 -0.079060 0.965926
vn -0.255831 -0.039215 0.965926
vn -0.476102 -0.152732 0.866025
vn -0.494227 -0.075758 0.866025
vn -0.673310 -0.215995 0.707107
vn -0.698943 -0.107137 0.707107
vn -0.824633 -0.264539 0.500000
vn -0.856027 -0.131216 0.500000
vn -0.919758 -0.295055 0.258819
vn -0.954774 -0.146352 0.258819
vn -0.988455 -0.151515 0.000000
vn -0.945052 -0.326920 0.000000
vn -0.861735 -0.436377 0.258819
vn -0.870792 -0.491651 0.000000
vn -0.782156 -0.566784 0.258819
vn -0.768100 -0.640329 0.000000
vn -0.683013 -0.683013 0.258819
vn -0.640329 -0.768100 0.000000
vn -0.566784 -0.782156 0.258819
vn -0.491651 -0.870792 0.000000
vn -0.436377 -0.861735 0.258819
vn -0.326920 -0.945052 0.000000
vn -0.295055 -0.919758 0.258819
vn -0.151515 -0.988455 0.000000
vn -0.146352 -0.954774 0.258819
vn -0.264539 -0.824633 0.500000
vn -0.131216 -0.856027 0.500000
vn -0.215995 -0.673310 0.707107
vn -0.107137 -0.698943 0.707107
vn -0.152732 -0.476102 0.866025
vn -0.075758 -0.494227 0.866025
vn -0.391245 -0.772611 0.500000
vn -0.508165 -0.701262 0.500000
vn -0.612372 -0.612372 0.500000
vn -0.701262 -0.508165 0.500000
vn -0.772611 -0.391245 0.500000
vn -0.319450 -0.630834 0.707107
vn -0.414915 -0.572578 0.707107
vn -0.500000 -0.500000 0.707107
vn -0.572578 -0.414915 0.707107
vn -0.630834 -0.319450 0.707107
vn -0.225886 -0.446067 0.866025
vn -0.293389 -0.404874 0.866025
vn -0.353553 -0.353553 0.866025
vn -0.404874 -0.293389 0.866025
vn -0.446067 -0.225886 0.866025
vn -0.378847 -0.925459 0.000000
vn -0.303598 -0.936399 0.176025
vn -0.205496 -0.887288 0.412906
vn -0.402012 -0.786940 0.468094
vn -0.286217 -0.679245 0.675800
vn -0.578937 -0.646835 0.496424
vn -0.459820 -0.541771 0.703598
vn -0.727085 -0.474248 0.496424
vn -0.605186 -0.372424 0.703598
vn -0.838765 -0.278138 0.468094
vn -0.714769 -0.179997 0.675800
vn -0.542063 -0.069589 0.837451
vn -0.442045 -0.245221 0.862823
vn -0.248779 -0.101306 0.963248
vn -0.137830 -0.230557 0.963248
vn -0.150916 -0.525261 0.837451
vn -0.908180 -0.068686 0.412906
vn -0.971588 -0.158214 0.176025
vn -0.972176 -0.234252 0.000000
vn -0.905600 -0.357324 0.228489
vn -0.890252 -0.455469 0.000000
vn -0.799434 -0.543752 0.255420
vn -0.758787 -0.651339 0.000000
vn -0.658601 -0.707818 0.255420
vn -0.585097 -0.810963 -0.000000
vn -0.490411 -0.841005 0.228489
vn -0.309366 -0.399787 0.862823
vn -0.234252 -0.972176 0.000000
vn -0.163797 -0.969257 0.183605
vn -0.216919 -0.891097 0.398614
vn -0.239766 -0.766200 0.596196
vn -0.230927 -0.602277 0.764157
vn -0.190948 -0.409444 0.892129
vn -0.122296 -0.199603 0.972215
vn -0.340985 -0.106455 0.934022
vn -0.413306 -0.327511 0.849656
vn -0.611709 -0.226596 0.757936
vn -0.455422 -0.530651 0.714843
vn -0.653520 -0.428268 0.624097
vn -0.464733 -0.703336 0.537905
vn -0.662765 -0.599706 0.448437
vn -0.440666 -0.834908 0.329762
vn -0.638871 -0.730327 0.241798
vn -0.384704 -0.917246 0.103262
vn -0.583313 -0.812071 0.016934
vn -0.455469 -0.890252 0.000000
vn -0.651339 -0.758787 -0.000000
vn -0.800047 -0.583417 0.139819
vn -0.822382 -0.461317 0.332978
vn -0.934334 -0.296190 0.198219
vn -0.926797 -0.156409 0.341443
vn -0.813741 -0.301063 0.497179
vn -0.925459 -0.378847 0.000000
vn -0.914852 -0.402692 0.029736
vn -0.810963 -0.585097 0.000000
vn 0.998522 0.054348 -0.000000
vn 0.984236 -0.176857 -0.000000
vn 0.917137 -0.398573 -0.000000
vn 0.800824 -0.598900 -0.000000
vn 0.641538 -0.767091 -0.000000
vn 0.447828 -0.894120 -0.000000
vn 0.230087 -0.973170 -0.000000
vn -0.000000 -1.000000 0.000000
vn -0.000000 -1.000000 0.000000
vn -0.234252 -0.972176 0.000000
vn -0.455469 -0.890252 0.000000
vn -0.651339 -0.758787 0.000000
vn -0.810963 -0.585097 0.000000
vn -0.925459 -0.378847 0.000000
vn -0.988455 -0.151515 0.000000
vn -0.945052 -0.326920 0.000000
vn -0.870792 -0.491651 0.000000
vn -0.768100 -0.640329 0.000000
vn -0.640329 -0.768100 0.000000
vn -0.491651 -0.870792 0.000000
vn -0.326920 -0.945052 0.000000
vn -0.151515 -0.988455 0.000000
vn 0.000000 0.000000 1.000000
vn 0.000000 0.000000 1.000000
vn 0.000000 0.000000 1.000000
vn 0.000000 0.000000 1.000000
vn 0.000000 0.000000 1.000000
vn 0.000000 0.000000 1.000000
vn 0.000000 0.000000 1.000000
vn 0.000000 0.000000 1.000000
vn 0.000000 0.000000 1.000000
vn 0.000000 0.000000 1.000000
vn 0.000000 0.000000 1.000000
vn 0.000000 0.000000 1.000000
vn 0.000000 0.000000 1.000000
vn 0.000000 0.000000 1.000000
vn 0.000000 0.000000 1.000000
vn 0.000000 0.000000 1.000000
vn -0.357293 0.933992 -0.000000
vn -0.357293 0.933992 -0.000000
vn -0.357293 0.933992 -0.000000
vn -0.357293 0.933992 -0.000000
vn -0.357293 0.933992 -0.000000
vn -0.357293 0.933992 -0.000000
vn -0.357293 0.933992 -0.000000
vn -0.357293 0.933992 -0.000000
vn -0.000000 0.000000 -1.000000
vn -0.000000 0.000000 -1.000000
vn -0.000000 0.000000 -1.000000
vn -0.000000 0.000000 -1.000000
vn -0.000000 0.000000 -1.000000
vn -0.000000 0.000000 -1.000000
vn -0.000000 0.000000 -1.000000
vn -0.000000 0.000000 -1.000000
vn -0.000000 0.000000 -1.000000
vn -0.000000 0.000000 -1.000000
vn -0.000000 0.000000 -1.000000
vn -0.000000 0.000000 -1.000000
vn -0.000000 0.000000 -1.000000
vn -0.000000 0.000000 -1.000000
vn -0.357035 0.934091 0.000000
vn -0.357035 0.934091 0.000000
vn -0.357035 0.934091 0.000000
vn -0.357035 0.934091 0.000000
vn 0.780858 -0.624708 0.000000
vn 0.780858 -0.624708 0.000000
vn 0.780858 -0.624708 0.000000
vn 0.780858 -0.624708 0.000000
vn 0.675531 0.737331 -0.000000
vn 0.675531 0.737331 -0.000000
vn 0.675531 0.737331 -0.000000
vn 0.675531 0.737331 -0.000000
vn 0.357293 -0.933992 0.000000
vn 0.357293 -0.933992 0.000000
vn 0.357293 -0.933992 0.000000
vn 0.357293 -0.933992 0.000000
vn 0.357293 -0.933992 0.000000
vn 0.357293 -0.933992 0.000000
vn 0.357293 -0.933992 0.000000
vn 0.357293 -0.933992 0.000000
vn -0.780720 0.624881 0.000000
vn -0.780720 0.624881 0.000000
vn -0.780720 0.624881 0.000000
vn -0.780720 0.624881 0.000000
vn -0.707107 -0.707107 0.000000
vn -0.707107 -0.707107 0.000000
vn -0.707107 -0.707107 0.000000
vn -0.707107 -0.707107 0.000000
vn -0.357035 0.934091 0.000000
vn -0.357035 0.934091 0.000000
vn -0.357035 0.934091 0.000000
vn -0.357035 0.934091 0.000000
vn -0.707107 -0.707107 0.000000
vn -0.707107 -0.707107 0.000000
vn -0.707107 -0.707107 0.000000
vn -0.707107 -0.707107 0.000000
vn -0.707107 -0.707107 0.000000
vn 0.357035 -0.934091 -0.000000
vn 0.357035 -0.934091 -0.000000
vn 0.357035 -0.934091 -0.000000
vn 0.357035 -0.934091 -0.000000
vn 0.357035 -0.934091 -0.000000
vn 0.357035 -0.934091 -0.000000
vn 0.357035 -0.934091 -0.000000
vn 0.357035 -0.934091 -0.000000
vn 0.710424 0.703774 -0.000000
vn 0.710424 0.703774 -0.000000
vn 0.710424 0.703774 -0.000000
vn 0.710424 0.703774 -0.000000
vn 0.710424 0.703774 -0.000000
vn 0.780720 -0.624881 -0.000000
vn 0.780720 -0.624881 -0.000000
vn 0.780720 -0.624881 -0.000000
vn 0.780720 -0.624881 -0.000000
vn -0.675531 -0.737331 0.000000
vn -0.675531 -0.737331 0.000000
vn -0.675531 -0.737331 0.000000
vn -0.675531 -0.737331 0.000000
vn 0.707107 0.707107 -0.000000
vn 0.707107 0.707107 -0.000000
vn 0.707107 0.707107 -0.000000
vn 0.707107 0.707107 -0.000000
vn -0.780858 0.624708 -0.000000
vn -0.780858 0.624708 -0.000000
vn -0.780858 0.624708 -0.000000
vn -0.780858 0.624708 -0.000000
vn -0.710424 -0.703774 0.000000
vn -0.710424 -0.703774 0.000000
vn -0.710424 -0.703774 0.000000
vn -0.710424 -0.703774 0.000000
vn -0.710424 -0.703774 0.000000
vn 0.703774 -0.710424 -0.000000
vn 0.703774 -0.710424 -0.000000
vn 0.703774 -0.710424 -0.000000
vn 0.703774 -0.710424 -0.000000
vn 0.707107 0.707107 -0.000000
vn 0.707107 0.707107 -0.000000
vn 0.707107 0.707107 -0.000000
vn 0.707107 0.707107 -0.000000
vn 0.707107 0.707107 -0.000000
vn -0.707107 0.707107 -0.000000
vn -0.707107 0.707107 -0.000000
vn -0.707107 0.707107 -0.000000
vn -0.707107 0.707107 -0.000000
vn 0.974996 0.222222 -0.000000
vn 0.974996 0.222222 -0.000000
vn 0.926999 0.375064 -0.000000
vn 0.926999 0.375064 -0.000000
vn 0.855211 0.518280 -0.000000
vn 0.855211 0.518280 -0.000000
vn 0.761474 0.648195 -0.000000
vn 0.761474 0.648195 -0.000000
vn 0.648195 0.761474 -0.000000
vn 0.648195 0.761474 -0.000000
vn 0.518280 0.855211 -0.000000
vn 0.518280 0.855211 -0.000000
vn 0.375064 0.926999 -0.000000
vn 0.375064 0.926999 -0.000000
vn 0.222222 0.974996 -0.000000
vn 0.222222 0.974996 -0.000000
vn 0.433654 0.901080 -0.000000
vn 0.433654 0.901080 -0.000000
vn 0.623330 0.781959 -0.000000
vn 0.623330 0.781959 -0.000000
vn 0.781736 0.623610 -0.000000
vn 0.781736 0.623610 -0.000000
vn 0.900925 0.433976 -0.000000
vn 0.900925 0.433976 -0.000000
vn 0.974917 0.222571 -0.000000
vn 0.974917 0.222571 -0.000000
vn 1.000000 0.000000 -0.000000
vn 1.000000 0.000000 -0.000000
vn 1.000000 -0.000000 -0.000000
vn 1.000000 -0.000000 -0.000000
vn 0.971986 -0.235038 0.000000
vn 0.971986 -0.235038 0.000000
vn 0.889514 -0.456908 0.000000
vn 0.889514 -0.456908 0.000000
vn 0.757204 -0.653178 0.000000
vn 0.757204 -0.653178 0.000000
vn 0.582470 -0.812852 0.000000
vn 0.582470 -0.812852 0.000000
vn 0.375102 -0.926984 0.000000
vn 0.375102 -0.926984 0.000000
vn 0.146717 -0.989178 0.000000
vn 0.146717 -0.989178 0.000000
vn -0.089888 -0.995952 0.000000
vn -0.089888 -0.995952 0.000000
vn -0.188221 -0.982127 0.000000
vn -0.188221 -0.982127 0.000000
vn -0.284698 -0.958617 0.000000
vn -0.284698 -0.958617 0.000000
vn -0.378368 -0.925655 0.000000
vn -0.378368 -0.925655 0.000000
vn -0.468308 -0.883566 0.000000
vn -0.468308 -0.883566 0.000000
vn -0.553629 -0.832764 0.000000
vn -0.553629 -0.832764 0.000000
vn -0.633491 -0.773750 0.000000
vn -0.633491 -0.773750 0.000000
vn -0.707107 -0.707107 0.000000
vn -0.707107 -0.707107 0.000000
vn -0.773750 -0.633491 0.000000
vn -0.773750 -0.633491 0.000000
vn -0.832764 -0.553629 0.000000
vn -0.832764 -0.553629 0.000000
vn -0.883566 -0.468308 0.000000
vn -0.883566 -0.468308 0.000000
vn -0.925655 -0.378368 0.000000
vn -0.925655 -0.378368 0.000000
vn -0.958617 -0.284698 0.000000
vn -0.958617 -0.284698 0.000000
vn -0.982127 -0.188221 0.000000
vn -0.982127 -0.188221 0.000000
vn -0.995952 -0.089888 0.000000
vn -0.995952 -0.089888 0.000000
vn -0.989178 0.146717 0.000000
vn -0.989178 0.146717 0.000000
vn -0.926984 0.375102 0.000000
vn -0.926984 0.375102 0.000000
vn -0.812852 0.582470 0.000000
vn -0.812852 0.582470 0.000000
vn -0.653178 0.757204 0.000000
vn -0.653178 0.757204 0.000000
vn -0.456908 0.889514 0.000000
vn -0.456908 0.889514 0.000000
vn -0.235038 0.971986 0.000000
vn -0.235038 0.971986 0.000000
vn 0.000000 1.000000 -0.000000
vn 0.000000 1.000000 -0.000000
vn 0.000000 1.000000 -0.000000
vn 0.000000 1.000000 -0.000000
vn 0.222571 0.974917 -0.000000
vn 0.222571 0.974917 -0.000000
vn 0.433976 0.900925 -0.000000
vn 0.433976 0.900925 -0.000000
vn 0.623610 0.781736 -0.000000
vn 0.623610 0.781736 -0.000000
vn 0.781959 0.623330 -0.000000
vn 0.781959 0.623330 -0.000000
vn 0.901080 0.433654 -0.000000
vn 0.901080 0.433654 -0.000000
vn -0.000000 -0.000000 -1.000000
vn -0.000000 -0.000000 -1.000000
vn -0.000000 -0.000000 -1.000000
vn -0.000000 -0.000000 -1.000000
vn -0.000000 -0.000000 -1.000000
vn -0.000000 -0.000000 -1.000000
vn -0.000000 -0.000000 -1.000000
vn -0.000000 -0.000000 -1.000000
vn -0.000000 -0.000000 -1.000000
vn -0.000000 -0.000000 -1.000000
vn -0.000000 -0.000000 -1.000000
vn -0.000000 -0.000000 -1.000000
vn -0.000000 -0.000000 -1.000000
vn -0.000000 -0.000000 -1.000000
vn -0.000000 -0.000000 -1.000000
vn -0.000000 -0.000000 -1.000000
vn -0.000000 -0.000000 -1.000000
vn -0.000000 -0.000000 -1.000000
vn -0.000000 -0.000000 -1.000000
vn -0.000000 -0.000000 -1.000000
vn -0.000000 -0.000000 -1.000000
vn -0.000000 -0.000000 -1.000000
vn -0.000000 -0.000000 -1.000000
vn -0.000000 -0.000000 -1.000000
vn -0.000000 -0.000000 -1.000000
vn -0.000000 -0.000000 -1.000000
vn -0.000000 -0.000000 -1.000000
vn -0.000000 -0.000000 -1.000000
vn -0.000000 -0.000000 -1.000000
vn -0.000000 -0.000000 -1.000000
vn -0.000000 -0.000000 -1.000000
vn -0.000000 -0.000000 -1.000000
vn -0.000000 -0.000000 -1.000000
vn -0.000000 -0.000000 -1.000000
vn -0.000000 -0.000000 -1.000000
vn -0.000000 -0.000000 -1.000000
vn -0.000000 -0.000000 -1.000000
vn -0.000000 -0.000000 -1.000000
vn -0.000000 -0.000000 -1.000000
vn -0.000000 -0.000000 -1.000000
vn -0.000000 -0.000000 -1.000000
vn -0.000000 -0.000000 -1.000000
vn -0.000000 -0.000000 -1.000000
vn -0.000000 -0.000000 -1.000000
vn -0.000000 -0.000000 -1.000000
vn -0.000000 -0.000000 -1.000000
vn -0.000000 -0.000000 -1.000000
vn -0.000000 -0.000000 -1.000000
vn -0.000000 -0.000000 -1.000000
vn -0.000000 -0.000000 -1.000000
vn -0.000000 -0.000000 -1.000000
vn -0.000000 -0.000000 -1.000000
vn -0.000000 -0.000000 -1.000000
vn -0.000000 -0.000000 -1.000000
vn -0.000000 -0.000000 -1.000000
vn -0.000000 -0.000000 -1.000000
vn -0.000000 -0.000000 -1.000000
vn -0.000000 -0.000000 -1.000000
vn -0.000000 -0.000000 -1.000000
vn -0.000000 -0.000000 -1.000000
vn -0.000000 -0.000000 -1.000000
vn -0.000000 -0.000000 -1.000000
vn -0.000000 -0.000000 -1.000000
vn -0.000000 0.000000 -1.000000
vn -0.000000 0.000000 -1.000000
vn -0.000000 0.000000 -1.000000
vn -0.000000 0.000000 -1.000000
vn -0.000000 0.000000 -1.000000
vn -0.000000 0.000000 -1.000000
vn -0.000000 0.000000 -1.000000
vn -0.000000 0.000000 -1.000000
vn -0.000000 0.000000 -1.000000
vn -0.000000 0.000000 -1.000000
vn -0.000000 0.000000 -1.000000
vn -0.000000 0.000000 -1.000000
vn -0.000000 0.000000 -1.000000
vn -0.000000 0.000000 -1.000000
vn -0.000000 0.000000 -1.000000
vn -0.000000 0.000000 -1.000000
vn -0.000000 0.000000 -1.000000
vn -0.000000 0.000000 -1.000000
vn -0.000000 0.000000 -1.000000
vn -0.000000 0.000000 -1.000000
vn -0.000000 0.000000 -1.000000
vn -0.000000 0.000000 -1.000000
vn -0.000000 0.000000 -1.000000
vn -0.000000 0.000000 -1.000000
vn -0.000000 0.000000 -1.000000
vn -0.000000 0.000000 -1.000000
vn -0.000000 0.000000 -1.000000
vn -0.000000 0.000000 -1.000000
vn -0.000000 0.000000 -1.000000
vn -0.000000 0.000000 -1.000000
vn -0.000000 0.000000 -1.000000
vn -0.000000 0.000000 -1.000000
vn -0.000000 0.000000 -1.000000
vn -0.000000 0.000000 -1.000000
vn -0.000000 0.000000 -1.000000
vn -0.000000 0.000000 -1.000000
vn -0.000000 0.000000 -1.000000
vn -0.000000 0.000000 -1.000000
vn -0.000000 0.000000 -1.000000
vn -0.000000 0.000000 -1.000000
vn -0.000000 0.000000 -1.000000
vn -0.000000 0.000000 -1.000000
vn -0.000000 0.000000 -1.000000
vn -0.000000 0.000000 -1.000000
vn -0.000000 0.000000 -1.000000
vn -0.000000 0.000000 -1.000000
vn -0.000000 0.000000 -1.000000
vn -0.000000 0.000000 -1.000000
vn -0.000000 0.000000 -1.000000
vn -0.000000 0.000000 -1.000000
vn -0.000000 0.000000 -1.000000
vn -0.000000 0.000000 -1.000000
vn -0.000000 0.000000 -1.000000
vn -0.000000 0.000000 -1.000000
vn -0.000000 0.000000 -1.000000
vn -0.000000 0.000000 -1.000000
vn -0.000000 0.000000 -1.000000
vn -0.000000 0.000000 -1.000000
vn -0.000000 0.000000 -1.000000
vn -0.000000 0.000000 -1.000000
vn -0.000000 0.000000 -1.000000
vn -0.000000 0.000000 -1.000000
vn -0.000000 0.000000 -1.000000
vn -0.000000 0.000000 -1.000000
vn -0.000000 0.000000 -1.000000
vn -0.000000 0.000000 -1.000000
vn -0.000000 0.000000 -1.000000
vn -0.000000 0.000000 -1.000000
vn -0.000000 0.000000 -1.000000
vn -0.000000 0.000000 -1.000000
vn -0.000000 0.000000 -1.000000
vn -0.000000 0.000000 -1.000000
vn -0.000000 0.000000 -1.000000
vn -0.000000 0.000000 -1.000000
vn -0.000000 0.000000 -1.000000
vn -0.000000 0.000000 -1.000000
vn -0.000000 0.000000 -1.000000
vn -0.000000 0.000000 -1.000000
vn -0.000000 0.000000 -1.000000
vn -0.000000 0.000000 -1.000000
vn -0.000000 0.000000 -1.000000
vn -0.000000 0.000000 -1.000000
vn -0.000000 0.000000 -1.000000
vn -0.000000 0.000000 -1.000000
vn -0.000000 0.000000 -1.000000
vn -0.000000 0.000000 -1.000000
vn -0.000000 0.000000 -1.000000
vn -0.000000 0.000000 -1.000000
vn -0.000000 0.000000 -1.000000
vn -0.000000 0.000000 -1.000000
vn -0.000000 0.000000 -1.000000
vn -0.000000 0.000000 -1.000000
vn -0.000000 0.000000 -1.000000
vn -0.000000 0.000000 -1.000000
vn -0.000000 0.000000 -1.000000
vn -0.000000 0.000000 -1.000000
vn -0.000000 0.000000 -1.000000
vn -0.000000 0.000000 -1.000000
vn -0.378847 -0.925459 0.000000
vn -0.585097 -0.810963 0.000000
vn -0.758787 -0.651339 0.000000
vn -0.890252 -0.455469 0.000000
vn -0.972176 -0.234252 0.000000
vn -1.000000 -0.000000 0.000000
vn -1.000000 0.000000 0.000000
vn -0.973170 0.230087 -0.000000
vn -0.894120 0.447828 -0.000000
vn -0.767091 0.641538 -0.000000
vn -0.598900 0.800824 -0.000000
vn -0.398573 0.917137 -0.000000
vn -0.176857 0.984236 -0.000000
vn 0.054348 0.998522 -0.000000
vn 0.158140 0.987417 -0.000000
vn 0.260209 0.965552 -0.000000
vn 0.359443 0.933167 -0.000000
vn 0.454760 0.890614 -0.000000
vn 0.545122 0.838357 -0.000000
vn 0.629544 0.776965 -0.000000
vn 0.707107 0.707107 -0.000000
vn 0.776965 0.629544 -0.000000
vn 0.838357 0.545122 -0.000000
vn 0.890614 0.454760 -0.000000
vn 0.933167 0.359443 -0.000000
vn 0.965552 0.260209 -0.000000
vn 0.987417 0.158140 -0.000000
f 2859/4001/3590 2872/4002/3591 2858/4003/3592
f 2858/4003/3592 2872/4002/3591 2873/4004/3593
f 2858/4003/3592 2873/4004/3593 2874/4005/3594
f 2874/4005/3594 2873/4004/3593 2879/4006/3595
f 2874/4005/3594 2879/4006/3595 2880/4007/3596
f 2880/4007/3596 2879/4006/3595 2885/4008/3597
f 2880/4007/3596 2885/4008/3597 2886/4009/3598
f 2886/4009/3598 2885/4008/3597 2891/4010/3599
f 2886/4009/3598 2891/4010/3599 2867/4011/3600
f 2867/4011/3600 2891/4010/3599 2866/4012/3601
f 2866/4012/3601 2891/4010/3599 2896/4013/3602
f 2866/4012/3601 2896/4013/3602 2865/4014/3603
f 2865/4014/3603 2896/4013/3602 2895/4015/3604
f 2865/4014/3603 2895/4015/3604 2894/4016/3605
f 2894/4016/3605 2895/4015/3604 2889/4017/3606
f 2894/4016/3605 2889/4017/3606 2888/4018/3607
f 2888/4018/3607 2889/4017/3606 2883/4019/3608
f 2888/4018/3607 2883/4019/3608 2882/4020/3609
f 2882/4020/3609 2883/4019/3608 2877/4021/3610
f 2882/4020/3609 2877/4021/3610 2860/4022/3611
f 2860/4022/3611 2877/4021/3610 2859/4001/3590
f 2859/4001/3590 2877/4021/3610 2872/4002/3591
f 2860/4022/3611 2861/4023/3612 2882/4020/3609
f 2882/4020/3609 2861/4023/3612 2887/4024/3613
f 2882/4020/3609 2887/4024/3613 2888/4018/3607
f 2888/4018/3607 2887/4024/3613 2893/4025/3614
f 2888/4018/3607 2893/4025/3614 2894/4016/3605
f 2894/4016/3605 2893/4025/3614 2864/4026/3615
f 2894/4016/3605 2864/4026/3615 2865/4014/3603
f 2861/4023/3612 2862/4027/3616 2887/4024/3613
f 2887/4024/3613 2862/4027/3616 2892/4028/3617
f 2887/4024/3613 2892/4028/3617 2893/4025/3614
f 2893/4025/3614 2892/4028/3617 2864/4026/3615
f 2862/4027/3616 2863/4029/3618 2892/4028/3617
f 2892/4028/3617 2863/4029/3618 2864/4026/3615
f 2867/4011/3600 2868/4030/3619 2886/4009/3598
f 2886/4009/3598 2868/4030/3619 2881/4031/3620
f 2886/4009/3598 2881/4031/3620 2880/4007/3596
f 2880/4007/3596 2881/4031/3620 2875/4032/3621
f 2880/4007/3596 2875/4032/3621 2874/4005/3594
f 2874/4005/3594 2875/4032/3621 2871/4033/3622
f 2874/4005/3594 2871/4033/3622 2858/4003/3592
f 2868/4030/3619 2869/4034/3623 2881/4031/3620
f 2881/4031/3620 2869/4034/3623 2876/4035/3624
f 2881/4031/3620 2876/4035/3624 2875/4032/3621
f 2875/4032/3621 2876/4035/3624 2871/4033/3622
f 2869/4034/3623 2870/4036/3625 2876/4035/3624
f 2876/4035/3624 2870/4036/3625 2871/4033/3622
f 2873/4004/3593 2872/4002/3591 2878/4037/3626
f 2878/4037/3626 2872/4002/3591 2877/4021/3610
f 2878/4037/3626 2877/4021/3610 2883/4019/3608
f 2873/4004/3593 2878/4037/3626 2879/4006/3595
f 2879/4006/3595 2878/4037/3626 2884/4038/3627
f 2879/4006/3595 2884/4038/3627 2885/4008/3597
f 2885/4008/3597 2884/4038/3627 2890/4039/3628
f 2885/4008/3597 2890/4039/3628 2891/4010/3599
f 2891/4010/3599 2890/4039/3628 2896/4013/3602
f 2884/4038/3627 2878/4037/3626 2883/4019/3608
f 2890/4039/3628 2884/4038/3627 2889/4017/3606
f 2889/4017/3606 2884/4038/3627 2883/4019/3608
f 2896/4013/3602 2890/4039/3628 2895/4015/3604
f 2895/4015/3604 2890/4039/3628 2889/4017/3606
f 2871/4040/3622 2897/4041/3629 2935/4042/3630
f 2935/4042/3630 2897/4041/3629 2940/4043/3631
f 2935/4042/3630 2940/4043/3631 2934/4044/3632
f 2934/4044/3632 2940/4043/3631 2945/4045/3633
f 2934/4044/3632 2945/4045/3633 2933/4046/3634
f 2933/4046/3634 2945/4045/3633 2950/4047/3635
f 2933/4046/3634 2950/4047/3635 2932/4048/3636
f 2932/4048/3636 2950/4047/3635 2955/4049/3637
f 2932/4048/3636 2955/4049/3637 2931/4050/3638
f 2931/4050/3638 2955/4049/3637 2960/4051/3639
f 2931/4050/3638 2960/4051/3639 2930/4052/3640
f 2930/4052/3640 2960/4051/3639 2965/4053/3641
f 2930/4052/3640 2965/4053/3641 2929/4054/3642
f 2929/4054/3642 2965/4053/3641 2970/4055/3643
f 2929/4054/3642 2970/4055/3643 2928/4056/3644
f 2928/4056/3644 2970/4055/3643 2975/4057/3645
f 2928/4056/3644 2975/4057/3645 2927/4058/3646
f 2927/4058/3646 2975/4057/3645 2980/4059/3647
f 2927/4058/3646 2980/4059/3647 2926/4060/3648
f 2926/4060/3648 2980/4059/3647 2985/4061/3649
f 2926/4060/3648 2985/4061/3649 2925/4062/3650
f 2925/4062/3650 2985/4061/3649 2990/4063/3651
f 2925/4062/3650 2990/4063/3651 2924/4064/3652
f 2924/4064/3652 2990/4063/3651 2995/4065/3653
f 2924/4064/3652 2995/4065/3653 2923/4066/3654
f 2923/4066/3654 2995/4065/3653 3000/4067/3655
f 2923/4066/3654 3000/4067/3655 2922/4068/3656
f 2922/4068/3656 3000/4067/3655 2921/4069/3657
f 2921/4069/3657 3000/4067/3655 2999/4070/3658
f 2921/4069/3657 2999/4070/3658 2920/4071/3659
f 2920/4071/3659 2999/4070/3658 2998/4072/3660
f 2920/4071/3659 2998/4072/3660 2919/4073/3661
f 2919/4073/3661 2998/4072/3660 2997/4074/3662
f 2919/4073/3661 2997/4074/3662 2918/4075/3663
f 2918/4075/3663 2997/4074/3662 2996/4076/3664
f 2918/4075/3663 2996/4076/3664 2917/4077/3665
f 2917/4077/3665 2996/4076/3664 2915/4078/3666
f 2917/4077/3665 2915/4078/3666 2916/4079/3667
f 2897/4041/3629 2898/4080/3668 2940/4043/3631
f 2940/4043/3631 2898/4080/3668 2939/4081/3669
f 2940/4043/3631 2939/4081/3669 2945/4045/3633
f 2945/4045/3633 2939/4081/3669 2944/4082/3670
f 2945/4045/3633 2944/4082/3670 2950/4047/3635
f 2950/4047/3635 2944/4082/3670 2949/4083/3671
f 2950/4047/3635 2949/4083/3671 2955/4049/3637
f 2955/4049/3637 2949/4083/3671 2954/4084/3672
f 2955/4049/3637 2954/4084/3672 2960/4051/3639
f 2960/4051/3639 2954/4084/3672 2959/4085/3673
f 2960/4051/3639 2959/4085/3673 2965/4053/3641
f 2965/4053/3641 2959/4085/3673 2964/4086/3674
f 2965/4053/3641 2964/4086/3674 2970/4055/3643
f 2970/4055/3643 2964/4086/3674 2969/4087/3675
f 2970/4055/3643 2969/4087/3675 2975/4057/3645
f 2975/4057/3645 2969/4087/3675 2974/4088/3676
f 2975/4057/3645 2974/4088/3676 2980/4059/3647
f 2980/4059/3647 2974/4088/3676 2979/4089/3677
f 2980/4059/3647 2979/4089/3677 2985/4061/3649
f 2985/4061/3649 2979/4089/3677 2984/4090/3678
f 2985/4061/3649 2984/4090/3678 2990/4063/3651
f 2990/4063/3651 2984/4090/3678 2989/4091/3679
f 2990/4063/3651 2989/4091/3679 2995/4065/3653
f 2995/4065/3653 2989/4091/3679 2994/4092/3680
f 2995/4065/3653 2994/4092/3680 3000/4067/3655
f 3000/4067/3655 2994/4092/3680 2999/4070/3658
f 2898/4080/3668 2899/4093/3681 2939/4081/3669
f 2939/4081/3669 2899/4093/3681 2938/4094/3682
f 2939/4081/3669 2938/4094/3682 2944/4082/3670
f 2944/4082/3670 2938/4094/3682 2943/4095/3683
f 2944/4082/3670 2943/4095/3683 2949/4083/3671
f 2949/4083/3671 2943/4095/3683 2948/4096/3684
f 2949/4083/3671 2948/4096/3684 2954/4084/3672
f 2954/4084/3672 2948/4096/3684 2953/4097/3685
f 2954/4084/3672 2953/4097/3685 2959/4085/3673
f 2959/4085/3673 2953/4097/3685 2958/4098/3686
f 2959/4085/3673 2958/4098/3686 2964/4086/3674
f 2964/4086/3674 2958/4098/3686 2963/4099/3687
f 2964/4086/3674 2963/4099/3687 2969/4087/3675
f 2969/4087/3675 2963/4099/3687 2968/4100/3688
f 2969/4087/3675 2968/4100/3688 2974/4088/3676
f 2974/4088/3676 2968/4100/3688 2973/4101/3689
f 2974/4088/3676 2973/4101/3689 2979/4089/3677
f 2979/4089/3677 2973/4101/3689 2978/4102/3690
f 2979/4089/3677 2978/4102/3690 2984/4090/3678
f 2984/4090/3678 2978/4102/3690 2983/4103/3691
f 2984/4090/3678 2983/4103/3691 2989/4091/3679
f 2989/4091/3679 2983/4103/3691 2988/4104/3692
f 2989/4091/3679 2988/4104/3692 2994/4092/3680
f 2994/4092/3680 2988/4104/3692 2993/4105/3693
f 2994/4092/3680 2993/4105/3693 2999/4070/3658
f 2999/4070/3658 2993/4105/3693 2998/4072/3660
f 2899/4093/3681 2900/4106/3694 2938/4094/3682
f 2938/4094/3682 2900/4106/3694 2937/4107/3695
f 2938/4094/3682 2937/4107/3695 2943/4095/3683
f 2943/4095/3683 2937/4107/3695 2942/4108/3696
f 2943/4095/3683 2942/4108/3696 2948/4096/3684
f 2948/4096/3684 2942/4108/3696 2947/4109/3697
f 2948/4096/3684 2947/4109/3697 2953/4097/3685
f 2953/4097/3685 2947/4109/3697 2952/4110/3698
f 2953/4097/3685 2952/4110/3698 2958/4098/3686
f 2958/4098/3686 2952/4110/3698 2957/4111/3699
f 2958/4098/3686 2957/4111/3699 2963/4099/3687
f 2963/4099/3687 2957/4111/3699 2962/4112/3700
f 2963/4099/3687 2962/4112/3700 2968/4100/3688
f 2968/4100/3688 2962/4112/3700 2967/4113/3701
f 2968/4100/3688 2967/4113/3701 2973/4101/3689
f 2973/4101/3689 2967/4113/3701 2972/4114/3702
f 2973/4101/3689 2972/4114/3702 2978/4102/3690
f 2978/4102/3690 2972/4114/3702 2977/4115/3703
f 2978/4102/3690 2977/4115/3703 2983/4103/3691
f 2983/4103/3691 2977/4115/3703 2982/4116/3704
f 2983/4103/3691 2982/4116/3704 2988/4104/3692
f 2988/4104/3692 2982/4116/3704 2987/4117/3705
f 2988/4104/3692 2987/4117/3705 2993/4105/3693
f 2993/4105/3693 2987/4117/3705 2992/4118/3706
f 2993/4105/3693 2992/4118/3706 2998/4072/3660
f 2998/4072/3660 2992/4118/3706 2997/4074/3662
f 2900/4106/3694 2901/4119/3707 2937/4107/3695
f 2937/4107/3695 2901/4119/3707 2936/4120/3708
f 2937/4107/3695 2936/4120/3708 2942/4108/3696
f 2942/4108/3696 2936/4120/3708 2941/4121/3709
f 2942/4108/3696 2941/4121/3709 2947/4109/3697
f 2947/4109/3697 2941/4121/3709 2946/4122/3710
f 2947/4109/3697 2946/4122/3710 2952/4110/3698
f 2952/4110/3698 2946/4122/3710 2951/4123/3711
f 2952/4110/3698 2951/4123/3711 2957/4111/3699
f 2957/4111/3699 2951/4123/3711 2956/4124/3712
f 2957/4111/3699 2956/4124/3712 2962/4112/3700
f 2962/4112/3700 2956/4124/3712 2961/4125/3713
f 2962/4112/3700 2961/4125/3713 2967/4113/3701
f 2967/4113/3701 2961/4125/3713 2966/4126/3714
f 2967/4113/3701 2966/4126/3714 2972/4114/3702
f 2972/4114/3702 2966/4126/3714 2971/4127/3715
f 2972/4114/3702 2971/4127/3715 2977/4115/3703
f 2977/4115/3703 2971/4127/3715 2976/4128/3716
f 2977/4115/3703 2976/4128/3716 2982/4116/3704
f 2982/4116/3704 2976/4128/3716 2981/4129/3717
f 2982/4116/3704 2981/4129/3717 2987/4117/3705
f 2987/4117/3705 2981/4129/3717 2986/4130/3718
f 2987/4117/3705 2986/4130/3718 2992/4118/3706
f 2992/4118/3706 2986/4130/3718 2991/4131/3719
f 2992/4118/3706 2991/4131/3719 2997/4074/3662
f 2997/4074/3662 2991/4131/3719 2996/4076/3664
f 2901/4119/3707 2902/4132/3720 2936/4120/3708
f 2936/4120/3708 2902/4132/3720 2903/4133/3721
f 2936/4120/3708 2903/4133/3721 2941/4121/3709
f 2941/4121/3709 2903/4133/3721 2904/4134/3722
f 2941/4121/3709 2904/4134/3722 2946/4122/3710
f 2946/4122/3710 2904/4134/3722 2905/4135/3723
f 2946/4122/3710 2905/4135/3723 2951/4123/3711
f 2951/4123/3711 2905/4135/3723 2906/4136/3724
f 2951/4123/3711 2906/4136/3724 2956/4124/3712
f 2956/4124/3712 2906/4136/3724 2907/4137/3725
f 2956/4124/3712 2907/4137/3725 2961/4125/3713
f 2961/4125/3713 2907/4137/3725 2908/4138/3726
f 2961/4125/3713 2908/4138/3726 2966/4126/3714
f 2966/4126/3714 2908/4138/3726 2909/4139/3727
f 2966/4126/3714 2909/4139/3727 2971/4127/3715
f 2971/4127/3715 2909/4139/3727 2910/4140/3728
f 2971/4127/3715 2910/4140/3728 2976/4128/3716
f 2976/4128/3716 2910/4140/3728 2911/4141/3729
f 2976/4128/3716 2911/4141/3729 2981/4129/3717
f 2981/4129/3717 2911/4141/3729 2912/4142/3730
f 2981/4129/3717 2912/4142/3730 2986/4130/3718
f 2986/4130/3718 2912/4142/3730 2913/4143/3731
f 2986/4130/3718 2913/4143/3731 2991/4131/3719
f 2991/4131/3719 2913/4143/3731 2914/4144/3732
f 2991/4131/3719 2914/4144/3732 2996/4076/3664
f 2996/4076/3664 2914/4144/3732 2915/4078/3666
f 3006/4145/3733 2902/4146/3720 3008/4147/3734
f 3008/4147/3734 2902/4146/3720 2901/4148/3707
f 3008/4147/3734 2901/4148/3707 3007/4149/3735
f 3007/4149/3735 2901/4148/3707 2900/4150/3694
f 3007/4149/3735 2900/4150/3694 3015/4151/3736
f 3015/4151/3736 2900/4150/3694 2899/4152/3681
f 3015/4151/3736 2899/4152/3681 3021/4153/3737
f 3021/4153/3737 2899/4152/3681 2898/4154/3668
f 3021/4153/3737 2898/4154/3668 3027/4155/3738
f 3027/4155/3738 2898/4154/3668 2897/4156/3629
f 3027/4155/3738 2897/4156/3629 3032/4157/3739
f 3032/4157/3739 2897/4156/3629 2871/4158/3622
f 3032/4157/3739 2871/4158/3622 2870/4159/3625
f 3032/4157/3739 2870/4159/3625 3033/4160/3740
f 3033/4160/3740 2870/4159/3625 2869/4161/3623
f 3033/4160/3740 2869/4161/3623 3034/4162/3741
f 3034/4162/3741 2869/4161/3623 2868/4163/3619
f 3034/4162/3741 2868/4163/3619 3029/4164/3742
f 3029/4164/3742 2868/4163/3619 3030/4165/3743
f 3029/4164/3742 3030/4165/3743 3023/4166/3744
f 3023/4166/3744 3030/4165/3743 3024/4167/3745
f 3023/4166/3744 3024/4167/3745 3017/4168/3746
f 3017/4168/3746 3024/4167/3745 3018/4169/3747
f 3017/4168/3746 3018/4169/3747 3013/4170/3748
f 3013/4170/3748 3018/4169/3747 3014/4171/3749
f 3013/4170/3748 3014/4171/3749 3003/4172/3750
f 3003/4172/3750 3014/4171/3749 3002/4173/3751
f 3002/4173/3751 3014/4171/3749 3019/4174/3752
f 3002/4173/3751 3019/4174/3752 3020/4175/3753
f 3020/4175/3753 3019/4174/3752 3026/4176/3754
f 3020/4175/3753 3026/4176/3754 2865/4177/3603
f 2865/4177/3603 3026/4176/3754 2866/4178/3601
f 2866/4178/3601 3026/4176/3754 3025/4179/3755
f 2866/4178/3601 3025/4179/3755 3031/4180/3756
f 3031/4180/3756 3025/4179/3755 3024/4167/3745
f 3031/4180/3756 3024/4167/3745 3030/4165/3743
f 2868/4163/3619 2867/4181/3600 3030/4165/3743
f 3030/4165/3743 2867/4181/3600 3031/4180/3756
f 2867/4181/3600 2866/4178/3601 3031/4180/3756
f 2865/4177/3603 3001/4182/3757 3020/4175/3753
f 3020/4175/3753 3001/4182/3757 3002/4173/3751
f 3003/4172/3750 3004/4183/3758 3013/4170/3748
f 3013/4170/3748 3004/4183/3758 3012/4184/3759
f 3013/4170/3748 3012/4184/3759 3017/4168/3746
f 3017/4168/3746 3012/4184/3759 3016/4185/3760
f 3017/4168/3746 3016/4185/3760 3023/4166/3744
f 3023/4166/3744 3016/4185/3760 3022/4186/3761
f 3023/4166/3744 3022/4186/3761 3029/4164/3742
f 3029/4164/3742 3022/4186/3761 3028/4187/3762
f 3029/4164/3742 3028/4187/3762 3034/4162/3741
f 3034/4162/3741 3028/4187/3762 3033/4160/3740
f 3012/4184/3759 3004/4183/3758 3010/4188/3763
f 3010/4188/3763 3004/4183/3758 3005/4189/3764
f 3010/4188/3763 3005/4189/3764 3009/4190/3765
f 3009/4190/3765 3005/4189/3764 3006/4145/3733
f 3009/4190/3765 3006/4145/3733 3008/4147/3734
f 3008/4147/3734 3007/4149/3735 3009/4190/3765
f 3009/4190/3765 3007/4149/3735 3011/4191/3766
f 3009/4190/3765 3011/4191/3766 3010/4188/3763
f 3010/4188/3763 3011/4191/3766 3012/4184/3759
f 3016/4185/3760 3012/4184/3759 3011/4191/3766
f 3016/4185/3760 3011/4191/3766 3015/4151/3736
f 3015/4151/3736 3011/4191/3766 3007/4149/3735
f 3019/4174/3752 3014/4171/3749 3018/4169/3747
f 3022/4186/3761 3016/4185/3760 3015/4151/3736
f 3024/4167/3745 3025/4179/3755 3018/4169/3747
f 3018/4169/3747 3025/4179/3755 3019/4174/3752
f 3025/4179/3755 3026/4176/3754 3019/4174/3752
f 3028/4187/3762 3022/4186/3761 3021/4153/3737
f 3021/4153/3737 3022/4186/3761 3015/4151/3736
f 3033/4160/3740 3028/4187/3762 3027/4155/3738
f 3027/4155/3738 3028/4187/3762 3021/4153/3737
f 3032/4157/3739 3033/4160/3740 3027/4155/3738
f 3035/4192/3767 3048/4193/3768 2922/4194/3656
f 2922/4194/3656 3048/4193/3768 3049/4195/3769
f 2922/4194/3656 3049/4195/3769 3050/4196/3770
f 3050/4196/3770 3049/4195/3769 3055/4197/3771
f 3050/4196/3770 3055/4197/3771 3056/4198/3772
f 3056/4198/3772 3055/4197/3771 3061/4199/3773
f 3056/4198/3772 3061/4199/3773 3062/4200/3774
f 3062/4200/3774 3061/4199/3773 3067/4201/3775
f 3062/4200/3774 3067/4201/3775 3043/4202/3776
f 3043/4202/3776 3067/4201/3775 3042/4203/3777
f 3042/4203/3777 3067/4201/3775 3072/4204/3778
f 3042/4203/3777 3072/4204/3778 3041/4205/3779
f 3041/4205/3779 3072/4204/3778 3071/4206/3780
f 3041/4205/3779 3071/4206/3780 3070/4207/3781
f 3070/4207/3781 3071/4206/3780 3065/4208/3782
f 3070/4207/3781 3065/4208/3782 3064/4209/3783
f 3064/4209/3783 3065/4208/3782 3059/4210/3784
f 3064/4209/3783 3059/4210/3784 3058/4211/3785
f 3058/4211/3785 3059/4210/3784 3053/4212/3786
f 3058/4211/3785 3053/4212/3786 3036/4213/3787
f 3036/4213/3787 3053/4212/3786 3035/4192/3767
f 3035/4192/3767 3053/4212/3786 3048/4193/3768
f 3036/4213/3787 3037/4214/3788 3058/4211/3785
f 3058/4211/3785 3037/4214/3788 3063/4215/3789
f 3058/4211/3785 3063/4215/3789 3064/4209/3783
f 3064/4209/3783 3063/4215/3789 3069/4216/3790
f 3064/4209/3783 3069/4216/3790 3070/4207/3781
f 3070/4207/3781 3069/4216/3790 3040/4217/3791
f 3070/4207/3781 3040/4217/3791 3041/4205/3779
f 3037/4214/3788 3038/4218/3792 3063/4215/3789
f 3063/4215/3789 3038/4218/3792 3068/4219/3793
f 3063/4215/3789 3068/4219/3793 3069/4216/3790
f 3069/4216/3790 3068/4219/3793 3040/4217/3791
f 3038/4218/3792 3039/4220/3794 3068/4219/3793
f 3068/4219/3793 3039/4220/3794 3040/4217/3791
f 3043/4202/3776 3044/4221/3795 3062/4200/3774
f 3062/4200/3774 3044/4221/3795 3057/4222/3796
f 3062/4200/3774 3057/4222/3796 3056/4198/3772
f 3056/4198/3772 3057/4222/3796 3051/4223/3797
f 3056/4198/3772 3051/4223/3797 3050/4196/3770
f 3050/4196/3770 3051/4223/3797 3047/4224/3798
f 3050/4196/3770 3047/4224/3798 2922/4194/3656
f 3044/4221/3795 3045/4225/3799 3057/4222/3796
f 3057/4222/3796 3045/4225/3799 3052/4226/3800
f 3057/4222/3796 3052/4226/3800 3051/4223/3797
f 3051/4223/3797 3052/4226/3800 3047/4224/3798
f 3045/4225/3799 3046/4227/3801 3052/4226/3800
f 3052/4226/3800 3046/4227/3801 3047/4224/3798
f 3049/4195/3769 3048/4193/3768 3054/4228/3802
f 3054/4228/3802 3048/4193/3768 3053/4212/3786
f 3054/4228/3802 3053/4212/3786 3059/4210/3784
f 3049/4195/3769 3054/4228/3802 3055/4197/3771
f 3055/4197/3771 3054/4228/3802 3060/4229/3803
f 3055/4197/3771 3060/4229/3803 3061/4199/3773
f 3061/4199/3773 3060/4229/3803 3066/4230/3804
f 3061/4199/3773 3066/4230/3804 3067/4201/3775
f 3067/4201/3775 3066/4230/3804 3072/4204/3778
f 3060/4229/3803 3054/4228/3802 3059/4210/3784
f 3066/4230/3804 3060/4229/3803 3065/4208/3782
f 3065/4208/3782 3060/4229/3803 3059/4210/3784
f 3072/4204/3778 3066/4230/3804 3071/4206/3780
f 3071/4206/3780 3066/4230/3804 3065/4208/3782
f 3078/4231/3805 3040/4232/3791 3079/4233/3806
f 3079/4233/3806 3040/4232/3791 3039/4234/3794
f 3079/4233/3806 3039/4234/3794 3082/4235/3807
f 3082/4235/3807 3039/4234/3794 3038/4236/3792
f 3082/4235/3807 3038/4236/3792 3087/4237/3808
f 3087/4237/3808 3038/4236/3792 3037/4238/3788
f 3087/4237/3808 3037/4238/3788 3093/4239/3809
f 3093/4239/3809 3037/4238/3788 3036/4240/3787
f 3093/4239/3809 3036/4240/3787 3099/4241/3810
f 3099/4241/3810 3036/4240/3787 3035/4242/3767
f 3099/4241/3810 3035/4242/3767 3104/4243/3811
f 3104/4243/3811 3035/4242/3767 2922/4244/3656
f 3104/4243/3811 2922/4244/3656 2921/4245/3657
f 3104/4243/3811 2921/4245/3657 3105/4246/3812
f 3105/4246/3812 2921/4245/3657 2920/4247/3659
f 3105/4246/3812 2920/4247/3659 3106/4248/3813
f 3106/4248/3813 2920/4247/3659 2919/4249/3661
f 3106/4248/3813 2919/4249/3661 3101/4250/3814
f 3101/4250/3814 2919/4249/3661 3102/4251/3815
f 3101/4250/3814 3102/4251/3815 3095/4252/3816
f 3095/4252/3816 3102/4251/3815 3096/4253/3817
f 3095/4252/3816 3096/4253/3817 3089/4254/3818
f 3089/4254/3818 3096/4253/3817 3090/4255/3819
f 3089/4254/3818 3090/4255/3819 3084/4256/3820
f 3084/4256/3820 3090/4255/3819 3085/4257/3821
f 3084/4256/3820 3085/4257/3821 3076/4258/3822
f 3076/4258/3822 3085/4257/3821 3075/4259/3823
f 3075/4259/3823 3085/4257/3821 3086/4260/3824
f 3075/4259/3823 3086/4260/3824 3074/4261/3825
f 3074/4261/3825 3086/4260/3824 3091/4262/3826
f 3074/4261/3825 3091/4262/3826 3092/4263/3827
f 3092/4263/3827 3091/4262/3826 3098/4264/3828
f 3092/4263/3827 3098/4264/3828 3073/4265/3829
f 3073/4265/3829 3098/4264/3828 2916/4266/3667
f 2916/4266/3667 3098/4264/3828 2917/4267/3665
f 2917/4267/3665 3098/4264/3828 3097/4268/3830
f 2917/4267/3665 3097/4268/3830 3103/4269/3831
f 3103/4269/3831 3097/4268/3830 3096/4253/3817
f 3103/4269/3831 3096/4253/3817 3102/4251/3815
f 2919/4249/3661 2918/4270/3663 3102/4251/3815
f 3102/4251/3815 2918/4270/3663 3103/4269/3831
f 2918/4270/3663 2917/4267/3665 3103/4269/3831
f 3073/4265/3829 3074/4261/3825 3092/4263/3827
f 3084/4256/3820 3076/4258/3822 3081/4271/3832
f 3081/4271/3832 3076/4258/3822 3077/4272/3833
f 3081/4271/3832 3077/4272/3833 3080/4273/3834
f 3080/4273/3834 3077/4272/3833 3078/4231/3805
f 3080/4273/3834 3078/4231/3805 3079/4233/3806
f 3084/4256/3820 3081/4271/3832 3080/4273/3834
f 3080/4273/3834 3079/4233/3806 3083/4274/3835
f 3083/4274/3835 3079/4233/3806 3082/4235/3807
f 3083/4274/3835 3082/4235/3807 3088/4275/3836
f 3088/4275/3836 3082/4235/3807 3087/4237/3808
f 3088/4275/3836 3087/4237/3808 3094/4276/3837
f 3094/4276/3837 3087/4237/3808 3093/4239/3809
f 3094/4276/3837 3093/4239/3809 3100/4277/3838
f 3100/4277/3838 3093/4239/3809 3099/4241/3810
f 3100/4277/3838 3099/4241/3810 3105/4246/3812
f 3105/4246/3812 3099/4241/3810 3104/4243/3811
f 3089/4254/3818 3084/4256/3820 3083/4274/3835
f 3083/4274/3835 3084/4256/3820 3080/4273/3834
f 3089/4254/3818 3083/4274/3835 3088/4275/3836
f 3091/4262/3826 3086/4260/3824 3085/4257/3821
f 3091/4262/3826 3085/4257/3821 3090/4255/3819
f 3095/4252/3816 3089/4254/3818 3088/4275/3836
f 3095/4252/3816 3088/4275/3836 3094/4276/3837
f 3096/4253/3817 3097/4268/3830 3090/4255/3819
f 3090/4255/3819 3097/4268/3830 3091/4262/3826
f 3097/4268/3830 3098/4264/3828 3091/4262/3826
f 3101/4250/3814 3095/4252/3816 3094/4276/3837
f 3101/4250/3814 3094/4276/3837 3100/4277/3838
f 3106/4248/3813 3101/4250/3814 3100/4277/3838
f 3106/4248/3813 3100/4277/3838 3105/4246/3812
f 3047/4278/3798 3107/4279/3839 3131/4280/3840
f 3131/4280/3840 3107/4279/3839 3136/4281/3841
f 3131/4280/3840 3136/4281/3841 3130/4282/3842
f 3130/4282/3842 3136/4281/3841 3141/4283/3843
f 3130/4282/3842 3141/4283/3843 3129/4284/3844
f 3129/4284/3844 3141/4283/3843 3146/4285/3845
f 3129/4284/3844 3146/4285/3845 3128/4286/3846
f 3128/4286/3846 3146/4285/3845 3151/4287/3847
f 3128/4286/3846 3151/4287/3847 3127/4288/3848
f 3127/4288/3848 3151/4287/3847 3156/4289/3849
f 3127/4288/3848 3156/4289/3849 3126/4290/3850
f 3126/4290/3850 3156/4289/3849 3161/4291/3851
f 3126/4290/3850 3161/4291/3851 3125/4292/3852
f 3125/4292/3852 3161/4291/3851 3166/4293/3853
f 3125/4292/3852 3166/4293/3853 2858/4294/3592
f 2858/4294/3592 3166/4293/3853 3124/4295/3854
f 3124/4295/3854 3166/4293/3853 3165/4296/3855
f 3124/4295/3854 3165/4296/3855 3123/4297/3856
f 3123/4297/3856 3165/4296/3855 3164/4298/3857
f 3123/4297/3856 3164/4298/3857 3122/4299/3858
f 3122/4299/3858 3164/4298/3857 3163/4300/3859
f 3122/4299/3858 3163/4300/3859 3121/4301/3860
f 3121/4301/3860 3163/4300/3859 3162/4302/3861
f 3121/4301/3860 3162/4302/3861 3120/4303/3862
f 3120/4303/3862 3162/4302/3861 3119/4304/3863
f 3119/4304/3863 3162/4302/3861 3118/4305/3864
f 3118/4305/3864 3162/4302/3861 3157/4306/3865
f 3118/4305/3864 3157/4306/3865 3117/4307/3866
f 3117/4307/3866 3157/4306/3865 3152/4308/3867
f 3117/4307/3866 3152/4308/3867 3116/4309/3868
f 3116/4309/3868 3152/4308/3867 3147/4310/3869
f 3116/4309/3868 3147/4310/3869 3115/4311/3870
f 3115/4311/3870 3147/4310/3869 3142/4312/3871
f 3115/4311/3870 3142/4312/3871 3114/4313/3872
f 3114/4313/3872 3142/4312/3871 3137/4314/3873
f 3114/4313/3872 3137/4314/3873 3113/4315/3874
f 3113/4315/3874 3137/4314/3873 3132/4316/3875
f 3113/4315/3874 3132/4316/3875 3112/4317/3876
f 3112/4317/3876 3132/4316/3875 3111/4318/3877
f 3111/4318/3877 3132/4316/3875 3133/4319/3878
f 3111/4318/3877 3133/4319/3878 3110/4320/3879
f 3110/4320/3879 3133/4319/3878 3134/4321/3880
f 3110/4320/3879 3134/4321/3880 3109/4322/3881
f 3109/4322/3881 3134/4321/3880 3135/4323/3882
f 3109/4322/3881 3135/4323/3882 3108/4324/3883
f 3108/4324/3883 3135/4323/3882 3136/4281/3841
f 3108/4324/3883 3136/4281/3841 3107/4279/3839
f 3133/4319/3878 3132/4316/3875 3138/4325/3884
f 3138/4325/3884 3132/4316/3875 3137/4314/3873
f 3138/4325/3884 3137/4314/3873 3143/4326/3885
f 3143/4326/3885 3137/4314/3873 3142/4312/3871
f 3143/4326/3885 3142/4312/3871 3148/4327/3886
f 3148/4327/3886 3142/4312/3871 3147/4310/3869
f 3148/4327/3886 3147/4310/3869 3153/4328/3887
f 3153/4328/3887 3147/4310/3869 3152/4308/3867
f 3153/4328/3887 3152/4308/3867 3158/4329/3888
f 3158/4329/3888 3152/4308/3867 3157/4306/3865
f 3158/4329/3888 3157/4306/3865 3163/4300/3859
f 3163/4300/3859 3157/4306/3865 3162/4302/3861
f 3134/4321/3880 3133/4319/3878 3139/4330/3889
f 3139/4330/3889 3133/4319/3878 3138/4325/3884
f 3139/4330/3889 3138/4325/3884 3144/4331/3890
f 3144/4331/3890 3138/4325/3884 3143/4326/3885
f 3144/4331/3890 3143/4326/3885 3149/4332/3891
f 3149/4332/3891 3143/4326/3885 3148/4327/3886
f 3149/4332/3891 3148/4327/3886 3154/4333/3892
f 3154/4333/3892 3148/4327/3886 3153/4328/3887
f 3154/4333/3892 3153/4328/3887 3159/4334/3893
f 3159/4334/3893 3153/4328/3887 3158/4329/3888
f 3159/4334/3893 3158/4329/3888 3164/4298/3857
f 3164/4298/3857 3158/4329/3888 3163/4300/3859
f 3141/4283/3843 3136/4281/3841 3135/4323/3882
f 3135/4323/3882 3134/4321/3880 3140/4335/3894
f 3140/4335/3894 3134/4321/3880 3139/4330/3889
f 3140/4335/3894 3139/4330/3889 3145/4336/3895
f 3145/4336/3895 3139/4330/3889 3144/4331/3890
f 3145/4336/3895 3144/4331/3890 3150/4337/3896
f 3150/4337/3896 3144/4331/3890 3149/4332/3891
f 3150/4337/3896 3149/4332/3891 3155/4338/3897
f 3155/4338/3897 3149/4332/3891 3154/4333/3892
f 3155/4338/3897 3154/4333/3892 3160/4339/3898
f 3160/4339/3898 3154/4333/3892 3159/4334/3893
f 3160/4339/3898 3159/4334/3893 3165/4296/3855
f 3165/4296/3855 3159/4334/3893 3164/4298/3857
f 3146/4285/3845 3141/4283/3843 3140/4335/3894
f 3140/4335/3894 3141/4283/3843 3135/4323/3882
f 3146/4285/3845 3140/4335/3894 3145/4336/3895
f 3151/4287/3847 3146/4285/3845 3145/4336/3895
f 3151/4287/3847 3145/4336/3895 3150/4337/3896
f 3156/4289/3849 3151/4287/3847 3150/4337/3896
f 3156/4289/3849 3150/4337/3896 3155/4338/3897
f 3161/4291/3851 3156/4289/3849 3155/4338/3897
f 3161/4291/3851 3155/4338/3897 3160/4339/3898
f 3166/4293/3853 3161/4291/3851 3160/4339/3898
f 3166/4293/3853 3160/4339/3898 3165/4296/3855
f 3171/4340/3899 3112/4341/3876 3174/4342/3900
f 3174/4342/3900 3112/4341/3876 3111/4343/3877
f 3174/4342/3900 3111/4343/3877 3173/4344/3901
f 3173/4344/3901 3111/4343/3877 3110/4345/3879
f 3173/4344/3901 3110/4345/3879 3177/4346/3902
f 3177/4346/3902 3110/4345/3879 3176/4347/3903
f 3177/4346/3902 3176/4347/3903 3182/4348/3904
f 3182/4348/3904 3176/4347/3903 3181/4349/3905
f 3182/4348/3904 3181/4349/3905 3187/4350/3906
f 3187/4350/3906 3181/4349/3905 3186/4351/3907
f 3187/4350/3906 3186/4351/3907 3191/4352/3908
f 3191/4352/3908 3186/4351/3907 3190/4353/3909
f 3191/4352/3908 3190/4353/3909 3043/4354/3776
f 3043/4354/3776 3190/4353/3909 3044/4355/3795
f 3044/4355/3795 3190/4353/3909 3189/4356/3910
f 3044/4355/3795 3189/4356/3910 3045/4357/3799
f 3045/4357/3799 3189/4356/3910 3185/4358/3911
f 3045/4357/3799 3185/4358/3911 3184/4359/3912
f 3184/4359/3912 3185/4358/3911 3179/4360/3913
f 3184/4359/3912 3179/4360/3913 3047/4361/3798
f 3047/4361/3798 3179/4360/3913 3107/4362/3839
f 3107/4362/3839 3179/4360/3913 3175/4363/3914
f 3107/4362/3839 3175/4363/3914 3108/4364/3883
f 3108/4364/3883 3175/4363/3914 3109/4365/3881
f 3109/4365/3881 3175/4363/3914 3176/4347/3903
f 3109/4365/3881 3176/4347/3903 3110/4345/3879
f 3047/4361/3798 3046/4366/3801 3184/4359/3912
f 3184/4359/3912 3046/4366/3801 3045/4357/3799
f 3191/4352/3908 3043/4354/3776 3193/4367/3915
f 3193/4367/3915 3043/4354/3776 3042/4368/3777
f 3193/4367/3915 3042/4368/3777 3172/4369/3916
f 3172/4369/3916 3042/4368/3777 3041/4370/3779
f 3172/4369/3916 3041/4370/3779 3167/4371/3917
f 3172/4369/3916 3167/4371/3917 3192/4372/3918
f 3192/4372/3918 3167/4371/3917 3168/4373/3919
f 3192/4372/3918 3168/4373/3919 3188/4374/3920
f 3188/4374/3920 3168/4373/3919 3169/4375/3921
f 3188/4374/3920 3169/4375/3921 3183/4376/3922
f 3183/4376/3922 3169/4375/3921 3170/4377/3923
f 3183/4376/3922 3170/4377/3923 3178/4378/3924
f 3178/4378/3924 3170/4377/3923 3171/4340/3899
f 3178/4378/3924 3171/4340/3899 3174/4342/3900
f 3178/4378/3924 3174/4342/3900 3173/4344/3901
f 3181/4349/3905 3176/4347/3903 3175/4363/3914
f 3183/4376/3922 3178/4378/3924 3177/4346/3902
f 3177/4346/3902 3178/4378/3924 3173/4344/3901
f 3183/4376/3922 3177/4346/3902 3182/4348/3904
f 3181/4349/3905 3175/4363/3914 3180/4379/3925
f 3180/4379/3925 3175/4363/3914 3179/4360/3913
f 3180/4379/3925 3179/4360/3913 3185/4358/3911
f 3186/4351/3907 3181/4349/3905 3180/4379/3925
f 3186/4351/3907 3180/4379/3925 3185/4358/3911
f 3188/4374/3920 3183/4376/3922 3182/4348/3904
f 3188/4374/3920 3182/4348/3904 3187/4350/3906
f 3190/4353/3909 3186/4351/3907 3185/4358/3911
f 3189/4356/3910 3190/4353/3909 3185/4358/3911
f 3192/4372/3918 3188/4374/3920 3187/4350/3906
f 3192/4372/3918 3187/4350/3906 3191/4352/3908
f 3172/4369/3916 3192/4372/3918 3191/4352/3908
f 3193/4367/3915 3172/4369/3916 3191/4352/3908
f 3198/4380/3926 2864/4381/3615 3199/4382/3927
f 3199/4382/3927 2864/4381/3615 2863/4383/3618
f 3199/4382/3927 2863/4383/3618 3202/4384/3928
f 3202/4384/3928 2863/4383/3618 2862/4385/3616
f 3202/4384/3928 2862/4385/3616 3207/4386/3929
f 3207/4386/3929 2862/4385/3616 2861/4387/3612
f 3207/4386/3929 2861/4387/3612 3212/4388/3930
f 3212/4388/3930 2861/4387/3612 2860/4389/3611
f 3212/4388/3930 2860/4389/3611 3217/4390/3931
f 3217/4390/3931 2860/4389/3611 2859/4391/3590
f 3217/4390/3931 2859/4391/3590 3220/4392/3932
f 3220/4392/3932 2859/4391/3590 2858/4393/3592
f 3220/4392/3932 2858/4393/3592 3124/4394/3854
f 3220/4392/3932 3124/4394/3854 3221/4395/3933
f 3221/4395/3933 3124/4394/3854 3123/4396/3856
f 3221/4395/3933 3123/4396/3856 3218/4397/3934
f 3218/4397/3934 3123/4396/3856 3219/4398/3935
f 3218/4397/3934 3219/4398/3935 3213/4399/3936
f 3213/4399/3936 3219/4398/3935 3214/4400/3937
f 3213/4399/3936 3214/4400/3937 3208/4401/3938
f 3208/4401/3938 3214/4400/3937 3209/4402/3939
f 3208/4401/3938 3209/4402/3939 3203/4403/3940
f 3203/4403/3940 3209/4402/3939 3204/4404/3941
f 3203/4403/3940 3204/4404/3941 3200/4405/3942
f 3200/4405/3942 3204/4404/3941 3201/4406/3943
f 3200/4405/3942 3201/4406/3943 3197/4407/3944
f 3197/4407/3944 3201/4406/3943 3196/4408/3945
f 3196/4408/3945 3201/4406/3943 3204/4404/3941
f 3196/4408/3945 3204/4404/3941 3205/4409/3946
f 3205/4409/3946 3204/4404/3941 3210/4410/3947
f 3205/4409/3946 3210/4410/3947 3211/4411/3948
f 3211/4411/3948 3210/4410/3947 3216/4412/3949
f 3211/4411/3948 3216/4412/3949 3120/4413/3862
f 3120/4413/3862 3216/4412/3949 3121/4414/3860
f 3121/4414/3860 3216/4412/3949 3215/4415/3950
f 3121/4414/3860 3215/4415/3950 3122/4416/3858
f 3122/4416/3858 3215/4415/3950 3214/4400/3937
f 3122/4416/3858 3214/4400/3937 3219/4398/3935
f 3123/4396/3856 3122/4416/3858 3219/4398/3935
f 3120/4413/3862 3119/4417/3863 3211/4411/3948
f 3211/4411/3948 3119/4417/3863 3194/4418/3951
f 3211/4411/3948 3194/4418/3951 3206/4419/3952
f 3206/4419/3952 3194/4418/3951 3195/4420/3953
f 3206/4419/3952 3195/4420/3953 3205/4409/3946
f 3205/4409/3946 3195/4420/3953 3196/4408/3945
f 3197/4407/3944 3198/4380/3926 3200/4405/3942
f 3200/4405/3942 3198/4380/3926 3199/4382/3927
f 3200/4405/3942 3199/4382/3927 3203/4403/3940
f 3203/4403/3940 3199/4382/3927 3202/4384/3928
f 3203/4403/3940 3202/4384/3928 3208/4401/3938
f 3208/4401/3938 3202/4384/3928 3207/4386/3929
f 3208/4401/3938 3207/4386/3929 3213/4399/3936
f 3213/4399/3936 3207/4386/3929 3212/4388/3930
f 3213/4399/3936 3212/4388/3930 3218/4397/3934
f 3218/4397/3934 3212/4388/3930 3217/4390/3931
f 3218/4397/3934 3217/4390/3931 3221/4395/3933
f 3221/4395/3933 3217/4390/3931 3220/4392/3932
f 3210/4410/3947 3204/4404/3941 3209/4402/3939
f 3211/4411/3948 3206/4419/3952 3205/4409/3946
f 3214/4400/3937 3215/4415/3950 3209/4402/3939
f 3209/4402/3939 3215/4415/3950 3210/4410/3947
f 3215/4415/3950 3216/4412/3949 3210/4410/3947
f 3229/4421/3954 2902/4422/3720 3228/4423/3955
f 3228/4423/3955 2902/4422/3720 3006/4424/3733
f 3228/4423/3955 3006/4424/3733 3227/4425/3956
f 3227/4425/3956 3006/4424/3733 3005/4426/3764
f 3227/4425/3956 3005/4426/3764 3226/4427/3957
f 3226/4427/3957 3005/4426/3764 3004/4428/3758
f 3226/4427/3957 3004/4428/3758 3225/4429/3958
f 3225/4429/3958 3004/4428/3758 3003/4430/3750
f 3225/4429/3958 3003/4430/3750 3224/4431/3959
f 3224/4431/3959 3003/4430/3750 3002/4432/3751
f 3224/4431/3959 3002/4432/3751 3223/4433/3960
f 3223/4433/3960 3002/4432/3751 3001/4434/3757
f 3223/4433/3960 3001/4434/3757 3222/4435/3961
f 3222/4435/3961 3001/4434/3757 2865/4436/3603
f 2865/4437/3603 2864/4438/3615 3222/4439/3961
f 3222/4439/3961 2864/4438/3615 3230/4440/3962
f 3230/4441/3962 2864/4442/3615 3236/4443/3963
f 3236/4443/3963 2864/4442/3615 3198/4444/3926
f 3236/4443/3963 3198/4444/3926 3235/4445/3964
f 3235/4445/3964 3198/4444/3926 3197/4446/3944
f 3235/4445/3964 3197/4446/3944 3234/4447/3965
f 3234/4447/3965 3197/4446/3944 3196/4448/3945
f 3234/4447/3965 3196/4448/3945 3233/4449/3966
f 3233/4449/3966 3196/4448/3945 3195/4450/3953
f 3233/4449/3966 3195/4450/3953 3232/4451/3967
f 3232/4451/3967 3195/4450/3953 3194/4452/3951
f 3232/4451/3967 3194/4452/3951 3231/4453/3968
f 3231/4453/3968 3194/4452/3951 3119/4454/3863
f 3231/4453/3968 3119/4455/3863 3243/4456/3969
f 3243/4456/3969 3119/4455/3863 3118/4457/3864
f 3243/4456/3969 3118/4457/3864 3242/4458/3970
f 3242/4458/3970 3118/4457/3864 3117/4459/3866
f 3242/4458/3970 3117/4459/3866 3241/4460/3971
f 3241/4460/3971 3117/4459/3866 3116/4461/3868
f 3241/4460/3971 3116/4461/3868 3240/4462/3972
f 3240/4462/3972 3116/4461/3868 3115/4463/3870
f 3240/4462/3972 3115/4463/3870 3239/4464/3973
f 3239/4464/3973 3115/4463/3870 3114/4465/3872
f 3239/4464/3973 3114/4465/3872 3238/4466/3974
f 3238/4466/3974 3114/4465/3872 3113/4467/3874
f 3238/4466/3974 3113/4467/3874 3237/4468/3975
f 3237/4468/3975 3113/4467/3874 3112/4469/3876
f 3244/4470/3976 3245/4471/3977 3249/4472/3978
f 3249/4472/3978 3245/4471/3977 3129/4473/3844
f 3249/4472/3978 3129/4473/3844 3128/4474/3846
f 3246/4475/3979 2928/4476/3644 3245/4471/3977
f 3245/4471/3977 2928/4476/3644 2927/4477/3646
f 3245/4471/3977 2927/4477/3646 2926/4478/3648
f 3247/4479/3980 3248/4480/3981 3246/4475/3979
f 3246/4475/3979 3248/4480/3981 2930/4481/3640
f 3246/4475/3979 2930/4481/3640 2929/4482/3642
f 3249/4472/3978 3126/4483/3850 3248/4480/3981
f 3248/4480/3981 3126/4483/3850 3125/4484/3852
f 3248/4480/3981 3125/4484/3852 2858/4485/3592
f 2871/4486/3622 2935/4487/3630 2858/4485/3592
f 2858/4485/3592 2935/4487/3630 3248/4480/3981
f 2935/4487/3630 2934/4488/3632 3248/4480/3981
f 3248/4480/3981 2934/4488/3632 2933/4489/3634
f 3248/4480/3981 2933/4489/3634 2932/4490/3636
f 2932/4490/3636 2931/4491/3638 3248/4480/3981
f 3248/4480/3981 2931/4491/3638 2930/4481/3640
f 2929/4482/3642 2928/4476/3644 3246/4475/3979
f 2926/4478/3648 2925/4492/3650 3245/4471/3977
f 3245/4471/3977 2925/4492/3650 2924/4493/3652
f 3245/4471/3977 2924/4493/3652 2923/4494/3654
f 2923/4494/3654 2922/4495/3656 3245/4471/3977
f 3245/4471/3977 2922/4495/3656 3047/4496/3798
f 3245/4471/3977 3047/4496/3798 3131/4497/3840
f 3131/4497/3840 3130/4498/3842 3245/4471/3977
f 3245/4471/3977 3130/4498/3842 3129/4473/3844
f 3128/4474/3846 3127/4499/3848 3249/4472/3978
f 3249/4472/3978 3127/4499/3848 3126/4483/3850
f 3251/4500/3982 3252/4501/3983 3250/4502/3984
f 3250/4502/3984 3252/4501/3983 3255/4503/3985
f 3250/4502/3984 3255/4503/3985 3257/4504/3986
f 3257/4504/3986 3255/4503/3985 3256/4505/3987
f 3252/4501/3983 3253/4506/3988 3255/4503/3985
f 3255/4503/3985 3253/4506/3988 3254/4507/3989
f 3257/4504/3986 3258/4508/3990 3250/4502/3984
f 3250/4502/3984 3258/4508/3990 3259/4509/3991
f 3253/4510/3992 3252/4511/3993 3263/4512/3994
f 3263/4512/3994 3252/4511/3993 3260/4513/3995
f 3263/4512/3994 3260/4513/3995 3248/4514/3996
f 3248/4514/3996 3260/4513/3995 3249/4515/3997
f 3249/4515/3997 3260/4513/3995 3261/4516/3998
f 3248/4514/3996 3262/4517/3999 3263/4512/3994
f 3265/4518/4000 3266/4519/4001 3264/4520/4002
f 3264/4520/4002 3266/4519/4001 3267/4521/4003
f 3264/4520/4002 3267/4521/4003 3276/4522/4004
f 3276/4522/4004 3267/4521/4003 3269/4523/4005
f 3276/4522/4004 3269/4523/4005 3274/4524/4006
f 3274/4524/4006 3269/4523/4005 3271/4525/4007
f 3274/4524/4006 3271/4525/4007 3273/4526/4008
f 3273/4526/4008 3271/4525/4007 3272/4527/4009
f 3267/4521/4003 3268/4528/4010 3269/4523/4005
f 3269/4523/4005 3270/4529/4011 3271/4525/4007
f 3274/4524/4006 3275/4530/4012 3276/4522/4004
f 3276/4522/4004 3277/4531/4013 3264/4520/4002
f 3268/4532/4014 3267/4533/4015 3256/4534/4016
f 3256/4534/4016 3267/4533/4015 3257/4535/4017
f 3269/4536/4018 3268/4537/4019 3255/4538/4020
f 3255/4538/4020 3268/4537/4019 3256/4539/4021
f 3270/4540/4022 3269/4541/4023 3254/4542/4024
f 3254/4542/4024 3269/4541/4023 3255/4543/4025
f 3271/4544/4026 3270/4545/4027 3253/4546/4028
f 3253/4546/4028 3270/4545/4027 3254/4547/4029
f 3275/4548/4030 3274/4549/4031 3251/4550/4032
f 3251/4550/4032 3274/4549/4031 3252/4551/4033
f 3276/4552/4034 3275/4553/4035 3250/4554/4036
f 3250/4554/4036 3275/4553/4035 3251/4555/4037
f 3277/4556/4038 3276/4557/4039 3259/4558/4040
f 3259/4558/4040 3276/4557/4039 3250/4559/4041
f 3264/4560/4042 3277/4561/4043 3258/4562/4044
f 3258/4562/4044 3277/4561/4043 3259/4563/4045
f 3264/4560/4046 3258/4562/4047 3265/4564/4048
f 3265/4564/4048 3258/4565/4047 3279/4566/4049
f 3279/4566/4049 3258/4565/4047 3278/4567/4050
f 3258/4568/4051 3257/4569/4052 3278/4570/4053
f 3278/4570/4053 3257/4569/4052 3280/4571/4054
f 3278/4570/4053 3280/4571/4054 3245/4572/4055
f 3245/4572/4055 3280/4571/4054 3246/4573/4056
f 3246/4573/4056 3280/4571/4054 3281/4574/4057
f 3245/4572/4055 3282/4575/4058 3278/4570/4053
f 3271/4576/4059 3253/4577/4060 3272/4578/4061
f 3272/4578/4061 3253/4577/4060 3283/4579/4062
f 3283/4579/4062 3253/4577/4060 3263/4580/4063
f 3244/4581/4064 3249/4582/4065 3284/4583/4066
f 3284/4583/4066 3249/4582/4065 3261/4584/4067
f 3248/4585/4068 3247/4586/4069 3262/4587/4070
f 3262/4587/4070 3247/4586/4069 3285/4588/4071
f 3245/4589/4072 3244/4590/4073 3282/4591/4074
f 3282/4591/4074 3244/4590/4073 3284/4592/4075
f 3247/4593/4076 3246/4594/4077 3285/4595/4078
f 3285/4595/4078 3246/4594/4077 3281/4596/4079
f 3274/4597/4080 3273/4598/4081 3252/4599/4082
f 3252/4599/4082 3273/4598/4081 3286/4600/4083
f 3252/4599/4082 3286/4600/4083 3260/4601/4084
f 3283/4602/4085 3286/4603/4086 3272/4604/4087
f 3272/4604/4087 3286/4603/4086 3273/4605/4088
f 3267/4606/4089 3266/4607/4090 3257/4608/4091
f 3257/4608/4091 3266/4607/4090 3287/4609/4092
f 3257/4608/4091 3287/4609/4092 3280/4610/4093
f 3279/4611/4094 3287/4612/4095 3265/4613/4096
f 3265/4613/4096 3287/4612/4095 3266/4614/4097
f 3303/4615/4098 3288/4616/4099 3302/4617/4100
f 3302/4617/4100 3288/4616/4099 3289/4618/4101
f 3302/4617/4100 3289/4618/4101 3301/4619/4102
f 3301/4619/4102 3289/4618/4101 3290/4620/4103
f 3301/4619/4102 3290/4620/4103 3300/4621/4104
f 3300/4621/4104 3290/4620/4103 3291/4622/4105
f 3300/4621/4104 3291/4622/4105 3299/4623/4106
f 3299/4623/4106 3291/4622/4105 3292/4624/4107
f 3299/4623/4106 3292/4624/4107 3298/4625/4108
f 3298/4625/4108 3292/4624/4107 3293/4626/4109
f 3298/4625/4108 3293/4626/4109 3297/4627/4110
f 3297/4627/4110 3293/4626/4109 3294/4628/4111
f 3297/4627/4110 3294/4628/4111 3296/4629/4112
f 3296/4629/4112 3294/4628/4111 3295/4630/4113
f 3296/4631/4112 3295/4632/4113 3315/4633/4114
f 3315/4633/4114 3295/4632/4113 3304/4634/4115
f 3315/4633/4114 3304/4634/4115 3314/4635/4116
f 3314/4635/4116 3304/4634/4115 3305/4636/4117
f 3314/4635/4116 3305/4636/4117 3313/4637/4118
f 3313/4637/4118 3305/4636/4117 3306/4638/4119
f 3313/4637/4118 3306/4638/4119 3312/4639/4120
f 3312/4639/4120 3306/4638/4119 3307/4640/4121
f 3312/4639/4120 3307/4640/4121 3311/4641/4122
f 3311/4641/4122 3307/4640/4121 3308/4642/4123
f 3311/4641/4122 3308/4642/4123 3310/4643/4124
f 3310/4643/4124 3308/4642/4123 3309/4644/4125
f 3309/4645/4125 3316/4646/4126 3310/4647/4124
f 3310/4647/4124 3316/4646/4126 3317/4648/4127
f 3317/4649/4127 3316/4650/4126 3331/4651/4128
f 3331/4651/4128 3316/4650/4126 3318/4652/4129
f 3331/4651/4128 3318/4652/4129 3330/4653/4130
f 3330/4653/4130 3318/4652/4129 3319/4654/4131
f 3330/4653/4130 3319/4654/4131 3329/4655/4132
f 3329/4655/4132 3319/4654/4131 3320/4656/4133
f 3329/4655/4132 3320/4656/4133 3328/4657/4134
f 3328/4657/4134 3320/4656/4133 3321/4658/4135
f 3328/4657/4134 3321/4658/4135 3327/4659/4136
f 3327/4659/4136 3321/4658/4135 3322/4660/4137
f 3327/4659/4136 3322/4660/4137 3326/4661/4138
f 3326/4661/4138 3322/4660/4137 3323/4662/4139
f 3326/4661/4138 3323/4662/4139 3325/4663/4140
f 3325/4663/4140 3323/4662/4139 3324/4664/4141
f 3325/4665/4140 3324/4666/4141 3359/4667/4142
f 3359/4667/4142 3324/4666/4141 3332/4668/4143
f 3359/4667/4142 3332/4668/4143 3358/4669/4144
f 3358/4669/4144 3332/4668/4143 3333/4670/4145
f 3358/4669/4144 3333/4670/4145 3357/4671/4146
f 3357/4671/4146 3333/4670/4145 3334/4672/4147
f 3357/4671/4146 3334/4672/4147 3356/4673/4148
f 3356/4673/4148 3334/4672/4147 3335/4674/4149
f 3356/4673/4148 3335/4674/4149 3355/4675/4150
f 3355/4675/4150 3335/4674/4149 3336/4676/4151
f 3355/4675/4150 3336/4676/4151 3354/4677/4152
f 3354/4677/4152 3336/4676/4151 3337/4678/4153
f 3354/4677/4152 3337/4678/4153 3353/4679/4154
f 3353/4679/4154 3337/4678/4153 3338/4680/4155
f 3353/4679/4154 3338/4680/4155 3352/4681/4156
f 3352/4681/4156 3338/4680/4155 3339/4682/4157
f 3352/4681/4156 3339/4682/4157 3351/4683/4158
f 3351/4683/4158 3339/4682/4157 3340/4684/4159
f 3351/4683/4158 3340/4684/4159 3350/4685/4160
f 3350/4685/4160 3340/4684/4159 3341/4686/4161
f 3350/4685/4160 3341/4686/4161 3349/4687/4162
f 3349/4687/4162 3341/4686/4161 3342/4688/4163
f 3349/4687/4162 3342/4688/4163 3348/4689/4164
f 3348/4689/4164 3342/4688/4163 3343/4690/4165
f 3348/4689/4164 3343/4690/4165 3347/4691/4166
f 3347/4691/4166 3343/4690/4165 3344/4692/4167
f 3347/4691/4166 3344/4692/4167 3346/4693/4168
f 3346/4693/4168 3344/4692/4167 3345/4694/4169
f 3346/4695/4168 3345/4696/4169 3373/4697/4170
f 3373/4697/4170 3345/4696/4169 3360/4698/4171
f 3373/4697/4170 3360/4698/4171 3372/4699/4172
f 3372/4699/4172 3360/4698/4171 3361/4700/4173
f 3372/4699/4172 3361/4700/4173 3371/4701/4174
f 3371/4701/4174 3361/4700/4173 3362/4702/4175
f 3371/4701/4174 3362/4702/4175 3370/4703/4176
f 3370/4703/4176 3362/4702/4175 3363/4704/4177
f 3370/4703/4176 3363/4704/4177 3369/4705/4178
f 3369/4705/4178 3363/4704/4177 3364/4706/4179
f 3369/4705/4178 3364/4706/4179 3368/4707/4180
f 3368/4707/4180 3364/4706/4179 3365/4708/4181
f 3368/4707/4180 3365/4708/4181 3367/4709/4182
f 3367/4709/4182 3365/4708/4181 3366/4710/4183
f 3366/4711/4183 3374/4712/4184 3367/4713/4182
f 3367/4713/4182 3374/4712/4184 3375/4714/4185
f 3375/4715/4185 3374/4716/4184 3385/4717/4186
f 3385/4717/4186 3374/4716/4184 3376/4718/4187
f 3385/4717/4186 3376/4718/4187 3384/4719/4188
f 3384/4719/4188 3376/4718/4187 3377/4720/4189
f 3384/4719/4188 3377/4720/4189 3383/4721/4190
f 3383/4721/4190 3377/4720/4189 3378/4722/4191
f 3383/4721/4190 3378/4722/4191 3382/4723/4192
f 3382/4723/4192 3378/4722/4191 3379/4724/4193
f 3382/4723/4192 3379/4724/4193 3381/4725/4194
f 3381/4725/4194 3379/4724/4193 3380/4726/4195
f 3381/4725/4194 3380/4726/4195 3303/4727/4098
f 3303/4727/4098 3380/4726/4195 3288/4728/4099
f 3278/4729/4196 3282/4730/4197 3279/4731/4198
f 3279/4731/4198 3282/4730/4197 3297/4732/4199
f 3279/4731/4198 3297/4732/4199 3310/4733/4200
f 3310/4733/4200 3297/4732/4199 3296/4734/4201
f 3310/4733/4200 3296/4734/4201 3315/4735/4202
f 3284/4736/4203 3261/4737/4204 3282/4730/4197
f 3282/4730/4197 3261/4737/4204 3298/4738/4205
f 3282/4730/4197 3298/4738/4205 3297/4732/4199
f 3260/4739/4206 3301/4740/4207 3261/4737/4204
f 3261/4737/4204 3301/4740/4207 3300/4741/4208
f 3261/4737/4204 3300/4741/4208 3299/4742/4209
f 3301/4740/4207 3260/4739/4206 3302/4743/4210
f 3302/4743/4210 3260/4739/4206 3286/4744/4211
f 3302/4743/4210 3286/4744/4211 3375/4745/4212
f 3375/4745/4212 3286/4744/4211 3367/4746/4213
f 3367/4746/4213 3286/4744/4211 3347/4747/4214
f 3367/4746/4213 3347/4747/4214 3346/4748/4215
f 3286/4744/4211 3283/4749/4216 3347/4747/4214
f 3347/4747/4214 3283/4749/4216 3348/4750/4217
f 3348/4750/4217 3283/4749/4216 3349/4751/4218
f 3349/4751/4218 3283/4749/4216 3350/4752/4219
f 3350/4752/4219 3283/4749/4216 3262/4753/4220
f 3350/4752/4219 3262/4753/4220 3351/4754/4221
f 3351/4754/4221 3262/4753/4220 3352/4755/4222
f 3352/4755/4222 3262/4753/4220 3281/4756/4223
f 3352/4755/4222 3281/4756/4223 3353/4757/4224
f 3353/4757/4224 3281/4756/4223 3354/4758/4225
f 3354/4758/4225 3281/4756/4223 3280/4759/4226
f 3354/4758/4225 3280/4759/4226 3355/4760/4227
f 3355/4760/4227 3280/4759/4226 3287/4761/4228
f 3355/4760/4227 3287/4761/4228 3356/4762/4229
f 3356/4762/4229 3287/4761/4228 3357/4763/4230
f 3357/4763/4230 3287/4761/4228 3358/4764/4231
f 3358/4764/4231 3287/4761/4228 3359/4765/4232
f 3359/4765/4232 3287/4761/4228 3279/4731/4198
f 3359/4765/4232 3279/4731/4198 3317/4766/4233
f 3317/4766/4233 3279/4731/4198 3310/4733/4200
f 3283/4749/4216 3263/4767/4234 3262/4753/4220
f 3262/4753/4220 3285/4768/4235 3281/4756/4223
f 3302/4743/4210 3375/4745/4212 3303/4769/4236
f 3303/4769/4236 3375/4745/4212 3385/4770/4237
f 3303/4769/4236 3385/4770/4237 3384/4771/4238
f 3384/4771/4238 3383/4772/4239 3303/4769/4236
f 3303/4769/4236 3383/4772/4239 3382/4773/4240
f 3303/4769/4236 3382/4773/4240 3381/4774/4241
f 3299/4742/4209 3298/4738/4205 3261/4737/4204
f 3315/4735/4202 3314/4775/4242 3310/4733/4200
f 3310/4733/4200 3314/4775/4242 3313/4776/4243
f 3310/4733/4200 3313/4776/4243 3312/4777/4244
f 3312/4777/4244 3311/4778/4245 3310/4733/4200
f 3359/4765/4232 3317/4766/4233 3325/4779/4246
f 3325/4779/4246 3317/4766/4233 3331/4780/4247
f 3325/4779/4246 3331/4780/4247 3330/4781/4248
f 3330/4781/4248 3329/4782/4249 3325/4779/4246
f 3325/4779/4246 3329/4782/4249 3328/4783/4250
f 3325/4779/4246 3328/4783/4250 3327/4784/4251
f 3327/4784/4251 3326/4785/4252 3325/4779/4246
f 3373/4786/4253 3372/4787/4254 3346/4748/4215
f 3346/4748/4215 3372/4787/4254 3371/4788/4255
f 3346/4748/4215 3371/4788/4255 3370/4789/4256
f 3370/4789/4256 3369/4790/4257 3346/4748/4215
f 3346/4748/4215 3369/4790/4257 3368/4791/4258
f 3346/4748/4215 3368/4791/4258 3367/4746/4213
f 3236/4792/4259 3378/4793/4260 3230/4794/4261
f 3230/4794/4261 3378/4793/4260 3377/4795/4262
f 3230/4794/4261 3377/4795/4262 3376/4796/4263
f 3236/4792/4259 3235/4797/4264 3378/4793/4260
f 3378/4793/4260 3235/4797/4264 3234/4798/4265
f 3378/4793/4260 3234/4798/4265 3233/4799/4266
f 3233/4799/4266 3232/4800/4267 3378/4793/4260
f 3378/4793/4260 3232/4800/4267 3231/4801/4268
f 3378/4793/4260 3231/4801/4268 3379/4802/4269
f 3379/4802/4269 3231/4801/4268 3380/4803/4270
f 3380/4803/4270 3231/4801/4268 3288/4804/4271
f 3288/4804/4271 3231/4801/4268 3243/4805/4272
f 3288/4804/4271 3243/4805/4272 3289/4806/4273
f 3289/4806/4273 3243/4805/4272 3242/4807/4274
f 3289/4806/4273 3242/4807/4274 3290/4808/4275
f 3290/4808/4275 3242/4807/4274 3241/4809/4276
f 3290/4808/4275 3241/4809/4276 3291/4810/4277
f 3291/4810/4277 3241/4809/4276 3240/4811/4278
f 3291/4810/4277 3240/4811/4278 3292/4812/4279
f 3292/4812/4279 3240/4811/4278 3293/4813/4280
f 3293/4813/4280 3240/4811/4278 3239/4814/4281
f 3293/4813/4280 3239/4814/4281 3294/4815/4282
f 3294/4815/4282 3239/4814/4281 3238/4816/4283
f 3294/4815/4282 3238/4816/4283 3295/4817/4284
f 3295/4817/4284 3238/4816/4283 3237/4818/4285
f 3295/4817/4284 3237/4818/4285 3304/4819/4286
f 3304/4819/4286 3237/4818/4285 3305/4820/4287
f 3305/4820/4287 3237/4818/4285 3306/4821/4288
f 3306/4821/4288 3237/4818/4285 3386/4822/4289
f 3306/4821/4288 3386/4822/4289 3387/4823/4290
f 3387/4823/4290 3388/4824/4291 3306/4821/4288
f 3306/4821/4288 3388/4824/4291 3389/4825/4292
f 3306/4821/4288 3389/4825/4292 3390/4826/4293
f 3390/4826/4293 3391/4827/4294 3306/4821/4288
f 3306/4821/4288 3391/4827/4294 3307/4828/4295
f 3307/4828/4295 3391/4827/4294 3308/4829/4296
f 3308/4829/4296 3391/4827/4294 3309/4830/4297
f 3309/4830/4297 3391/4827/4294 3316/4831/4298
f 3316/4831/4298 3391/4827/4294 3392/4832/4299
f 3316/4831/4298 3392/4832/4299 3318/4833/4300
f 3318/4833/4300 3392/4832/4299 3319/4834/4301
f 3319/4834/4301 3392/4832/4299 3320/4835/4302
f 3320/4835/4302 3392/4832/4299 3393/4836/4303
f 3320/4835/4302 3393/4836/4303 3394/4837/4304
f 3394/4837/4304 3395/4838/4305 3320/4835/4302
f 3320/4835/4302 3395/4838/4305 3396/4839/4306
f 3320/4835/4302 3396/4839/4306 3321/4840/4307
f 3321/4840/4307 3396/4839/4306 3397/4841/4308
f 3321/4840/4307 3397/4841/4308 3398/4842/4309
f 3398/4842/4309 3399/4843/4310 3321/4840/4307
f 3321/4840/4307 3399/4843/4310 3322/4844/4311
f 3322/4844/4311 3399/4843/4310 3323/4845/4312
f 3323/4845/4312 3399/4843/4310 3324/4846/4313
f 3324/4846/4313 3399/4843/4310 3400/4847/4314
f 3324/4846/4313 3400/4847/4314 3332/4848/4315
f 3332/4848/4315 3400/4847/4314 3401/4849/4316
f 3332/4848/4315 3401/4849/4316 3333/4850/4317
f 3333/4850/4317 3401/4849/4316 3402/4851/4318
f 3333/4850/4317 3402/4851/4318 3334/4852/4319
f 3334/4852/4319 3402/4851/4318 3403/4853/4320
f 3334/4852/4319 3403/4853/4320 3335/4854/4321
f 3335/4854/4321 3403/4853/4320 3404/4855/4322
f 3335/4854/4321 3404/4855/4322 3336/4856/4323
f 3336/4856/4323 3404/4855/4322 3405/4857/4324
f 3336/4856/4323 3405/4857/4324 3337/4858/4325
f 3337/4858/4325 3405/4857/4324 3406/4859/4326
f 3337/4858/4325 3406/4859/4326 3338/4860/4327
f 3338/4860/4327 3406/4859/4326 3339/4861/4328
f 3339/4861/4328 3406/4859/4326 3407/4862/4329
f 3339/4861/4328 3407/4862/4329 3340/4863/4330
f 3340/4863/4330 3407/4862/4329 3408/4864/4331
f 3340/4863/4330 3408/4864/4331 3341/4865/4332
f 3341/4865/4332 3408/4864/4331 3409/4866/4333
f 3341/4865/4332 3409/4866/4333 3342/4867/4334
f 3342/4867/4334 3409/4866/4333 3410/4868/4335
f 3342/4867/4334 3410/4868/4335 3343/4869/4336
f 3343/4869/4336 3410/4868/4335 3411/4870/4337
f 3343/4869/4336 3411/4870/4337 3344/4871/4338
f 3344/4871/4338 3411/4870/4337 3412/4872/4339
f 3344/4871/4338 3412/4872/4339 3345/4873/4340
f 3345/4873/4340 3412/4872/4339 3229/4874/4341
f 3345/4873/4340 3229/4874/4341 3360/4875/4342
f 3360/4875/4342 3229/4874/4341 3361/4876/4343
f 3361/4876/4343 3229/4874/4341 3362/4877/4344
f 3362/4877/4344 3229/4874/4341 3228/4878/4345
f 3362/4877/4344 3228/4878/4345 3227/4879/4346
f 3227/4879/4346 3226/4880/4347 3362/4877/4344
f 3362/4877/4344 3226/4880/4347 3363/4881/4348
f 3363/4881/4348 3226/4880/4347 3225/4882/4349
f 3363/4881/4348 3225/4882/4349 3224/4883/4350
f 3224/4883/4350 3223/4884/4351 3363/4881/4348
f 3363/4881/4348 3223/4884/4351 3222/4885/4352
f 3363/4881/4348 3222/4885/4352 3364/4886/4353
f 3364/4886/4353 3222/4885/4352 3365/4887/4354
f 3365/4887/4354 3222/4885/4352 3366/4888/4355
f 3366/4888/4355 3222/4885/4352 3230/4794/4261
f 3366/4888/4355 3230/4794/4261 3374/4889/4356
f 3374/4889/4356 3230/4794/4261 3376/4796/4263
f 3237/4890/3975 3112/4891/3876 3386/4892/4357
f 3386/4892/4357 3112/4891/3876 3171/4893/3899
f 3386/4892/4357 3171/4893/3899 3387/4894/4358
f 3387/4894/4358 3171/4893/3899 3170/4895/3923
f 3387/4894/4358 3170/4895/3923 3388/4896/4359
f 3388/4896/4359 3170/4895/3923 3169/4897/3921
f 3388/4896/4359 3169/4897/3921 3389/4898/4360
f 3389/4898/4360 3169/4897/3921 3168/4899/3919
f 3389/4898/4360 3168/4899/3919 3390/4900/4361
f 3390/4900/4361 3168/4899/3919 3167/4901/3917
f 3390/4900/4361 3167/4901/3917 3391/4902/4362
f 3391/4902/4362 3167/4901/3917 3041/4903/3779
f 3041/4904/3779 3040/4905/3791 3391/4906/4362
f 3391/4906/4362 3040/4905/3791 3392/4907/4363
f 3392/4908/4363 3040/4909/3791 3393/4910/4364
f 3393/4910/4364 3040/4909/3791 3078/4911/3805
f 3393/4910/4364 3078/4911/3805 3394/4912/4365
f 3394/4912/4365 3078/4911/3805 3077/4913/3833
f 3394/4912/4365 3077/4913/3833 3395/4914/4366
f 3395/4914/4366 3077/4913/3833 3076/4915/3822
f 3395/4914/4366 3076/4915/3822 3396/4916/4367
f 3396/4916/4367 3076/4915/3822 3075/4917/3823
f 3396/4916/4367 3075/4917/3823 3397/4918/4368
f 3397/4918/4368 3075/4917/3823 3074/4919/3825
f 3397/4918/4368 3074/4919/3825 3398/4920/4369
f 3398/4920/4369 3074/4919/3825 3073/4921/3829
f 3398/4920/4369 3073/4921/3829 3399/4922/4370
f 3399/4922/4370 3073/4921/3829 2916/4923/3667
f 3399/4924/4370 2916/4925/3667 3400/4926/4371
f 3400/4926/4371 2916/4925/3667 2915/4927/3666
f 3400/4926/4371 2915/4927/3666 3401/4928/4372
f 3401/4928/4372 2915/4927/3666 2914/4929/3732
f 3401/4928/4372 2914/4929/3732 3402/4930/4373
f 3402/4930/4373 2914/4929/3732 2913/4931/3731
f 3402/4930/4373 2913/4931/3731 3403/4932/4374
f 3403/4932/4374 2913/4931/3731 2912/4933/3730
f 3403/4932/4374 2912/4933/3730 3404/4934/4375
f 3404/4934/4375 2912/4933/3730 2911/4935/3729
f 3404/4934/4375 2911/4935/3729 3405/4936/4376
f 3405/4936/4376 2911/4935/3729 2910/4937/3728
f 3405/4936/4376 2910/4937/3728 3406/4938/4377
f 3406/4938/4377 2910/4937/3728 2909/4939/3727
f 3406/4938/4377 2909/4939/3727 3407/4940/4378
f 3407/4940/4378 2909/4939/3727 2908/4941/3726
f 3407/4940/4378 2908/4941/3726 3408/4942/4379
f 3408/4942/4379 2908/4941/3726 2907/4943/3725
f 3408/4942/4379 2907/4943/3725 3409/4944/4380
f 3409/4944/4380 2907/4943/3725 2906/4945/3724
f 3409/4944/4380 2906/4945/3724 3410/4946/4381
f 3410/4946/4381 2906/4945/3724 2905/4947/3723
f 3410/4946/4381 2905/4947/3723 3411/4948/4382
f 3411/4948/4382 2905/4947/3723 2904/4949/3722
f 3411/4948/4382 2904/4949/3722 3412/4950/4383
f 3412/4950/4383 2904/4949/3722 2903/4951/3721
f 3412/4950/4383 2903/4951/3721 3229/4952/3954
f 3229/4952/3954 2903/4951/3721 2902/4953/3720
g Körper4

v -3.261901 -0.500000 0.500000
v -3.261901 -0.448236 0.493185
v -3.261901 -0.400000 0.473205
v -3.261901 -0.358579 0.441421
v -3.261901 -0.326795 0.400000
v -3.261901 -0.306815 0.351764
v -3.261901 -0.300000 0.300000
v -9.186403 -0.300000 0.300000
v -9.186403 -0.306815 0.351764
v -9.186403 -0.326795 0.400000
v -9.186403 -0.358579 0.441421
v -9.186403 -0.400000 0.473205
v -9.186403 -0.448236 0.493185
v -9.186403 -0.500000 0.500000
v -4.249318 -0.448236 0.493185
v -5.236735 -0.448236 0.493185
v -6.224152 -0.448236 0.493185
v -7.211569 -0.448236 0.493185
v -8.198986 -0.448236 0.493185
v -4.249318 -0.400000 0.473205
v -5.236735 -0.400000 0.473205
v -6.224152 -0.400000 0.473205
v -7.211569 -0.400000 0.473205
v -8.198986 -0.400000 0.473205
v -4.249318 -0.358579 0.441421
v -5.236735 -0.358579 0.441421
v -6.224152 -0.358579 0.441421
v -7.211569 -0.358579 0.441421
v -8.198986 -0.358579 0.441421
v -4.249318 -0.326795 0.400000
v -5.236735 -0.326795 0.400000
v -6.224152 -0.326795 0.400000
v -7.211569 -0.326795 0.400000
v -8.198986 -0.326795 0.400000
v -4.249318 -0.306815 0.351764
v -5.236735 -0.306815 0.351764
v -6.224152 -0.306815 0.351764
v -7.211569 -0.306815 0.351764
v -8.198986 -0.306815 0.351764
v -9.238090 -0.502813 0.493185
v -9.286255 -0.505435 0.473205
v -9.327615 -0.507686 0.441421
v -9.359352 -0.509413 0.400000
v -9.379303 -0.510499 0.351764
v -9.386107 -0.510870 0.300000
v -9.281717 -1.486515 0.300000
v -9.076192 -2.445963 0.300000
v -8.771772 -3.378760 0.300000
v -8.371773 -4.274741 0.300000
v -7.880555 -5.124144 0.300000
v -7.303469 -5.917714 0.300000
v -6.646804 -6.646804 0.300000
v -5.917714 -7.303469 0.300000
v -5.124144 -7.880555 0.300000
v -4.274741 -8.371773 0.300000
v -3.378760 -8.771772 0.300000
v -2.445963 -9.076192 0.300000
v -1.486515 -9.281717 0.300000
v -0.510870 -9.386107 0.300000
v -0.510499 -9.379303 0.351764
v -0.509413 -9.359352 0.400000
v -0.507686 -9.327615 0.441421
v -0.505435 -9.286255 0.473205
v -0.502813 -9.238090 0.493185
v -0.500000 -9.186403 0.500000
v -1.454887 -9.084234 0.500000
v -2.393921 -8.883082 0.500000
v -3.306871 -8.585138 0.500000
v -4.183789 -8.193651 0.500000
v -5.015120 -7.712884 0.500000
v -5.791805 -7.148076 0.500000
v -6.505382 -6.505382 0.500000
v -7.148076 -5.791805 0.500000
v -7.712884 -5.015120 0.500000
v -8.193651 -4.183789 0.500000
v -8.585138 -3.306871 0.500000
v -8.883082 -2.393921 0.500000
v -9.084234 -1.454887 0.500000
v -9.274988 -1.485437 0.351764
v -9.255259 -1.482278 0.400000
v -9.223876 -1.477251 0.441421
v -9.182975 -1.470701 0.473205
v -9.135346 -1.463073 0.493185
v -9.069612 -2.444190 0.351764
v -9.050320 -2.438991 0.400000
v -9.019631 -2.430720 0.441421
v -8.979637 -2.419942 0.473205
v -8.933062 -2.407391 0.493185
v -8.765413 -3.376310 0.351764
v -8.746768 -3.369128 0.400000
v -8.717108 -3.357704 0.441421
v -8.678455 -3.342815 0.473205
v -8.633443 -3.325477 0.493185
v -8.365704 -4.271642 0.351764
v -8.347909 -4.262556 0.400000
v -8.319602 -4.248102 0.441421
v -8.282712 -4.229265 0.473205
v -8.239752 -4.207329 0.493185
v -7.874842 -5.120429 0.351764
v -7.858091 -5.109538 0.400000
v -7.831445 -5.092212 0.441421
v -7.796719 -5.069632 0.473205
v -7.756280 -5.043337 0.493185
v -7.298174 -5.913424 0.351764
v -7.282650 -5.900845 0.400000
v -7.257956 -5.880836 0.441421
v -7.225773 -5.854760 0.473205
v -7.188295 -5.824393 0.493185
v -6.641985 -6.641985 0.351764
v -6.627857 -6.627857 0.400000
v -6.605382 -6.605382 0.441421
v -6.576093 -6.576093 0.473205
v -6.541985 -6.541985 0.493185
v -5.913424 -7.298174 0.351764
v -5.900845 -7.282650 0.400000
v -5.880836 -7.257956 0.441421
v -5.854760 -7.225773 0.473205
v -5.824393 -7.188295 0.493185
v -5.120429 -7.874842 0.351764
v -5.109538 -7.858091 0.400000
v -5.092212 -7.831445 0.441421
v -5.069632 -7.796719 0.473205
v -5.043337 -7.756280 0.493185
v -4.271642 -8.365704 0.351764
v -4.262556 -8.347909 0.400000
v -4.248102 -8.319602 0.441421
v -4.229265 -8.282712 0.473205
v -4.207329 -8.239752 0.493185
v -3.376310 -8.765413 0.351764
v -3.369128 -8.746768 0.400000
v -3.357704 -8.717108 0.441421
v -3.342815 -8.678455 0.473205
v -3.325477 -8.633443 0.493185
v -2.444190 -9.069612 0.351764
v -2.438991 -9.050320 0.400000
v -2.430720 -9.019631 0.441421
v -2.419942 -8.979637 0.473205
v -2.407391 -8.933062 0.493185
v -1.485437 -9.274988 0.351764
v -1.482278 -9.255259 0.400000
v -1.477251 -9.223876 0.441421
v -1.470701 -9.182975 0.473205
v -1.463073 -9.135346 0.493185
v -9.232420 -0.305366 0.300000
v -9.275969 -0.321176 0.300000
v -9.314711 -0.346582 0.300000
v -9.346568 -0.380220 0.300000
v -9.369830 -0.420285 0.300000
v -9.383250 -0.464629 0.300000
v -9.381993 -0.482825 0.338071
v -9.376172 -0.440537 0.321261
v -9.360365 -0.401378 0.303333
v -9.367014 -0.469845 0.380439
v -9.360145 -0.426652 0.366587
v -9.344134 -0.387318 0.349232
v -9.319824 -0.353914 0.329286
v -9.288494 -0.328196 0.307797
v -9.342379 -0.462958 0.419581
v -9.333801 -0.419289 0.408442
v -9.317467 -0.379866 0.391597
v -9.294237 -0.346764 0.369933
v -9.265333 -0.321725 0.344589
v -9.232276 -0.306067 0.316898
v -9.309663 -0.462603 0.452998
v -9.298809 -0.418909 0.444184
v -9.282041 -0.379481 0.427784
v -9.260240 -0.346395 0.404659
v -9.234554 -0.321391 0.376028
v -9.206334 -0.305785 0.343397
v -9.270977 -0.468804 0.478533
v -9.257431 -0.425541 0.471496
v -9.240148 -0.386195 0.455435
v -9.220037 -0.352838 0.431195
v -9.198157 -0.327225 0.400052
v -9.228809 -0.481161 0.494543
v -9.212329 -0.438757 0.488619
v -9.194486 -0.399577 0.472771
v -0.448236 -9.186403 0.493185
v -0.400000 -9.186403 0.473205
v -0.358579 -9.186403 0.441421
v -0.326795 -9.186403 0.400000
v -0.306815 -9.186403 0.351764
v -0.300000 -9.186403 0.300000
v -0.300000 -3.261901 0.300000
v -0.306815 -3.261901 0.351764
v -0.326795 -3.261901 0.400000
v -0.358579 -3.261901 0.441421
v -0.400000 -3.261901 0.473205
v -0.448236 -3.261901 0.493185
v -0.500000 -3.261901 0.500000
v -0.448236 -8.198986 0.493185
v -0.448236 -7.211569 0.493185
v -0.448236 -6.224152 0.493185
v -0.448236 -5.236735 0.493185
v -0.448236 -4.249318 0.493185
v -0.400000 -8.198986 0.473205
v -0.400000 -7.211569 0.473205
v -0.400000 -6.224152 0.473205
v -0.400000 -5.236735 0.473205
v -0.400000 -4.249318 0.473205
v -0.358579 -8.198986 0.441421
v -0.358579 -7.211569 0.441421
v -0.358579 -6.224152 0.441421
v -0.358579 -5.236735 0.441421
v -0.358579 -4.249318 0.441421
v -0.326795 -8.198986 0.400000
v -0.326795 -7.211569 0.400000
v -0.326795 -6.224152 0.400000
v -0.326795 -5.236735 0.400000
v -0.326795 -4.249318 0.400000
v -0.306815 -8.198986 0.351764
v -0.306815 -7.211569 0.351764
v -0.306815 -6.224152 0.351764
v -0.306815 -5.236735 0.351764
v -0.306815 -4.249318 0.351764
v -0.464629 -9.383250 0.300000
v -0.420285 -9.369830 0.300000
v -0.380220 -9.346568 0.300000
v -0.346582 -9.314711 0.300000
v -0.321176 -9.275969 0.300000
v -0.305366 -9.232420 0.300000
v -0.305458 -9.209014 0.340523
v -0.311875 -9.250535 0.322274
v -0.328161 -9.288692 0.302858
v -0.321390 -9.223040 0.382197
v -0.328913 -9.265534 0.366840
v -0.345410 -9.303877 0.347977
v -0.370016 -9.336059 0.326598
v -0.401440 -9.360390 0.303823
v -0.346803 -9.230673 0.420710
v -0.356089 -9.273697 0.408025
v -0.372924 -9.312142 0.389674
v -0.396425 -9.343991 0.366619
v -0.425358 -9.367574 0.340070
v -0.458207 -9.381654 0.311419
v -0.380061 -9.231423 0.453583
v -0.391655 -9.274499 0.443180
v -0.408932 -9.312954 0.425265
v -0.430985 -9.344770 0.400781
v -0.456659 -9.368280 0.371009
v -0.484607 -9.382249 0.337513
v -0.419025 -9.225242 0.478702
v -0.433322 -9.267889 0.470041
v -0.451116 -9.306261 0.452461
v -0.471475 -9.338347 0.426884
v -0.493330 -9.362462 0.394650
v -0.461187 -9.212526 0.494451
v -0.478409 -9.254291 0.486883
v -0.496764 -9.292494 0.469511
v -0.492157 -3.210735 0.493185
v -0.484848 -3.163056 0.473205
v -0.478573 -3.122113 0.441421
v -0.473757 -3.090696 0.400000
v -0.470730 -3.070946 0.351764
v -0.469697 -3.064210 0.300000
v -1.013453 -2.929661 0.300000
v -1.524119 -2.699456 0.300000
v -1.985021 -2.381111 0.300000
v -2.381111 -1.985021 0.300000
v -2.699456 -1.524119 0.300000
v -2.929661 -1.013453 0.300000
v -3.064210 -0.469697 0.300000
v -3.070946 -0.470730 0.351764
v -3.090696 -0.473757 0.400000
v -3.122113 -0.478573 0.441421
v -3.163056 -0.484848 0.473205
v -3.210735 -0.492157 0.493185
v -3.142272 -1.008030 0.500000
v -2.944042 -1.490845 0.500000
v -2.672168 -1.936367 0.500000
v -2.333452 -2.333452 0.500000
v -1.936367 -2.672168 0.500000
v -1.490845 -2.944042 0.500000
v -1.008030 -3.142272 0.500000
v -0.949019 -2.958321 0.351764
v -0.955122 -2.977346 0.400000
v -0.964831 -3.007610 0.441421
v -0.977483 -3.047052 0.473205
v -0.992218 -3.092983 0.493185
v -1.403569 -2.771695 0.351764
v -1.412595 -2.789520 0.400000
v -1.426954 -2.817875 0.441421
v -1.445667 -2.854828 0.473205
v -1.467459 -2.897862 0.493185
v -1.823010 -2.515737 0.351764
v -1.834734 -2.531916 0.400000
v -1.853384 -2.557653 0.441421
v -1.877689 -2.591193 0.473205
v -1.905993 -2.630253 0.493185
v -2.196850 -2.196850 0.351764
v -2.210978 -2.210978 0.400000
v -2.233452 -2.233452 0.441421
v -2.262742 -2.262742 0.473205
v -2.296850 -2.296850 0.493185
v -2.515737 -1.823010 0.351764
v -2.531916 -1.834734 0.400000
v -2.557653 -1.853384 0.441421
v -2.591193 -1.877689 0.473205
v -2.630253 -1.905993 0.493185
v -2.771695 -1.403569 0.351764
v -2.789520 -1.412595 0.400000
v -2.817875 -1.426954 0.441421
v -2.854828 -1.445667 0.473205
v -2.897862 -1.467459 0.493185
v -2.958321 -0.949019 0.351764
v -2.977346 -0.955122 0.400000
v -3.007610 -0.964831 0.441421
v -3.047052 -0.977483 0.473205
v -3.092983 -0.992218 0.493185
v -0.305565 -3.215051 0.300000
v -0.321950 -3.170808 0.300000
v -0.348243 -3.131633 0.300000
v -0.382981 -3.099709 0.300000
v -0.424231 -3.076809 0.300000
v -0.305682 -3.230258 0.335205
v -0.458901 -3.084444 0.382581
v -0.439280 -3.074621 0.335205
v -0.469817 -3.156849 0.467490
v -0.442757 -3.126052 0.435160
v -0.419598 -3.104513 0.393619
v -0.401918 -3.093700 0.345698
v -0.472434 -3.215790 0.492650
v -0.438127 -3.181944 0.472565
v -0.408036 -3.153547 0.440720
v -0.384213 -3.132534 0.399285
v -0.368280 -3.120338 0.351084
v -0.450244 -3.241640 0.492650
v -0.411591 -3.212857 0.472565
v -0.378963 -3.187416 0.440720
v -0.354583 -3.167052 0.399285
v -0.340113 -3.153151 0.351084
v -0.391587 -3.247983 0.467490
v -0.357046 -3.225902 0.435160
v -0.332247 -3.206274 0.393619
v -0.318880 -3.190436 0.345698
v -0.318364 -3.248164 0.382581
v -3.076809 -0.424231 0.300000
v -3.099709 -0.382981 0.300000
v -3.131633 -0.348243 0.300000
v -3.170808 -0.321950 0.300000
v -3.215051 -0.305565 0.300000
v -3.229142 -0.306149 0.336721
v -3.184961 -0.316551 0.320652
v -3.145239 -0.337586 0.303387
v -3.218517 -0.321781 0.379723
v -3.173768 -0.333018 0.365952
v -3.134127 -0.353935 0.348360
v -3.101892 -0.383317 0.327964
v -3.078931 -0.419462 0.305947
v -3.213948 -0.346760 0.419239
v -3.168955 -0.359333 0.407581
v -3.129348 -0.380059 0.389687
v -3.097425 -0.407737 0.366596
v -3.075034 -0.440762 0.339644
v -3.215716 -0.379545 0.452831
v -3.170817 -0.393870 0.442969
v -3.131197 -0.414346 0.424819
v -3.099153 -0.439787 0.399436
v -3.076542 -0.468718 0.368289
v -3.223712 -0.418111 0.478426
v -3.179240 -0.434498 0.469931
v -3.139560 -0.454681 0.451587
v -3.237442 -0.460079 0.494443
v -3.193704 -0.478709 0.486804
v -9.186403 -0.300000 0.000000
v -9.232420 -0.305366 0.000000
v -9.275969 -0.321176 0.000000
v -9.314711 -0.346582 0.000000
v -9.346568 -0.380220 0.000000
v -9.369830 -0.420285 0.000000
v -9.383250 -0.464629 0.000000
v -9.386107 -0.510870 0.000000
v -3.261901 -0.300000 0.000000
v -3.064210 -0.469697 0.000000
v -3.076809 -0.424231 0.000000
v -3.099709 -0.382981 0.000000
v -3.131633 -0.348243 0.000000
v -3.170808 -0.321950 0.000000
v -3.215051 -0.305565 0.000000
v -0.469697 -3.064210 0.000000
v -1.013453 -2.929661 0.000000
v -1.524119 -2.699456 0.000000
v -1.985021 -2.381111 0.000000
v -2.381111 -1.985021 0.000000
v -2.699456 -1.524119 0.000000
v -2.929661 -1.013453 0.000000
v -3.165634 -5.003216 0.500000
v -6.210354 -6.166993 0.500000
v -4.926571 -4.562320 0.500000
v -5.692244 -3.860823 0.500000
v -2.613310 -2.682995 0.500000
v -3.890344 -4.278506 0.500000
v -3.165634 -5.003216 0.200000
v -3.890344 -4.278506 0.200000
v -2.613310 -2.682995 0.200000
v -4.727146 -3.491630 0.200000
v -5.539046 -3.802218 0.200000
v -5.692244 -3.860823 0.200000
v -4.926571 -4.562320 0.200000
v -6.210354 -6.166993 0.200000
v -4.221604 -5.406838 0.200000
v -3.345679 -5.072035 0.200000
v -4.727146 -3.491630 0.300000
v -2.613310 -2.682995 0.300000
v -5.692244 -3.860823 0.300000
v -5.539046 -3.802218 0.300000
v -3.345679 -5.072035 0.000000
v -2.527612 -5.890102 0.000000
v -3.132976 -6.495465 0.000000
v -4.221604 -5.406838 0.000000
v -6.210354 -6.166993 0.000000
v -4.926571 -4.562320 0.000000
v -5.692244 -3.860823 0.000000
v -5.539046 -3.802218 0.000000
v -6.314099 -3.019841 0.000000
v -5.749044 -2.460076 0.000000
v -4.727146 -3.491630 0.000000
v -2.613310 -2.682995 0.000000
v -3.890344 -4.278506 0.000000
v -3.165634 -5.003216 0.000000
v -3.345679 -5.072035 0.300000
v -2.527612 -5.890102 0.300000
v -4.221604 -5.406838 0.300000
v -6.210354 -6.166993 0.300000
v -3.165634 -5.003216 0.300000
v -6.314099 -3.019841 0.300000
v -3.890344 -4.278506 0.300000
v -4.926571 -4.562320 0.300000
v -5.749044 -2.460076 0.300000
v -3.132976 -6.495465 0.300000
v -3.217487 -0.733333 0.000000
v -3.059096 -1.237712 0.000000
v -2.822196 -1.710325 0.000000
v -2.512865 -2.139044 0.000000
v -2.139044 -2.512865 0.000000
v -1.710325 -2.822196 0.000000
v -1.237712 -3.059096 0.000000
v -0.733333 -3.217487 0.000000
v -0.733333 -3.217487 0.300000
v -1.237712 -3.059096 0.300000
v -1.710325 -2.822196 0.300000
v -2.139044 -2.512865 0.300000
v -2.512865 -2.139044 0.300000
v -2.822196 -1.710325 0.300000
v -3.059096 -1.237712 0.300000
v -3.217487 -0.733333 0.300000
v -0.669904 -3.239662 0.000000
v -0.613001 -3.275398 0.000000
v -0.565479 -3.322903 0.000000
v -0.529723 -3.379793 0.000000
v -0.507525 -3.443215 0.000000
v -0.500000 -3.509986 0.000000
v -0.500000 -3.509986 0.300000
v -0.507525 -3.443215 0.300000
v -0.529723 -3.379793 0.300000
v -0.565479 -3.322903 0.300000
v -0.613001 -3.275398 0.300000
v -0.669904 -3.239662 0.300000
v -0.500000 -8.863972 0.000000
v -0.500000 -8.863972 0.300000
v -0.508404 -8.934483 0.000000
v -0.533146 -9.001044 0.000000
v -0.572839 -9.059925 0.000000
v -0.625259 -9.107828 0.000000
v -0.687469 -9.142067 0.000000
v -0.755985 -9.160726 0.000000
v -0.826966 -9.162758 0.000000
v -0.826966 -9.162758 0.300000
v -0.755985 -9.160726 0.300000
v -0.687469 -9.142067 0.300000
v -0.625259 -9.107828 0.300000
v -0.572839 -9.059925 0.300000
v -0.533146 -9.001044 0.300000
v -0.508404 -8.934483 0.300000
v -1.731633 -9.035566 0.000000
v -2.619225 -8.819278 0.000000
v -3.480989 -8.516027 0.000000
v -4.308429 -8.128803 0.000000
v -5.093386 -7.661424 0.000000
v -5.828118 -7.118500 0.000000
v -6.505382 -6.505382 0.000000
v -7.118500 -5.828118 0.000000
v -7.661424 -5.093386 0.000000
v -8.128803 -4.308429 0.000000
v -8.516027 -3.480989 0.000000
v -8.819278 -2.619225 0.000000
v -9.035566 -1.731633 0.000000
v -9.162758 -0.826966 0.000000
v -9.162758 -0.826966 0.300000
v -9.035566 -1.731633 0.300000
v -8.819278 -2.619225 0.300000
v -8.516027 -3.480989 0.300000
v -8.128803 -4.308429 0.300000
v -7.661424 -5.093386 0.300000
v -7.118500 -5.828118 0.300000
v -6.505382 -6.505382 0.300000
v -5.828118 -7.118500 0.300000
v -5.093386 -7.661424 0.300000
v -4.308429 -8.128803 0.300000
v -3.480989 -8.516027 0.300000
v -2.619225 -8.819278 0.300000
v -1.731633 -9.035566 0.300000
v -9.160726 -0.755985 0.000000
v -9.142067 -0.687469 0.000000
v -9.107828 -0.625259 0.000000
v -9.059925 -0.572839 0.000000
v -9.001044 -0.533146 0.000000
v -8.934483 -0.508404 0.000000
v -8.863972 -0.500000 0.000000
v -8.863972 -0.500000 0.300000
v -8.934483 -0.508404 0.300000
v -9.001044 -0.533146 0.300000
v -9.059925 -0.572839 0.300000
v -9.107828 -0.625259 0.300000
v -9.142067 -0.687469 0.300000
v -9.160726 -0.755985 0.300000
v -3.509986 -0.500000 0.000000
v -3.509986 -0.500000 0.300000
v -3.443215 -0.507525 0.000000
v -3.379793 -0.529723 0.000000
v -3.322903 -0.565479 0.000000
v -3.275398 -0.613001 0.000000
v -3.239662 -0.669904 0.000000
v -3.239662 -0.669904 0.300000
v -3.275398 -0.613001 0.300000
v -3.322903 -0.565479 0.300000
v -3.379793 -0.529723 0.300000
v -3.443215 -0.507525 0.300000
v -0.424231 -3.076809 0.000000
v -0.382981 -3.099709 0.000000
v -0.348243 -3.131633 0.000000
v -0.321950 -3.170808 0.000000
v -0.305565 -3.215051 0.000000
v -0.300000 -3.261901 0.000000
v -0.300000 -9.186403 0.000000
v -0.305366 -9.232420 0.000000
v -0.321176 -9.275969 0.000000
v -0.346582 -9.314711 0.000000
v -0.380220 -9.346568 0.000000
v -0.420285 -9.369830 0.000000
v -0.464629 -9.383250 0.000000
v -0.510870 -9.386107 0.000000
v -1.486515 -9.281717 0.000000
v -2.445963 -9.076192 0.000000
v -3.378760 -8.771772 0.000000
v -4.274741 -8.371773 0.000000
v -5.124144 -7.880555 0.000000
v -5.917714 -7.303469 0.000000
v -6.646804 -6.646804 0.000000
v -7.303469 -5.917714 0.000000
v -7.880555 -5.124144 0.000000
v -8.371773 -4.274741 0.000000
v -8.771772 -3.378760 0.000000
v -9.076192 -2.445963 0.000000
v -9.281717 -1.486515 0.000000
vt 0.790650 -0.104720 0.000000
vt -0.196767 -0.104720 0.000000
vt 0.790650 -0.157080 0.000000
vt -1.184184 -0.104720 0.000000
vt -2.171601 -0.104720 0.000000
vt -2.171601 -0.052360 0.000000
vt -3.159018 -0.052360 0.000000
vt -3.159018 -0.000000 0.000000
vt -4.146435 -0.000000 0.000000
vt -4.146435 0.052360 0.000000
vt -5.133852 0.052360 0.000000
vt -5.133852 0.104720 0.000000
vt -4.146435 0.104720 0.000000
vt -5.133852 0.157080 0.000000
vt -3.159018 0.104720 0.000000
vt -2.171601 0.104720 0.000000
vt -2.171601 0.052360 0.000000
vt -1.184184 0.052360 0.000000
vt -1.184184 -0.000000 0.000000
vt -0.196767 -0.000000 0.000000
vt -0.196767 -0.052360 0.000000
vt 0.790650 -0.052360 0.000000
vt 0.790650 -0.000000 0.000000
vt -0.196767 0.052360 0.000000
vt -1.184184 0.104720 0.000000
vt 0.790650 0.157080 0.000000
vt 0.790650 0.052360 0.000000
vt -0.196767 0.104720 0.000000
vt 0.790650 0.104720 0.000000
vt -5.133852 -0.000000 0.000000
vt -4.146435 -0.052360 0.000000
vt -3.159018 -0.104720 0.000000
vt -5.133852 -0.157080 0.000000
vt -5.133852 -0.052360 0.000000
vt -4.146435 -0.104720 0.000000
vt -5.133852 -0.104720 0.000000
vt -1.184184 -0.052360 0.000000
vt -2.171601 -0.000000 0.000000
vt -3.159018 0.052360 0.000000
vt -0.314159 -28.839004 0.000000
vt -0.261799 -28.839004 0.000000
vt -0.314159 -27.863462 0.000000
vt -0.261799 -27.863462 0.000000
vt -0.314159 -26.887919 0.000000
vt -0.261799 -26.887919 0.000000
vt -0.314159 -25.912376 0.000000
vt -0.261799 -25.912376 0.000000
vt -0.314159 -24.936834 0.000000
vt -0.261799 -24.936834 0.000000
vt -0.314159 -23.961291 0.000000
vt -0.261799 -23.961291 0.000000
vt -0.314159 -22.985748 0.000000
vt -0.261799 -22.985748 0.000000
vt -0.314159 -22.010206 0.000000
vt -0.261799 -22.010206 0.000000
vt -0.314159 -21.034663 0.000000
vt -0.261799 -21.034663 0.000000
vt -0.314159 -20.059120 0.000000
vt -0.261799 -20.059120 0.000000
vt -0.314159 -19.083577 0.000000
vt -0.261799 -19.083577 0.000000
vt -0.314159 -18.108035 0.000000
vt -0.261799 -18.108035 0.000000
vt -0.314159 -17.132492 0.000000
vt -0.261799 -17.132492 0.000000
vt -0.314159 -16.156949 0.000000
vt -0.261799 -16.156949 0.000000
vt -0.314159 -15.181407 0.000000
vt -0.261799 -15.181407 0.000000
vt -0.209440 -16.156949 0.000000
vt -0.209440 -15.181407 0.000000
vt -0.157080 -16.156949 0.000000
vt -0.157080 -15.181407 0.000000
vt -0.104720 -16.156949 0.000000
vt -0.104720 -15.181407 0.000000
vt -0.052360 -16.156949 0.000000
vt -0.052360 -15.181407 0.000000
vt -0.000000 -16.156949 0.000000
vt -0.000000 -15.181407 0.000000
vt -0.209440 -28.839004 0.000000
vt -0.209440 -27.863462 0.000000
vt -0.209440 -26.887919 0.000000
vt -0.209440 -25.912376 0.000000
vt -0.209440 -24.936834 0.000000
vt -0.209440 -23.961291 0.000000
vt -0.209440 -22.985748 0.000000
vt -0.209440 -22.010206 0.000000
vt -0.209440 -21.034663 0.000000
vt -0.209440 -20.059120 0.000000
vt -0.209440 -19.083577 0.000000
vt -0.209440 -18.108035 0.000000
vt -0.209440 -17.132492 0.000000
vt -0.157080 -28.839004 0.000000
vt -0.157080 -27.863462 0.000000
vt -0.157080 -26.887919 0.000000
vt -0.157080 -25.912376 0.000000
vt -0.157080 -24.936834 0.000000
vt -0.157080 -23.961291 0.000000
vt -0.157080 -22.985748 0.000000
vt -0.157080 -22.010206 0.000000
vt -0.157080 -21.034663 0.000000
vt -0.157080 -20.059120 0.000000
vt -0.157080 -19.083577 0.000000
vt -0.157080 -18.108035 0.000000
vt -0.157080 -17.132492 0.000000
vt -0.104720 -28.839004 0.000000
vt -0.104720 -27.863462 0.000000
vt -0.104720 -26.887919 0.000000
vt -0.104720 -25.912376 0.000000
vt -0.104720 -24.936834 0.000000
vt -0.104720 -23.961291 0.000000
vt -0.104720 -22.985748 0.000000
vt -0.104720 -22.010206 0.000000
vt -0.104720 -21.034663 0.000000
vt -0.104720 -20.059120 0.000000
vt -0.104720 -19.083577 0.000000
vt -0.104720 -18.108035 0.000000
vt -0.104720 -17.132492 0.000000
vt -0.052360 -28.839004 0.000000
vt -0.052360 -27.863462 0.000000
vt -0.052360 -26.887919 0.000000
vt -0.052360 -25.912376 0.000000
vt -0.052360 -24.936834 0.000000
vt -0.052360 -23.961291 0.000000
vt -0.052360 -22.985748 0.000000
vt -0.052360 -22.010206 0.000000
vt -0.052360 -21.034663 0.000000
vt -0.052360 -20.059120 0.000000
vt -0.052360 -19.083577 0.000000
vt -0.052360 -18.108035 0.000000
vt -0.052360 -17.132492 0.000000
vt -0.000000 -28.839004 0.000000
vt -0.000000 -27.863462 0.000000
vt -0.000000 -26.887919 0.000000
vt -0.000000 -25.912376 0.000000
vt -0.000000 -24.936834 0.000000
vt -0.000000 -23.961291 0.000000
vt -0.000000 -22.985748 0.000000
vt -0.000000 -22.010206 0.000000
vt -0.000000 -21.034663 0.000000
vt -0.000000 -20.059120 0.000000
vt -0.000000 -19.083577 0.000000
vt -0.000000 -18.108035 0.000000
vt -0.000000 -17.132492 0.000000
vt -0.048428 0.157529 0.000000
vt -0.090574 0.177989 0.000000
vt -0.079657 0.127904 0.000000
vt -0.110424 0.123479 0.000000
vt -0.079657 0.077809 0.000000
vt -0.122691 0.063366 0.000000
vt -0.079657 0.027733 0.000000
vt -0.125635 0.000000 0.000000
vt -0.079657 -0.022353 0.000000
vt -0.118778 -0.062487 0.000000
vt -0.079657 -0.072438 0.000000
vt -0.103194 -0.120476 0.000000
vt -0.079657 -0.122524 0.000000
vt -0.080896 -0.172609 0.000000
vt -0.033158 -0.150477 0.000000
vt -0.033678 -0.122524 0.000000
vt 0.014959 -0.130080 0.000000
vt 0.012300 -0.122524 0.000000
vt 0.062911 -0.108922 0.000000
vt 0.012300 -0.072438 0.000000
vt 0.058278 -0.072438 0.000000
vt 0.012300 -0.022353 0.000000
vt 0.058278 -0.022353 0.000000
vt 0.012300 0.027733 0.000000
vt 0.058278 0.027733 0.000000
vt 0.058278 0.077776 0.000000
vt 0.104256 0.077765 0.000000
vt 0.079133 0.101276 0.000000
vt 0.120600 0.077761 0.000000
vt 0.104256 0.027733 0.000000
vt 0.150234 0.027733 0.000000
vt 0.150234 -0.022353 0.000000
vt 0.196212 -0.000000 0.000000
vt 0.155336 -0.051054 0.000000
vt 0.104256 -0.022353 0.000000
vt 0.104256 -0.072438 0.000000
vt 0.110067 -0.084150 0.000000
vt 0.160293 0.046514 0.000000
vt 0.036817 0.120962 0.000000
vt 0.012300 0.077787 0.000000
vt -0.033678 0.027733 0.000000
vt -0.033678 -0.022353 0.000000
vt -0.033678 -0.072438 0.000000
vt 0.012300 0.127904 0.000000
vt -0.005831 0.139130 0.000000
vt -0.033678 0.127904 0.000000
vt -0.033678 0.077798 0.000000
vt 2.171601 -0.104720 0.000000
vt 1.184184 -0.104720 0.000000
vt 2.171601 -0.157080 0.000000
vt 0.196767 -0.104720 0.000000
vt -0.790650 -0.104720 0.000000
vt -0.790650 -0.052360 0.000000
vt -1.778067 -0.052360 0.000000
vt -1.778067 0.000000 0.000000
vt -2.765484 0.000000 0.000000
vt -2.765484 0.052360 0.000000
vt -3.752901 0.052360 0.000000
vt -3.752901 0.104720 0.000000
vt -2.765484 0.104720 0.000000
vt -3.752901 0.157080 0.000000
vt -1.778067 0.104720 0.000000
vt -0.790650 0.104720 0.000000
vt -0.790650 0.052360 0.000000
vt 0.196767 0.052360 0.000000
vt 0.196767 0.000000 0.000000
vt 1.184184 0.000000 0.000000
vt 1.184184 -0.052360 0.000000
vt 2.171601 -0.052360 0.000000
vt 2.171601 0.000000 0.000000
vt 1.184184 0.052360 0.000000
vt 0.196767 0.104720 0.000000
vt 2.171601 0.157080 0.000000
vt 2.171601 0.052360 0.000000
vt 1.184184 0.104720 0.000000
vt 2.171601 0.104720 0.000000
vt -3.752901 0.000000 0.000000
vt -2.765484 -0.052360 0.000000
vt -1.778067 -0.104720 0.000000
vt -3.752901 -0.157080 0.000000
vt -3.752901 -0.052360 0.000000
vt -2.765484 -0.104720 0.000000
vt -3.752901 -0.104720 0.000000
vt 0.196767 -0.052360 0.000000
vt -0.790650 0.000000 0.000000
vt -1.778067 0.052360 0.000000
vt 0.041583 -0.159028 0.000000
vt 0.083064 -0.180664 0.000000
vt 0.079564 -0.130582 0.000000
vt 0.104757 -0.127973 0.000000
vt 0.079564 -0.080501 0.000000
vt 0.119544 -0.069487 0.000000
vt 0.079564 -0.030419 0.000000
vt 0.125471 -0.006793 0.000000
vt 0.079564 0.019662 0.000000
vt 0.121605 0.056364 0.000000
vt 0.079564 0.069744 0.000000
vt 0.108566 0.115966 0.000000
vt 0.079564 0.119825 0.000000
vt 0.088161 0.169907 0.000000
vt 0.039715 0.149240 0.000000
vt 0.033658 0.119825 0.000000
vt -0.009117 0.130535 0.000000
vt -0.012249 0.119825 0.000000
vt -0.057865 0.111401 0.000000
vt -0.012249 0.069744 0.000000
vt -0.058156 0.069744 0.000000
vt -0.012249 0.019662 0.000000
vt -0.058156 0.019662 0.000000
vt -0.012249 -0.030419 0.000000
vt -0.058156 -0.030419 0.000000
vt -0.012249 -0.080501 0.000000
vt -0.058156 -0.080501 0.000000
vt -0.042267 -0.119435 0.000000
vt -0.083736 -0.097751 0.000000
vt -0.104062 -0.080501 0.000000
vt -0.124122 -0.071666 0.000000
vt -0.104062 -0.030419 0.000000
vt -0.149969 -0.030419 0.000000
vt -0.149969 0.019662 0.000000
vt -0.162294 -0.036971 0.000000
vt -0.195875 0.013958 0.000000
vt -0.152694 0.059780 0.000000
vt -0.104062 0.019662 0.000000
vt -0.104062 0.069744 0.000000
vt -0.106015 0.089235 0.000000
vt -0.012249 -0.130582 0.000000
vt -0.000344 -0.139239 0.000000
vt 0.033658 -0.130582 0.000000
vt 0.033658 -0.080501 0.000000
vt 0.033658 -0.030419 0.000000
vt 0.033658 0.019662 0.000000
vt 0.033658 0.069744 0.000000
vt 0.314159 -4.481061 0.000000
vt 0.366519 -4.481061 0.000000
vt 0.314159 -3.980981 0.000000
vt 0.366519 -3.980981 0.000000
vt 0.314159 -3.480901 0.000000
vt 0.366519 -3.480901 0.000000
vt 0.314159 -2.980822 0.000000
vt 0.366519 -2.980822 0.000000
vt 0.314159 -2.480742 0.000000
vt 0.366519 -2.480742 0.000000
vt 0.314159 -1.980662 0.000000
vt 0.366519 -1.980662 0.000000
vt 0.314159 -1.480582 0.000000
vt 0.366519 -1.480582 0.000000
vt 0.314159 -0.980503 0.000000
vt 0.366519 -0.980503 0.000000
vt 0.314159 -0.480423 0.000000
vt 0.366519 -0.480423 0.000000
vt 0.418879 -0.980503 0.000000
vt 0.418879 -0.480423 0.000000
vt 0.471239 -0.980503 0.000000
vt 0.471239 -0.480423 0.000000
vt 0.523599 -0.980503 0.000000
vt 0.523599 -0.480423 0.000000
vt 0.575959 -0.980503 0.000000
vt 0.575959 -0.480423 0.000000
vt 0.628319 -0.480423 0.000000
vt 0.628319 -1.051943 0.000000
vt 0.575959 -1.480582 0.000000
vt 0.628319 -1.623462 0.000000
vt 0.575959 -1.980662 0.000000
vt 0.628319 -2.194982 0.000000
vt 0.575959 -2.480742 0.000000
vt 0.628319 -2.766502 0.000000
vt 0.575959 -2.980822 0.000000
vt 0.628319 -3.338021 0.000000
vt 0.575959 -3.480901 0.000000
vt 0.628319 -3.909541 0.000000
vt 0.575959 -3.980981 0.000000
vt 0.628319 -4.481061 0.000000
vt 0.575959 -4.481061 0.000000
vt 0.523599 -3.980981 0.000000
vt 0.523599 -4.481061 0.000000
vt 0.471239 -3.980981 0.000000
vt 0.471239 -4.481061 0.000000
vt 0.418879 -3.980981 0.000000
vt 0.418879 -4.481061 0.000000
vt 0.523599 -3.480901 0.000000
vt 0.523599 -2.980822 0.000000
vt 0.523599 -2.480742 0.000000
vt 0.523599 -1.980662 0.000000
vt 0.523599 -1.480582 0.000000
vt 0.471239 -3.480901 0.000000
vt 0.471239 -2.980822 0.000000
vt 0.471239 -2.480742 0.000000
vt 0.471239 -1.980662 0.000000
vt 0.471239 -1.480582 0.000000
vt 0.418879 -3.480901 0.000000
vt 0.418879 -2.980822 0.000000
vt 0.418879 -2.480742 0.000000
vt 0.418879 -1.980662 0.000000
vt 0.418879 -1.480582 0.000000
vt -0.102382 -0.107690 0.000000
vt -0.086140 -0.156567 0.000000
vt -0.064168 -0.111833 0.000000
vt -0.037655 -0.136172 0.000000
vt -0.011808 -0.111833 0.000000
vt 0.011193 -0.117617 0.000000
vt -0.011808 -0.067100 0.000000
vt 0.040552 -0.067100 0.000000
vt -0.011808 -0.022367 0.000000
vt 0.040552 -0.022367 0.000000
vt -0.011808 0.022367 0.000000
vt 0.040552 0.022367 0.000000
vt -0.011808 0.067100 0.000000
vt 0.040552 0.067100 0.000000
vt 0.011193 0.117617 0.000000
vt 0.059938 0.098538 0.000000
vt 0.092912 0.067100 0.000000
vt 0.108059 0.076312 0.000000
vt 0.092912 0.022367 0.000000
vt 0.145272 0.022367 0.000000
vt 0.145272 -0.022367 0.000000
vt 0.197631 0.000000 0.000000
vt 0.154661 -0.046588 0.000000
vt 0.092912 -0.067100 0.000000
vt 0.108059 -0.076312 0.000000
vt 0.059938 -0.098538 0.000000
vt 0.154661 0.046588 0.000000
vt -0.011808 0.111833 0.000000
vt -0.037655 0.136172 0.000000
vt -0.064168 0.111833 0.000000
vt -0.086140 0.156567 0.000000
vt -0.102382 0.107690 0.000000
vt -0.064168 0.067100 0.000000
vt -0.112883 0.055036 0.000000
vt -0.064168 0.022367 0.000000
vt -0.116528 -0.000000 0.000000
vt -0.064168 -0.022367 0.000000
vt -0.112883 -0.055036 0.000000
vt -0.064168 -0.067100 0.000000
vt 0.092912 -0.022367 0.000000
vt -0.040811 0.140163 0.000000
vt -0.084632 0.158690 0.000000
vt -0.066423 0.109438 0.000000
vt -0.102177 0.103999 0.000000
vt -0.066423 0.060185 0.000000
vt -0.112650 0.044895 0.000000
vt -0.066423 0.010932 0.000000
vt -0.114690 -0.016555 0.000000
vt -0.066423 -0.038320 0.000000
vt -0.108005 -0.077105 0.000000
vt -0.066423 -0.087573 0.000000
vt -0.093520 -0.133980 0.000000
vt -0.066423 -0.136826 0.000000
vt -0.072928 -0.186078 0.000000
vt -0.029281 -0.156451 0.000000
vt -0.018156 -0.136826 0.000000
vt 0.014973 -0.128707 0.000000
vt -0.018156 -0.087573 0.000000
vt 0.030110 -0.087573 0.000000
vt -0.018156 -0.038320 0.000000
vt 0.030110 -0.038320 0.000000
vt -0.018156 0.010932 0.000000
vt 0.030110 0.010932 0.000000
vt -0.018156 0.060185 0.000000
vt 0.030110 0.060185 0.000000
vt -0.018156 0.109438 0.000000
vt 0.030110 0.109438 0.000000
vt 0.003327 0.123272 0.000000
vt 0.047441 0.106254 0.000000
vt 0.078377 0.060185 0.000000
vt 0.078377 0.010932 0.000000
vt 0.126644 0.010932 0.000000
vt 0.126644 -0.038320 0.000000
vt 0.141205 -0.025918 0.000000
vt 0.101538 -0.067244 0.000000
vt 0.078377 -0.038320 0.000000
vt 0.058923 -0.100018 0.000000
vt 0.174911 0.030754 0.000000
vt 0.134014 0.063769 0.000000
vt 0.126644 0.060185 0.000000
vt 0.091179 0.087297 0.000000
vt -0.000000 0.325034 0.000000
vt -0.300000 0.325034 0.000000
vt -0.000000 0.278601 0.000000
vt -0.300000 0.278601 0.000000
vt -0.000000 0.232167 0.000000
vt -0.300000 0.232167 0.000000
vt -0.000000 0.185734 0.000000
vt -0.300000 0.185734 0.000000
vt -0.000000 0.139300 0.000000
vt -0.300000 0.139300 0.000000
vt -0.000000 0.092867 0.000000
vt -0.300000 0.092867 0.000000
vt -0.000000 0.046433 0.000000
vt -0.300000 0.046433 0.000000
vt -0.000000 0.000000 0.000000
vt -0.300000 0.000000 0.000000
vt 5.924502 0.300000 0.000000
vt 0.000000 0.300000 0.000000
vt 5.924502 0.000000 0.000000
vt 0.000000 0.000000 0.000000
vt -0.000000 0.283739 0.000000
vt -0.300000 0.283739 0.000000
vt -0.000000 0.236449 0.000000
vt -0.300000 0.236449 0.000000
vt -0.000000 0.189159 0.000000
vt -0.300000 0.189159 0.000000
vt -0.000000 0.141870 0.000000
vt -0.300000 0.141870 0.000000
vt -0.000000 0.094580 0.000000
vt -0.300000 0.094580 0.000000
vt -0.000000 0.047290 0.000000
vt -0.300000 0.047290 0.000000
vt -0.000000 -0.000000 0.000000
vt -0.300000 -0.000000 0.000000
vt 0.300000 0.000000 0.000000
vt -0.000000 0.560920 0.000000
vt 0.300000 0.560920 0.000000
vt 0.000000 1.121841 0.000000
vt 0.300000 1.121841 0.000000
vt 0.000000 1.682761 0.000000
vt 0.300000 1.682761 0.000000
vt 0.000000 2.243682 0.000000
vt 0.300000 2.243682 0.000000
vt 0.000000 2.804602 0.000000
vt 0.300000 2.804602 0.000000
vt 0.000000 3.365522 0.000000
vt 0.300000 3.365522 0.000000
vt 0.000000 3.926443 0.000000
vt 0.300000 3.926443 0.000000
vt -1.367153 -1.323792 0.000000
vt -0.948604 -2.304875 0.000000
vt 1.677568 -0.160015 0.000000
vt -0.171918 -2.869682 0.000000
vt 0.659412 -3.350449 0.000000
vt -0.083369 0.280881 0.000000
vt -0.849043 0.982379 0.000000
vt -2.304875 -0.948604 0.000000
vt -1.662181 -1.662181 0.000000
vt 2.229891 2.160207 0.000000
vt 1.899160 3.352357 0.000000
vt 1.700929 3.835172 0.000000
vt 1.581300 4.343201 0.000000
vt 0.952858 0.564696 0.000000
vt 2.906835 2.171033 0.000000
vt 2.509749 2.509749 0.000000
vt -4.343201 4.343201 0.000000
vt -4.241032 3.388315 0.000000
vt -4.039880 2.449280 0.000000
vt -3.741937 1.536330 0.000000
vt -3.350449 0.659412 0.000000
vt -2.869682 -0.171918 0.000000
vt 1.536330 -3.741937 0.000000
vt 2.449280 -4.039880 0.000000
vt 3.388315 -4.241032 0.000000
vt 4.343201 -4.343201 0.000000
vt 4.343201 1.581300 0.000000
vt 3.835172 1.700929 0.000000
vt 3.352357 1.899160 0.000000
vt 2.171033 2.906835 0.000000
vt 1.246199 -0.578222 0.000000
vt 0.521488 0.146488 0.000000
vt 1.066153 -0.647041 0.000000
vt 0.190229 -0.981844 0.000000
vt -0.514739 -0.137326 0.000000
vt -1.798522 -1.741999 0.000000
vt 1.798522 1.741999 0.000000
vt -0.315314 0.933364 0.000000
vt -1.127214 0.622776 0.000000
vt -1.280412 0.564171 0.000000
vt -3.132506 0.200000 0.000000
vt -2.263226 0.200000 0.000000
vt -3.132506 0.300000 0.000000
vt -2.263226 0.300000 0.000000
vt -3.296530 0.500000 0.000000
vt 0.000000 0.500000 0.000000
vt 0.000000 0.300000 0.000000
vt -3.296530 0.300000 0.000000
vt -2.315589 -1.046900 0.000000
vt -1.710226 -1.652264 0.000000
vt -1.497522 -0.228833 0.000000
vt -0.621598 -0.563636 0.000000
vt -0.952858 0.564696 0.000000
vt 0.083369 0.280881 0.000000
vt -0.116055 1.351571 0.000000
vt 0.695845 1.040984 0.000000
vt 0.905843 2.383126 0.000000
vt 1.470898 1.823361 0.000000
vt 1.367153 -1.323792 0.000000
vt 0.849043 0.982379 0.000000
vt -2.229891 2.160207 0.000000
vt -1.677568 -0.160015 0.000000
vt 0.000000 0.000000 0.000000
vt 2.129076 0.000000 0.000000
vt 0.000000 0.200000 0.000000
vt 2.129076 0.200000 0.000000
vt -0.000000 0.000000 0.000000
vt 2.055012 0.000000 0.000000
vt -0.000000 0.200000 0.000000
vt 2.055012 0.200000 0.000000
vt 0.000000 0.000000 0.000000
vt 1.038439 0.000000 0.000000
vt 0.000000 0.200000 0.000000
vt 1.038439 0.200000 0.000000
vt 0.000000 0.000000 0.000000
vt 0.164025 0.000000 0.000000
vt -0.000000 0.200000 0.000000
vt 0.164025 0.200000 0.000000
vt -0.000000 0.000000 0.000000
vt 2.263226 0.000000 0.000000
vt -0.000000 0.200000 0.000000
vt 2.263226 0.200000 0.000000
vt 0.000000 0.000000 0.000000
vt 2.043642 0.000000 0.000000
vt 0.000000 0.200000 0.000000
vt 2.043642 0.200000 0.000000
vt 0.000000 0.000000 0.000000
vt 1.024895 0.000000 0.000000
vt 0.000000 0.200000 0.000000
vt 1.024895 0.200000 0.000000
vt -0.000000 0.000000 0.000000
vt 0.192750 0.000000 0.000000
vt 0.000000 0.200000 0.000000
vt 0.192750 0.200000 0.000000
vt -1.156921 0.000000 0.000000
vt -0.000000 0.200000 0.000000
vt -1.156921 0.300000 0.000000
vt -0.000000 0.300000 0.000000
vt -3.066806 0.200000 0.000000
vt -2.129076 0.200000 0.000000
vt -3.066806 0.300000 0.000000
vt -2.129076 0.300000 0.000000
vt -3.259555 0.500000 0.000000
vt -0.000000 0.500000 0.000000
vt -0.000000 0.300000 0.000000
vt -3.259555 0.300000 0.000000
vt -0.000000 0.000000 0.000000
vt 0.000000 0.200000 0.000000
vt -1.101281 0.000000 0.000000
vt -1.101281 0.300000 0.000000
vt -0.000000 0.300000 0.000000
vt -0.000000 0.500000 0.000000
vt -1.024895 0.500000 0.000000
vt -0.000000 0.300000 0.000000
vt -1.024895 0.300000 0.000000
vt -0.000000 0.500000 0.000000
vt -2.043642 0.500000 0.000000
vt -0.000000 0.300000 0.000000
vt -2.043642 0.300000 0.000000
vt 0.000000 0.500000 0.000000
vt -2.055012 0.500000 0.000000
vt 0.000000 0.300000 0.000000
vt -2.055012 0.300000 0.000000
vt -0.000000 0.500000 0.000000
vt -1.038439 0.500000 0.000000
vt -0.000000 0.300000 0.000000
vt -1.038439 0.300000 0.000000
vt -1.452026 0.000000 0.000000
vt -0.000000 0.000000 0.000000
vt -1.452026 0.200000 0.000000
vt -0.000000 0.300000 0.000000
vt -1.452026 0.300000 0.000000
vt -0.000000 0.300000 0.000000
vt -0.795377 0.300000 0.000000
vt -0.000000 0.000000 0.000000
vt -0.795377 0.000000 0.000000
vt -1.539552 0.000000 0.000000
vt -0.000000 0.000000 0.000000
vt -1.539552 0.200000 0.000000
vt -0.000000 0.300000 0.000000
vt -1.539552 0.300000 0.000000
vt -0.000000 0.300000 0.000000
vt -0.856113 0.300000 0.000000
vt -0.000000 0.000000 0.000000
vt -0.856113 0.000000 0.000000
vt -0.300000 0.000000 0.000000
vt -0.000000 0.000000 0.000000
vt -0.300000 0.529230 0.000000
vt -0.000000 0.529230 0.000000
vt -0.300000 1.058461 0.000000
vt -0.000000 1.058461 0.000000
vt -0.300000 1.587691 0.000000
vt -0.000000 1.587691 0.000000
vt -0.300000 2.116922 0.000000
vt -0.000000 2.116922 0.000000
vt -0.300000 2.646152 0.000000
vt -0.000000 2.646152 0.000000
vt -0.300000 3.175383 0.000000
vt -0.000000 3.175383 0.000000
vt -0.300000 3.704613 0.000000
vt -0.000000 3.704613 0.000000
vt 0.300000 0.404011 0.000000
vt 0.000000 0.404011 0.000000
vt 0.300000 0.336676 0.000000
vt 0.000000 0.336676 0.000000
vt 0.300000 0.269341 0.000000
vt 0.000000 0.269341 0.000000
vt 0.300000 0.202005 0.000000
vt 0.000000 0.202005 0.000000
vt 0.300000 0.134670 0.000000
vt 0.000000 0.134670 0.000000
vt 0.300000 0.067335 0.000000
vt 0.000000 0.067335 0.000000
vt 0.300000 0.000000 0.000000
vt 0.000000 0.000000 0.000000
vt -5.353986 0.000000 0.000000
vt -0.000000 0.000000 0.000000
vt -5.353986 0.300000 0.000000
vt -0.000000 0.300000 0.000000
vt 0.300000 0.498242 0.000000
vt 0.000000 0.498242 0.000000
vt 0.300000 0.427064 0.000000
vt 0.000000 0.427064 0.000000
vt 0.300000 0.355887 0.000000
vt 0.000000 0.355887 0.000000
vt 0.300000 0.284710 0.000000
vt 0.000000 0.284710 0.000000
vt 0.300000 0.213532 0.000000
vt 0.000000 0.213532 0.000000
vt 0.300000 0.142355 0.000000
vt 0.000000 0.142355 0.000000
vt 0.300000 0.071177 0.000000
vt 0.000000 0.071177 0.000000
vt 0.300000 0.000000 0.000000
vt 0.000000 0.000000 0.000000
vt 0.300000 12.795158 0.000000
vt 0.000000 12.795158 0.000000
vt 0.300000 11.881218 0.000000
vt 0.000000 11.881218 0.000000
vt 0.300000 10.967278 0.000000
vt 0.000000 10.967278 0.000000
vt 0.300000 10.053339 0.000000
vt 0.000000 10.053339 0.000000
vt 0.300000 9.139399 0.000000
vt 0.000000 9.139399 0.000000
vt 0.300000 8.225459 0.000000
vt 0.000000 8.225459 0.000000
vt 0.300000 7.311519 0.000000
vt 0.000000 7.311519 0.000000
vt 0.300000 6.397579 0.000000
vt 0.000000 6.397579 0.000000
vt 0.300000 5.483639 0.000000
vt 0.000000 5.483639 0.000000
vt 0.300000 4.569699 0.000000
vt 0.000000 4.569699 0.000000
vt 0.300000 3.655759 0.000000
vt 0.000000 3.655759 0.000000
vt 0.300000 2.741820 0.000000
vt 0.000000 2.741820 0.000000
vt 0.300000 1.827880 0.000000
vt 0.000000 1.827880 0.000000
vt 0.300000 0.913940 0.000000
vt 0.000000 0.913940 0.000000
vt 0.300000 0.000000 0.000000
vt 0.000000 0.000000 0.000000
vt 0.300000 0.498242 0.000000
vt 0.000000 0.498242 0.000000
vt 0.300000 0.427064 0.000000
vt 0.000000 0.427064 0.000000
vt 0.300000 0.355887 0.000000
vt 0.000000 0.355887 0.000000
vt 0.300000 0.284710 0.000000
vt 0.000000 0.284710 0.000000
vt 0.300000 0.213532 0.000000
vt 0.000000 0.213532 0.000000
vt 0.300000 0.142355 0.000000
vt 0.000000 0.142355 0.000000
vt 0.300000 0.071177 0.000000
vt 0.000000 0.071177 0.000000
vt 0.300000 0.000000 0.000000
vt 0.000000 0.000000 0.000000
vt -5.353986 0.000000 0.000000
vt 0.000000 0.000000 0.000000
vt -5.353986 0.300000 0.000000
vt 0.000000 0.300000 0.000000
vt 0.300000 0.404011 0.000000
vt 0.000000 0.404011 0.000000
vt 0.300000 0.336676 0.000000
vt 0.000000 0.336676 0.000000
vt 0.300000 0.269341 0.000000
vt 0.000000 0.269341 0.000000
vt 0.300000 0.202005 0.000000
vt 0.000000 0.202005 0.000000
vt 0.300000 0.134670 0.000000
vt 0.000000 0.134670 0.000000
vt 0.300000 0.067335 0.000000
vt 0.000000 0.067335 0.000000
vt 0.300000 0.000000 0.000000
vt 0.000000 0.000000 0.000000
vt -1.486307 -0.240049 0.000000
vt -1.666353 -0.171230 0.000000
vt -2.304374 -1.058116 0.000000
vt -3.594274 1.772890 0.000000
vt -4.331986 1.322000 0.000000
vt -4.098653 1.614499 0.000000
vt -4.324461 1.388771 0.000000
vt -4.302263 1.452193 0.000000
vt -4.266507 1.509083 0.000000
vt -4.218985 1.556588 0.000000
vt -4.162082 1.592324 0.000000
vt -0.941642 0.553480 0.000000
vt -2.218676 2.148991 0.000000
vt -3.121661 2.009790 0.000000
vt -0.104840 1.340356 0.000000
vt -2.009790 3.121661 0.000000
vt -2.319121 2.692942 0.000000
vt -2.692942 2.319121 0.000000
vt -1.772890 3.594274 0.000000
vt 0.917058 2.371910 0.000000
vt -1.322000 4.331986 0.000000
vt 4.031986 4.331986 0.000000
vt 4.203580 3.100353 0.000000
vt 4.330772 4.005020 0.000000
vt 1.482113 1.812145 0.000000
vt 3.987292 2.212761 0.000000
vt 3.684041 1.350997 0.000000
vt 3.296817 0.523557 0.000000
vt 0.860258 0.971163 0.000000
vt 2.829438 -0.261400 0.000000
vt 2.286514 -0.996132 0.000000
vt 1.378368 -1.335007 0.000000
vt 1.673396 -1.673396 0.000000
vt 0.996132 -2.286514 0.000000
vt -0.610382 -0.574852 0.000000
vt 0.261400 -2.829438 0.000000
vt -1.699010 -1.663479 0.000000
vt -0.523557 -3.296817 0.000000
vt -1.350997 -3.684041 0.000000
vt -2.212761 -3.987292 0.000000
vt -3.100353 -4.203580 0.000000
vt -4.331986 -4.031986 0.000000
vt 0.707060 1.029768 0.000000
vt 0.094585 0.269666 0.000000
vt -1.388771 4.324461 0.000000
vt -1.452193 4.302263 0.000000
vt -1.509083 4.266507 0.000000
vt -1.556588 4.218985 0.000000
vt -1.592324 4.162082 0.000000
vt -1.614499 4.098653 0.000000
vt -4.005020 -4.330772 0.000000
vt -4.323582 -4.102497 0.000000
vt -4.298840 -4.169058 0.000000
vt -4.259147 -4.227939 0.000000
vt -4.206727 -4.275842 0.000000
vt -4.144517 -4.310081 0.000000
vt -4.076001 -4.328740 0.000000
vt 4.328740 4.076001 0.000000
vt 4.310081 4.144517 0.000000
vt 4.275842 4.206727 0.000000
vt 4.227939 4.259147 0.000000
vt 4.169058 4.298840 0.000000
vt 4.102497 4.323582 0.000000
vt -1.628151 4.537637 0.000000
vt -1.520299 4.277722 0.000000
vt -1.581300 4.543201 0.000000
vt -1.463408 4.313479 0.000000
vt -1.399987 4.335676 0.000000
vt -1.672394 4.521252 0.000000
vt -1.711568 4.494959 0.000000
vt -1.743493 4.460221 0.000000
vt -1.766392 4.418971 0.000000
vt -1.778991 4.373505 0.000000
vt -1.567803 4.230201 0.000000
vt -1.603540 4.173298 0.000000
vt -1.625715 4.109868 0.000000
vt -1.913541 3.829748 0.000000
vt -1.784105 3.605490 0.000000
vt -2.143746 3.319082 0.000000
vt -2.021006 3.132877 0.000000
vt -2.462090 2.858180 0.000000
vt -2.330336 2.704158 0.000000
vt -2.858180 2.462090 0.000000
vt -2.704158 2.330336 0.000000
vt -3.132877 2.021006 0.000000
vt -3.319082 2.143746 0.000000
vt -3.605490 1.784105 0.000000
vt -3.829748 1.913541 0.000000
vt -4.109868 1.625715 0.000000
vt -4.373505 1.778991 0.000000
vt -4.173298 1.603540 0.000000
vt -4.230201 1.567803 0.000000
vt -4.277722 1.520299 0.000000
vt -4.418971 1.766392 0.000000
vt -4.460221 1.743493 0.000000
vt -4.494959 1.711568 0.000000
vt -4.521252 1.672394 0.000000
vt -4.537637 1.628151 0.000000
vt -4.543201 1.581300 0.000000
vt -4.313479 1.463408 0.000000
vt -4.335676 1.399987 0.000000
vt -4.343201 1.333216 0.000000
vt -4.343201 -4.020771 0.000000
vt -4.543201 -4.343201 0.000000
vt -4.334797 -4.091282 0.000000
vt -4.310056 -4.157843 0.000000
vt -4.270363 -4.216724 0.000000
vt -4.537836 -4.389219 0.000000
vt -4.522025 -4.432767 0.000000
vt -4.496620 -4.471509 0.000000
vt -4.462982 -4.503366 0.000000
vt -4.217943 -4.264626 0.000000
vt -4.422916 -4.526629 0.000000
vt -4.378573 -4.540049 0.000000
vt -4.332332 -4.542906 0.000000
vt -4.155732 -4.298866 0.000000
vt -4.087217 -4.317524 0.000000
vt -4.016235 -4.319556 0.000000
vt -3.356687 -4.438516 0.000000
vt -3.111569 -4.192364 0.000000
vt -2.397238 -4.232991 0.000000
vt -2.223977 -3.976076 0.000000
vt -1.464442 -3.928570 0.000000
vt -1.362212 -3.672825 0.000000
vt -0.568461 -3.528572 0.000000
vt -0.534772 -3.285601 0.000000
vt 0.280943 -3.037353 0.000000
vt 0.250184 -2.818223 0.000000
vt 1.074513 -2.460268 0.000000
vt 0.984917 -2.275298 0.000000
vt 1.803602 -1.803602 0.000000
vt 1.662181 -1.662181 0.000000
vt 2.275298 -0.984917 0.000000
vt 2.460268 -1.074513 0.000000
vt 2.818223 -0.250184 0.000000
vt 3.037353 -0.280943 0.000000
vt 3.285601 0.534772 0.000000
vt 3.528572 0.568461 0.000000
vt 3.672825 1.362212 0.000000
vt 3.928570 1.464442 0.000000
vt 3.976076 2.223977 0.000000
vt 4.232991 2.397238 0.000000
vt 4.192364 3.111569 0.000000
vt 4.438516 3.356687 0.000000
vt 4.319556 4.016235 0.000000
vt 4.542906 4.332332 0.000000
vt 4.317524 4.087217 0.000000
vt 4.298866 4.155732 0.000000
vt 4.264626 4.217943 0.000000
vt 4.540049 4.378573 0.000000
vt 4.526629 4.422916 0.000000
vt 4.503366 4.462982 0.000000
vt 4.216724 4.270363 0.000000
vt 4.471509 4.496620 0.000000
vt 4.432767 4.522025 0.000000
vt 4.389219 4.537836 0.000000
vt 4.343201 4.543201 0.000000
vt 4.157843 4.310056 0.000000
vt 4.091282 4.334797 0.000000
vt 4.020771 4.343201 0.000000
vt -1.333216 4.343201 0.000000
vt -0.000000 0.283739 0.000000
vt -0.300000 0.283739 0.000000
vt -0.000000 0.236449 0.000000
vt -0.300000 0.236449 0.000000
vt -0.000000 0.189159 0.000000
vt -0.300000 0.189159 0.000000
vt -0.000000 0.141870 0.000000
vt -0.300000 0.141870 0.000000
vt -0.000000 0.094580 0.000000
vt -0.300000 0.094580 0.000000
vt -0.000000 0.047290 0.000000
vt -0.300000 0.047290 0.000000
vt -0.000000 0.000000 0.000000
vt -0.300000 0.000000 0.000000
vt 5.924502 0.300000 0.000000
vt 0.000000 0.300000 0.000000
vt 5.924502 0.000000 0.000000
vt 0.000000 0.000000 0.000000
vt -0.000000 0.325034 0.000000
vt -0.300000 0.325034 0.000000
vt -0.000000 0.278601 0.000000
vt -0.300000 0.278601 0.000000
vt -0.000000 0.232167 0.000000
vt -0.300000 0.232167 0.000000
vt -0.000000 0.185734 0.000000
vt -0.300000 0.185734 0.000000
vt -0.000000 0.139300 0.000000
vt -0.300000 0.139300 0.000000
vt -0.000000 0.092867 0.000000
vt -0.300000 0.092867 0.000000
vt -0.000000 0.046433 0.000000
vt -0.300000 0.046433 0.000000
vt -0.000000 0.000000 0.000000
vt -0.300000 0.000000 0.000000
vt -0.000000 13.743243 0.000000
vt -0.300000 13.743243 0.000000
vt -0.000000 12.761582 0.000000
vt -0.300000 12.761582 0.000000
vt -0.000000 11.779922 0.000000
vt -0.300000 11.779922 0.000000
vt -0.000000 10.798262 0.000000
vt -0.300000 10.798262 0.000000
vt -0.000000 9.816602 0.000000
vt -0.300000 9.816602 0.000000
vt -0.000000 8.834942 0.000000
vt -0.300000 8.834942 0.000000
vt -0.000000 7.853282 0.000000
vt -0.300000 7.853282 0.000000
vt -0.000000 6.871621 0.000000
vt -0.300000 6.871621 0.000000
vt -0.000000 5.889961 0.000000
vt -0.300000 5.889961 0.000000
vt -0.000000 4.908301 0.000000
vt -0.300000 4.908301 0.000000
vt -0.000000 3.926641 0.000000
vt -0.300000 3.926641 0.000000
vt -0.000000 2.944981 0.000000
vt -0.300000 2.944981 0.000000
vt -0.000000 1.963320 0.000000
vt -0.300000 1.963320 0.000000
vt -0.000000 0.981660 0.000000
vt -0.300000 0.981660 0.000000
vt -0.000000 0.000000 0.000000
vt -0.300000 0.000000 0.000000
vn 0.000000 0.258819 0.965926
vn 0.000000 0.258819 0.965926
vn 0.000000 0.000000 1.000000
vn 0.000000 0.258819 0.965926
vn 0.000000 0.258819 0.965926
vn 0.000000 0.500000 0.866025
vn 0.000000 0.500000 0.866025
vn 0.000000 0.707107 0.707107
vn 0.000000 0.707107 0.707107
vn 0.000000 0.866025 0.500000
vn 0.000000 0.866025 0.500000
vn 0.000000 0.965926 0.258819
vn 0.000000 0.965926 0.258819
vn 0.000000 1.000000 0.000000
vn 0.000000 0.965926 0.258819
vn 0.000000 0.965926 0.258819
vn 0.000000 0.866025 0.500000
vn 0.000000 0.866025 0.500000
vn 0.000000 0.707107 0.707107
vn 0.000000 0.707107 0.707107
vn 0.000000 0.500000 0.866025
vn 0.000000 0.500000 0.866025
vn 0.000000 0.707107 0.707107
vn 0.000000 0.866025 0.500000
vn 0.000000 0.965926 0.258819
vn 0.000000 1.000000 -0.000000
vn 0.000000 0.866025 0.500000
vn 0.000000 0.965926 0.258819
vn 0.000000 0.965926 0.258819
vn 0.000000 0.707107 0.707107
vn 0.000000 0.500000 0.866025
vn 0.000000 0.258819 0.965926
vn 0.000000 0.000000 1.000000
vn 0.000000 0.500000 0.866025
vn 0.000000 0.258819 0.965926
vn 0.000000 0.258819 0.965926
vn 0.000000 0.500000 0.866025
vn 0.000000 0.707107 0.707107
vn 0.000000 0.866025 0.500000
vn -0.258437 -0.014066 0.965926
vn -0.000000 -0.000000 1.000000
vn -0.255562 -0.040930 0.965926
vn -0.000000 -0.000000 1.000000
vn -0.249903 -0.067347 0.965926
vn -0.000000 -0.000000 1.000000
vn -0.241521 -0.093031 0.965926
vn -0.000000 -0.000000 1.000000
vn -0.230508 -0.117700 0.965926
vn -0.000000 -0.000000 1.000000
vn -0.216983 -0.141088 0.965926
vn -0.000000 -0.000000 1.000000
vn -0.201093 -0.162938 0.965926
vn -0.000000 -0.000000 1.000000
vn -0.183013 -0.183013 0.965926
vn -0.000000 -0.000000 1.000000
vn -0.162938 -0.201093 0.965926
vn -0.000000 -0.000000 1.000000
vn -0.141088 -0.216983 0.965926
vn -0.000000 -0.000000 1.000000
vn -0.117700 -0.230508 0.965926
vn -0.000000 -0.000000 1.000000
vn -0.093031 -0.241521 0.965926
vn -0.000000 -0.000000 1.000000
vn -0.067347 -0.249903 0.965926
vn -0.000000 -0.000000 1.000000
vn -0.040930 -0.255562 0.965926
vn -0.000000 -0.000000 1.000000
vn -0.014066 -0.258437 0.965926
vn -0.079070 -0.493708 0.866025
vn -0.027174 -0.499261 0.866025
vn -0.111822 -0.698209 0.707107
vn -0.038430 -0.706062 0.707107
vn -0.136953 -0.855128 0.500000
vn -0.047067 -0.864745 0.500000
vn -0.152751 -0.953771 0.258819
vn -0.052496 -0.964498 0.258819
vn -0.158140 -0.987417 0.000000
vn -0.054348 -0.998522 0.000000
vn -0.499261 -0.027174 0.866025
vn -0.493708 -0.079070 0.866025
vn -0.482776 -0.130104 0.866025
vn -0.466584 -0.179721 0.866025
vn -0.445307 -0.227380 0.866025
vn -0.419178 -0.272561 0.866025
vn -0.388482 -0.314772 0.866025
vn -0.353553 -0.353553 0.866025
vn -0.314772 -0.388482 0.866025
vn -0.272561 -0.419178 0.866025
vn -0.227380 -0.445307 0.866025
vn -0.179721 -0.466584 0.866025
vn -0.130104 -0.482776 0.866025
vn -0.706062 -0.038430 0.707107
vn -0.698209 -0.111822 0.707107
vn -0.682749 -0.183995 0.707107
vn -0.659849 -0.254164 0.707107
vn -0.629759 -0.321564 0.707107
vn -0.592808 -0.385459 0.707107
vn -0.549397 -0.445155 0.707107
vn -0.500000 -0.500000 0.707107
vn -0.445155 -0.549397 0.707107
vn -0.385459 -0.592808 0.707107
vn -0.321564 -0.629759 0.707107
vn -0.254164 -0.659849 0.707107
vn -0.183995 -0.682749 0.707107
vn -0.864745 -0.047067 0.500000
vn -0.855128 -0.136953 0.500000
vn -0.836193 -0.225347 0.500000
vn -0.808147 -0.311286 0.500000
vn -0.771295 -0.393833 0.500000
vn -0.726038 -0.472089 0.500000
vn -0.672871 -0.545201 0.500000
vn -0.612372 -0.612372 0.500000
vn -0.545201 -0.672871 0.500000
vn -0.472089 -0.726038 0.500000
vn -0.393833 -0.771295 0.500000
vn -0.311286 -0.808147 0.500000
vn -0.225347 -0.836193 0.500000
vn -0.964498 -0.052496 0.258819
vn -0.953771 -0.152751 0.258819
vn -0.932652 -0.251342 0.258819
vn -0.901370 -0.347195 0.258819
vn -0.860267 -0.439264 0.258819
vn -0.809791 -0.526547 0.258819
vn -0.750490 -0.608093 0.258819
vn -0.683013 -0.683013 0.258819
vn -0.608093 -0.750490 0.258819
vn -0.526547 -0.809791 0.258819
vn -0.439264 -0.860267 0.258819
vn -0.347195 -0.901370 0.258819
vn -0.251342 -0.932652 0.258819
vn -0.998522 -0.054348 0.000000
vn -0.987417 -0.158140 0.000000
vn -0.965552 -0.260209 0.000000
vn -0.933167 -0.359443 0.000000
vn -0.890614 -0.454760 0.000000
vn -0.838357 -0.545122 0.000000
vn -0.776965 -0.629544 0.000000
vn -0.707107 -0.707107 0.000000
vn -0.629544 -0.776965 0.000000
vn -0.545122 -0.838357 0.000000
vn -0.454760 -0.890614 0.000000
vn -0.359443 -0.933167 0.000000
vn -0.260209 -0.965552 0.000000
vn -0.984236 0.176857 0.000000
vn -0.977952 0.085877 0.190354
vn -0.903053 0.150776 0.402197
vn -0.779879 0.185208 0.597903
vn -0.616302 0.186984 0.764990
vn -0.422868 0.155982 0.892666
vn -0.212028 0.094196 0.972713
vn -0.129632 0.306213 0.943096
vn -0.040414 0.502117 0.863855
vn -0.268726 0.569023 0.777174
vn -0.168172 0.735808 0.655976
vn -0.478188 0.602594 0.638918
vn -0.369184 0.768025 0.523297
vn -0.655320 0.600671 0.457985
vn -0.539171 0.766179 0.349663
vn -0.667104 0.730432 0.146428
vn -0.510455 0.859020 0.038987
vn -0.641538 0.767091 0.000000
vn -0.447828 0.894120 0.000000
vn -0.394652 0.891373 0.222943
vn -0.229367 0.969666 0.084492
vn -0.099657 0.971075 0.216985
vn -0.240755 0.893045 0.380142
vn -0.058769 0.863877 0.500262
vn -0.230087 0.973170 0.000000
vn -0.800824 0.598900 0.000000
vn -0.788655 0.563409 0.246158
vn -0.736989 0.403556 0.542208
vn -0.562031 0.405456 0.720920
vn -0.355140 0.372297 0.857479
vn -0.869808 0.493109 0.016663
vn -0.917137 0.398573 0.000000
vn -0.948843 0.297315 0.106305
vn -0.868709 0.366741 0.332935
vn 0.258819 0.000000 0.965926
vn 0.258819 0.000000 0.965926
vn 0.258819 0.000000 0.965926
vn 0.258819 0.000000 0.965926
vn 0.500000 0.000000 0.866025
vn 0.500000 0.000000 0.866025
vn 0.707107 0.000000 0.707107
vn 0.707107 0.000000 0.707107
vn 0.866025 0.000000 0.500000
vn 0.866025 0.000000 0.500000
vn 0.965926 0.000000 0.258819
vn 0.965926 0.000000 0.258819
vn 1.000000 0.000000 -0.000000
vn 0.965926 0.000000 0.258819
vn 0.965926 0.000000 0.258819
vn 0.866025 0.000000 0.500000
vn 0.866025 0.000000 0.500000
vn 0.707107 0.000000 0.707107
vn 0.707107 0.000000 0.707107
vn 0.500000 0.000000 0.866025
vn 0.500000 0.000000 0.866025
vn 0.707107 0.000000 0.707107
vn 0.866025 0.000000 0.500000
vn 0.965926 0.000000 0.258819
vn 1.000000 0.000000 0.000000
vn 0.866025 0.000000 0.500000
vn 0.965926 0.000000 0.258819
vn 0.965926 0.000000 0.258819
vn 0.707107 0.000000 0.707107
vn 0.500000 0.000000 0.866025
vn 0.258819 0.000000 0.965926
vn -0.000000 -0.000000 1.000000
vn 0.500000 0.000000 0.866025
vn 0.258819 0.000000 0.965926
vn 0.258819 0.000000 0.965926
vn 0.500000 0.000000 0.866025
vn 0.707107 0.000000 0.707107
vn 0.866025 0.000000 0.500000
vn 0.973170 -0.230087 0.000000
vn 0.972711 -0.113055 0.202614
vn 0.893048 -0.183184 0.410986
vn 0.765984 -0.221351 0.603550
vn 0.599694 -0.225101 0.767917
vn 0.404877 -0.194193 0.893512
vn 0.194067 -0.130616 0.972254
vn 0.107955 -0.339439 0.934413
vn 0.016181 -0.530457 0.847557
vn 0.244418 -0.599291 0.762306
vn 0.142624 -0.759719 0.634418
vn 0.455342 -0.632754 0.626327
vn 0.345073 -0.791837 0.503903
vn 0.635379 -0.628694 0.448371
vn 0.517877 -0.787940 0.333097
vn 0.772948 -0.587371 0.239887
vn 0.649919 -0.748278 0.132990
vn 0.767091 -0.641538 0.000000
vn 0.598900 -0.800824 0.000000
vn 0.492798 -0.869934 0.019116
vn 0.398573 -0.917137 0.000000
vn 0.373210 -0.905856 0.200350
vn 0.208966 -0.976255 0.057094
vn 0.076967 -0.979232 0.187566
vn 0.176857 -0.984236 0.000000
vn 0.216704 -0.909385 0.355046
vn 0.033349 -0.880296 0.473251
vn 0.859197 -0.511445 0.014289
vn 0.894120 -0.447828 0.000000
vn 0.940624 -0.320660 0.111372
vn 0.855434 -0.395654 0.334202
vn 0.719553 -0.436470 0.540127
vn 0.541726 -0.440480 0.715898
vn 0.333392 -0.407428 0.850207
vn 0.039215 0.255831 0.965926
vn -0.000000 -0.000000 1.000000
vn 0.079060 0.246448 0.965926
vn -0.000000 -0.000000 1.000000
vn 0.116927 0.230901 0.965926
vn -0.000000 -0.000000 1.000000
vn 0.151869 0.209578 0.965926
vn -0.000000 -0.000000 1.000000
vn 0.183013 0.183013 0.965926
vn -0.000000 -0.000000 1.000000
vn 0.209578 0.151869 0.965926
vn -0.000000 -0.000000 1.000000
vn 0.230901 0.116927 0.965926
vn -0.000000 -0.000000 1.000000
vn 0.246448 0.079060 0.965926
vn 0.255831 0.039215 0.965926
vn 0.476102 0.152732 0.866025
vn 0.494227 0.075758 0.866025
vn 0.673310 0.215995 0.707107
vn 0.698943 0.107137 0.707107
vn 0.824633 0.264539 0.500000
vn 0.856027 0.131216 0.500000
vn 0.919758 0.295055 0.258819
vn 0.954774 0.146352 0.258819
vn 0.988455 0.151515 0.000000
vn 0.945052 0.326920 0.000000
vn 0.861735 0.436377 0.258819
vn 0.870792 0.491651 0.000000
vn 0.782156 0.566784 0.258819
vn 0.768100 0.640329 0.000000
vn 0.683013 0.683013 0.258819
vn 0.640329 0.768100 0.000000
vn 0.566784 0.782156 0.258819
vn 0.491651 0.870792 0.000000
vn 0.436377 0.861735 0.258819
vn 0.326920 0.945052 0.000000
vn 0.295055 0.919758 0.258819
vn 0.151515 0.988455 0.000000
vn 0.146352 0.954774 0.258819
vn 0.264539 0.824633 0.500000
vn 0.131216 0.856027 0.500000
vn 0.215995 0.673310 0.707107
vn 0.107137 0.698943 0.707107
vn 0.152732 0.476102 0.866025
vn 0.075758 0.494227 0.866025
vn 0.391245 0.772611 0.500000
vn 0.508165 0.701262 0.500000
vn 0.612372 0.612372 0.500000
vn 0.701262 0.508165 0.500000
vn 0.772611 0.391245 0.500000
vn 0.319450 0.630834 0.707107
vn 0.414915 0.572578 0.707107
vn 0.500000 0.500000 0.707107
vn 0.572578 0.414915 0.707107
vn 0.630834 0.319450 0.707107
vn 0.225886 0.446067 0.866025
vn 0.293389 0.404874 0.866025
vn 0.353553 0.353553 0.866025
vn 0.404874 0.293389 0.866025
vn 0.446067 0.225886 0.866025
vn 0.378847 0.925459 0.000000
vn 0.303598 0.936399 0.176025
vn 0.205496 0.887288 0.412906
vn 0.402012 0.786940 0.468094
vn 0.286217 0.679245 0.675800
vn 0.578937 0.646835 0.496424
vn 0.459820 0.541771 0.703598
vn 0.727085 0.474248 0.496424
vn 0.605186 0.372424 0.703598
vn 0.838765 0.278138 0.468094
vn 0.714769 0.179997 0.675800
vn 0.542063 0.069589 0.837451
vn 0.442045 0.245221 0.862823
vn 0.248779 0.101306 0.963248
vn 0.137830 0.230557 0.963248
vn 0.150916 0.525261 0.837451
vn 0.908180 0.068686 0.412906
vn 0.971588 0.158214 0.176025
vn 0.972176 0.234252 0.000000
vn 0.905600 0.357324 0.228489
vn 0.890252 0.455469 0.000000
vn 0.799434 0.543752 0.255420
vn 0.758787 0.651339 0.000000
vn 0.658601 0.707818 0.255420
vn 0.585097 0.810963 0.000000
vn 0.490411 0.841005 0.228489
vn 0.309366 0.399787 0.862823
vn 0.234252 0.972176 0.000000
vn 0.163797 0.969257 0.183605
vn 0.216919 0.891097 0.398614
vn 0.239766 0.766200 0.596196
vn 0.230927 0.602277 0.764157
vn 0.190948 0.409444 0.892129
vn 0.122296 0.199603 0.972215
vn 0.340985 0.106455 0.934022
vn 0.413306 0.327511 0.849656
vn 0.611709 0.226596 0.757936
vn 0.455422 0.530651 0.714843
vn 0.653520 0.428268 0.624097
vn 0.464733 0.703336 0.537905
vn 0.662765 0.599706 0.448437
vn 0.440666 0.834908 0.329762
vn 0.638871 0.730327 0.241798
vn 0.384704 0.917246 0.103262
vn 0.583313 0.812071 0.016934
vn 0.455469 0.890252 0.000000
vn 0.651339 0.758787 0.000000
vn 0.800047 0.583417 0.139819
vn 0.822382 0.461317 0.332978
vn 0.934334 0.296190 0.198219
vn 0.926797 0.156409 0.341443
vn 0.813741 0.301063 0.497179
vn 0.925459 0.378847 0.000000
vn 0.914852 0.402692 0.029736
vn 0.810963 0.585097 -0.000000
vn -0.998522 -0.054348 0.000000
vn -0.984236 0.176857 -0.000000
vn -0.917137 0.398573 -0.000000
vn -0.800824 0.598900 -0.000000
vn -0.641538 0.767091 -0.000000
vn -0.447828 0.894120 -0.000000
vn -0.230087 0.973170 -0.000000
vn 0.000000 1.000000 -0.000000
vn 0.000000 1.000000 -0.000000
vn 0.234252 0.972176 -0.000000
vn 0.455469 0.890252 -0.000000
vn 0.651339 0.758787 -0.000000
vn 0.810963 0.585097 -0.000000
vn 0.925459 0.378847 -0.000000
vn 0.988455 0.151515 -0.000000
vn 0.945052 0.326920 -0.000000
vn 0.870792 0.491651 -0.000000
vn 0.768100 0.640329 -0.000000
vn 0.640329 0.768100 -0.000000
vn 0.491651 0.870792 -0.000000
vn 0.326920 0.945052 -0.000000
vn 0.151515 0.988455 -0.000000
vn 0.000000 0.000000 1.000000
vn 0.000000 0.000000 1.000000
vn 0.000000 0.000000 1.000000
vn 0.000000 0.000000 1.000000
vn 0.000000 0.000000 1.000000
vn 0.000000 0.000000 1.000000
vn 0.000000 0.000000 1.000000
vn 0.000000 0.000000 1.000000
vn 0.000000 0.000000 1.000000
vn 0.000000 0.000000 1.000000
vn 0.000000 0.000000 1.000000
vn 0.000000 0.000000 1.000000
vn 0.000000 0.000000 1.000000
vn 0.000000 0.000000 1.000000
vn 0.000000 0.000000 1.000000
vn 0.000000 0.000000 1.000000
vn 0.357293 -0.933992 -0.000000
vn 0.357293 -0.933992 -0.000000
vn 0.357293 -0.933992 -0.000000
vn 0.357293 -0.933992 -0.000000
vn 0.357293 -0.933992 -0.000000
vn 0.357293 -0.933992 -0.000000
vn 0.357293 -0.933992 -0.000000
vn 0.357293 -0.933992 -0.000000
vn -0.000000 -0.000000 -1.000000
vn -0.000000 -0.000000 -1.000000
vn -0.000000 -0.000000 -1.000000
vn -0.000000 -0.000000 -1.000000
vn -0.000000 -0.000000 -1.000000
vn -0.000000 -0.000000 -1.000000
vn -0.000000 -0.000000 -1.000000
vn -0.000000 -0.000000 -1.000000
vn -0.000000 -0.000000 -1.000000
vn -0.000000 -0.000000 -1.000000
vn -0.000000 -0.000000 -1.000000
vn -0.000000 -0.000000 -1.000000
vn -0.000000 -0.000000 -1.000000
vn -0.000000 -0.000000 -1.000000
vn 0.357035 -0.934091 0.000000
vn 0.357035 -0.934091 0.000000
vn 0.357035 -0.934091 0.000000
vn 0.357035 -0.934091 0.000000
vn -0.780858 0.624708 0.000000
vn -0.780858 0.624708 0.000000
vn -0.780858 0.624708 0.000000
vn -0.780858 0.624708 0.000000
vn -0.675531 -0.737331 0.000000
vn -0.675531 -0.737331 0.000000
vn -0.675531 -0.737331 0.000000
vn -0.675531 -0.737331 0.000000
vn -0.357293 0.933992 0.000000
vn -0.357293 0.933992 0.000000
vn -0.357293 0.933992 0.000000
vn -0.357293 0.933992 0.000000
vn -0.357293 0.933992 0.000000
vn -0.357293 0.933992 0.000000
vn -0.357293 0.933992 0.000000
vn -0.357293 0.933992 0.000000
vn 0.780720 -0.624881 0.000000
vn 0.780720 -0.624881 0.000000
vn 0.780720 -0.624881 0.000000
vn 0.780720 -0.624881 0.000000
vn 0.707107 0.707107 -0.000000
vn 0.707107 0.707107 -0.000000
vn 0.707107 0.707107 -0.000000
vn 0.707107 0.707107 -0.000000
vn 0.357035 -0.934091 0.000000
vn 0.357035 -0.934091 0.000000
vn 0.357035 -0.934091 0.000000
vn 0.357035 -0.934091 0.000000
vn 0.707107 0.707107 -0.000000
vn 0.707107 0.707107 -0.000000
vn 0.707107 0.707107 -0.000000
vn 0.707107 0.707107 -0.000000
vn 0.707107 0.707107 -0.000000
vn -0.357035 0.934091 -0.000000
vn -0.357035 0.934091 -0.000000
vn -0.357035 0.934091 -0.000000
vn -0.357035 0.934091 -0.000000
vn -0.357035 0.934091 -0.000000
vn -0.357035 0.934091 -0.000000
vn -0.357035 0.934091 -0.000000
vn -0.357035 0.934091 -0.000000
vn -0.710424 -0.703774 0.000000
vn -0.710424 -0.703774 0.000000
vn -0.710424 -0.703774 0.000000
vn -0.710424 -0.703774 0.000000
vn -0.710424 -0.703774 0.000000
vn -0.707107 -0.707107 0.000000
vn -0.707107 -0.707107 0.000000
vn -0.707107 -0.707107 0.000000
vn -0.707107 -0.707107 0.000000
vn -0.780720 0.624881 -0.000000
vn -0.780720 0.624881 -0.000000
vn -0.780720 0.624881 -0.000000
vn -0.780720 0.624881 -0.000000
vn 0.780858 -0.624708 -0.000000
vn 0.780858 -0.624708 -0.000000
vn 0.780858 -0.624708 -0.000000
vn 0.780858 -0.624708 -0.000000
vn 0.675531 0.737331 -0.000000
vn 0.675531 0.737331 -0.000000
vn 0.675531 0.737331 -0.000000
vn 0.675531 0.737331 -0.000000
vn 0.710424 0.703774 -0.000000
vn 0.710424 0.703774 -0.000000
vn 0.710424 0.703774 -0.000000
vn 0.710424 0.703774 -0.000000
vn 0.710424 0.703774 -0.000000
vn -0.703774 0.710424 -0.000000
vn -0.703774 0.710424 -0.000000
vn -0.703774 0.710424 -0.000000
vn -0.703774 0.710424 -0.000000
vn -0.707107 -0.707107 0.000000
vn -0.707107 -0.707107 0.000000
vn -0.707107 -0.707107 0.000000
vn -0.707107 -0.707107 0.000000
vn -0.707107 -0.707107 0.000000
vn 0.707107 -0.707107 -0.000000
vn 0.707107 -0.707107 -0.000000
vn 0.707107 -0.707107 -0.000000
vn 0.707107 -0.707107 -0.000000
vn -0.974996 -0.222222 0.000000
vn -0.974996 -0.222222 0.000000
vn -0.926999 -0.375064 0.000000
vn -0.926999 -0.375064 0.000000
vn -0.855211 -0.518280 0.000000
vn -0.855211 -0.518280 0.000000
vn -0.761474 -0.648195 0.000000
vn -0.761474 -0.648195 0.000000
vn -0.648195 -0.761474 0.000000
vn -0.648195 -0.761474 0.000000
vn -0.518280 -0.855211 0.000000
vn -0.518280 -0.855211 0.000000
vn -0.375064 -0.926999 0.000000
vn -0.375064 -0.926999 0.000000
vn -0.222222 -0.974996 0.000000
vn -0.222222 -0.974996 0.000000
vn -0.433654 -0.901080 0.000000
vn -0.433654 -0.901080 0.000000
vn -0.623330 -0.781959 0.000000
vn -0.623330 -0.781959 0.000000
vn -0.781736 -0.623610 0.000000
vn -0.781736 -0.623610 0.000000
vn -0.900925 -0.433976 0.000000
vn -0.900925 -0.433976 0.000000
vn -0.974917 -0.222571 0.000000
vn -0.974917 -0.222571 0.000000
vn -1.000000 0.000000 0.000000
vn -1.000000 0.000000 0.000000
vn -1.000000 -0.000000 0.000000
vn -1.000000 -0.000000 0.000000
vn -0.971986 0.235038 0.000000
vn -0.971986 0.235038 0.000000
vn -0.889514 0.456908 0.000000
vn -0.889514 0.456908 0.000000
vn -0.757204 0.653178 0.000000
vn -0.757204 0.653178 0.000000
vn -0.582470 0.812852 0.000000
vn -0.582470 0.812852 0.000000
vn -0.375102 0.926984 0.000000
vn -0.375102 0.926984 0.000000
vn -0.146717 0.989178 0.000000
vn -0.146717 0.989178 0.000000
vn 0.089888 0.995952 -0.000000
vn 0.089888 0.995952 -0.000000
vn 0.188221 0.982127 -0.000000
vn 0.188221 0.982127 -0.000000
vn 0.284698 0.958617 -0.000000
vn 0.284698 0.958617 -0.000000
vn 0.378368 0.925655 -0.000000
vn 0.378368 0.925655 -0.000000
vn 0.468308 0.883566 -0.000000
vn 0.468308 0.883566 -0.000000
vn 0.553629 0.832764 -0.000000
vn 0.553629 0.832764 -0.000000
vn 0.633491 0.773750 -0.000000
vn 0.633491 0.773750 -0.000000
vn 0.707107 0.707107 -0.000000
vn 0.707107 0.707107 -0.000000
vn 0.773750 0.633491 -0.000000
vn 0.773750 0.633491 -0.000000
vn 0.832764 0.553629 -0.000000
vn 0.832764 0.553629 -0.000000
vn 0.883566 0.468308 -0.000000
vn 0.883566 0.468308 -0.000000
vn 0.925655 0.378368 -0.000000
vn 0.925655 0.378368 -0.000000
vn 0.958617 0.284698 -0.000000
vn 0.958617 0.284698 -0.000000
vn 0.982127 0.188221 -0.000000
vn 0.982127 0.188221 -0.000000
vn 0.995952 0.089888 -0.000000
vn 0.995952 0.089888 -0.000000
vn 0.989178 -0.146717 0.000000
vn 0.989178 -0.146717 0.000000
vn 0.926984 -0.375102 0.000000
vn 0.926984 -0.375102 0.000000
vn 0.812852 -0.582470 0.000000
vn 0.812852 -0.582470 0.000000
vn 0.653178 -0.757204 0.000000
vn 0.653178 -0.757204 0.000000
vn 0.456908 -0.889514 0.000000
vn 0.456908 -0.889514 0.000000
vn 0.235038 -0.971986 0.000000
vn 0.235038 -0.971986 0.000000
vn -0.000000 -1.000000 0.000000
vn -0.000000 -1.000000 0.000000
vn -0.000000 -1.000000 0.000000
vn -0.000000 -1.000000 0.000000
vn -0.222571 -0.974917 0.000000
vn -0.222571 -0.974917 0.000000
vn -0.433976 -0.900925 0.000000
vn -0.433976 -0.900925 0.000000
vn -0.623610 -0.781736 0.000000
vn -0.623610 -0.781736 0.000000
vn -0.781959 -0.623330 0.000000
vn -0.781959 -0.623330 0.000000
vn -0.901080 -0.433654 0.000000
vn -0.901080 -0.433654 0.000000
vn -0.000000 -0.000000 -1.000000
vn -0.000000 -0.000000 -1.000000
vn -0.000000 -0.000000 -1.000000
vn -0.000000 -0.000000 -1.000000
vn -0.000000 -0.000000 -1.000000
vn -0.000000 -0.000000 -1.000000
vn -0.000000 -0.000000 -1.000000
vn -0.000000 -0.000000 -1.000000
vn -0.000000 -0.000000 -1.000000
vn -0.000000 -0.000000 -1.000000
vn -0.000000 -0.000000 -1.000000
vn -0.000000 -0.000000 -1.000000
vn -0.000000 -0.000000 -1.000000
vn -0.000000 -0.000000 -1.000000
vn -0.000000 -0.000000 -1.000000
vn -0.000000 -0.000000 -1.000000
vn -0.000000 -0.000000 -1.000000
vn -0.000000 -0.000000 -1.000000
vn -0.000000 -0.000000 -1.000000
vn -0.000000 -0.000000 -1.000000
vn -0.000000 -0.000000 -1.000000
vn -0.000000 -0.000000 -1.000000
vn -0.000000 -0.000000 -1.000000
vn -0.000000 -0.000000 -1.000000
vn -0.000000 -0.000000 -1.000000
vn -0.000000 -0.000000 -1.000000
vn -0.000000 -0.000000 -1.000000
vn -0.000000 -0.000000 -1.000000
vn -0.000000 -0.000000 -1.000000
vn -0.000000 -0.000000 -1.000000
vn -0.000000 -0.000000 -1.000000
vn -0.000000 -0.000000 -1.000000
vn -0.000000 -0.000000 -1.000000
vn -0.000000 -0.000000 -1.000000
vn -0.000000 -0.000000 -1.000000
vn -0.000000 -0.000000 -1.000000
vn -0.000000 -0.000000 -1.000000
vn -0.000000 -0.000000 -1.000000
vn -0.000000 -0.000000 -1.000000
vn -0.000000 -0.000000 -1.000000
vn -0.000000 -0.000000 -1.000000
vn -0.000000 -0.000000 -1.000000
vn -0.000000 -0.000000 -1.000000
vn -0.000000 -0.000000 -1.000000
vn -0.000000 -0.000000 -1.000000
vn -0.000000 -0.000000 -1.000000
vn -0.000000 -0.000000 -1.000000
vn -0.000000 -0.000000 -1.000000
vn -0.000000 -0.000000 -1.000000
vn -0.000000 -0.000000 -1.000000
vn -0.000000 -0.000000 -1.000000
vn -0.000000 -0.000000 -1.000000
vn -0.000000 -0.000000 -1.000000
vn -0.000000 -0.000000 -1.000000
vn -0.000000 -0.000000 -1.000000
vn -0.000000 -0.000000 -1.000000
vn -0.000000 -0.000000 -1.000000
vn -0.000000 -0.000000 -1.000000
vn -0.000000 -0.000000 -1.000000
vn -0.000000 -0.000000 -1.000000
vn -0.000000 -0.000000 -1.000000
vn -0.000000 -0.000000 -1.000000
vn -0.000000 -0.000000 -1.000000
vn -0.000000 -0.000000 -1.000000
vn -0.000000 -0.000000 -1.000000
vn -0.000000 -0.000000 -1.000000
vn -0.000000 -0.000000 -1.000000
vn -0.000000 -0.000000 -1.000000
vn -0.000000 -0.000000 -1.000000
vn -0.000000 -0.000000 -1.000000
vn -0.000000 -0.000000 -1.000000
vn -0.000000 -0.000000 -1.000000
vn -0.000000 -0.000000 -1.000000
vn -0.000000 -0.000000 -1.000000
vn -0.000000 -0.000000 -1.000000
vn -0.000000 -0.000000 -1.000000
vn -0.000000 -0.000000 -1.000000
vn -0.000000 -0.000000 -1.000000
vn -0.000000 -0.000000 -1.000000
vn -0.000000 -0.000000 -1.000000
vn -0.000000 -0.000000 -1.000000
vn -0.000000 -0.000000 -1.000000
vn -0.000000 -0.000000 -1.000000
vn -0.000000 -0.000000 -1.000000
vn -0.000000 -0.000000 -1.000000
vn -0.000000 -0.000000 -1.000000
vn -0.000000 -0.000000 -1.000000
vn -0.000000 -0.000000 -1.000000
vn -0.000000 -0.000000 -1.000000
vn -0.000000 -0.000000 -1.000000
vn -0.000000 -0.000000 -1.000000
vn -0.000000 -0.000000 -1.000000
vn -0.000000 -0.000000 -1.000000
vn -0.000000 -0.000000 -1.000000
vn -0.000000 -0.000000 -1.000000
vn -0.000000 -0.000000 -1.000000
vn -0.000000 -0.000000 -1.000000
vn -0.000000 -0.000000 -1.000000
vn -0.000000 -0.000000 -1.000000
vn -0.000000 -0.000000 -1.000000
vn -0.000000 -0.000000 -1.000000
vn -0.000000 -0.000000 -1.000000
vn -0.000000 -0.000000 -1.000000
vn -0.000000 -0.000000 -1.000000
vn -0.000000 -0.000000 -1.000000
vn -0.000000 -0.000000 -1.000000
vn -0.000000 -0.000000 -1.000000
vn -0.000000 -0.000000 -1.000000
vn -0.000000 -0.000000 -1.000000
vn -0.000000 -0.000000 -1.000000
vn -0.000000 -0.000000 -1.000000
vn -0.000000 -0.000000 -1.000000
vn -0.000000 -0.000000 -1.000000
vn -0.000000 -0.000000 -1.000000
vn -0.000000 -0.000000 -1.000000
vn -0.000000 -0.000000 -1.000000
vn -0.000000 -0.000000 -1.000000
vn -0.000000 -0.000000 -1.000000
vn -0.000000 -0.000000 -1.000000
vn -0.000000 -0.000000 -1.000000
vn -0.000000 -0.000000 -1.000000
vn -0.000000 -0.000000 -1.000000
vn -0.000000 -0.000000 -1.000000
vn -0.000000 -0.000000 -1.000000
vn -0.000000 -0.000000 -1.000000
vn -0.000000 -0.000000 -1.000000
vn -0.000000 -0.000000 -1.000000
vn -0.000000 -0.000000 -1.000000
vn -0.000000 -0.000000 -1.000000
vn -0.000000 -0.000000 -1.000000
vn -0.000000 -0.000000 -1.000000
vn -0.000000 -0.000000 -1.000000
vn -0.000000 -0.000000 -1.000000
vn -0.000000 -0.000000 -1.000000
vn -0.000000 -0.000000 -1.000000
vn -0.000000 -0.000000 -1.000000
vn -0.000000 -0.000000 -1.000000
vn -0.000000 -0.000000 -1.000000
vn -0.000000 -0.000000 -1.000000
vn -0.000000 -0.000000 -1.000000
vn -0.000000 -0.000000 -1.000000
vn -0.000000 -0.000000 -1.000000
vn -0.000000 -0.000000 -1.000000
vn -0.000000 -0.000000 -1.000000
vn -0.000000 -0.000000 -1.000000
vn -0.000000 -0.000000 -1.000000
vn -0.000000 -0.000000 -1.000000
vn -0.000000 -0.000000 -1.000000
vn -0.000000 -0.000000 -1.000000
vn -0.000000 -0.000000 -1.000000
vn -0.000000 -0.000000 -1.000000
vn -0.000000 -0.000000 -1.000000
vn -0.000000 -0.000000 -1.000000
vn -0.000000 -0.000000 -1.000000
vn -0.000000 -0.000000 -1.000000
vn -0.000000 -0.000000 -1.000000
vn -0.000000 -0.000000 -1.000000
vn -0.000000 -0.000000 -1.000000
vn -0.000000 -0.000000 -1.000000
vn -0.000000 -0.000000 -1.000000
vn -0.000000 -0.000000 -1.000000
vn 0.378847 0.925459 -0.000000
vn 0.585097 0.810963 -0.000000
vn 0.758787 0.651339 -0.000000
vn 0.890252 0.455469 -0.000000
vn 0.972176 0.234252 -0.000000
vn 1.000000 -0.000000 -0.000000
vn 1.000000 0.000000 -0.000000
vn 0.973170 -0.230087 -0.000000
vn 0.894120 -0.447828 -0.000000
vn 0.767091 -0.641538 -0.000000
vn 0.598900 -0.800824 -0.000000
vn 0.398573 -0.917137 -0.000000
vn 0.176857 -0.984236 -0.000000
vn -0.054348 -0.998522 0.000000
vn -0.158140 -0.987417 0.000000
vn -0.260209 -0.965552 0.000000
vn -0.359443 -0.933167 0.000000
vn -0.454760 -0.890614 0.000000
vn -0.545122 -0.838357 0.000000
vn -0.629544 -0.776965 0.000000
vn -0.707107 -0.707107 0.000000
vn -0.776965 -0.629544 0.000000
vn -0.838357 -0.545122 0.000000
vn -0.890614 -0.454760 0.000000
vn -0.933167 -0.359443 0.000000
vn -0.965552 -0.260209 0.000000
vn -0.987417 -0.158140 0.000000
f 3414/4954/4384 3427/4955/4385 3413/4956/4386
f 3413/4956/4386 3427/4955/4385 3428/4957/4387
f 3413/4956/4386 3428/4957/4387 3429/4958/4388
f 3429/4958/4388 3428/4957/4387 3434/4959/4389
f 3429/4958/4388 3434/4959/4389 3435/4960/4390
f 3435/4960/4390 3434/4959/4389 3440/4961/4391
f 3435/4960/4390 3440/4961/4391 3441/4962/4392
f 3441/4962/4392 3440/4961/4391 3446/4963/4393
f 3441/4962/4392 3446/4963/4393 3422/4964/4394
f 3422/4964/4394 3446/4963/4393 3421/4965/4395
f 3421/4965/4395 3446/4963/4393 3451/4966/4396
f 3421/4965/4395 3451/4966/4396 3420/4967/4397
f 3420/4967/4397 3451/4966/4396 3450/4968/4398
f 3420/4967/4397 3450/4968/4398 3449/4969/4399
f 3449/4969/4399 3450/4968/4398 3444/4970/4400
f 3449/4969/4399 3444/4970/4400 3443/4971/4401
f 3443/4971/4401 3444/4970/4400 3438/4972/4402
f 3443/4971/4401 3438/4972/4402 3437/4973/4403
f 3437/4973/4403 3438/4972/4402 3432/4974/4404
f 3437/4973/4403 3432/4974/4404 3415/4975/4405
f 3415/4975/4405 3432/4974/4404 3414/4954/4384
f 3414/4954/4384 3432/4974/4404 3427/4955/4385
f 3415/4975/4405 3416/4976/4406 3437/4973/4403
f 3437/4973/4403 3416/4976/4406 3442/4977/4407
f 3437/4973/4403 3442/4977/4407 3443/4971/4401
f 3443/4971/4401 3442/4977/4407 3448/4978/4408
f 3443/4971/4401 3448/4978/4408 3449/4969/4399
f 3449/4969/4399 3448/4978/4408 3419/4979/4409
f 3449/4969/4399 3419/4979/4409 3420/4967/4397
f 3416/4976/4406 3417/4980/4410 3442/4977/4407
f 3442/4977/4407 3417/4980/4410 3447/4981/4411
f 3442/4977/4407 3447/4981/4411 3448/4978/4408
f 3448/4978/4408 3447/4981/4411 3419/4979/4409
f 3417/4980/4410 3418/4982/4412 3447/4981/4411
f 3447/4981/4411 3418/4982/4412 3419/4979/4409
f 3422/4964/4394 3423/4983/4413 3441/4962/4392
f 3441/4962/4392 3423/4983/4413 3436/4984/4414
f 3441/4962/4392 3436/4984/4414 3435/4960/4390
f 3435/4960/4390 3436/4984/4414 3430/4985/4415
f 3435/4960/4390 3430/4985/4415 3429/4958/4388
f 3429/4958/4388 3430/4985/4415 3426/4986/4416
f 3429/4958/4388 3426/4986/4416 3413/4956/4386
f 3423/4983/4413 3424/4987/4417 3436/4984/4414
f 3436/4984/4414 3424/4987/4417 3431/4988/4418
f 3436/4984/4414 3431/4988/4418 3430/4985/4415
f 3430/4985/4415 3431/4988/4418 3426/4986/4416
f 3424/4987/4417 3425/4989/4419 3431/4988/4418
f 3431/4988/4418 3425/4989/4419 3426/4986/4416
f 3428/4957/4387 3427/4955/4385 3433/4990/4420
f 3433/4990/4420 3427/4955/4385 3432/4974/4404
f 3433/4990/4420 3432/4974/4404 3438/4972/4402
f 3428/4957/4387 3433/4990/4420 3434/4959/4389
f 3434/4959/4389 3433/4990/4420 3439/4991/4421
f 3434/4959/4389 3439/4991/4421 3440/4961/4391
f 3440/4961/4391 3439/4991/4421 3445/4992/4422
f 3440/4961/4391 3445/4992/4422 3446/4963/4393
f 3446/4963/4393 3445/4992/4422 3451/4966/4396
f 3439/4991/4421 3433/4990/4420 3438/4972/4402
f 3445/4992/4422 3439/4991/4421 3444/4970/4400
f 3444/4970/4400 3439/4991/4421 3438/4972/4402
f 3451/4966/4396 3445/4992/4422 3450/4968/4398
f 3450/4968/4398 3445/4992/4422 3444/4970/4400
f 3426/4993/4416 3452/4994/4423 3490/4995/4424
f 3490/4995/4424 3452/4994/4423 3495/4996/4425
f 3490/4995/4424 3495/4996/4425 3489/4997/4426
f 3489/4997/4426 3495/4996/4425 3500/4998/4427
f 3489/4997/4426 3500/4998/4427 3488/4999/4428
f 3488/4999/4428 3500/4998/4427 3505/5000/4429
f 3488/4999/4428 3505/5000/4429 3487/5001/4430
f 3487/5001/4430 3505/5000/4429 3510/5002/4431
f 3487/5001/4430 3510/5002/4431 3486/5003/4432
f 3486/5003/4432 3510/5002/4431 3515/5004/4433
f 3486/5003/4432 3515/5004/4433 3485/5005/4434
f 3485/5005/4434 3515/5004/4433 3520/5006/4435
f 3485/5005/4434 3520/5006/4435 3484/5007/4436
f 3484/5007/4436 3520/5006/4435 3525/5008/4437
f 3484/5007/4436 3525/5008/4437 3483/5009/4438
f 3483/5009/4438 3525/5008/4437 3530/5010/4439
f 3483/5009/4438 3530/5010/4439 3482/5011/4440
f 3482/5011/4440 3530/5010/4439 3535/5012/4441
f 3482/5011/4440 3535/5012/4441 3481/5013/4442
f 3481/5013/4442 3535/5012/4441 3540/5014/4443
f 3481/5013/4442 3540/5014/4443 3480/5015/4444
f 3480/5015/4444 3540/5014/4443 3545/5016/4445
f 3480/5015/4444 3545/5016/4445 3479/5017/4446
f 3479/5017/4446 3545/5016/4445 3550/5018/4447
f 3479/5017/4446 3550/5018/4447 3478/5019/4448
f 3478/5019/4448 3550/5018/4447 3555/5020/4449
f 3478/5019/4448 3555/5020/4449 3477/5021/4450
f 3477/5021/4450 3555/5020/4449 3476/5022/4451
f 3476/5022/4451 3555/5020/4449 3554/5023/4452
f 3476/5022/4451 3554/5023/4452 3475/5024/4453
f 3475/5024/4453 3554/5023/4452 3553/5025/4454
f 3475/5024/4453 3553/5025/4454 3474/5026/4455
f 3474/5026/4455 3553/5025/4454 3552/5027/4456
f 3474/5026/4455 3552/5027/4456 3473/5028/4457
f 3473/5028/4457 3552/5027/4456 3551/5029/4458
f 3473/5028/4457 3551/5029/4458 3472/5030/4459
f 3472/5030/4459 3551/5029/4458 3470/5031/4460
f 3472/5030/4459 3470/5031/4460 3471/5032/4461
f 3452/4994/4423 3453/5033/4462 3495/4996/4425
f 3495/4996/4425 3453/5033/4462 3494/5034/4463
f 3495/4996/4425 3494/5034/4463 3500/4998/4427
f 3500/4998/4427 3494/5034/4463 3499/5035/4464
f 3500/4998/4427 3499/5035/4464 3505/5000/4429
f 3505/5000/4429 3499/5035/4464 3504/5036/4465
f 3505/5000/4429 3504/5036/4465 3510/5002/4431
f 3510/5002/4431 3504/5036/4465 3509/5037/4466
f 3510/5002/4431 3509/5037/4466 3515/5004/4433
f 3515/5004/4433 3509/5037/4466 3514/5038/4467
f 3515/5004/4433 3514/5038/4467 3520/5006/4435
f 3520/5006/4435 3514/5038/4467 3519/5039/4468
f 3520/5006/4435 3519/5039/4468 3525/5008/4437
f 3525/5008/4437 3519/5039/4468 3524/5040/4469
f 3525/5008/4437 3524/5040/4469 3530/5010/4439
f 3530/5010/4439 3524/5040/4469 3529/5041/4470
f 3530/5010/4439 3529/5041/4470 3535/5012/4441
f 3535/5012/4441 3529/5041/4470 3534/5042/4471
f 3535/5012/4441 3534/5042/4471 3540/5014/4443
f 3540/5014/4443 3534/5042/4471 3539/5043/4472
f 3540/5014/4443 3539/5043/4472 3545/5016/4445
f 3545/5016/4445 3539/5043/4472 3544/5044/4473
f 3545/5016/4445 3544/5044/4473 3550/5018/4447
f 3550/5018/4447 3544/5044/4473 3549/5045/4474
f 3550/5018/4447 3549/5045/4474 3555/5020/4449
f 3555/5020/4449 3549/5045/4474 3554/5023/4452
f 3453/5033/4462 3454/5046/4475 3494/5034/4463
f 3494/5034/4463 3454/5046/4475 3493/5047/4476
f 3494/5034/4463 3493/5047/4476 3499/5035/4464
f 3499/5035/4464 3493/5047/4476 3498/5048/4477
f 3499/5035/4464 3498/5048/4477 3504/5036/4465
f 3504/5036/4465 3498/5048/4477 3503/5049/4478
f 3504/5036/4465 3503/5049/4478 3509/5037/4466
f 3509/5037/4466 3503/5049/4478 3508/5050/4479
f 3509/5037/4466 3508/5050/4479 3514/5038/4467
f 3514/5038/4467 3508/5050/4479 3513/5051/4480
f 3514/5038/4467 3513/5051/4480 3519/5039/4468
f 3519/5039/4468 3513/5051/4480 3518/5052/4481
f 3519/5039/4468 3518/5052/4481 3524/5040/4469
f 3524/5040/4469 3518/5052/4481 3523/5053/4482
f 3524/5040/4469 3523/5053/4482 3529/5041/4470
f 3529/5041/4470 3523/5053/4482 3528/5054/4483
f 3529/5041/4470 3528/5054/4483 3534/5042/4471
f 3534/5042/4471 3528/5054/4483 3533/5055/4484
f 3534/5042/4471 3533/5055/4484 3539/5043/4472
f 3539/5043/4472 3533/5055/4484 3538/5056/4485
f 3539/5043/4472 3538/5056/4485 3544/5044/4473
f 3544/5044/4473 3538/5056/4485 3543/5057/4486
f 3544/5044/4473 3543/5057/4486 3549/5045/4474
f 3549/5045/4474 3543/5057/4486 3548/5058/4487
f 3549/5045/4474 3548/5058/4487 3554/5023/4452
f 3554/5023/4452 3548/5058/4487 3553/5025/4454
f 3454/5046/4475 3455/5059/4488 3493/5047/4476
f 3493/5047/4476 3455/5059/4488 3492/5060/4489
f 3493/5047/4476 3492/5060/4489 3498/5048/4477
f 3498/5048/4477 3492/5060/4489 3497/5061/4490
f 3498/5048/4477 3497/5061/4490 3503/5049/4478
f 3503/5049/4478 3497/5061/4490 3502/5062/4491
f 3503/5049/4478 3502/5062/4491 3508/5050/4479
f 3508/5050/4479 3502/5062/4491 3507/5063/4492
f 3508/5050/4479 3507/5063/4492 3513/5051/4480
f 3513/5051/4480 3507/5063/4492 3512/5064/4493
f 3513/5051/4480 3512/5064/4493 3518/5052/4481
f 3518/5052/4481 3512/5064/4493 3517/5065/4494
f 3518/5052/4481 3517/5065/4494 3523/5053/4482
f 3523/5053/4482 3517/5065/4494 3522/5066/4495
f 3523/5053/4482 3522/5066/4495 3528/5054/4483
f 3528/5054/4483 3522/5066/4495 3527/5067/4496
f 3528/5054/4483 3527/5067/4496 3533/5055/4484
f 3533/5055/4484 3527/5067/4496 3532/5068/4497
f 3533/5055/4484 3532/5068/4497 3538/5056/4485
f 3538/5056/4485 3532/5068/4497 3537/5069/4498
f 3538/5056/4485 3537/5069/4498 3543/5057/4486
f 3543/5057/4486 3537/5069/4498 3542/5070/4499
f 3543/5057/4486 3542/5070/4499 3548/5058/4487
f 3548/5058/4487 3542/5070/4499 3547/5071/4500
f 3548/5058/4487 3547/5071/4500 3553/5025/4454
f 3553/5025/4454 3547/5071/4500 3552/5027/4456
f 3455/5059/4488 3456/5072/4501 3492/5060/4489
f 3492/5060/4489 3456/5072/4501 3491/5073/4502
f 3492/5060/4489 3491/5073/4502 3497/5061/4490
f 3497/5061/4490 3491/5073/4502 3496/5074/4503
f 3497/5061/4490 3496/5074/4503 3502/5062/4491
f 3502/5062/4491 3496/5074/4503 3501/5075/4504
f 3502/5062/4491 3501/5075/4504 3507/5063/4492
f 3507/5063/4492 3501/5075/4504 3506/5076/4505
f 3507/5063/4492 3506/5076/4505 3512/5064/4493
f 3512/5064/4493 3506/5076/4505 3511/5077/4506
f 3512/5064/4493 3511/5077/4506 3517/5065/4494
f 3517/5065/4494 3511/5077/4506 3516/5078/4507
f 3517/5065/4494 3516/5078/4507 3522/5066/4495
f 3522/5066/4495 3516/5078/4507 3521/5079/4508
f 3522/5066/4495 3521/5079/4508 3527/5067/4496
f 3527/5067/4496 3521/5079/4508 3526/5080/4509
f 3527/5067/4496 3526/5080/4509 3532/5068/4497
f 3532/5068/4497 3526/5080/4509 3531/5081/4510
f 3532/5068/4497 3531/5081/4510 3537/5069/4498
f 3537/5069/4498 3531/5081/4510 3536/5082/4511
f 3537/5069/4498 3536/5082/4511 3542/5070/4499
f 3542/5070/4499 3536/5082/4511 3541/5083/4512
f 3542/5070/4499 3541/5083/4512 3547/5071/4500
f 3547/5071/4500 3541/5083/4512 3546/5084/4513
f 3547/5071/4500 3546/5084/4513 3552/5027/4456
f 3552/5027/4456 3546/5084/4513 3551/5029/4458
f 3456/5072/4501 3457/5085/4514 3491/5073/4502
f 3491/5073/4502 3457/5085/4514 3458/5086/4515
f 3491/5073/4502 3458/5086/4515 3496/5074/4503
f 3496/5074/4503 3458/5086/4515 3459/5087/4516
f 3496/5074/4503 3459/5087/4516 3501/5075/4504
f 3501/5075/4504 3459/5087/4516 3460/5088/4517
f 3501/5075/4504 3460/5088/4517 3506/5076/4505
f 3506/5076/4505 3460/5088/4517 3461/5089/4518
f 3506/5076/4505 3461/5089/4518 3511/5077/4506
f 3511/5077/4506 3461/5089/4518 3462/5090/4519
f 3511/5077/4506 3462/5090/4519 3516/5078/4507
f 3516/5078/4507 3462/5090/4519 3463/5091/4520
f 3516/5078/4507 3463/5091/4520 3521/5079/4508
f 3521/5079/4508 3463/5091/4520 3464/5092/4521
f 3521/5079/4508 3464/5092/4521 3526/5080/4509
f 3526/5080/4509 3464/5092/4521 3465/5093/4522
f 3526/5080/4509 3465/5093/4522 3531/5081/4510
f 3531/5081/4510 3465/5093/4522 3466/5094/4523
f 3531/5081/4510 3466/5094/4523 3536/5082/4511
f 3536/5082/4511 3466/5094/4523 3467/5095/4524
f 3536/5082/4511 3467/5095/4524 3541/5083/4512
f 3541/5083/4512 3467/5095/4524 3468/5096/4525
f 3541/5083/4512 3468/5096/4525 3546/5084/4513
f 3546/5084/4513 3468/5096/4525 3469/5097/4526
f 3546/5084/4513 3469/5097/4526 3551/5029/4458
f 3551/5029/4458 3469/5097/4526 3470/5031/4460
f 3561/5098/4527 3457/5099/4514 3562/5100/4528
f 3562/5100/4528 3457/5099/4514 3456/5101/4501
f 3562/5100/4528 3456/5101/4501 3565/5102/4529
f 3565/5102/4529 3456/5101/4501 3455/5103/4488
f 3565/5102/4529 3455/5103/4488 3570/5104/4530
f 3570/5104/4530 3455/5103/4488 3454/5105/4475
f 3570/5104/4530 3454/5105/4475 3576/5106/4531
f 3576/5106/4531 3454/5105/4475 3453/5107/4462
f 3576/5106/4531 3453/5107/4462 3582/5108/4532
f 3582/5108/4532 3453/5107/4462 3452/5109/4423
f 3582/5108/4532 3452/5109/4423 3587/5110/4533
f 3587/5110/4533 3452/5109/4423 3426/5111/4416
f 3587/5110/4533 3426/5111/4416 3425/5112/4419
f 3587/5110/4533 3425/5112/4419 3588/5113/4534
f 3588/5113/4534 3425/5112/4419 3424/5114/4417
f 3588/5113/4534 3424/5114/4417 3589/5115/4535
f 3589/5115/4535 3424/5114/4417 3423/5116/4413
f 3589/5115/4535 3423/5116/4413 3584/5117/4536
f 3584/5117/4536 3423/5116/4413 3585/5118/4537
f 3584/5117/4536 3585/5118/4537 3578/5119/4538
f 3578/5119/4538 3585/5118/4537 3579/5120/4539
f 3578/5119/4538 3579/5120/4539 3572/5121/4540
f 3572/5121/4540 3579/5120/4539 3573/5122/4541
f 3572/5121/4540 3573/5122/4541 3568/5123/4542
f 3568/5123/4542 3573/5122/4541 3569/5124/4543
f 3568/5123/4542 3569/5124/4543 3558/5125/4544
f 3558/5125/4544 3569/5124/4543 3557/5126/4545
f 3557/5126/4545 3569/5124/4543 3574/5127/4546
f 3557/5126/4545 3574/5127/4546 3575/5128/4547
f 3575/5128/4547 3574/5127/4546 3581/5129/4548
f 3575/5128/4547 3581/5129/4548 3420/5130/4397
f 3420/5130/4397 3581/5129/4548 3421/5131/4395
f 3421/5131/4395 3581/5129/4548 3580/5132/4549
f 3421/5131/4395 3580/5132/4549 3586/5133/4550
f 3586/5133/4550 3580/5132/4549 3579/5120/4539
f 3586/5133/4550 3579/5120/4539 3585/5118/4537
f 3423/5116/4413 3422/5134/4394 3585/5118/4537
f 3585/5118/4537 3422/5134/4394 3586/5133/4550
f 3422/5134/4394 3421/5131/4395 3586/5133/4550
f 3420/5130/4397 3556/5135/4551 3575/5128/4547
f 3575/5128/4547 3556/5135/4551 3557/5126/4545
f 3558/5125/4544 3559/5136/4552 3568/5123/4542
f 3568/5123/4542 3559/5136/4552 3567/5137/4553
f 3568/5123/4542 3567/5137/4553 3572/5121/4540
f 3572/5121/4540 3567/5137/4553 3571/5138/4554
f 3572/5121/4540 3571/5138/4554 3578/5119/4538
f 3578/5119/4538 3571/5138/4554 3577/5139/4555
f 3578/5119/4538 3577/5139/4555 3584/5117/4536
f 3584/5117/4536 3577/5139/4555 3583/5140/4556
f 3584/5117/4536 3583/5140/4556 3589/5115/4535
f 3589/5115/4535 3583/5140/4556 3588/5113/4534
f 3567/5137/4553 3559/5136/4552 3564/5141/4557
f 3564/5141/4557 3559/5136/4552 3560/5142/4558
f 3564/5141/4557 3560/5142/4558 3563/5143/4559
f 3563/5143/4559 3560/5142/4558 3561/5098/4527
f 3563/5143/4559 3561/5098/4527 3562/5100/4528
f 3562/5100/4528 3565/5102/4529 3563/5143/4559
f 3563/5143/4559 3565/5102/4529 3566/5144/4560
f 3563/5143/4559 3566/5144/4560 3564/5141/4557
f 3564/5141/4557 3566/5144/4560 3567/5137/4553
f 3571/5138/4554 3567/5137/4553 3566/5144/4560
f 3571/5138/4554 3566/5144/4560 3570/5104/4530
f 3570/5104/4530 3566/5144/4560 3565/5102/4529
f 3574/5127/4546 3569/5124/4543 3573/5122/4541
f 3577/5139/4555 3571/5138/4554 3570/5104/4530
f 3579/5120/4539 3580/5132/4549 3573/5122/4541
f 3573/5122/4541 3580/5132/4549 3574/5127/4546
f 3580/5132/4549 3581/5129/4548 3574/5127/4546
f 3583/5140/4556 3577/5139/4555 3576/5106/4531
f 3576/5106/4531 3577/5139/4555 3570/5104/4530
f 3588/5113/4534 3583/5140/4556 3582/5108/4532
f 3582/5108/4532 3583/5140/4556 3576/5106/4531
f 3587/5110/4533 3588/5113/4534 3582/5108/4532
f 3590/5145/4561 3603/5146/4562 3477/5147/4450
f 3477/5147/4450 3603/5146/4562 3604/5148/4563
f 3477/5147/4450 3604/5148/4563 3605/5149/4564
f 3605/5149/4564 3604/5148/4563 3610/5150/4565
f 3605/5149/4564 3610/5150/4565 3611/5151/4566
f 3611/5151/4566 3610/5150/4565 3616/5152/4567
f 3611/5151/4566 3616/5152/4567 3617/5153/4568
f 3617/5153/4568 3616/5152/4567 3622/5154/4569
f 3617/5153/4568 3622/5154/4569 3598/5155/4570
f 3598/5155/4570 3622/5154/4569 3597/5156/4571
f 3597/5156/4571 3622/5154/4569 3627/5157/4572
f 3597/5156/4571 3627/5157/4572 3596/5158/4573
f 3596/5158/4573 3627/5157/4572 3626/5159/4574
f 3596/5158/4573 3626/5159/4574 3625/5160/4575
f 3625/5160/4575 3626/5159/4574 3620/5161/4576
f 3625/5160/4575 3620/5161/4576 3619/5162/4577
f 3619/5162/4577 3620/5161/4576 3614/5163/4578
f 3619/5162/4577 3614/5163/4578 3613/5164/4579
f 3613/5164/4579 3614/5163/4578 3608/5165/4580
f 3613/5164/4579 3608/5165/4580 3591/5166/4581
f 3591/5166/4581 3608/5165/4580 3590/5145/4561
f 3590/5145/4561 3608/5165/4580 3603/5146/4562
f 3591/5166/4581 3592/5167/4582 3613/5164/4579
f 3613/5164/4579 3592/5167/4582 3618/5168/4583
f 3613/5164/4579 3618/5168/4583 3619/5162/4577
f 3619/5162/4577 3618/5168/4583 3624/5169/4584
f 3619/5162/4577 3624/5169/4584 3625/5160/4575
f 3625/5160/4575 3624/5169/4584 3595/5170/4585
f 3625/5160/4575 3595/5170/4585 3596/5158/4573
f 3592/5167/4582 3593/5171/4586 3618/5168/4583
f 3618/5168/4583 3593/5171/4586 3623/5172/4587
f 3618/5168/4583 3623/5172/4587 3624/5169/4584
f 3624/5169/4584 3623/5172/4587 3595/5170/4585
f 3593/5171/4586 3594/5173/4588 3623/5172/4587
f 3623/5172/4587 3594/5173/4588 3595/5170/4585
f 3598/5155/4570 3599/5174/4589 3617/5153/4568
f 3617/5153/4568 3599/5174/4589 3612/5175/4590
f 3617/5153/4568 3612/5175/4590 3611/5151/4566
f 3611/5151/4566 3612/5175/4590 3606/5176/4591
f 3611/5151/4566 3606/5176/4591 3605/5149/4564
f 3605/5149/4564 3606/5176/4591 3602/5177/4592
f 3605/5149/4564 3602/5177/4592 3477/5147/4450
f 3599/5174/4589 3600/5178/4593 3612/5175/4590
f 3612/5175/4590 3600/5178/4593 3607/5179/4594
f 3612/5175/4590 3607/5179/4594 3606/5176/4591
f 3606/5176/4591 3607/5179/4594 3602/5177/4592
f 3600/5178/4593 3601/5180/4595 3607/5179/4594
f 3607/5179/4594 3601/5180/4595 3602/5177/4592
f 3604/5148/4563 3603/5146/4562 3609/5181/4596
f 3609/5181/4596 3603/5146/4562 3608/5165/4580
f 3609/5181/4596 3608/5165/4580 3614/5163/4578
f 3604/5148/4563 3609/5181/4596 3610/5150/4565
f 3610/5150/4565 3609/5181/4596 3615/5182/4597
f 3610/5150/4565 3615/5182/4597 3616/5152/4567
f 3616/5152/4567 3615/5182/4597 3621/5183/4598
f 3616/5152/4567 3621/5183/4598 3622/5154/4569
f 3622/5154/4569 3621/5183/4598 3627/5157/4572
f 3615/5182/4597 3609/5181/4596 3614/5163/4578
f 3621/5183/4598 3615/5182/4597 3620/5161/4576
f 3620/5161/4576 3615/5182/4597 3614/5163/4578
f 3627/5157/4572 3621/5183/4598 3626/5159/4574
f 3626/5159/4574 3621/5183/4598 3620/5161/4576
f 3633/5184/4599 3595/5185/4585 3634/5186/4600
f 3634/5186/4600 3595/5185/4585 3594/5187/4588
f 3634/5186/4600 3594/5187/4588 3637/5188/4601
f 3637/5188/4601 3594/5187/4588 3593/5189/4586
f 3637/5188/4601 3593/5189/4586 3642/5190/4602
f 3642/5190/4602 3593/5189/4586 3592/5191/4582
f 3642/5190/4602 3592/5191/4582 3648/5192/4603
f 3648/5192/4603 3592/5191/4582 3591/5193/4581
f 3648/5192/4603 3591/5193/4581 3654/5194/4604
f 3654/5194/4604 3591/5193/4581 3590/5195/4561
f 3654/5194/4604 3590/5195/4561 3659/5196/4605
f 3659/5196/4605 3590/5195/4561 3477/5197/4450
f 3659/5196/4605 3477/5197/4450 3476/5198/4451
f 3659/5196/4605 3476/5198/4451 3660/5199/4606
f 3660/5199/4606 3476/5198/4451 3475/5200/4453
f 3660/5199/4606 3475/5200/4453 3661/5201/4607
f 3661/5201/4607 3475/5200/4453 3474/5202/4455
f 3661/5201/4607 3474/5202/4455 3656/5203/4608
f 3656/5203/4608 3474/5202/4455 3657/5204/4609
f 3656/5203/4608 3657/5204/4609 3650/5205/4610
f 3650/5205/4610 3657/5204/4609 3651/5206/4611
f 3650/5205/4610 3651/5206/4611 3644/5207/4612
f 3644/5207/4612 3651/5206/4611 3645/5208/4613
f 3644/5207/4612 3645/5208/4613 3639/5209/4614
f 3639/5209/4614 3645/5208/4613 3640/5210/4615
f 3639/5209/4614 3640/5210/4615 3631/5211/4616
f 3631/5211/4616 3640/5210/4615 3630/5212/4617
f 3630/5212/4617 3640/5210/4615 3641/5213/4618
f 3630/5212/4617 3641/5213/4618 3629/5214/4619
f 3629/5214/4619 3641/5213/4618 3646/5215/4620
f 3629/5214/4619 3646/5215/4620 3647/5216/4621
f 3647/5216/4621 3646/5215/4620 3653/5217/4622
f 3647/5216/4621 3653/5217/4622 3628/5218/4623
f 3628/5218/4623 3653/5217/4622 3471/5219/4461
f 3471/5219/4461 3653/5217/4622 3472/5220/4459
f 3472/5220/4459 3653/5217/4622 3652/5221/4624
f 3472/5220/4459 3652/5221/4624 3658/5222/4625
f 3658/5222/4625 3652/5221/4624 3651/5206/4611
f 3658/5222/4625 3651/5206/4611 3657/5204/4609
f 3474/5202/4455 3473/5223/4457 3657/5204/4609
f 3657/5204/4609 3473/5223/4457 3658/5222/4625
f 3473/5223/4457 3472/5220/4459 3658/5222/4625
f 3628/5218/4623 3629/5214/4619 3647/5216/4621
f 3639/5209/4614 3631/5211/4616 3636/5224/4626
f 3636/5224/4626 3631/5211/4616 3632/5225/4627
f 3636/5224/4626 3632/5225/4627 3635/5226/4628
f 3635/5226/4628 3632/5225/4627 3633/5184/4599
f 3635/5226/4628 3633/5184/4599 3634/5186/4600
f 3639/5209/4614 3636/5224/4626 3635/5226/4628
f 3635/5226/4628 3634/5186/4600 3638/5227/4629
f 3638/5227/4629 3634/5186/4600 3637/5188/4601
f 3638/5227/4629 3637/5188/4601 3643/5228/4630
f 3643/5228/4630 3637/5188/4601 3642/5190/4602
f 3643/5228/4630 3642/5190/4602 3649/5229/4631
f 3649/5229/4631 3642/5190/4602 3648/5192/4603
f 3649/5229/4631 3648/5192/4603 3655/5230/4632
f 3655/5230/4632 3648/5192/4603 3654/5194/4604
f 3655/5230/4632 3654/5194/4604 3660/5199/4606
f 3660/5199/4606 3654/5194/4604 3659/5196/4605
f 3644/5207/4612 3639/5209/4614 3638/5227/4629
f 3638/5227/4629 3639/5209/4614 3635/5226/4628
f 3644/5207/4612 3638/5227/4629 3643/5228/4630
f 3646/5215/4620 3641/5213/4618 3640/5210/4615
f 3646/5215/4620 3640/5210/4615 3645/5208/4613
f 3650/5205/4610 3644/5207/4612 3643/5228/4630
f 3650/5205/4610 3643/5228/4630 3649/5229/4631
f 3651/5206/4611 3652/5221/4624 3645/5208/4613
f 3645/5208/4613 3652/5221/4624 3646/5215/4620
f 3652/5221/4624 3653/5217/4622 3646/5215/4620
f 3656/5203/4608 3650/5205/4610 3649/5229/4631
f 3656/5203/4608 3649/5229/4631 3655/5230/4632
f 3661/5201/4607 3656/5203/4608 3655/5230/4632
f 3661/5201/4607 3655/5230/4632 3660/5199/4606
f 3602/5231/4592 3662/5232/4633 3686/5233/4634
f 3686/5233/4634 3662/5232/4633 3691/5234/4635
f 3686/5233/4634 3691/5234/4635 3685/5235/4636
f 3685/5235/4636 3691/5234/4635 3696/5236/4637
f 3685/5235/4636 3696/5236/4637 3684/5237/4638
f 3684/5237/4638 3696/5236/4637 3701/5238/4639
f 3684/5237/4638 3701/5238/4639 3683/5239/4640
f 3683/5239/4640 3701/5238/4639 3706/5240/4641
f 3683/5239/4640 3706/5240/4641 3682/5241/4642
f 3682/5241/4642 3706/5240/4641 3711/5242/4643
f 3682/5241/4642 3711/5242/4643 3681/5243/4644
f 3681/5243/4644 3711/5242/4643 3716/5244/4645
f 3681/5243/4644 3716/5244/4645 3680/5245/4646
f 3680/5245/4646 3716/5244/4645 3721/5246/4647
f 3680/5245/4646 3721/5246/4647 3413/5247/4386
f 3413/5247/4386 3721/5246/4647 3679/5248/4648
f 3679/5248/4648 3721/5246/4647 3720/5249/4649
f 3679/5248/4648 3720/5249/4649 3678/5250/4650
f 3678/5250/4650 3720/5249/4649 3719/5251/4651
f 3678/5250/4650 3719/5251/4651 3677/5252/4652
f 3677/5252/4652 3719/5251/4651 3718/5253/4653
f 3677/5252/4652 3718/5253/4653 3676/5254/4654
f 3676/5254/4654 3718/5253/4653 3717/5255/4655
f 3676/5254/4654 3717/5255/4655 3675/5256/4656
f 3675/5256/4656 3717/5255/4655 3674/5257/4657
f 3674/5257/4657 3717/5255/4655 3673/5258/4658
f 3673/5258/4658 3717/5255/4655 3712/5259/4659
f 3673/5258/4658 3712/5259/4659 3672/5260/4660
f 3672/5260/4660 3712/5259/4659 3707/5261/4661
f 3672/5260/4660 3707/5261/4661 3671/5262/4662
f 3671/5262/4662 3707/5261/4661 3702/5263/4663
f 3671/5262/4662 3702/5263/4663 3670/5264/4664
f 3670/5264/4664 3702/5263/4663 3697/5265/4665
f 3670/5264/4664 3697/5265/4665 3669/5266/4666
f 3669/5266/4666 3697/5265/4665 3692/5267/4667
f 3669/5266/4666 3692/5267/4667 3668/5268/4668
f 3668/5268/4668 3692/5267/4667 3687/5269/4669
f 3668/5268/4668 3687/5269/4669 3667/5270/4670
f 3667/5270/4670 3687/5269/4669 3666/5271/4671
f 3666/5271/4671 3687/5269/4669 3688/5272/4672
f 3666/5271/4671 3688/5272/4672 3665/5273/4673
f 3665/5273/4673 3688/5272/4672 3689/5274/4674
f 3665/5273/4673 3689/5274/4674 3664/5275/4675
f 3664/5275/4675 3689/5274/4674 3690/5276/4676
f 3664/5275/4675 3690/5276/4676 3663/5277/4677
f 3663/5277/4677 3690/5276/4676 3691/5234/4635
f 3663/5277/4677 3691/5234/4635 3662/5232/4633
f 3688/5272/4672 3687/5269/4669 3693/5278/4678
f 3693/5278/4678 3687/5269/4669 3692/5267/4667
f 3693/5278/4678 3692/5267/4667 3698/5279/4679
f 3698/5279/4679 3692/5267/4667 3697/5265/4665
f 3698/5279/4679 3697/5265/4665 3703/5280/4680
f 3703/5280/4680 3697/5265/4665 3702/5263/4663
f 3703/5280/4680 3702/5263/4663 3708/5281/4681
f 3708/5281/4681 3702/5263/4663 3707/5261/4661
f 3708/5281/4681 3707/5261/4661 3713/5282/4682
f 3713/5282/4682 3707/5261/4661 3712/5259/4659
f 3713/5282/4682 3712/5259/4659 3718/5253/4653
f 3718/5253/4653 3712/5259/4659 3717/5255/4655
f 3689/5274/4674 3688/5272/4672 3694/5283/4683
f 3694/5283/4683 3688/5272/4672 3693/5278/4678
f 3694/5283/4683 3693/5278/4678 3699/5284/4684
f 3699/5284/4684 3693/5278/4678 3698/5279/4679
f 3699/5284/4684 3698/5279/4679 3704/5285/4685
f 3704/5285/4685 3698/5279/4679 3703/5280/4680
f 3704/5285/4685 3703/5280/4680 3709/5286/4686
f 3709/5286/4686 3703/5280/4680 3708/5281/4681
f 3709/5286/4686 3708/5281/4681 3714/5287/4687
f 3714/5287/4687 3708/5281/4681 3713/5282/4682
f 3714/5287/4687 3713/5282/4682 3719/5251/4651
f 3719/5251/4651 3713/5282/4682 3718/5253/4653
f 3696/5236/4637 3691/5234/4635 3690/5276/4676
f 3690/5276/4676 3689/5274/4674 3695/5288/4688
f 3695/5288/4688 3689/5274/4674 3694/5283/4683
f 3695/5288/4688 3694/5283/4683 3700/5289/4689
f 3700/5289/4689 3694/5283/4683 3699/5284/4684
f 3700/5289/4689 3699/5284/4684 3705/5290/4690
f 3705/5290/4690 3699/5284/4684 3704/5285/4685
f 3705/5290/4690 3704/5285/4685 3710/5291/4691
f 3710/5291/4691 3704/5285/4685 3709/5286/4686
f 3710/5291/4691 3709/5286/4686 3715/5292/4692
f 3715/5292/4692 3709/5286/4686 3714/5287/4687
f 3715/5292/4692 3714/5287/4687 3720/5249/4649
f 3720/5249/4649 3714/5287/4687 3719/5251/4651
f 3701/5238/4639 3696/5236/4637 3695/5288/4688
f 3695/5288/4688 3696/5236/4637 3690/5276/4676
f 3701/5238/4639 3695/5288/4688 3700/5289/4689
f 3706/5240/4641 3701/5238/4639 3700/5289/4689
f 3706/5240/4641 3700/5289/4689 3705/5290/4690
f 3711/5242/4643 3706/5240/4641 3705/5290/4690
f 3711/5242/4643 3705/5290/4690 3710/5291/4691
f 3716/5244/4645 3711/5242/4643 3710/5291/4691
f 3716/5244/4645 3710/5291/4691 3715/5292/4692
f 3721/5246/4647 3716/5244/4645 3715/5292/4692
f 3721/5246/4647 3715/5292/4692 3720/5249/4649
f 3726/5293/4693 3667/5294/4670 3729/5295/4694
f 3729/5295/4694 3667/5294/4670 3666/5296/4671
f 3729/5295/4694 3666/5296/4671 3728/5297/4695
f 3728/5297/4695 3666/5296/4671 3665/5298/4673
f 3728/5297/4695 3665/5298/4673 3732/5299/4696
f 3732/5299/4696 3665/5298/4673 3731/5300/4697
f 3732/5299/4696 3731/5300/4697 3737/5301/4698
f 3737/5301/4698 3731/5300/4697 3736/5302/4699
f 3737/5301/4698 3736/5302/4699 3742/5303/4700
f 3742/5303/4700 3736/5302/4699 3741/5304/4701
f 3742/5303/4700 3741/5304/4701 3746/5305/4702
f 3746/5305/4702 3741/5304/4701 3745/5306/4703
f 3746/5305/4702 3745/5306/4703 3598/5307/4570
f 3598/5307/4570 3745/5306/4703 3599/5308/4589
f 3599/5308/4589 3745/5306/4703 3744/5309/4704
f 3599/5308/4589 3744/5309/4704 3600/5310/4593
f 3600/5310/4593 3744/5309/4704 3740/5311/4705
f 3600/5310/4593 3740/5311/4705 3739/5312/4706
f 3739/5312/4706 3740/5311/4705 3734/5313/4707
f 3739/5312/4706 3734/5313/4707 3602/5314/4592
f 3602/5314/4592 3734/5313/4707 3662/5315/4633
f 3662/5315/4633 3734/5313/4707 3730/5316/4708
f 3662/5315/4633 3730/5316/4708 3663/5317/4677
f 3663/5317/4677 3730/5316/4708 3664/5318/4675
f 3664/5318/4675 3730/5316/4708 3731/5300/4697
f 3664/5318/4675 3731/5300/4697 3665/5298/4673
f 3602/5314/4592 3601/5319/4595 3739/5312/4706
f 3739/5312/4706 3601/5319/4595 3600/5310/4593
f 3746/5305/4702 3598/5307/4570 3748/5320/4709
f 3748/5320/4709 3598/5307/4570 3597/5321/4571
f 3748/5320/4709 3597/5321/4571 3727/5322/4710
f 3727/5322/4710 3597/5321/4571 3596/5323/4573
f 3727/5322/4710 3596/5323/4573 3722/5324/4711
f 3727/5322/4710 3722/5324/4711 3747/5325/4712
f 3747/5325/4712 3722/5324/4711 3723/5326/4713
f 3747/5325/4712 3723/5326/4713 3743/5327/4714
f 3743/5327/4714 3723/5326/4713 3724/5328/4715
f 3743/5327/4714 3724/5328/4715 3738/5329/4716
f 3738/5329/4716 3724/5328/4715 3725/5330/4717
f 3738/5329/4716 3725/5330/4717 3733/5331/4718
f 3733/5331/4718 3725/5330/4717 3726/5293/4693
f 3733/5331/4718 3726/5293/4693 3729/5295/4694
f 3733/5331/4718 3729/5295/4694 3728/5297/4695
f 3736/5302/4699 3731/5300/4697 3730/5316/4708
f 3738/5329/4716 3733/5331/4718 3732/5299/4696
f 3732/5299/4696 3733/5331/4718 3728/5297/4695
f 3738/5329/4716 3732/5299/4696 3737/5301/4698
f 3736/5302/4699 3730/5316/4708 3735/5332/4719
f 3735/5332/4719 3730/5316/4708 3734/5313/4707
f 3735/5332/4719 3734/5313/4707 3740/5311/4705
f 3741/5304/4701 3736/5302/4699 3735/5332/4719
f 3741/5304/4701 3735/5332/4719 3740/5311/4705
f 3743/5327/4714 3738/5329/4716 3737/5301/4698
f 3743/5327/4714 3737/5301/4698 3742/5303/4700
f 3745/5306/4703 3741/5304/4701 3740/5311/4705
f 3744/5309/4704 3745/5306/4703 3740/5311/4705
f 3747/5325/4712 3743/5327/4714 3742/5303/4700
f 3747/5325/4712 3742/5303/4700 3746/5305/4702
f 3727/5322/4710 3747/5325/4712 3746/5305/4702
f 3748/5320/4709 3727/5322/4710 3746/5305/4702
f 3753/5333/4720 3419/5334/4409 3754/5335/4721
f 3754/5335/4721 3419/5334/4409 3418/5336/4412
f 3754/5335/4721 3418/5336/4412 3757/5337/4722
f 3757/5337/4722 3418/5336/4412 3417/5338/4410
f 3757/5337/4722 3417/5338/4410 3762/5339/4723
f 3762/5339/4723 3417/5338/4410 3416/5340/4406
f 3762/5339/4723 3416/5340/4406 3767/5341/4724
f 3767/5341/4724 3416/5340/4406 3415/5342/4405
f 3767/5341/4724 3415/5342/4405 3772/5343/4725
f 3772/5343/4725 3415/5342/4405 3414/5344/4384
f 3772/5343/4725 3414/5344/4384 3775/5345/4726
f 3775/5345/4726 3414/5344/4384 3413/5346/4386
f 3775/5345/4726 3413/5346/4386 3679/5347/4648
f 3775/5345/4726 3679/5347/4648 3776/5348/4727
f 3776/5348/4727 3679/5347/4648 3678/5349/4650
f 3776/5348/4727 3678/5349/4650 3773/5350/4728
f 3773/5350/4728 3678/5349/4650 3774/5351/4729
f 3773/5350/4728 3774/5351/4729 3768/5352/4730
f 3768/5352/4730 3774/5351/4729 3769/5353/4731
f 3768/5352/4730 3769/5353/4731 3763/5354/4732
f 3763/5354/4732 3769/5353/4731 3764/5355/4733
f 3763/5354/4732 3764/5355/4733 3758/5356/4734
f 3758/5356/4734 3764/5355/4733 3759/5357/4735
f 3758/5356/4734 3759/5357/4735 3755/5358/4736
f 3755/5358/4736 3759/5357/4735 3756/5359/4737
f 3755/5358/4736 3756/5359/4737 3752/5360/4738
f 3752/5360/4738 3756/5359/4737 3751/5361/4739
f 3751/5361/4739 3756/5359/4737 3759/5357/4735
f 3751/5361/4739 3759/5357/4735 3760/5362/4740
f 3760/5362/4740 3759/5357/4735 3765/5363/4741
f 3760/5362/4740 3765/5363/4741 3766/5364/4742
f 3766/5364/4742 3765/5363/4741 3771/5365/4743
f 3766/5364/4742 3771/5365/4743 3675/5366/4656
f 3675/5366/4656 3771/5365/4743 3676/5367/4654
f 3676/5367/4654 3771/5365/4743 3770/5368/4744
f 3676/5367/4654 3770/5368/4744 3677/5369/4652
f 3677/5369/4652 3770/5368/4744 3769/5353/4731
f 3677/5369/4652 3769/5353/4731 3774/5351/4729
f 3678/5349/4650 3677/5369/4652 3774/5351/4729
f 3675/5366/4656 3674/5370/4657 3766/5364/4742
f 3766/5364/4742 3674/5370/4657 3749/5371/4745
f 3766/5364/4742 3749/5371/4745 3761/5372/4746
f 3761/5372/4746 3749/5371/4745 3750/5373/4747
f 3761/5372/4746 3750/5373/4747 3760/5362/4740
f 3760/5362/4740 3750/5373/4747 3751/5361/4739
f 3752/5360/4738 3753/5333/4720 3755/5358/4736
f 3755/5358/4736 3753/5333/4720 3754/5335/4721
f 3755/5358/4736 3754/5335/4721 3758/5356/4734
f 3758/5356/4734 3754/5335/4721 3757/5337/4722
f 3758/5356/4734 3757/5337/4722 3763/5354/4732
f 3763/5354/4732 3757/5337/4722 3762/5339/4723
f 3763/5354/4732 3762/5339/4723 3768/5352/4730
f 3768/5352/4730 3762/5339/4723 3767/5341/4724
f 3768/5352/4730 3767/5341/4724 3773/5350/4728
f 3773/5350/4728 3767/5341/4724 3772/5343/4725
f 3773/5350/4728 3772/5343/4725 3776/5348/4727
f 3776/5348/4727 3772/5343/4725 3775/5345/4726
f 3765/5363/4741 3759/5357/4735 3764/5355/4733
f 3766/5364/4742 3761/5372/4746 3760/5362/4740
f 3769/5353/4731 3770/5368/4744 3764/5355/4733
f 3764/5355/4733 3770/5368/4744 3765/5363/4741
f 3770/5368/4744 3771/5365/4743 3765/5363/4741
f 3784/5374/4748 3457/5375/4514 3783/5376/4749
f 3783/5376/4749 3457/5375/4514 3561/5377/4527
f 3783/5376/4749 3561/5377/4527 3782/5378/4750
f 3782/5378/4750 3561/5377/4527 3560/5379/4558
f 3782/5378/4750 3560/5379/4558 3781/5380/4751
f 3781/5380/4751 3560/5379/4558 3559/5381/4552
f 3781/5380/4751 3559/5381/4552 3780/5382/4752
f 3780/5382/4752 3559/5381/4552 3558/5383/4544
f 3780/5382/4752 3558/5383/4544 3779/5384/4753
f 3779/5384/4753 3558/5383/4544 3557/5385/4545
f 3779/5384/4753 3557/5385/4545 3778/5386/4754
f 3778/5386/4754 3557/5385/4545 3556/5387/4551
f 3778/5386/4754 3556/5387/4551 3777/5388/4755
f 3777/5388/4755 3556/5387/4551 3420/5389/4397
f 3420/5390/4397 3419/5391/4409 3777/5392/4755
f 3777/5392/4755 3419/5391/4409 3785/5393/4756
f 3785/5394/4756 3419/5395/4409 3791/5396/4757
f 3791/5396/4757 3419/5395/4409 3753/5397/4720
f 3791/5396/4757 3753/5397/4720 3790/5398/4758
f 3790/5398/4758 3753/5397/4720 3752/5399/4738
f 3790/5398/4758 3752/5399/4738 3789/5400/4759
f 3789/5400/4759 3752/5399/4738 3751/5401/4739
f 3789/5400/4759 3751/5401/4739 3788/5402/4760
f 3788/5402/4760 3751/5401/4739 3750/5403/4747
f 3788/5402/4760 3750/5403/4747 3787/5404/4761
f 3787/5404/4761 3750/5403/4747 3749/5405/4745
f 3787/5404/4761 3749/5405/4745 3786/5406/4762
f 3786/5406/4762 3749/5405/4745 3674/5407/4657
f 3786/5406/4762 3674/5408/4657 3798/5409/4763
f 3798/5409/4763 3674/5408/4657 3673/5410/4658
f 3798/5409/4763 3673/5410/4658 3797/5411/4764
f 3797/5411/4764 3673/5410/4658 3672/5412/4660
f 3797/5411/4764 3672/5412/4660 3796/5413/4765
f 3796/5413/4765 3672/5412/4660 3671/5414/4662
f 3796/5413/4765 3671/5414/4662 3795/5415/4766
f 3795/5415/4766 3671/5414/4662 3670/5416/4664
f 3795/5415/4766 3670/5416/4664 3794/5417/4767
f 3794/5417/4767 3670/5416/4664 3669/5418/4666
f 3794/5417/4767 3669/5418/4666 3793/5419/4768
f 3793/5419/4768 3669/5418/4666 3668/5420/4668
f 3793/5419/4768 3668/5420/4668 3792/5421/4769
f 3792/5421/4769 3668/5420/4668 3667/5422/4670
f 3800/5423/4770 3483/5424/4438 3799/5425/4771
f 3799/5425/4771 3483/5424/4438 3482/5426/4440
f 3799/5425/4771 3482/5426/4440 3481/5427/4442
f 3801/5428/4772 3802/5429/4773 3800/5423/4770
f 3800/5423/4770 3802/5429/4773 3485/5430/4434
f 3800/5423/4770 3485/5430/4434 3484/5431/4436
f 3803/5432/4774 3681/5433/4644 3802/5429/4773
f 3802/5429/4773 3681/5433/4644 3680/5434/4646
f 3802/5429/4773 3680/5434/4646 3413/5435/4386
f 3804/5436/4775 3799/5425/4771 3803/5432/4774
f 3803/5432/4774 3799/5425/4771 3684/5437/4638
f 3803/5432/4774 3684/5437/4638 3683/5438/4640
f 3426/5439/4416 3490/5440/4424 3413/5435/4386
f 3413/5435/4386 3490/5440/4424 3802/5429/4773
f 3490/5440/4424 3489/5441/4426 3802/5429/4773
f 3802/5429/4773 3489/5441/4426 3488/5442/4428
f 3802/5429/4773 3488/5442/4428 3487/5443/4430
f 3487/5443/4430 3486/5444/4432 3802/5429/4773
f 3802/5429/4773 3486/5444/4432 3485/5430/4434
f 3484/5431/4436 3483/5424/4438 3800/5423/4770
f 3481/5427/4442 3480/5445/4444 3799/5425/4771
f 3799/5425/4771 3480/5445/4444 3479/5446/4446
f 3799/5425/4771 3479/5446/4446 3478/5447/4448
f 3478/5447/4448 3477/5448/4450 3799/5425/4771
f 3799/5425/4771 3477/5448/4450 3602/5449/4592
f 3799/5425/4771 3602/5449/4592 3686/5450/4634
f 3686/5450/4634 3685/5451/4636 3799/5425/4771
f 3799/5425/4771 3685/5451/4636 3684/5437/4638
f 3683/5438/4640 3682/5452/4642 3803/5432/4774
f 3803/5432/4774 3682/5452/4642 3681/5433/4644
f 3805/5453/4776 3806/5454/4777 3814/5455/4778
f 3814/5455/4778 3806/5454/4777 3813/5456/4779
f 3813/5456/4779 3806/5454/4777 3811/5457/4780
f 3813/5456/4779 3811/5457/4780 3812/5458/4781
f 3807/5459/4782 3808/5460/4783 3806/5454/4777
f 3806/5454/4777 3808/5460/4783 3811/5457/4780
f 3808/5460/4783 3809/5461/4784 3811/5457/4780
f 3811/5457/4780 3809/5461/4784 3810/5462/4785
f 3809/5463/4786 3808/5464/4787 3818/5465/4788
f 3818/5465/4788 3808/5464/4787 3815/5466/4789
f 3818/5465/4788 3815/5466/4789 3802/5467/4790
f 3802/5467/4790 3815/5466/4789 3803/5468/4791
f 3803/5468/4791 3815/5466/4789 3816/5469/4792
f 3802/5467/4790 3817/5470/4793 3818/5465/4788
f 3820/5471/4794 3821/5472/4795 3819/5473/4796
f 3819/5473/4796 3821/5472/4795 3822/5474/4797
f 3819/5473/4796 3822/5474/4797 3831/5475/4798
f 3831/5475/4798 3822/5474/4797 3824/5476/4799
f 3831/5475/4798 3824/5476/4799 3829/5477/4800
f 3829/5477/4800 3824/5476/4799 3826/5478/4801
f 3829/5477/4800 3826/5478/4801 3828/5479/4802
f 3828/5479/4802 3826/5478/4801 3827/5480/4803
f 3822/5474/4797 3823/5481/4804 3824/5476/4799
f 3824/5476/4799 3825/5482/4805 3826/5478/4801
f 3829/5477/4800 3830/5483/4806 3831/5475/4798
f 3831/5475/4798 3832/5484/4807 3819/5473/4796
f 3823/5485/4808 3822/5486/4809 3812/5487/4810
f 3812/5487/4810 3822/5486/4809 3813/5488/4811
f 3824/5489/4812 3823/5490/4813 3811/5491/4814
f 3811/5491/4814 3823/5490/4813 3812/5492/4815
f 3825/5493/4816 3824/5494/4817 3810/5495/4818
f 3810/5495/4818 3824/5494/4817 3811/5496/4819
f 3826/5497/4820 3825/5498/4821 3809/5499/4822
f 3809/5499/4822 3825/5498/4821 3810/5500/4823
f 3830/5501/4824 3829/5502/4825 3807/5503/4826
f 3807/5503/4826 3829/5502/4825 3808/5504/4827
f 3831/5505/4828 3830/5506/4829 3806/5507/4830
f 3806/5507/4830 3830/5506/4829 3807/5508/4831
f 3832/5509/4832 3831/5510/4833 3805/5511/4834
f 3805/5511/4834 3831/5510/4833 3806/5512/4835
f 3819/5513/4836 3832/5514/4837 3814/5515/4838
f 3814/5515/4838 3832/5514/4837 3805/5516/4839
f 3819/5513/4840 3814/5515/4841 3820/5517/4842
f 3820/5517/4842 3814/5518/4841 3834/5519/4843
f 3834/5519/4843 3814/5518/4841 3833/5520/4844
f 3814/5521/4845 3813/5522/4846 3833/5523/4847
f 3833/5523/4847 3813/5522/4846 3835/5524/4848
f 3833/5523/4847 3835/5524/4848 3799/5525/4849
f 3799/5525/4849 3835/5524/4848 3800/5526/4850
f 3800/5526/4850 3835/5524/4848 3836/5527/4851
f 3799/5525/4849 3837/5528/4852 3833/5523/4847
f 3826/5529/4853 3809/5530/4854 3827/5531/4855
f 3827/5531/4855 3809/5530/4854 3838/5532/4856
f 3838/5532/4856 3809/5530/4854 3818/5533/4857
f 3799/5534/4858 3804/5535/4859 3837/5536/4860
f 3837/5536/4860 3804/5535/4859 3839/5537/4861
f 3804/5538/4862 3803/5539/4863 3839/5540/4864
f 3839/5540/4864 3803/5539/4863 3816/5541/4865
f 3801/5542/4866 3800/5543/4867 3840/5544/4868
f 3840/5544/4868 3800/5543/4867 3836/5545/4869
f 3802/5546/4870 3801/5547/4871 3817/5548/4872
f 3817/5548/4872 3801/5547/4871 3840/5549/4873
f 3829/5550/4874 3828/5551/4875 3808/5552/4876
f 3808/5552/4876 3828/5551/4875 3841/5553/4877
f 3808/5552/4876 3841/5553/4877 3815/5554/4878
f 3838/5555/4879 3841/5556/4880 3827/5557/4881
f 3827/5557/4881 3841/5556/4880 3828/5558/4882
f 3822/5559/4883 3821/5560/4884 3813/5561/4885
f 3813/5561/4885 3821/5560/4884 3842/5562/4886
f 3813/5561/4885 3842/5562/4886 3835/5563/4887
f 3834/5564/4888 3842/5565/4889 3820/5566/4890
f 3820/5566/4890 3842/5565/4889 3821/5567/4891
f 3858/5568/4892 3843/5569/4893 3857/5570/4894
f 3857/5570/4894 3843/5569/4893 3844/5571/4895
f 3857/5570/4894 3844/5571/4895 3856/5572/4896
f 3856/5572/4896 3844/5571/4895 3845/5573/4897
f 3856/5572/4896 3845/5573/4897 3855/5574/4898
f 3855/5574/4898 3845/5573/4897 3846/5575/4899
f 3855/5574/4898 3846/5575/4899 3854/5576/4900
f 3854/5576/4900 3846/5575/4899 3847/5577/4901
f 3854/5576/4900 3847/5577/4901 3853/5578/4902
f 3853/5578/4902 3847/5577/4901 3848/5579/4903
f 3853/5578/4902 3848/5579/4903 3852/5580/4904
f 3852/5580/4904 3848/5579/4903 3849/5581/4905
f 3852/5580/4904 3849/5581/4905 3851/5582/4906
f 3851/5582/4906 3849/5581/4905 3850/5583/4907
f 3851/5584/4906 3850/5585/4907 3870/5586/4908
f 3870/5586/4908 3850/5585/4907 3859/5587/4909
f 3870/5586/4908 3859/5587/4909 3869/5588/4910
f 3869/5588/4910 3859/5587/4909 3860/5589/4911
f 3869/5588/4910 3860/5589/4911 3868/5590/4912
f 3868/5590/4912 3860/5589/4911 3861/5591/4913
f 3868/5590/4912 3861/5591/4913 3867/5592/4914
f 3867/5592/4914 3861/5591/4913 3862/5593/4915
f 3867/5592/4914 3862/5593/4915 3866/5594/4916
f 3866/5594/4916 3862/5593/4915 3863/5595/4917
f 3866/5594/4916 3863/5595/4917 3865/5596/4918
f 3865/5596/4918 3863/5595/4917 3864/5597/4919
f 3864/5598/4919 3871/5599/4920 3865/5600/4918
f 3865/5600/4918 3871/5599/4920 3872/5601/4921
f 3872/5602/4921 3871/5603/4920 3886/5604/4922
f 3886/5604/4922 3871/5603/4920 3873/5605/4923
f 3886/5604/4922 3873/5605/4923 3885/5606/4924
f 3885/5606/4924 3873/5605/4923 3874/5607/4925
f 3885/5606/4924 3874/5607/4925 3884/5608/4926
f 3884/5608/4926 3874/5607/4925 3875/5609/4927
f 3884/5608/4926 3875/5609/4927 3883/5610/4928
f 3883/5610/4928 3875/5609/4927 3876/5611/4929
f 3883/5610/4928 3876/5611/4929 3882/5612/4930
f 3882/5612/4930 3876/5611/4929 3877/5613/4931
f 3882/5612/4930 3877/5613/4931 3881/5614/4932
f 3881/5614/4932 3877/5613/4931 3878/5615/4933
f 3881/5614/4932 3878/5615/4933 3880/5616/4934
f 3880/5616/4934 3878/5615/4933 3879/5617/4935
f 3880/5618/4934 3879/5619/4935 3914/5620/4936
f 3914/5620/4936 3879/5619/4935 3887/5621/4937
f 3914/5620/4936 3887/5621/4937 3913/5622/4938
f 3913/5622/4938 3887/5621/4937 3888/5623/4939
f 3913/5622/4938 3888/5623/4939 3912/5624/4940
f 3912/5624/4940 3888/5623/4939 3889/5625/4941
f 3912/5624/4940 3889/5625/4941 3911/5626/4942
f 3911/5626/4942 3889/5625/4941 3890/5627/4943
f 3911/5626/4942 3890/5627/4943 3910/5628/4944
f 3910/5628/4944 3890/5627/4943 3891/5629/4945
f 3910/5628/4944 3891/5629/4945 3909/5630/4946
f 3909/5630/4946 3891/5629/4945 3892/5631/4947
f 3909/5630/4946 3892/5631/4947 3908/5632/4948
f 3908/5632/4948 3892/5631/4947 3893/5633/4949
f 3908/5632/4948 3893/5633/4949 3907/5634/4950
f 3907/5634/4950 3893/5633/4949 3894/5635/4951
f 3907/5634/4950 3894/5635/4951 3906/5636/4952
f 3906/5636/4952 3894/5635/4951 3895/5637/4953
f 3906/5636/4952 3895/5637/4953 3905/5638/4954
f 3905/5638/4954 3895/5637/4953 3896/5639/4955
f 3905/5638/4954 3896/5639/4955 3904/5640/4956
f 3904/5640/4956 3896/5639/4955 3897/5641/4957
f 3904/5640/4956 3897/5641/4957 3903/5642/4958
f 3903/5642/4958 3897/5641/4957 3898/5643/4959
f 3903/5642/4958 3898/5643/4959 3902/5644/4960
f 3902/5644/4960 3898/5643/4959 3899/5645/4961
f 3902/5644/4960 3899/5645/4961 3901/5646/4962
f 3901/5646/4962 3899/5645/4961 3900/5647/4963
f 3901/5648/4962 3900/5649/4963 3928/5650/4964
f 3928/5650/4964 3900/5649/4963 3915/5651/4965
f 3928/5650/4964 3915/5651/4965 3927/5652/4966
f 3927/5652/4966 3915/5651/4965 3916/5653/4967
f 3927/5652/4966 3916/5653/4967 3926/5654/4968
f 3926/5654/4968 3916/5653/4967 3917/5655/4969
f 3926/5654/4968 3917/5655/4969 3925/5656/4970
f 3925/5656/4970 3917/5655/4969 3918/5657/4971
f 3925/5656/4970 3918/5657/4971 3924/5658/4972
f 3924/5658/4972 3918/5657/4971 3919/5659/4973
f 3924/5658/4972 3919/5659/4973 3923/5660/4974
f 3923/5660/4974 3919/5659/4973 3920/5661/4975
f 3923/5660/4974 3920/5661/4975 3922/5662/4976
f 3922/5662/4976 3920/5661/4975 3921/5663/4977
f 3921/5664/4977 3929/5665/4978 3922/5666/4976
f 3922/5666/4976 3929/5665/4978 3930/5667/4979
f 3930/5668/4979 3929/5669/4978 3940/5670/4980
f 3940/5670/4980 3929/5669/4978 3931/5671/4981
f 3940/5670/4980 3931/5671/4981 3939/5672/4982
f 3939/5672/4982 3931/5671/4981 3932/5673/4983
f 3939/5672/4982 3932/5673/4983 3938/5674/4984
f 3938/5674/4984 3932/5673/4983 3933/5675/4985
f 3938/5674/4984 3933/5675/4985 3937/5676/4986
f 3937/5676/4986 3933/5675/4985 3934/5677/4987
f 3937/5676/4986 3934/5677/4987 3936/5678/4988
f 3936/5678/4988 3934/5677/4987 3935/5679/4989
f 3936/5678/4988 3935/5679/4989 3858/5680/4892
f 3858/5680/4892 3935/5679/4989 3843/5681/4893
f 3833/5682/4990 3837/5683/4991 3834/5684/4992
f 3834/5684/4992 3837/5683/4991 3852/5685/4993
f 3834/5684/4992 3852/5685/4993 3865/5686/4994
f 3865/5686/4994 3852/5685/4993 3851/5687/4995
f 3865/5686/4994 3851/5687/4995 3866/5688/4996
f 3866/5688/4996 3851/5687/4995 3867/5689/4997
f 3867/5689/4997 3851/5687/4995 3868/5690/4998
f 3868/5690/4998 3851/5687/4995 3869/5691/4999
f 3869/5691/4999 3851/5687/4995 3870/5692/5000
f 3839/5693/5001 3816/5694/5002 3837/5683/4991
f 3837/5683/4991 3816/5694/5002 3853/5695/5003
f 3837/5683/4991 3853/5695/5003 3852/5685/4993
f 3815/5696/5004 3856/5697/5005 3816/5694/5002
f 3816/5694/5002 3856/5697/5005 3855/5698/5006
f 3816/5694/5002 3855/5698/5006 3854/5699/5007
f 3856/5697/5005 3815/5696/5004 3857/5700/5008
f 3857/5700/5008 3815/5696/5004 3841/5701/5009
f 3857/5700/5008 3841/5701/5009 3930/5702/5010
f 3930/5702/5010 3841/5701/5009 3922/5703/5011
f 3922/5703/5011 3841/5701/5009 3902/5704/5012
f 3922/5703/5011 3902/5704/5012 3901/5705/5013
f 3841/5701/5009 3838/5706/5014 3902/5704/5012
f 3902/5704/5012 3838/5706/5014 3903/5707/5015
f 3903/5707/5015 3838/5706/5014 3904/5708/5016
f 3904/5708/5016 3838/5706/5014 3905/5709/5017
f 3905/5709/5017 3838/5706/5014 3817/5710/5018
f 3905/5709/5017 3817/5710/5018 3906/5711/5019
f 3906/5711/5019 3817/5710/5018 3907/5712/5020
f 3907/5712/5020 3817/5710/5018 3836/5713/5021
f 3907/5712/5020 3836/5713/5021 3908/5714/5022
f 3908/5714/5022 3836/5713/5021 3909/5715/5023
f 3909/5715/5023 3836/5713/5021 3835/5716/5024
f 3909/5715/5023 3835/5716/5024 3910/5717/5025
f 3910/5717/5025 3835/5716/5024 3842/5718/5026
f 3910/5717/5025 3842/5718/5026 3911/5719/5027
f 3911/5719/5027 3842/5718/5026 3912/5720/5028
f 3912/5720/5028 3842/5718/5026 3913/5721/5029
f 3913/5721/5029 3842/5718/5026 3914/5722/5030
f 3914/5722/5030 3842/5718/5026 3834/5684/4992
f 3914/5722/5030 3834/5684/4992 3872/5723/5031
f 3872/5723/5031 3834/5684/4992 3865/5686/4994
f 3838/5706/5014 3818/5724/5032 3817/5710/5018
f 3817/5710/5018 3840/5725/5033 3836/5713/5021
f 3940/5726/5034 3939/5727/5035 3930/5702/5010
f 3930/5702/5010 3939/5727/5035 3938/5728/5036
f 3930/5702/5010 3938/5728/5036 3937/5729/5037
f 3937/5729/5037 3936/5730/5038 3930/5702/5010
f 3930/5702/5010 3936/5730/5038 3858/5731/5039
f 3930/5702/5010 3858/5731/5039 3857/5700/5008
f 3854/5699/5007 3853/5695/5003 3816/5694/5002
f 3914/5722/5030 3872/5723/5031 3880/5732/5040
f 3880/5732/5040 3872/5723/5031 3886/5733/5041
f 3880/5732/5040 3886/5733/5041 3885/5734/5042
f 3885/5734/5042 3884/5735/5043 3880/5732/5040
f 3880/5732/5040 3884/5735/5043 3883/5736/5044
f 3880/5732/5040 3883/5736/5044 3882/5737/5045
f 3882/5737/5045 3881/5738/5046 3880/5732/5040
f 3901/5705/5013 3928/5739/5047 3922/5703/5011
f 3922/5703/5011 3928/5739/5047 3927/5740/5048
f 3922/5703/5011 3927/5740/5048 3926/5741/5049
f 3926/5741/5049 3925/5742/5050 3922/5703/5011
f 3922/5703/5011 3925/5742/5050 3924/5743/5051
f 3922/5703/5011 3924/5743/5051 3923/5744/5052
f 3791/5745/5053 3933/5746/5054 3785/5747/5055
f 3785/5747/5055 3933/5746/5054 3932/5748/5056
f 3785/5747/5055 3932/5748/5056 3931/5749/5057
f 3791/5745/5053 3790/5750/5058 3933/5746/5054
f 3933/5746/5054 3790/5750/5058 3789/5751/5059
f 3933/5746/5054 3789/5751/5059 3788/5752/5060
f 3788/5752/5060 3787/5753/5061 3933/5746/5054
f 3933/5746/5054 3787/5753/5061 3786/5754/5062
f 3933/5746/5054 3786/5754/5062 3934/5755/5063
f 3934/5755/5063 3786/5754/5062 3935/5756/5064
f 3935/5756/5064 3786/5754/5062 3843/5757/5065
f 3843/5757/5065 3786/5754/5062 3798/5758/5066
f 3843/5757/5065 3798/5758/5066 3844/5759/5067
f 3844/5759/5067 3798/5758/5066 3797/5760/5068
f 3844/5759/5067 3797/5760/5068 3845/5761/5069
f 3845/5761/5069 3797/5760/5068 3796/5762/5070
f 3845/5761/5069 3796/5762/5070 3846/5763/5071
f 3846/5763/5071 3796/5762/5070 3795/5764/5072
f 3846/5763/5071 3795/5764/5072 3847/5765/5073
f 3847/5765/5073 3795/5764/5072 3848/5766/5074
f 3848/5766/5074 3795/5764/5072 3794/5767/5075
f 3848/5766/5074 3794/5767/5075 3849/5768/5076
f 3849/5768/5076 3794/5767/5075 3793/5769/5077
f 3849/5768/5076 3793/5769/5077 3850/5770/5078
f 3850/5770/5078 3793/5769/5077 3792/5771/5079
f 3850/5770/5078 3792/5771/5079 3859/5772/5080
f 3859/5772/5080 3792/5771/5079 3860/5773/5081
f 3860/5773/5081 3792/5771/5079 3861/5774/5082
f 3861/5774/5082 3792/5771/5079 3941/5775/5083
f 3861/5774/5082 3941/5775/5083 3942/5776/5084
f 3942/5776/5084 3943/5777/5085 3861/5774/5082
f 3861/5774/5082 3943/5777/5085 3944/5778/5086
f 3861/5774/5082 3944/5778/5086 3945/5779/5087
f 3945/5779/5087 3946/5780/5088 3861/5774/5082
f 3861/5774/5082 3946/5780/5088 3862/5781/5089
f 3862/5781/5089 3946/5780/5088 3863/5782/5090
f 3863/5782/5090 3946/5780/5088 3864/5783/5091
f 3864/5783/5091 3946/5780/5088 3871/5784/5092
f 3871/5784/5092 3946/5780/5088 3947/5785/5093
f 3871/5784/5092 3947/5785/5093 3873/5786/5094
f 3873/5786/5094 3947/5785/5093 3874/5787/5095
f 3874/5787/5095 3947/5785/5093 3875/5788/5096
f 3875/5788/5096 3947/5785/5093 3948/5789/5097
f 3875/5788/5096 3948/5789/5097 3949/5790/5098
f 3949/5790/5098 3950/5791/5099 3875/5788/5096
f 3875/5788/5096 3950/5791/5099 3951/5792/5100
f 3875/5788/5096 3951/5792/5100 3876/5793/5101
f 3876/5793/5101 3951/5792/5100 3952/5794/5102
f 3876/5793/5101 3952/5794/5102 3953/5795/5103
f 3953/5795/5103 3954/5796/5104 3876/5793/5101
f 3876/5793/5101 3954/5796/5104 3877/5797/5105
f 3877/5797/5105 3954/5796/5104 3878/5798/5106
f 3878/5798/5106 3954/5796/5104 3879/5799/5107
f 3879/5799/5107 3954/5796/5104 3955/5800/5108
f 3879/5799/5107 3955/5800/5108 3887/5801/5109
f 3887/5801/5109 3955/5800/5108 3956/5802/5110
f 3887/5801/5109 3956/5802/5110 3888/5803/5111
f 3888/5803/5111 3956/5802/5110 3957/5804/5112
f 3888/5803/5111 3957/5804/5112 3889/5805/5113
f 3889/5805/5113 3957/5804/5112 3958/5806/5114
f 3889/5805/5113 3958/5806/5114 3890/5807/5115
f 3890/5807/5115 3958/5806/5114 3959/5808/5116
f 3890/5807/5115 3959/5808/5116 3891/5809/5117
f 3891/5809/5117 3959/5808/5116 3960/5810/5118
f 3891/5809/5117 3960/5810/5118 3892/5811/5119
f 3892/5811/5119 3960/5810/5118 3961/5812/5120
f 3892/5811/5119 3961/5812/5120 3893/5813/5121
f 3893/5813/5121 3961/5812/5120 3894/5814/5122
f 3894/5814/5122 3961/5812/5120 3962/5815/5123
f 3894/5814/5122 3962/5815/5123 3895/5816/5124
f 3895/5816/5124 3962/5815/5123 3963/5817/5125
f 3895/5816/5124 3963/5817/5125 3896/5818/5126
f 3896/5818/5126 3963/5817/5125 3964/5819/5127
f 3896/5818/5126 3964/5819/5127 3897/5820/5128
f 3897/5820/5128 3964/5819/5127 3965/5821/5129
f 3897/5820/5128 3965/5821/5129 3898/5822/5130
f 3898/5822/5130 3965/5821/5129 3966/5823/5131
f 3898/5822/5130 3966/5823/5131 3899/5824/5132
f 3899/5824/5132 3966/5823/5131 3967/5825/5133
f 3899/5824/5132 3967/5825/5133 3900/5826/5134
f 3900/5826/5134 3967/5825/5133 3784/5827/5135
f 3900/5826/5134 3784/5827/5135 3915/5828/5136
f 3915/5828/5136 3784/5827/5135 3916/5829/5137
f 3916/5829/5137 3784/5827/5135 3917/5830/5138
f 3917/5830/5138 3784/5827/5135 3783/5831/5139
f 3917/5830/5138 3783/5831/5139 3782/5832/5140
f 3782/5832/5140 3781/5833/5141 3917/5830/5138
f 3917/5830/5138 3781/5833/5141 3918/5834/5142
f 3918/5834/5142 3781/5833/5141 3780/5835/5143
f 3918/5834/5142 3780/5835/5143 3779/5836/5144
f 3779/5836/5144 3778/5837/5145 3918/5834/5142
f 3918/5834/5142 3778/5837/5145 3777/5838/5146
f 3918/5834/5142 3777/5838/5146 3919/5839/5147
f 3919/5839/5147 3777/5838/5146 3920/5840/5148
f 3920/5840/5148 3777/5838/5146 3921/5841/5149
f 3921/5841/5149 3777/5838/5146 3785/5747/5055
f 3921/5841/5149 3785/5747/5055 3929/5842/5150
f 3929/5842/5150 3785/5747/5055 3931/5749/5057
f 3792/5843/4769 3667/5844/4670 3941/5845/5151
f 3941/5845/5151 3667/5844/4670 3726/5846/4693
f 3941/5845/5151 3726/5846/4693 3942/5847/5152
f 3942/5847/5152 3726/5846/4693 3725/5848/4717
f 3942/5847/5152 3725/5848/4717 3943/5849/5153
f 3943/5849/5153 3725/5848/4717 3724/5850/4715
f 3943/5849/5153 3724/5850/4715 3944/5851/5154
f 3944/5851/5154 3724/5850/4715 3723/5852/4713
f 3944/5851/5154 3723/5852/4713 3945/5853/5155
f 3945/5853/5155 3723/5852/4713 3722/5854/4711
f 3945/5853/5155 3722/5854/4711 3946/5855/5156
f 3946/5855/5156 3722/5854/4711 3596/5856/4573
f 3596/5857/4573 3595/5858/4585 3946/5859/5156
f 3946/5859/5156 3595/5858/4585 3947/5860/5157
f 3947/5861/5157 3595/5862/4585 3948/5863/5158
f 3948/5863/5158 3595/5862/4585 3633/5864/4599
f 3948/5863/5158 3633/5864/4599 3949/5865/5159
f 3949/5865/5159 3633/5864/4599 3632/5866/4627
f 3949/5865/5159 3632/5866/4627 3950/5867/5160
f 3950/5867/5160 3632/5866/4627 3631/5868/4616
f 3950/5867/5160 3631/5868/4616 3951/5869/5161
f 3951/5869/5161 3631/5868/4616 3630/5870/4617
f 3951/5869/5161 3630/5870/4617 3952/5871/5162
f 3952/5871/5162 3630/5870/4617 3629/5872/4619
f 3952/5871/5162 3629/5872/4619 3953/5873/5163
f 3953/5873/5163 3629/5872/4619 3628/5874/4623
f 3953/5873/5163 3628/5874/4623 3954/5875/5164
f 3954/5875/5164 3628/5874/4623 3471/5876/4461
f 3954/5877/5164 3471/5878/4461 3955/5879/5165
f 3955/5879/5165 3471/5878/4461 3470/5880/4460
f 3955/5879/5165 3470/5880/4460 3956/5881/5166
f 3956/5881/5166 3470/5880/4460 3469/5882/4526
f 3956/5881/5166 3469/5882/4526 3957/5883/5167
f 3957/5883/5167 3469/5882/4526 3468/5884/4525
f 3957/5883/5167 3468/5884/4525 3958/5885/5168
f 3958/5885/5168 3468/5884/4525 3467/5886/4524
f 3958/5885/5168 3467/5886/4524 3959/5887/5169
f 3959/5887/5169 3467/5886/4524 3466/5888/4523
f 3959/5887/5169 3466/5888/4523 3960/5889/5170
f 3960/5889/5170 3466/5888/4523 3465/5890/4522
f 3960/5889/5170 3465/5890/4522 3961/5891/5171
f 3961/5891/5171 3465/5890/4522 3464/5892/4521
f 3961/5891/5171 3464/5892/4521 3962/5893/5172
f 3962/5893/5172 3464/5892/4521 3463/5894/4520
f 3962/5893/5172 3463/5894/4520 3963/5895/5173
f 3963/5895/5173 3463/5894/4520 3462/5896/4519
f 3963/5895/5173 3462/5896/4519 3964/5897/5174
f 3964/5897/5174 3462/5896/4519 3461/5898/4518
f 3964/5897/5174 3461/5898/4518 3965/5899/5175
f 3965/5899/5175 3461/5898/4518 3460/5900/4517
f 3965/5899/5175 3460/5900/4517 3966/5901/5176
f 3966/5901/5176 3460/5900/4517 3459/5902/4516
f 3966/5901/5176 3459/5902/4516 3967/5903/5177
f 3967/5903/5177 3459/5902/4516 3458/5904/4515
f 3967/5903/5177 3458/5904/4515 3784/5905/4748
f 3784/5905/4748 3458/5904/4515 3457/5906/4514
g Körper5

v 9.186403 -0.500000 0.500000
v 9.186403 -0.448236 0.493185
v 9.186403 -0.400000 0.473205
v 9.186403 -0.358579 0.441421
v 9.186403 -0.326795 0.400000
v 9.186403 -0.306815 0.351764
v 9.186403 -0.300000 0.300000
v 3.261901 -0.300000 0.300000
v 3.261901 -0.306815 0.351764
v 3.261901 -0.326795 0.400000
v 3.261901 -0.358579 0.441421
v 3.261901 -0.400000 0.473205
v 3.261901 -0.448236 0.493185
v 3.261901 -0.500000 0.500000
v 8.198986 -0.448236 0.493185
v 7.211569 -0.448236 0.493185
v 6.224152 -0.448236 0.493185
v 5.236735 -0.448236 0.493185
v 4.249318 -0.448236 0.493185
v 8.198986 -0.400000 0.473205
v 7.211569 -0.400000 0.473205
v 6.224152 -0.400000 0.473205
v 5.236735 -0.400000 0.473205
v 4.249318 -0.400000 0.473205
v 8.198986 -0.358579 0.441421
v 7.211569 -0.358579 0.441421
v 6.224152 -0.358579 0.441421
v 5.236735 -0.358579 0.441421
v 4.249318 -0.358579 0.441421
v 8.198986 -0.326795 0.400000
v 7.211569 -0.326795 0.400000
v 6.224152 -0.326795 0.400000
v 5.236735 -0.326795 0.400000
v 4.249318 -0.326795 0.400000
v 8.198986 -0.306815 0.351764
v 7.211569 -0.306815 0.351764
v 6.224152 -0.306815 0.351764
v 5.236735 -0.306815 0.351764
v 4.249318 -0.306815 0.351764
v 3.210735 -0.492157 0.493185
v 3.163056 -0.484848 0.473205
v 3.122113 -0.478573 0.441421
v 3.090696 -0.473757 0.400000
v 3.070946 -0.470730 0.351764
v 3.064210 -0.469697 0.300000
v 2.929661 -1.013453 0.300000
v 2.699456 -1.524119 0.300000
v 2.381111 -1.985021 0.300000
v 1.985021 -2.381111 0.300000
v 1.524119 -2.699456 0.300000
v 1.013453 -2.929661 0.300000
v 0.469697 -3.064210 0.300000
v 0.470730 -3.070946 0.351764
v 0.473757 -3.090696 0.400000
v 0.478573 -3.122113 0.441421
v 0.484848 -3.163056 0.473205
v 0.492157 -3.210735 0.493185
v 0.500000 -3.261901 0.500000
v 1.008030 -3.142272 0.500000
v 1.490845 -2.944042 0.500000
v 1.936367 -2.672168 0.500000
v 2.333452 -2.333452 0.500000
v 2.672168 -1.936367 0.500000
v 2.944042 -1.490845 0.500000
v 3.142272 -1.008030 0.500000
v 2.958321 -0.949019 0.351764
v 2.977346 -0.955122 0.400000
v 3.007610 -0.964831 0.441421
v 3.047052 -0.977483 0.473205
v 3.092983 -0.992218 0.493185
v 2.771695 -1.403569 0.351764
v 2.789520 -1.412595 0.400000
v 2.817875 -1.426954 0.441421
v 2.854828 -1.445667 0.473205
v 2.897862 -1.467459 0.493185
v 2.515737 -1.823010 0.351764
v 2.531916 -1.834734 0.400000
v 2.557653 -1.853384 0.441421
v 2.591193 -1.877689 0.473205
v 2.630253 -1.905993 0.493185
v 2.196850 -2.196850 0.351764
v 2.210978 -2.210978 0.400000
v 2.233452 -2.233452 0.441421
v 2.262742 -2.262742 0.473205
v 2.296850 -2.296850 0.493185
v 1.823010 -2.515737 0.351764
v 1.834734 -2.531916 0.400000
v 1.853384 -2.557653 0.441421
v 1.877689 -2.591193 0.473205
v 1.905993 -2.630253 0.493185
v 1.403569 -2.771695 0.351764
v 1.412595 -2.789520 0.400000
v 1.426954 -2.817875 0.441421
v 1.445667 -2.854828 0.473205
v 1.467459 -2.897862 0.493185
v 0.949019 -2.958321 0.351764
v 0.955122 -2.977346 0.400000
v 0.964831 -3.007610 0.441421
v 0.977483 -3.047052 0.473205
v 0.992218 -3.092983 0.493185
v 3.215051 -0.305565 0.300000
v 3.170808 -0.321950 0.300000
v 3.131633 -0.348243 0.300000
v 3.099709 -0.382981 0.300000
v 3.076809 -0.424231 0.300000
v 3.218517 -0.321781 0.379723
v 3.173768 -0.333018 0.365952
v 3.134127 -0.353935 0.348360
v 3.101892 -0.383317 0.327964
v 3.078931 -0.419462 0.305947
v 3.075034 -0.440762 0.339644
v 3.097425 -0.407737 0.366596
v 3.129348 -0.380059 0.389687
v 3.168955 -0.359333 0.407581
v 3.213948 -0.346760 0.419239
v 3.076542 -0.468718 0.368289
v 3.099153 -0.439787 0.399436
v 3.131197 -0.414346 0.424819
v 3.170817 -0.393870 0.442969
v 3.215716 -0.379545 0.452831
v 3.139560 -0.454681 0.451587
v 3.179240 -0.434498 0.469931
v 3.223712 -0.418111 0.478426
v 3.193704 -0.478709 0.486804
v 3.237442 -0.460079 0.494443
v 3.229142 -0.306149 0.336721
v 3.184961 -0.316551 0.320652
v 3.145239 -0.337586 0.303387
v 0.448236 -3.261901 0.493185
v 0.400000 -3.261901 0.473205
v 0.358579 -3.261901 0.441421
v 0.326795 -3.261901 0.400000
v 0.306815 -3.261901 0.351764
v 0.300000 -3.261901 0.300000
v 0.300000 -9.186403 0.300000
v 0.306815 -9.186403 0.351764
v 0.326795 -9.186403 0.400000
v 0.358579 -9.186403 0.441421
v 0.400000 -9.186403 0.473205
v 0.448236 -9.186403 0.493185
v 0.500000 -9.186403 0.500000
v 0.448236 -4.249318 0.493185
v 0.448236 -5.236735 0.493185
v 0.448236 -6.224152 0.493185
v 0.448236 -7.211569 0.493185
v 0.448236 -8.198986 0.493185
v 0.400000 -4.249318 0.473205
v 0.400000 -5.236735 0.473205
v 0.400000 -6.224152 0.473205
v 0.400000 -7.211569 0.473205
v 0.400000 -8.198986 0.473205
v 0.358579 -4.249318 0.441421
v 0.358579 -5.236735 0.441421
v 0.358579 -6.224152 0.441421
v 0.358579 -7.211569 0.441421
v 0.358579 -8.198986 0.441421
v 0.326795 -4.249318 0.400000
v 0.326795 -5.236735 0.400000
v 0.326795 -6.224152 0.400000
v 0.326795 -7.211569 0.400000
v 0.326795 -8.198986 0.400000
v 0.306815 -4.249318 0.351764
v 0.306815 -5.236735 0.351764
v 0.306815 -6.224152 0.351764
v 0.306815 -7.211569 0.351764
v 0.306815 -8.198986 0.351764
v 0.424231 -3.076809 0.300000
v 0.382981 -3.099709 0.300000
v 0.348243 -3.131633 0.300000
v 0.321950 -3.170808 0.300000
v 0.305565 -3.215051 0.300000
v 0.439280 -3.074621 0.335205
v 0.318364 -3.248164 0.382581
v 0.305682 -3.230258 0.335205
v 0.391587 -3.247983 0.467490
v 0.357046 -3.225902 0.435160
v 0.332247 -3.206274 0.393619
v 0.318880 -3.190436 0.345698
v 0.450244 -3.241640 0.492650
v 0.411591 -3.212857 0.472565
v 0.378963 -3.187416 0.440720
v 0.354583 -3.167052 0.399285
v 0.340113 -3.153151 0.351084
v 0.472434 -3.215790 0.492650
v 0.438127 -3.181944 0.472565
v 0.408036 -3.153547 0.440720
v 0.384213 -3.132534 0.399285
v 0.368280 -3.120338 0.351084
v 0.469817 -3.156849 0.467490
v 0.442757 -3.126052 0.435160
v 0.419598 -3.104513 0.393619
v 0.401918 -3.093700 0.345698
v 0.458901 -3.084444 0.382581
v 0.502813 -9.238090 0.493185
v 0.505435 -9.286255 0.473205
v 0.507686 -9.327615 0.441421
v 0.509413 -9.359352 0.400000
v 0.510499 -9.379303 0.351764
v 0.510870 -9.386107 0.300000
v 1.486515 -9.281717 0.300000
v 2.445963 -9.076192 0.300000
v 3.378760 -8.771772 0.300000
v 4.274741 -8.371773 0.300000
v 5.124144 -7.880555 0.300000
v 5.917714 -7.303469 0.300000
v 6.646804 -6.646804 0.300000
v 7.303469 -5.917714 0.300000
v 7.880555 -5.124144 0.300000
v 8.371773 -4.274741 0.300000
v 8.771772 -3.378760 0.300000
v 9.076192 -2.445963 0.300000
v 9.281717 -1.486515 0.300000
v 9.386107 -0.510870 0.300000
v 9.379303 -0.510499 0.351764
v 9.359352 -0.509413 0.400000
v 9.327615 -0.507686 0.441421
v 9.286255 -0.505435 0.473205
v 9.238090 -0.502813 0.493185
v 9.084234 -1.454887 0.500000
v 8.883082 -2.393921 0.500000
v 8.585138 -3.306871 0.500000
v 8.193651 -4.183789 0.500000
v 7.712884 -5.015120 0.500000
v 7.148076 -5.791805 0.500000
v 6.505382 -6.505382 0.500000
v 5.791805 -7.148076 0.500000
v 5.015120 -7.712884 0.500000
v 4.183789 -8.193651 0.500000
v 3.306871 -8.585138 0.500000
v 2.393921 -8.883082 0.500000
v 1.454887 -9.084234 0.500000
v 1.485437 -9.274988 0.351764
v 1.482278 -9.255259 0.400000
v 1.477251 -9.223876 0.441421
v 1.470701 -9.182975 0.473205
v 1.463073 -9.135346 0.493185
v 2.444190 -9.069612 0.351764
v 2.438991 -9.050320 0.400000
v 2.430720 -9.019631 0.441421
v 2.419942 -8.979637 0.473205
v 2.407391 -8.933062 0.493185
v 3.376310 -8.765413 0.351764
v 3.369128 -8.746768 0.400000
v 3.357704 -8.717108 0.441421
v 3.342815 -8.678455 0.473205
v 3.325477 -8.633443 0.493185
v 4.271642 -8.365704 0.351764
v 4.262556 -8.347909 0.400000
v 4.248102 -8.319602 0.441421
v 4.229265 -8.282712 0.473205
v 4.207329 -8.239752 0.493185
v 5.120429 -7.874842 0.351764
v 5.109538 -7.858091 0.400000
v 5.092212 -7.831445 0.441421
v 5.069632 -7.796719 0.473205
v 5.043337 -7.756280 0.493185
v 5.913424 -7.298174 0.351764
v 5.900845 -7.282650 0.400000
v 5.880836 -7.257956 0.441421
v 5.854760 -7.225773 0.473205
v 5.824393 -7.188295 0.493185
v 6.641985 -6.641985 0.351764
v 6.627857 -6.627857 0.400000
v 6.605382 -6.605382 0.441421
v 6.576093 -6.576093 0.473205
v 6.541985 -6.541985 0.493185
v 7.298174 -5.913424 0.351764
v 7.282650 -5.900845 0.400000
v 7.257956 -5.880836 0.441421
v 7.225773 -5.854760 0.473205
v 7.188295 -5.824393 0.493185
v 7.874842 -5.120429 0.351764
v 7.858091 -5.109538 0.400000
v 7.831445 -5.092212 0.441421
v 7.796719 -5.069632 0.473205
v 7.756280 -5.043337 0.493185
v 8.365704 -4.271642 0.351764
v 8.347909 -4.262556 0.400000
v 8.319602 -4.248102 0.441421
v 8.282712 -4.229265 0.473205
v 8.239752 -4.207329 0.493185
v 8.765413 -3.376310 0.351764
v 8.746768 -3.369128 0.400000
v 8.717108 -3.357704 0.441421
v 8.678455 -3.342815 0.473205
v 8.633443 -3.325477 0.493185
v 9.069612 -2.444190 0.351764
v 9.050320 -2.438991 0.400000
v 9.019631 -2.430720 0.441421
v 8.979637 -2.419942 0.473205
v 8.933062 -2.407391 0.493185
v 9.274988 -1.485437 0.351764
v 9.255259 -1.482278 0.400000
v 9.223876 -1.477251 0.441421
v 9.182975 -1.470701 0.473205
v 9.135346 -1.463073 0.493185
v 0.305366 -9.232420 0.300000
v 0.321176 -9.275969 0.300000
v 0.346582 -9.314711 0.300000
v 0.380220 -9.346568 0.300000
v 0.420285 -9.369830 0.300000
v 0.464629 -9.383250 0.300000
v 0.346803 -9.230673 0.420710
v 0.356089 -9.273697 0.408025
v 0.372924 -9.312142 0.389674
v 0.396425 -9.343991 0.366619
v 0.425358 -9.367574 0.340070
v 0.458207 -9.381654 0.311419
v 0.484607 -9.382249 0.337513
v 0.456659 -9.368280 0.371009
v 0.430985 -9.344770 0.400781
v 0.408932 -9.312954 0.425265
v 0.391655 -9.274499 0.443180
v 0.380061 -9.231423 0.453583
v 0.493330 -9.362462 0.394650
v 0.471475 -9.338347 0.426884
v 0.451116 -9.306261 0.452461
v 0.433322 -9.267889 0.470041
v 0.419025 -9.225242 0.478702
v 0.496764 -9.292494 0.469511
v 0.478409 -9.254291 0.486883
v 0.461187 -9.212526 0.494451
v 0.321390 -9.223040 0.382197
v 0.328913 -9.265534 0.366840
v 0.345410 -9.303877 0.347977
v 0.370016 -9.336059 0.326598
v 0.401440 -9.360390 0.303823
v 0.305458 -9.209014 0.340523
v 0.311875 -9.250535 0.322274
v 0.328161 -9.288692 0.302858
v 9.383250 -0.464629 0.300000
v 9.369830 -0.420285 0.300000
v 9.346568 -0.380220 0.300000
v 9.314711 -0.346582 0.300000
v 9.275969 -0.321176 0.300000
v 9.232420 -0.305366 0.300000
v 9.228809 -0.481161 0.494543
v 9.342379 -0.462958 0.419581
v 9.333801 -0.419289 0.408442
v 9.317467 -0.379866 0.391597
v 9.294237 -0.346764 0.369933
v 9.265333 -0.321725 0.344589
v 9.232276 -0.306067 0.316898
v 9.206334 -0.305785 0.343397
v 9.234554 -0.321391 0.376028
v 9.260240 -0.346395 0.404659
v 9.282041 -0.379481 0.427784
v 9.298809 -0.418909 0.444184
v 9.309663 -0.462603 0.452998
v 9.198157 -0.327225 0.400052
v 9.220037 -0.352838 0.431195
v 9.240148 -0.386195 0.455435
v 9.257431 -0.425541 0.471496
v 9.270977 -0.468804 0.478533
v 9.194486 -0.399577 0.472771
v 9.212329 -0.438757 0.488619
v 9.367014 -0.469845 0.380439
v 9.360145 -0.426652 0.366587
v 9.344134 -0.387318 0.349232
v 9.319824 -0.353914 0.329286
v 9.288494 -0.328196 0.307797
v 9.381993 -0.482825 0.338071
v 9.376172 -0.440537 0.321261
v 9.360365 -0.401378 0.303333
v 3.261901 -0.300000 0.000000
v 3.215051 -0.305565 0.000000
v 3.170808 -0.321950 0.000000
v 3.131633 -0.348243 0.000000
v 3.099709 -0.382981 0.000000
v 3.076809 -0.424231 0.000000
v 3.064210 -0.469697 0.000000
v 9.186403 -0.300000 0.000000
v 9.386107 -0.510870 0.000000
v 9.383250 -0.464629 0.000000
v 9.369830 -0.420285 0.000000
v 9.346568 -0.380220 0.000000
v 9.314711 -0.346582 0.000000
v 9.275969 -0.321176 0.000000
v 9.232420 -0.305366 0.000000
v 0.510870 -9.386107 0.000000
v 1.486515 -9.281717 0.000000
v 2.445963 -9.076192 0.000000
v 3.378760 -8.771772 0.000000
v 4.274741 -8.371773 0.000000
v 5.124144 -7.880555 0.000000
v 5.917714 -7.303469 0.000000
v 6.646804 -6.646804 0.000000
v 7.303469 -5.917714 0.000000
v 7.880555 -5.124144 0.000000
v 8.371773 -4.274741 0.000000
v 8.771772 -3.378760 0.000000
v 9.076192 -2.445963 0.000000
v 9.281717 -1.486515 0.000000
v 5.003216 -3.165634 0.500000
v 6.166993 -6.210354 0.500000
v 4.562320 -4.926571 0.500000
v 3.860823 -5.692244 0.500000
v 2.682995 -2.613310 0.500000
v 4.278506 -3.890344 0.500000
v 5.072035 -3.345679 0.300000
v 5.890102 -2.527612 0.300000
v 5.890102 -2.527612 0.400000
v 5.072035 -3.345679 0.400000
v 3.491630 -4.727146 0.400000
v 3.802218 -5.539046 0.400000
v 3.019841 -6.314099 0.400000
v 2.460076 -5.749044 0.400000
v 5.406838 -4.221604 0.400000
v 6.495465 -3.132976 0.400000
v 2.460076 -5.749044 0.300000
v 3.491630 -4.727146 0.300000
v 3.019841 -6.314099 0.300000
v 6.495465 -3.132976 0.300000
v 5.406838 -4.221604 0.300000
v 3.802218 -5.539046 0.300000
v 6.166993 -6.210354 0.300000
v 5.003216 -3.165634 0.300000
v 4.562320 -4.926571 0.300000
v 3.860823 -5.692244 0.300000
v 2.682995 -2.613310 0.300000
v 4.278506 -3.890344 0.300000
v 0.733333 -3.217487 0.000000
v 1.237712 -3.059096 0.000000
v 1.710325 -2.822196 0.000000
v 2.139044 -2.512865 0.000000
v 2.512865 -2.139044 0.000000
v 2.822196 -1.710325 0.000000
v 3.059096 -1.237712 0.000000
v 3.217487 -0.733333 0.000000
v 3.217487 -0.733333 0.300000
v 3.059096 -1.237712 0.300000
v 2.822196 -1.710325 0.300000
v 2.512865 -2.139044 0.300000
v 2.139044 -2.512865 0.300000
v 1.710325 -2.822196 0.300000
v 1.237712 -3.059096 0.300000
v 0.733333 -3.217487 0.300000
v 3.239662 -0.669904 0.000000
v 3.275398 -0.613001 0.000000
v 3.322903 -0.565479 0.000000
v 3.379793 -0.529723 0.000000
v 3.443215 -0.507525 0.000000
v 3.509986 -0.500000 0.000000
v 3.509986 -0.500000 0.300000
v 3.443215 -0.507525 0.300000
v 3.379793 -0.529723 0.300000
v 3.322903 -0.565479 0.300000
v 3.275398 -0.613001 0.300000
v 3.239662 -0.669904 0.300000
v 8.863972 -0.500000 0.000000
v 8.863972 -0.500000 0.300000
v 8.934483 -0.508404 0.000000
v 9.001044 -0.533146 0.000000
v 9.059925 -0.572839 0.000000
v 9.107828 -0.625259 0.000000
v 9.142067 -0.687469 0.000000
v 9.160726 -0.755985 0.000000
v 9.162758 -0.826966 0.000000
v 9.162758 -0.826966 0.300000
v 9.160726 -0.755985 0.300000
v 9.142067 -0.687469 0.300000
v 9.107828 -0.625259 0.300000
v 9.059925 -0.572839 0.300000
v 9.001044 -0.533146 0.300000
v 8.934483 -0.508404 0.300000
v 9.035566 -1.731633 0.000000
v 8.819278 -2.619225 0.000000
v 8.516027 -3.480989 0.000000
v 8.128803 -4.308429 0.000000
v 7.661424 -5.093386 0.000000
v 7.118500 -5.828118 0.000000
v 6.505382 -6.505382 0.000000
v 5.828118 -7.118500 0.000000
v 5.093386 -7.661424 0.000000
v 4.308429 -8.128803 0.000000
v 3.480989 -8.516027 0.000000
v 2.619225 -8.819278 0.000000
v 1.731633 -9.035566 0.000000
v 0.826966 -9.162758 0.000000
v 0.826966 -9.162758 0.300000
v 1.731633 -9.035566 0.300000
v 2.619225 -8.819278 0.300000
v 3.480989 -8.516027 0.300000
v 4.308429 -8.128803 0.300000
v 5.093386 -7.661424 0.300000
v 5.828118 -7.118500 0.300000
v 6.505382 -6.505382 0.300000
v 7.118500 -5.828118 0.300000
v 7.661424 -5.093386 0.300000
v 8.128803 -4.308429 0.300000
v 8.516027 -3.480989 0.300000
v 8.819278 -2.619225 0.300000
v 9.035566 -1.731633 0.300000
v 0.755985 -9.160726 0.000000
v 0.687469 -9.142067 0.000000
v 0.625259 -9.107828 0.000000
v 0.572839 -9.059925 0.000000
v 0.533146 -9.001044 0.000000
v 0.508404 -8.934483 0.000000
v 0.500000 -8.863972 0.000000
v 0.500000 -8.863972 0.300000
v 0.508404 -8.934483 0.300000
v 0.533146 -9.001044 0.300000
v 0.572839 -9.059925 0.300000
v 0.625259 -9.107828 0.300000
v 0.687469 -9.142067 0.300000
v 0.755985 -9.160726 0.300000
v 0.500000 -3.509986 0.000000
v 0.500000 -3.509986 0.300000
v 0.507525 -3.443215 0.000000
v 0.529723 -3.379793 0.000000
v 0.565479 -3.322903 0.000000
v 0.613001 -3.275398 0.000000
v 0.669904 -3.239662 0.000000
v 0.669904 -3.239662 0.300000
v 0.613001 -3.275398 0.300000
v 0.565479 -3.322903 0.300000
v 0.529723 -3.379793 0.300000
v 0.507525 -3.443215 0.300000
v 0.300000 -3.261901 0.000000
v 0.305565 -3.215051 0.000000
v 0.321950 -3.170808 0.000000
v 0.348243 -3.131633 0.000000
v 0.382981 -3.099709 0.000000
v 0.424231 -3.076809 0.000000
v 0.469697 -3.064210 0.000000
v 1.013453 -2.929661 0.000000
v 1.524119 -2.699456 0.000000
v 1.985021 -2.381111 0.000000
v 2.381111 -1.985021 0.000000
v 2.699456 -1.524119 0.000000
v 2.929661 -1.013453 0.000000
v 0.464629 -9.383250 0.000000
v 0.420285 -9.369830 0.000000
v 0.380220 -9.346568 0.000000
v 0.346582 -9.314711 0.000000
v 0.321176 -9.275969 0.000000
v 0.305366 -9.232420 0.000000
v 0.300000 -9.186403 0.000000
vt 2.171601 -0.104720 0.000000
vt 1.184184 -0.104720 0.000000
vt 2.171601 -0.157080 0.000000
vt 0.196767 -0.104720 0.000000
vt -0.790650 -0.104720 0.000000
vt -0.790650 -0.052360 0.000000
vt -1.778067 -0.052360 0.000000
vt -1.778067 0.000000 0.000000
vt -2.765484 0.000000 0.000000
vt -2.765484 0.052360 0.000000
vt -3.752901 0.052360 0.000000
vt -3.752901 0.104720 0.000000
vt -2.765484 0.104720 0.000000
vt -3.752901 0.157080 0.000000
vt -1.778067 0.104720 0.000000
vt -0.790650 0.104720 0.000000
vt -0.790650 0.052360 0.000000
vt 0.196767 0.052360 0.000000
vt 0.196767 0.000000 0.000000
vt 1.184184 0.000000 0.000000
vt 1.184184 -0.052360 0.000000
vt 2.171601 -0.052360 0.000000
vt 2.171601 0.000000 0.000000
vt 1.184184 0.052360 0.000000
vt 0.196767 0.104720 0.000000
vt 2.171601 0.157080 0.000000
vt 2.171601 0.052360 0.000000
vt 1.184184 0.104720 0.000000
vt 2.171601 0.104720 0.000000
vt -3.752901 0.000000 0.000000
vt -2.765484 -0.052360 0.000000
vt -1.778067 -0.104720 0.000000
vt -3.752901 -0.157080 0.000000
vt -3.752901 -0.052360 0.000000
vt -2.765484 -0.104720 0.000000
vt -3.752901 -0.104720 0.000000
vt 0.196767 -0.052360 0.000000
vt -0.790650 0.000000 0.000000
vt -1.778067 0.052360 0.000000
vt 0.314159 -9.442545 0.000000
vt 0.366519 -9.442545 0.000000
vt 0.314159 -8.942465 0.000000
vt 0.366519 -8.942465 0.000000
vt 0.314159 -8.442385 0.000000
vt 0.366519 -8.442385 0.000000
vt 0.314159 -7.942305 0.000000
vt 0.366519 -7.942305 0.000000
vt 0.314159 -7.442226 0.000000
vt 0.366519 -7.442226 0.000000
vt 0.314159 -6.942146 0.000000
vt 0.366519 -6.942146 0.000000
vt 0.314159 -6.442066 0.000000
vt 0.366519 -6.442066 0.000000
vt 0.314159 -5.941986 0.000000
vt 0.366519 -5.941986 0.000000
vt 0.314159 -5.441907 0.000000
vt 0.366519 -5.441907 0.000000
vt 0.418879 -5.941986 0.000000
vt 0.418879 -5.441907 0.000000
vt 0.471239 -5.941986 0.000000
vt 0.471239 -5.441907 0.000000
vt 0.523599 -5.941986 0.000000
vt 0.523599 -5.441907 0.000000
vt 0.575959 -5.941986 0.000000
vt 0.575959 -5.441907 0.000000
vt 0.628319 -5.441907 0.000000
vt 0.628319 -6.013426 0.000000
vt 0.575959 -6.442066 0.000000
vt 0.628319 -6.584946 0.000000
vt 0.575959 -6.942146 0.000000
vt 0.628319 -7.156466 0.000000
vt 0.575959 -7.442226 0.000000
vt 0.628319 -7.727985 0.000000
vt 0.575959 -7.942305 0.000000
vt 0.628319 -8.299505 0.000000
vt 0.575959 -8.442385 0.000000
vt 0.628319 -8.871025 0.000000
vt 0.575959 -8.942465 0.000000
vt 0.628319 -9.442545 0.000000
vt 0.575959 -9.442545 0.000000
vt 0.523599 -8.942465 0.000000
vt 0.523599 -9.442545 0.000000
vt 0.471239 -8.942465 0.000000
vt 0.471239 -9.442545 0.000000
vt 0.418879 -8.942465 0.000000
vt 0.418879 -9.442545 0.000000
vt 0.523599 -8.442385 0.000000
vt 0.523599 -7.942305 0.000000
vt 0.523599 -7.442226 0.000000
vt 0.523599 -6.942146 0.000000
vt 0.523599 -6.442066 0.000000
vt 0.471239 -8.442385 0.000000
vt 0.471239 -7.942305 0.000000
vt 0.471239 -7.442226 0.000000
vt 0.471239 -6.942146 0.000000
vt 0.471239 -6.442066 0.000000
vt 0.418879 -8.442385 0.000000
vt 0.418879 -7.942305 0.000000
vt 0.418879 -7.442226 0.000000
vt 0.418879 -6.942146 0.000000
vt 0.418879 -6.442066 0.000000
vt -0.134014 0.063769 0.000000
vt -0.174911 0.030754 0.000000
vt -0.126644 0.010932 0.000000
vt -0.141205 -0.025918 0.000000
vt -0.126644 -0.038320 0.000000
vt -0.101538 -0.067244 0.000000
vt -0.078377 -0.038320 0.000000
vt -0.058923 -0.100018 0.000000
vt -0.030110 -0.087573 0.000000
vt -0.014973 -0.128707 0.000000
vt 0.018156 -0.087573 0.000000
vt 0.018156 -0.136826 0.000000
vt 0.066423 -0.136826 0.000000
vt 0.029281 -0.156451 0.000000
vt 0.072928 -0.186078 0.000000
vt 0.093520 -0.133980 0.000000
vt 0.066423 -0.087573 0.000000
vt 0.018156 -0.038320 0.000000
vt -0.030110 -0.038320 0.000000
vt -0.030110 0.010932 0.000000
vt -0.078377 0.010932 0.000000
vt -0.078377 0.060185 0.000000
vt -0.126644 0.060185 0.000000
vt -0.091179 0.087297 0.000000
vt 0.108005 -0.077105 0.000000
vt 0.066423 -0.038320 0.000000
vt 0.018156 0.010932 0.000000
vt -0.030110 0.060185 0.000000
vt -0.047441 0.106254 0.000000
vt 0.114690 -0.016555 0.000000
vt 0.066423 0.010932 0.000000
vt 0.018156 0.060185 0.000000
vt -0.030110 0.109438 0.000000
vt -0.003327 0.123272 0.000000
vt 0.018156 0.109438 0.000000
vt 0.040811 0.140163 0.000000
vt 0.066423 0.109438 0.000000
vt 0.084632 0.158690 0.000000
vt 0.102177 0.103999 0.000000
vt 0.066423 0.060185 0.000000
vt 0.112650 0.044895 0.000000
vt 0.790650 -0.104720 0.000000
vt -0.196767 -0.104720 0.000000
vt 0.790650 -0.157080 0.000000
vt -1.184184 -0.104720 0.000000
vt -2.171601 -0.104720 0.000000
vt -2.171601 -0.052360 0.000000
vt -3.159018 -0.052360 0.000000
vt -3.159018 -0.000000 0.000000
vt -4.146435 -0.000000 0.000000
vt -4.146435 0.052360 0.000000
vt -5.133852 0.052360 0.000000
vt -5.133852 0.104720 0.000000
vt -4.146435 0.104720 0.000000
vt -5.133852 0.157080 0.000000
vt -3.159018 0.104720 0.000000
vt -2.171601 0.104720 0.000000
vt -2.171601 0.052360 0.000000
vt -1.184184 0.052360 0.000000
vt -1.184184 -0.000000 0.000000
vt -0.196767 -0.000000 0.000000
vt -0.196767 -0.052360 0.000000
vt 0.790650 -0.052360 0.000000
vt 0.790650 -0.000000 0.000000
vt -0.196767 0.052360 0.000000
vt -1.184184 0.104720 0.000000
vt 0.790650 0.157080 0.000000
vt 0.790650 0.052360 0.000000
vt -0.196767 0.104720 0.000000
vt 0.790650 0.104720 0.000000
vt -5.133852 -0.000000 0.000000
vt -4.146435 -0.052360 0.000000
vt -3.159018 -0.104720 0.000000
vt -5.133852 -0.157080 0.000000
vt -5.133852 -0.052360 0.000000
vt -4.146435 -0.104720 0.000000
vt -5.133852 -0.104720 0.000000
vt -1.184184 -0.052360 0.000000
vt -2.171601 -0.000000 0.000000
vt -3.159018 0.052360 0.000000
vt -0.102382 -0.107690 0.000000
vt -0.086140 -0.156567 0.000000
vt -0.064168 -0.111833 0.000000
vt -0.037655 -0.136172 0.000000
vt -0.011808 -0.111833 0.000000
vt 0.011193 -0.117617 0.000000
vt -0.011808 -0.067100 0.000000
vt 0.040552 -0.067100 0.000000
vt -0.011808 -0.022367 0.000000
vt 0.040552 -0.022367 0.000000
vt -0.011808 0.022367 0.000000
vt 0.040552 0.022367 0.000000
vt -0.011808 0.067100 0.000000
vt 0.040552 0.067100 0.000000
vt 0.011193 0.117617 0.000000
vt 0.059938 0.098538 0.000000
vt 0.092912 0.067100 0.000000
vt 0.108059 0.076312 0.000000
vt 0.092912 0.022367 0.000000
vt 0.145272 0.022367 0.000000
vt 0.145272 -0.022367 0.000000
vt 0.197631 -0.000000 0.000000
vt 0.154661 -0.046588 0.000000
vt 0.092912 -0.067100 0.000000
vt 0.108059 -0.076312 0.000000
vt 0.059938 -0.098538 0.000000
vt 0.154661 0.046588 0.000000
vt -0.011808 0.111833 0.000000
vt -0.037655 0.136172 0.000000
vt -0.064168 0.111833 0.000000
vt -0.086140 0.156567 0.000000
vt -0.102382 0.107690 0.000000
vt -0.064168 0.067100 0.000000
vt -0.112883 0.055036 0.000000
vt -0.064168 0.022367 0.000000
vt -0.116528 0.000000 0.000000
vt -0.064168 -0.022367 0.000000
vt -0.112883 -0.055036 0.000000
vt -0.064168 -0.067100 0.000000
vt 0.092912 -0.022367 0.000000
vt -0.314159 -14.165534 0.000000
vt -0.261799 -14.165534 0.000000
vt -0.314159 -13.189991 0.000000
vt -0.261799 -13.189991 0.000000
vt -0.314159 -12.214449 0.000000
vt -0.261799 -12.214449 0.000000
vt -0.314159 -11.238906 0.000000
vt -0.261799 -11.238906 0.000000
vt -0.314159 -10.263363 0.000000
vt -0.261799 -10.263363 0.000000
vt -0.314159 -9.287821 0.000000
vt -0.261799 -9.287821 0.000000
vt -0.314159 -8.312278 0.000000
vt -0.261799 -8.312278 0.000000
vt -0.314159 -7.336735 0.000000
vt -0.261799 -7.336735 0.000000
vt -0.314159 -6.361192 0.000000
vt -0.261799 -6.361192 0.000000
vt -0.314159 -5.385650 0.000000
vt -0.261799 -5.385650 0.000000
vt -0.314159 -4.410107 0.000000
vt -0.261799 -4.410107 0.000000
vt -0.314159 -3.434564 0.000000
vt -0.261799 -3.434564 0.000000
vt -0.314159 -2.459022 0.000000
vt -0.261799 -2.459022 0.000000
vt -0.314159 -1.483479 0.000000
vt -0.261799 -1.483479 0.000000
vt -0.314159 -0.507936 0.000000
vt -0.261799 -0.507936 0.000000
vt -0.209440 -1.483479 0.000000
vt -0.209440 -0.507936 0.000000
vt -0.157080 -1.483479 0.000000
vt -0.157080 -0.507936 0.000000
vt -0.104720 -1.483479 0.000000
vt -0.104720 -0.507936 0.000000
vt -0.052360 -1.483479 0.000000
vt -0.052360 -0.507936 0.000000
vt -0.000000 -1.483479 0.000000
vt -0.000000 -0.507936 0.000000
vt -0.209440 -14.165534 0.000000
vt -0.209440 -13.189991 0.000000
vt -0.209440 -12.214449 0.000000
vt -0.209440 -11.238906 0.000000
vt -0.209440 -10.263363 0.000000
vt -0.209440 -9.287821 0.000000
vt -0.209440 -8.312278 0.000000
vt -0.209440 -7.336735 0.000000
vt -0.209440 -6.361192 0.000000
vt -0.209440 -5.385650 0.000000
vt -0.209440 -4.410107 0.000000
vt -0.209440 -3.434564 0.000000
vt -0.209440 -2.459022 0.000000
vt -0.157080 -14.165534 0.000000
vt -0.157080 -13.189991 0.000000
vt -0.157080 -12.214449 0.000000
vt -0.157080 -11.238906 0.000000
vt -0.157080 -10.263363 0.000000
vt -0.157080 -9.287821 0.000000
vt -0.157080 -8.312278 0.000000
vt -0.157080 -7.336735 0.000000
vt -0.157080 -6.361192 0.000000
vt -0.157080 -5.385650 0.000000
vt -0.157080 -4.410107 0.000000
vt -0.157080 -3.434564 0.000000
vt -0.157080 -2.459022 0.000000
vt -0.104720 -14.165534 0.000000
vt -0.104720 -13.189991 0.000000
vt -0.104720 -12.214449 0.000000
vt -0.104720 -11.238906 0.000000
vt -0.104720 -10.263363 0.000000
vt -0.104720 -9.287821 0.000000
vt -0.104720 -8.312278 0.000000
vt -0.104720 -7.336735 0.000000
vt -0.104720 -6.361192 0.000000
vt -0.104720 -5.385650 0.000000
vt -0.104720 -4.410107 0.000000
vt -0.104720 -3.434564 0.000000
vt -0.104720 -2.459022 0.000000
vt -0.052360 -14.165534 0.000000
vt -0.052360 -13.189991 0.000000
vt -0.052360 -12.214449 0.000000
vt -0.052360 -11.238906 0.000000
vt -0.052360 -10.263363 0.000000
vt -0.052360 -9.287821 0.000000
vt -0.052360 -8.312278 0.000000
vt -0.052360 -7.336735 0.000000
vt -0.052360 -6.361192 0.000000
vt -0.052360 -5.385650 0.000000
vt -0.052360 -4.410107 0.000000
vt -0.052360 -3.434564 0.000000
vt -0.052360 -2.459022 0.000000
vt -0.000000 -14.165534 0.000000
vt -0.000000 -13.189991 0.000000
vt -0.000000 -12.214449 0.000000
vt -0.000000 -11.238906 0.000000
vt -0.000000 -10.263363 0.000000
vt -0.000000 -9.287821 0.000000
vt -0.000000 -8.312278 0.000000
vt -0.000000 -7.336735 0.000000
vt -0.000000 -6.361192 0.000000
vt -0.000000 -5.385650 0.000000
vt -0.000000 -4.410107 0.000000
vt -0.000000 -3.434564 0.000000
vt -0.000000 -2.459022 0.000000
vt -0.162294 0.036971 0.000000
vt -0.195875 -0.013958 0.000000
vt -0.149969 -0.019662 0.000000
vt -0.152694 -0.059780 0.000000
vt -0.104062 -0.019662 0.000000
vt -0.104062 -0.069744 0.000000
vt -0.058156 -0.069744 0.000000
vt -0.106015 -0.089235 0.000000
vt -0.057865 -0.111401 0.000000
vt -0.009117 -0.130535 0.000000
vt -0.012249 -0.119825 0.000000
vt -0.012249 -0.069744 0.000000
vt -0.058156 -0.019662 0.000000
vt -0.104062 0.030419 0.000000
vt -0.149969 0.030419 0.000000
vt -0.124122 0.071666 0.000000
vt 0.033658 -0.119825 0.000000
vt 0.039715 -0.149240 0.000000
vt 0.079564 -0.119825 0.000000
vt 0.088161 -0.169907 0.000000
vt 0.108566 -0.115966 0.000000
vt 0.079564 -0.069744 0.000000
vt 0.121605 -0.056364 0.000000
vt 0.079564 -0.019662 0.000000
vt 0.125471 0.006793 0.000000
vt 0.079564 0.030419 0.000000
vt 0.119544 0.069487 0.000000
vt 0.079564 0.080501 0.000000
vt 0.104757 0.127973 0.000000
vt 0.079564 0.130582 0.000000
vt 0.083064 0.180664 0.000000
vt 0.041583 0.159028 0.000000
vt 0.033658 0.130582 0.000000
vt -0.000344 0.139239 0.000000
vt -0.012249 0.130582 0.000000
vt -0.042267 0.119435 0.000000
vt -0.012249 0.080501 0.000000
vt -0.058156 0.080501 0.000000
vt -0.012249 0.030419 0.000000
vt -0.058156 0.030419 0.000000
vt -0.012249 -0.019662 0.000000
vt -0.083736 0.097751 0.000000
vt -0.104062 0.080501 0.000000
vt 0.033658 0.030419 0.000000
vt 0.033658 -0.019662 0.000000
vt 0.033658 -0.069744 0.000000
vt 0.033658 0.080501 0.000000
vt 0.155336 0.051054 0.000000
vt 0.150234 0.022353 0.000000
vt 0.196212 0.000000 0.000000
vt 0.150234 -0.027733 0.000000
vt 0.160293 -0.046514 0.000000
vt 0.120600 -0.077761 0.000000
vt 0.104256 -0.027733 0.000000
vt 0.104256 -0.077765 0.000000
vt 0.058278 -0.027733 0.000000
vt 0.058278 -0.077776 0.000000
vt 0.012300 -0.027733 0.000000
vt 0.012300 -0.077787 0.000000
vt -0.033678 -0.027733 0.000000
vt -0.033678 -0.077798 0.000000
vt -0.079657 -0.027733 0.000000
vt -0.079657 -0.077809 0.000000
vt -0.122691 -0.063366 0.000000
vt -0.110424 -0.123479 0.000000
vt 0.110067 0.084150 0.000000
vt 0.104256 0.072438 0.000000
vt 0.104256 0.022353 0.000000
vt 0.062911 0.108922 0.000000
vt 0.058278 0.072438 0.000000
vt 0.058278 0.022353 0.000000
vt 0.014959 0.130080 0.000000
vt 0.012300 0.122524 0.000000
vt 0.012300 0.072438 0.000000
vt -0.033158 0.150477 0.000000
vt -0.033678 0.122524 0.000000
vt -0.033678 0.072438 0.000000
vt 0.012300 0.022353 0.000000
vt -0.033678 0.022353 0.000000
vt -0.079657 0.122524 0.000000
vt -0.080896 0.172609 0.000000
vt -0.103194 0.120476 0.000000
vt -0.079657 0.072438 0.000000
vt -0.118778 0.062487 0.000000
vt -0.079657 0.022353 0.000000
vt -0.125635 -0.000000 0.000000
vt -0.079657 -0.127904 0.000000
vt -0.090574 -0.177989 0.000000
vt -0.048428 -0.157529 0.000000
vt -0.033678 -0.127904 0.000000
vt -0.005831 -0.139130 0.000000
vt 0.012300 -0.127904 0.000000
vt 0.036817 -0.120962 0.000000
vt 0.079133 -0.101276 0.000000
vt -0.000000 0.283739 0.000000
vt -0.300000 0.283739 0.000000
vt -0.000000 0.236449 0.000000
vt -0.300000 0.236449 0.000000
vt -0.000000 0.189159 0.000000
vt -0.300000 0.189159 0.000000
vt -0.000000 0.141870 0.000000
vt -0.300000 0.141870 0.000000
vt -0.000000 0.094580 0.000000
vt -0.300000 0.094580 0.000000
vt -0.000000 0.047290 0.000000
vt -0.300000 0.047290 0.000000
vt -0.000000 0.000000 0.000000
vt -0.300000 0.000000 0.000000
vt 5.924502 0.300000 0.000000
vt 0.000000 0.300000 0.000000
vt 5.924502 0.000000 0.000000
vt 0.000000 0.000000 0.000000
vt -0.000000 0.325034 0.000000
vt -0.300000 0.325034 0.000000
vt -0.000000 0.278601 0.000000
vt -0.300000 0.278601 0.000000
vt -0.000000 0.232167 0.000000
vt -0.300000 0.232167 0.000000
vt -0.000000 0.185734 0.000000
vt -0.300000 0.185734 0.000000
vt -0.000000 0.139300 0.000000
vt -0.300000 0.139300 0.000000
vt -0.000000 0.092867 0.000000
vt -0.300000 0.092867 0.000000
vt -0.000000 0.046433 0.000000
vt -0.300000 0.046433 0.000000
vt -0.000000 0.000000 0.000000
vt -0.300000 0.000000 0.000000
vt -0.000000 13.743243 0.000000
vt -0.300000 13.743243 0.000000
vt -0.000000 12.761582 0.000000
vt -0.300000 12.761582 0.000000
vt -0.000000 11.779922 0.000000
vt -0.300000 11.779922 0.000000
vt -0.000000 10.798262 0.000000
vt -0.300000 10.798262 0.000000
vt -0.000000 9.816602 0.000000
vt -0.300000 9.816602 0.000000
vt -0.000000 8.834942 0.000000
vt -0.300000 8.834942 0.000000
vt -0.000000 7.853282 0.000000
vt -0.300000 7.853282 0.000000
vt -0.000000 6.871621 0.000000
vt -0.300000 6.871621 0.000000
vt -0.000000 5.889961 0.000000
vt -0.300000 5.889961 0.000000
vt -0.000000 4.908301 0.000000
vt -0.300000 4.908301 0.000000
vt -0.000000 3.926641 0.000000
vt -0.300000 3.926641 0.000000
vt -0.000000 2.944981 0.000000
vt -0.300000 2.944981 0.000000
vt -0.000000 1.963320 0.000000
vt -0.300000 1.963320 0.000000
vt -0.000000 0.981660 0.000000
vt -0.300000 0.981660 0.000000
vt -0.000000 0.000000 0.000000
vt -0.300000 0.000000 0.000000
vt 1.323792 -1.367153 0.000000
vt 2.304875 -0.948604 0.000000
vt 0.160015 1.677568 0.000000
vt 2.869682 -0.171918 0.000000
vt 3.350449 0.659412 0.000000
vt -0.280881 -0.083369 0.000000
vt -0.982379 -0.849043 0.000000
vt 0.948604 -2.304875 0.000000
vt 1.662181 -1.662181 0.000000
vt -2.160207 2.229891 0.000000
vt -3.352357 1.899160 0.000000
vt -3.835172 1.700929 0.000000
vt -4.343201 1.581300 0.000000
vt -0.564696 0.952858 0.000000
vt -2.171033 2.906835 0.000000
vt -2.509749 2.509749 0.000000
vt 4.241032 3.388315 0.000000
vt 4.343201 4.343201 0.000000
vt -1.581300 4.343201 0.000000
vt -1.700929 3.835172 0.000000
vt -1.899160 3.352357 0.000000
vt -2.906835 2.171033 0.000000
vt -4.343201 -4.343201 0.000000
vt -3.388315 -4.241032 0.000000
vt -2.449280 -4.039880 0.000000
vt -1.536330 -3.741937 0.000000
vt -0.659412 -3.350449 0.000000
vt 0.171918 -2.869682 0.000000
vt 3.741937 1.536330 0.000000
vt 4.039880 2.449280 0.000000
vt -1.156921 0.300000 0.000000
vt 0.000000 0.300000 0.000000
vt -1.156921 0.400000 0.000000
vt 0.000000 0.400000 0.000000
vt 0.986140 -0.306291 0.000000
vt 0.675553 -1.118191 0.000000
vt 2.017695 -1.328188 0.000000
vt 1.457930 -1.893243 0.000000
vt -0.929067 0.199252 0.000000
vt -0.594264 1.075177 0.000000
vt -2.017695 1.287880 0.000000
vt -1.412331 1.893243 0.000000
vt -1.452026 0.300000 0.000000
vt 0.000000 0.300000 0.000000
vt -1.452026 0.400000 0.000000
vt 0.000000 0.400000 0.000000
vt -0.795377 0.300000 0.000000
vt -0.000000 0.300000 0.000000
vt -0.795377 0.400000 0.000000
vt -0.000000 0.400000 0.000000
vt -0.856113 0.300000 0.000000
vt -0.000000 0.300000 0.000000
vt -0.856113 0.400000 0.000000
vt -0.000000 0.400000 0.000000
vt -1.539552 0.300000 0.000000
vt -0.000000 0.300000 0.000000
vt -1.539552 0.400000 0.000000
vt -0.000000 0.400000 0.000000
vt -1.101281 0.300000 0.000000
vt -0.000000 0.300000 0.000000
vt -1.101281 0.400000 0.000000
vt -0.000000 0.400000 0.000000
vt -2.129076 0.400000 0.000000
vt -3.259555 0.500000 0.000000
vt -3.066806 0.400000 0.000000
vt -3.259555 0.300000 0.000000
vt -3.066806 0.300000 0.000000
vt -2.129076 0.300000 0.000000
vt -0.000000 0.300000 0.000000
vt -0.000000 0.500000 0.000000
vt -0.000000 0.500000 0.000000
vt -2.055012 0.500000 0.000000
vt -0.000000 0.300000 0.000000
vt -2.055012 0.300000 0.000000
vt -0.000000 0.500000 0.000000
vt -1.038439 0.500000 0.000000
vt -0.000000 0.300000 0.000000
vt -1.038439 0.300000 0.000000
vt -2.263226 0.300000 0.000000
vt -0.000000 0.300000 0.000000
vt -2.263226 0.400000 0.000000
vt -0.000000 0.500000 0.000000
vt -3.296530 0.500000 0.000000
vt -3.132506 0.400000 0.000000
vt -3.296530 0.300000 0.000000
vt -3.132506 0.300000 0.000000
vt 0.000000 0.500000 0.000000
vt -1.024895 0.500000 0.000000
vt 0.000000 0.300000 0.000000
vt -1.024895 0.300000 0.000000
vt -0.000000 0.500000 0.000000
vt -2.043642 0.500000 0.000000
vt -0.000000 0.300000 0.000000
vt -2.043642 0.300000 0.000000
vt -0.300000 -0.000000 0.000000
vt 0.000000 -0.000000 0.000000
vt -0.300000 0.529230 0.000000
vt 0.000000 0.529230 0.000000
vt -0.300000 1.058461 0.000000
vt 0.000000 1.058461 0.000000
vt -0.300000 1.587691 0.000000
vt 0.000000 1.587691 0.000000
vt -0.300000 2.116922 0.000000
vt 0.000000 2.116922 0.000000
vt -0.300000 2.646152 0.000000
vt 0.000000 2.646152 0.000000
vt -0.300000 3.175383 0.000000
vt 0.000000 3.175383 0.000000
vt -0.300000 3.704613 0.000000
vt 0.000000 3.704613 0.000000
vt 0.300000 0.404011 0.000000
vt 0.000000 0.404011 0.000000
vt 0.300000 0.336676 0.000000
vt 0.000000 0.336676 0.000000
vt 0.300000 0.269341 0.000000
vt 0.000000 0.269341 0.000000
vt 0.300000 0.202005 0.000000
vt 0.000000 0.202005 0.000000
vt 0.300000 0.134670 0.000000
vt 0.000000 0.134670 0.000000
vt 0.300000 0.067335 0.000000
vt 0.000000 0.067335 0.000000
vt 0.300000 -0.000000 0.000000
vt 0.000000 0.000000 0.000000
vt -5.353986 0.000000 0.000000
vt 0.000000 0.000000 0.000000
vt -5.353986 0.300000 0.000000
vt 0.000000 0.300000 0.000000
vt 0.300000 0.498242 0.000000
vt 0.000000 0.498242 0.000000
vt 0.300000 0.427064 0.000000
vt 0.000000 0.427064 0.000000
vt 0.300000 0.355887 0.000000
vt 0.000000 0.355887 0.000000
vt 0.300000 0.284710 0.000000
vt 0.000000 0.284710 0.000000
vt 0.300000 0.213532 0.000000
vt 0.000000 0.213532 0.000000
vt 0.300000 0.142355 0.000000
vt 0.000000 0.142355 0.000000
vt 0.300000 0.071177 0.000000
vt 0.000000 0.071177 0.000000
vt 0.300000 0.000000 0.000000
vt 0.000000 -0.000000 0.000000
vt 0.300000 12.795158 0.000000
vt 0.000000 12.795158 0.000000
vt 0.300000 11.881218 0.000000
vt 0.000000 11.881218 0.000000
vt 0.300000 10.967278 0.000000
vt 0.000000 10.967278 0.000000
vt 0.300000 10.053339 0.000000
vt 0.000000 10.053339 0.000000
vt 0.300000 9.139399 0.000000
vt 0.000000 9.139399 0.000000
vt 0.300000 8.225459 0.000000
vt 0.000000 8.225459 0.000000
vt 0.300000 7.311519 0.000000
vt 0.000000 7.311519 0.000000
vt 0.300000 6.397579 0.000000
vt 0.000000 6.397579 0.000000
vt 0.300000 5.483639 0.000000
vt 0.000000 5.483639 0.000000
vt 0.300000 4.569699 0.000000
vt 0.000000 4.569699 0.000000
vt 0.300000 3.655759 0.000000
vt 0.000000 3.655759 0.000000
vt 0.300000 2.741820 0.000000
vt 0.000000 2.741820 0.000000
vt 0.300000 1.827880 0.000000
vt 0.000000 1.827880 0.000000
vt 0.300000 0.913940 0.000000
vt 0.000000 0.913940 0.000000
vt 0.300000 0.000000 0.000000
vt 0.000000 0.000000 0.000000
vt 0.300000 0.498242 0.000000
vt 0.000000 0.498242 0.000000
vt 0.300000 0.427064 0.000000
vt 0.000000 0.427064 0.000000
vt 0.300000 0.355887 0.000000
vt 0.000000 0.355887 0.000000
vt 0.300000 0.284710 0.000000
vt 0.000000 0.284710 0.000000
vt 0.300000 0.213532 0.000000
vt 0.000000 0.213532 0.000000
vt 0.300000 0.142355 0.000000
vt 0.000000 0.142355 0.000000
vt 0.300000 0.071177 0.000000
vt 0.000000 0.071177 0.000000
vt 0.300000 -0.000000 0.000000
vt 0.000000 0.000000 0.000000
vt -5.353986 0.000000 0.000000
vt -0.000000 0.000000 0.000000
vt -5.353986 0.300000 0.000000
vt -0.000000 0.300000 0.000000
vt 0.300000 0.404011 0.000000
vt 0.000000 0.404011 0.000000
vt 0.300000 0.336676 0.000000
vt 0.000000 0.336676 0.000000
vt 0.300000 0.269341 0.000000
vt 0.000000 0.269341 0.000000
vt 0.300000 0.202005 0.000000
vt 0.000000 0.202005 0.000000
vt 0.300000 0.134670 0.000000
vt 0.000000 0.134670 0.000000
vt 0.300000 0.067335 0.000000
vt 0.000000 0.067335 0.000000
vt 0.300000 0.000000 0.000000
vt 0.000000 0.000000 0.000000
vt 1.812145 -1.482113 0.000000
vt 3.100353 -4.203580 0.000000
vt 2.371910 -0.917058 0.000000
vt 4.331986 -4.031986 0.000000
vt 4.331986 1.322000 0.000000
vt 1.029768 -0.707060 0.000000
vt 0.971163 -0.860258 0.000000
vt 0.523557 -3.296817 0.000000
vt 1.350997 -3.684041 0.000000
vt 0.269666 -0.094585 0.000000
vt -1.335007 -1.378368 0.000000
vt -0.996132 -2.286514 0.000000
vt -0.261400 -2.829438 0.000000
vt -0.574852 0.610382 0.000000
vt -2.286514 -0.996132 0.000000
vt -1.673396 -1.673396 0.000000
vt -2.829438 -0.261400 0.000000
vt -1.663479 1.699010 0.000000
vt -3.296817 0.523557 0.000000
vt -3.684041 1.350997 0.000000
vt -3.987292 2.212761 0.000000
vt -4.203580 3.100353 0.000000
vt -1.058116 2.304374 0.000000
vt -4.031986 4.331986 0.000000
vt 1.322000 4.331986 0.000000
vt 1.772890 3.594274 0.000000
vt 1.614499 4.098653 0.000000
vt -0.240049 1.486307 0.000000
vt -0.171230 1.666353 0.000000
vt 0.553480 0.941642 0.000000
vt 2.148991 2.218676 0.000000
vt 2.009790 3.121661 0.000000
vt 1.340356 0.104840 0.000000
vt 3.121661 2.009790 0.000000
vt 2.692942 2.319121 0.000000
vt 2.319121 2.692942 0.000000
vt 3.594274 1.772890 0.000000
vt 4.098653 1.614499 0.000000
vt 4.324461 1.388771 0.000000
vt 4.302263 1.452193 0.000000
vt 4.266507 1.509083 0.000000
vt 4.218985 1.556588 0.000000
vt 4.162082 1.592324 0.000000
vt 1.592324 4.162082 0.000000
vt 1.556588 4.218985 0.000000
vt 1.509083 4.266507 0.000000
vt 1.452193 4.302263 0.000000
vt 1.388771 4.324461 0.000000
vt -4.102497 4.323582 0.000000
vt -4.169058 4.298840 0.000000
vt -4.227939 4.259147 0.000000
vt -4.275842 4.206727 0.000000
vt -4.310081 4.144517 0.000000
vt -4.328740 4.076001 0.000000
vt -4.330772 4.005020 0.000000
vt 2.212761 -3.987292 0.000000
vt 4.005020 -4.330772 0.000000
vt 4.323582 -4.102497 0.000000
vt 4.298840 -4.169058 0.000000
vt 4.259147 -4.227939 0.000000
vt 4.206727 -4.275842 0.000000
vt 4.144517 -4.310081 0.000000
vt 4.076001 -4.328740 0.000000
vt 4.537637 1.628151 0.000000
vt 4.277722 1.520299 0.000000
vt 4.543201 1.581300 0.000000
vt 4.313479 1.463408 0.000000
vt 4.335676 1.399987 0.000000
vt 4.521252 1.672394 0.000000
vt 4.494959 1.711568 0.000000
vt 4.460221 1.743493 0.000000
vt 4.418971 1.766392 0.000000
vt 4.373505 1.778991 0.000000
vt 4.230201 1.567803 0.000000
vt 4.173298 1.603540 0.000000
vt 4.109868 1.625715 0.000000
vt 3.829748 1.913541 0.000000
vt 3.605490 1.784105 0.000000
vt 3.319082 2.143746 0.000000
vt 3.132877 2.021006 0.000000
vt 2.858180 2.462090 0.000000
vt 2.704158 2.330336 0.000000
vt 2.330336 2.704158 0.000000
vt 2.462090 2.858180 0.000000
vt 2.021006 3.132877 0.000000
vt 2.143746 3.319082 0.000000
vt 1.784105 3.605490 0.000000
vt 1.913541 3.829748 0.000000
vt 1.625715 4.109868 0.000000
vt 1.778991 4.373505 0.000000
vt 1.603540 4.173298 0.000000
vt 1.567803 4.230201 0.000000
vt 1.520299 4.277722 0.000000
vt 1.766392 4.418971 0.000000
vt 1.743493 4.460221 0.000000
vt 1.711568 4.494959 0.000000
vt 1.672394 4.521252 0.000000
vt 1.628151 4.537637 0.000000
vt 1.581300 4.543201 0.000000
vt 1.463408 4.313479 0.000000
vt 1.399987 4.335676 0.000000
vt 1.333216 4.343201 0.000000
vt -4.020771 4.343201 0.000000
vt -4.343201 4.543201 0.000000
vt -4.091282 4.334797 0.000000
vt -4.157843 4.310056 0.000000
vt -4.216724 4.270363 0.000000
vt -4.389219 4.537836 0.000000
vt -4.432767 4.522025 0.000000
vt -4.471509 4.496620 0.000000
vt -4.503366 4.462982 0.000000
vt -4.264626 4.217943 0.000000
vt -4.526629 4.422916 0.000000
vt -4.540049 4.378573 0.000000
vt -4.542906 4.332332 0.000000
vt -4.298866 4.155732 0.000000
vt -4.317524 4.087217 0.000000
vt -4.319556 4.016235 0.000000
vt -4.438516 3.356687 0.000000
vt -4.192364 3.111569 0.000000
vt -4.232991 2.397238 0.000000
vt -3.976076 2.223977 0.000000
vt -3.928570 1.464442 0.000000
vt -3.672825 1.362212 0.000000
vt -3.528572 0.568461 0.000000
vt -3.285601 0.534772 0.000000
vt -3.037353 -0.280943 0.000000
vt -2.818223 -0.250184 0.000000
vt -2.460268 -1.074513 0.000000
vt -2.275298 -0.984917 0.000000
vt -1.803602 -1.803602 0.000000
vt -1.662181 -1.662181 0.000000
vt -0.984917 -2.275298 0.000000
vt -1.074513 -2.460268 0.000000
vt -0.250184 -2.818223 0.000000
vt -0.280943 -3.037353 0.000000
vt 0.534772 -3.285601 0.000000
vt 0.568461 -3.528572 0.000000
vt 1.362212 -3.672825 0.000000
vt 1.464442 -3.928570 0.000000
vt 2.223977 -3.976076 0.000000
vt 2.397238 -4.232991 0.000000
vt 3.111569 -4.192364 0.000000
vt 3.356687 -4.438516 0.000000
vt 4.016235 -4.319556 0.000000
vt 4.332332 -4.542906 0.000000
vt 4.087217 -4.317524 0.000000
vt 4.155732 -4.298866 0.000000
vt 4.217943 -4.264626 0.000000
vt 4.378573 -4.540049 0.000000
vt 4.422916 -4.526629 0.000000
vt 4.462982 -4.503366 0.000000
vt 4.270363 -4.216724 0.000000
vt 4.496620 -4.471509 0.000000
vt 4.522025 -4.432767 0.000000
vt 4.537836 -4.389219 0.000000
vt 4.543201 -4.343201 0.000000
vt 4.310056 -4.157843 0.000000
vt 4.334797 -4.091282 0.000000
vt 4.343201 -4.020771 0.000000
vt 4.343201 1.333216 0.000000
vt -0.000000 0.000000 0.000000
vt 0.300000 0.000000 0.000000
vt -0.000000 0.560920 0.000000
vt 0.300000 0.560920 0.000000
vt -0.000000 1.121841 0.000000
vt 0.300000 1.121841 0.000000
vt -0.000000 1.682761 0.000000
vt 0.300000 1.682761 0.000000
vt -0.000000 2.243682 0.000000
vt 0.300000 2.243682 0.000000
vt -0.000000 2.804602 0.000000
vt 0.300000 2.804602 0.000000
vt -0.000000 3.365522 0.000000
vt 0.300000 3.365522 0.000000
vt 0.000000 3.926443 0.000000
vt 0.300000 3.926443 0.000000
vt -0.000000 0.325034 0.000000
vt -0.300000 0.325034 0.000000
vt -0.000000 0.278601 0.000000
vt -0.300000 0.278601 0.000000
vt -0.000000 0.232167 0.000000
vt -0.300000 0.232167 0.000000
vt -0.000000 0.185734 0.000000
vt -0.300000 0.185734 0.000000
vt -0.000000 0.139300 0.000000
vt -0.300000 0.139300 0.000000
vt -0.000000 0.092867 0.000000
vt -0.300000 0.092867 0.000000
vt -0.000000 0.046433 0.000000
vt -0.300000 0.046433 0.000000
vt -0.000000 0.000000 0.000000
vt -0.300000 0.000000 0.000000
vt 5.924502 0.300000 0.000000
vt 0.000000 0.300000 0.000000
vt 5.924502 0.000000 0.000000
vt 0.000000 0.000000 0.000000
vt -0.000000 0.283739 0.000000
vt -0.300000 0.283739 0.000000
vt -0.000000 0.236449 0.000000
vt -0.300000 0.236449 0.000000
vt -0.000000 0.189159 0.000000
vt -0.300000 0.189159 0.000000
vt -0.000000 0.141870 0.000000
vt -0.300000 0.141870 0.000000
vt -0.000000 0.094580 0.000000
vt -0.300000 0.094580 0.000000
vt -0.000000 0.047290 0.000000
vt -0.300000 0.047290 0.000000
vt -0.000000 0.000000 0.000000
vt -0.300000 0.000000 0.000000
vn 0.000000 0.258819 0.965926
vn 0.000000 0.258819 0.965926
vn -0.000000 -0.000000 1.000000
vn 0.000000 0.258819 0.965926
vn 0.000000 0.258819 0.965926
vn 0.000000 0.500000 0.866025
vn 0.000000 0.500000 0.866025
vn 0.000000 0.707107 0.707107
vn 0.000000 0.707107 0.707107
vn 0.000000 0.866025 0.500000
vn 0.000000 0.866025 0.500000
vn 0.000000 0.965926 0.258819
vn 0.000000 0.965926 0.258819
vn 0.000000 1.000000 0.000000
vn 0.000000 0.965926 0.258819
vn 0.000000 0.965926 0.258819
vn 0.000000 0.866025 0.500000
vn 0.000000 0.866025 0.500000
vn 0.000000 0.707107 0.707107
vn 0.000000 0.707107 0.707107
vn 0.000000 0.500000 0.866025
vn 0.000000 0.500000 0.866025
vn 0.000000 0.707107 0.707107
vn 0.000000 0.866025 0.500000
vn 0.000000 0.965926 0.258819
vn 0.000000 1.000000 -0.000000
vn 0.000000 0.866025 0.500000
vn 0.000000 0.965926 0.258819
vn 0.000000 0.965926 0.258819
vn 0.000000 0.707107 0.707107
vn 0.000000 0.500000 0.866025
vn 0.000000 0.258819 0.965926
vn 0.000000 0.000000 1.000000
vn 0.000000 0.500000 0.866025
vn 0.000000 0.258819 0.965926
vn 0.000000 0.258819 0.965926
vn 0.000000 0.500000 0.866025
vn 0.000000 0.707107 0.707107
vn 0.000000 0.866025 0.500000
vn -0.255831 0.039215 0.965926
vn 0.000000 -0.000000 1.000000
vn -0.246448 0.079060 0.965926
vn 0.000000 -0.000000 1.000000
vn -0.230901 0.116927 0.965926
vn 0.000000 -0.000000 1.000000
vn -0.209578 0.151869 0.965926
vn 0.000000 -0.000000 1.000000
vn -0.183013 0.183013 0.965926
vn 0.000000 -0.000000 1.000000
vn -0.151869 0.209578 0.965926
vn 0.000000 -0.000000 1.000000
vn -0.116927 0.230901 0.965926
vn 0.000000 -0.000000 1.000000
vn -0.079060 0.246448 0.965926
vn 0.000000 -0.000000 1.000000
vn -0.039215 0.255831 0.965926
vn -0.152732 0.476102 0.866025
vn -0.075758 0.494227 0.866025
vn -0.215995 0.673310 0.707107
vn -0.107137 0.698943 0.707107
vn -0.264539 0.824633 0.500000
vn -0.131216 0.856027 0.500000
vn -0.295055 0.919758 0.258819
vn -0.146352 0.954774 0.258819
vn -0.151515 0.988455 0.000000
vn -0.326920 0.945052 0.000000
vn -0.436377 0.861735 0.258819
vn -0.491651 0.870792 0.000000
vn -0.566784 0.782156 0.258819
vn -0.640329 0.768100 0.000000
vn -0.683013 0.683013 0.258819
vn -0.768100 0.640329 0.000000
vn -0.782156 0.566784 0.258819
vn -0.870792 0.491651 0.000000
vn -0.861735 0.436377 0.258819
vn -0.945052 0.326920 0.000000
vn -0.919758 0.295055 0.258819
vn -0.988455 0.151515 0.000000
vn -0.954774 0.146352 0.258819
vn -0.824633 0.264539 0.500000
vn -0.856027 0.131216 0.500000
vn -0.673310 0.215995 0.707107
vn -0.698943 0.107137 0.707107
vn -0.476102 0.152732 0.866025
vn -0.494227 0.075758 0.866025
vn -0.772611 0.391245 0.500000
vn -0.701262 0.508165 0.500000
vn -0.612372 0.612372 0.500000
vn -0.508165 0.701262 0.500000
vn -0.391245 0.772611 0.500000
vn -0.630834 0.319450 0.707107
vn -0.572578 0.414915 0.707107
vn -0.500000 0.500000 0.707107
vn -0.414915 0.572578 0.707107
vn -0.319450 0.630834 0.707107
vn -0.446067 0.225886 0.866025
vn -0.404874 0.293389 0.866025
vn -0.353553 0.353553 0.866025
vn -0.293389 0.404874 0.866025
vn -0.225886 0.446067 0.866025
vn -0.925459 0.378847 0.000000
vn -0.934334 0.296190 0.198219
vn -0.926797 0.156409 0.341443
vn -0.813741 0.301063 0.497179
vn -0.611709 0.226596 0.757936
vn -0.413306 0.327511 0.849656
vn -0.340985 0.106455 0.934022
vn -0.122296 0.199603 0.972215
vn -0.190948 0.409444 0.892129
vn -0.455422 0.530651 0.714843
vn -0.653520 0.428268 0.624097
vn -0.662765 0.599706 0.448437
vn -0.822382 0.461317 0.332978
vn -0.800047 0.583417 0.139819
vn -0.914852 0.402692 0.029736
vn -0.810963 0.585097 0.000000
vn -0.230927 0.602277 0.764157
vn -0.464733 0.703336 0.537905
vn -0.638871 0.730327 0.241798
vn -0.651339 0.758787 0.000000
vn -0.239766 0.766200 0.596196
vn -0.440666 0.834908 0.329762
vn -0.583313 0.812071 0.016934
vn -0.455469 0.890252 0.000000
vn -0.384704 0.917246 0.103262
vn -0.234252 0.972176 0.000000
vn -0.163797 0.969257 0.183605
vn -0.216919 0.891097 0.398614
vn -0.258819 -0.000000 0.965926
vn -0.258819 -0.000000 0.965926
vn -0.258819 -0.000000 0.965926
vn -0.258819 -0.000000 0.965926
vn -0.500000 -0.000000 0.866025
vn -0.500000 -0.000000 0.866025
vn -0.707107 -0.000000 0.707107
vn -0.707107 -0.000000 0.707107
vn -0.866025 -0.000000 0.500000
vn -0.866025 -0.000000 0.500000
vn -0.965926 -0.000000 0.258819
vn -0.965926 -0.000000 0.258819
vn -1.000000 -0.000000 -0.000000
vn -0.965926 -0.000000 0.258819
vn -0.965926 -0.000000 0.258819
vn -0.866025 -0.000000 0.500000
vn -0.866025 -0.000000 0.500000
vn -0.707107 -0.000000 0.707107
vn -0.707107 -0.000000 0.707107
vn -0.500000 -0.000000 0.866025
vn -0.500000 -0.000000 0.866025
vn -0.707107 -0.000000 0.707107
vn -0.866025 -0.000000 0.500000
vn -0.965926 -0.000000 0.258819
vn -1.000000 -0.000000 0.000000
vn -0.866025 -0.000000 0.500000
vn -0.965926 -0.000000 0.258819
vn -0.965926 -0.000000 0.258819
vn -0.707107 -0.000000 0.707107
vn -0.500000 -0.000000 0.866025
vn -0.258819 -0.000000 0.965926
vn 0.000000 0.000000 1.000000
vn -0.500000 -0.000000 0.866025
vn -0.258819 -0.000000 0.965926
vn -0.258819 -0.000000 0.965926
vn -0.500000 -0.000000 0.866025
vn -0.707107 -0.000000 0.707107
vn -0.866025 -0.000000 0.500000
vn -0.972176 0.234252 -0.000000
vn -0.971588 0.158214 0.176025
vn -0.908180 0.068686 0.412906
vn -0.838765 0.278138 0.468094
vn -0.714769 0.179997 0.675800
vn -0.727085 0.474248 0.496424
vn -0.605186 0.372424 0.703598
vn -0.578937 0.646835 0.496424
vn -0.459820 0.541771 0.703598
vn -0.402012 0.786940 0.468094
vn -0.286217 0.679245 0.675800
vn -0.150916 0.525261 0.837451
vn -0.309366 0.399787 0.862823
vn -0.137830 0.230557 0.963248
vn -0.248779 0.101306 0.963248
vn -0.542063 0.069589 0.837451
vn -0.205496 0.887288 0.412906
vn -0.303598 0.936399 0.176025
vn -0.378847 0.925459 -0.000000
vn -0.490411 0.841005 0.228489
vn -0.585097 0.810963 0.000000
vn -0.658601 0.707818 0.255420
vn -0.758787 0.651339 0.000000
vn -0.799434 0.543752 0.255420
vn -0.890252 0.455469 -0.000000
vn -0.905600 0.357324 0.228489
vn -0.442045 0.245221 0.862823
vn 0.014066 -0.258437 0.965926
vn 0.000000 -0.000000 1.000000
vn 0.040930 -0.255562 0.965926
vn 0.000000 -0.000000 1.000000
vn 0.067347 -0.249903 0.965926
vn 0.000000 -0.000000 1.000000
vn 0.093031 -0.241521 0.965926
vn 0.000000 -0.000000 1.000000
vn 0.117700 -0.230508 0.965926
vn 0.000000 -0.000000 1.000000
vn 0.141088 -0.216983 0.965926
vn 0.000000 -0.000000 1.000000
vn 0.162938 -0.201093 0.965926
vn 0.000000 -0.000000 1.000000
vn 0.183013 -0.183013 0.965926
vn 0.000000 -0.000000 1.000000
vn 0.201093 -0.162938 0.965926
vn 0.000000 -0.000000 1.000000
vn 0.216983 -0.141088 0.965926
vn 0.000000 -0.000000 1.000000
vn 0.230508 -0.117700 0.965926
vn 0.000000 -0.000000 1.000000
vn 0.241521 -0.093031 0.965926
vn 0.000000 -0.000000 1.000000
vn 0.249903 -0.067347 0.965926
vn 0.000000 -0.000000 1.000000
vn 0.255562 -0.040930 0.965926
vn 0.258437 -0.014066 0.965926
vn 0.493708 -0.079070 0.866025
vn 0.499261 -0.027174 0.866025
vn 0.698209 -0.111822 0.707107
vn 0.706062 -0.038430 0.707107
vn 0.855128 -0.136953 0.500000
vn 0.864745 -0.047067 0.500000
vn 0.953771 -0.152751 0.258819
vn 0.964498 -0.052496 0.258819
vn 0.987417 -0.158140 -0.000000
vn 0.998522 -0.054348 -0.000000
vn 0.027174 -0.499261 0.866025
vn 0.079070 -0.493708 0.866025
vn 0.130104 -0.482776 0.866025
vn 0.179721 -0.466584 0.866025
vn 0.227380 -0.445307 0.866025
vn 0.272561 -0.419178 0.866025
vn 0.314772 -0.388482 0.866025
vn 0.353553 -0.353553 0.866025
vn 0.388482 -0.314772 0.866025
vn 0.419178 -0.272561 0.866025
vn 0.445307 -0.227380 0.866025
vn 0.466584 -0.179721 0.866025
vn 0.482776 -0.130104 0.866025
vn 0.038430 -0.706062 0.707107
vn 0.111822 -0.698209 0.707107
vn 0.183995 -0.682749 0.707107
vn 0.254164 -0.659849 0.707107
vn 0.321564 -0.629759 0.707107
vn 0.385459 -0.592808 0.707107
vn 0.445155 -0.549397 0.707107
vn 0.500000 -0.500000 0.707107
vn 0.549397 -0.445155 0.707107
vn 0.592808 -0.385459 0.707107
vn 0.629759 -0.321564 0.707107
vn 0.659849 -0.254164 0.707107
vn 0.682749 -0.183995 0.707107
vn 0.047067 -0.864745 0.500000
vn 0.136953 -0.855128 0.500000
vn 0.225347 -0.836193 0.500000
vn 0.311286 -0.808147 0.500000
vn 0.393833 -0.771295 0.500000
vn 0.472089 -0.726038 0.500000
vn 0.545201 -0.672871 0.500000
vn 0.612372 -0.612372 0.500000
vn 0.672871 -0.545201 0.500000
vn 0.726038 -0.472089 0.500000
vn 0.771295 -0.393833 0.500000
vn 0.808147 -0.311286 0.500000
vn 0.836193 -0.225347 0.500000
vn 0.052496 -0.964498 0.258819
vn 0.152751 -0.953771 0.258819
vn 0.251342 -0.932652 0.258819
vn 0.347195 -0.901370 0.258819
vn 0.439264 -0.860267 0.258819
vn 0.526547 -0.809791 0.258819
vn 0.608093 -0.750490 0.258819
vn 0.683013 -0.683013 0.258819
vn 0.750490 -0.608093 0.258819
vn 0.809791 -0.526547 0.258819
vn 0.860267 -0.439264 0.258819
vn 0.901370 -0.347195 0.258819
vn 0.932652 -0.251342 0.258819
vn 0.054348 -0.998522 -0.000000
vn 0.158140 -0.987417 -0.000000
vn 0.260209 -0.965552 -0.000000
vn 0.359443 -0.933167 -0.000000
vn 0.454760 -0.890614 -0.000000
vn 0.545122 -0.838357 -0.000000
vn 0.629544 -0.776965 -0.000000
vn 0.707107 -0.707107 -0.000000
vn 0.776965 -0.629544 -0.000000
vn 0.838357 -0.545122 -0.000000
vn 0.890614 -0.454760 -0.000000
vn 0.933167 -0.359443 -0.000000
vn 0.965552 -0.260209 -0.000000
vn -0.176857 -0.984236 0.000000
vn -0.076967 -0.979232 0.187566
vn -0.216704 -0.909385 0.355046
vn -0.033349 -0.880296 0.473251
vn -0.142624 -0.759719 0.634418
vn -0.016181 -0.530457 0.847557
vn -0.244418 -0.599291 0.762306
vn -0.345073 -0.791837 0.503903
vn -0.373210 -0.905856 0.200350
vn -0.208966 -0.976255 0.057094
vn -0.398573 -0.917137 0.000000
vn -0.107955 -0.339439 0.934413
vn -0.194067 -0.130616 0.972254
vn -0.404877 -0.194193 0.893512
vn -0.599694 -0.225101 0.767917
vn -0.765984 -0.221351 0.603550
vn -0.893048 -0.183184 0.410986
vn -0.972711 -0.113055 0.202614
vn -0.973170 -0.230087 -0.000000
vn -0.940624 -0.320660 0.111372
vn -0.894120 -0.447828 -0.000000
vn -0.859197 -0.511445 0.014289
vn -0.767091 -0.641538 0.000000
vn -0.772948 -0.587371 0.239887
vn -0.649919 -0.748278 0.132990
vn -0.635379 -0.628694 0.448371
vn -0.517877 -0.787940 0.333097
vn -0.455342 -0.632754 0.626327
vn -0.598900 -0.800824 -0.000000
vn -0.492798 -0.869934 0.019116
vn -0.719553 -0.436470 0.540127
vn -0.541726 -0.440480 0.715898
vn -0.333392 -0.407428 0.850207
vn -0.855434 -0.395654 0.334202
vn 0.099657 0.971075 0.216985
vn 0.229367 0.969666 0.084492
vn 0.230087 0.973170 0.000000
vn 0.447828 0.894120 0.000000
vn 0.394652 0.891373 0.222943
vn 0.510455 0.859020 0.038987
vn 0.539171 0.766179 0.349663
vn 0.667104 0.730432 0.146428
vn 0.655320 0.600671 0.457985
vn 0.788655 0.563409 0.246158
vn 0.736989 0.403556 0.542208
vn 0.868709 0.366741 0.332935
vn 0.779879 0.185208 0.597903
vn 0.903053 0.150776 0.402197
vn 0.058769 0.863877 0.500262
vn 0.240755 0.893045 0.380142
vn 0.168172 0.735808 0.655976
vn 0.369184 0.768025 0.523297
vn 0.040414 0.502117 0.863855
vn 0.268726 0.569023 0.777174
vn 0.129632 0.306213 0.943096
vn 0.355140 0.372297 0.857479
vn 0.478188 0.602594 0.638918
vn 0.562031 0.405456 0.720920
vn 0.212028 0.094196 0.972713
vn 0.422868 0.155982 0.892666
vn 0.616302 0.186984 0.764990
vn 0.977952 0.085877 0.190354
vn 0.984236 0.176857 0.000000
vn 0.948843 0.297315 0.106305
vn 0.917137 0.398573 0.000000
vn 0.869808 0.493109 0.016663
vn 0.800824 0.598900 0.000000
vn 0.641538 0.767091 0.000000
vn -0.988455 0.151515 -0.000000
vn -0.925459 0.378847 -0.000000
vn -0.810963 0.585097 -0.000000
vn -0.651339 0.758787 -0.000000
vn -0.455469 0.890252 -0.000000
vn -0.234252 0.972176 -0.000000
vn -0.000000 1.000000 -0.000000
vn 0.000000 1.000000 -0.000000
vn 0.230087 0.973170 -0.000000
vn 0.447828 0.894120 -0.000000
vn 0.641538 0.767091 -0.000000
vn 0.800824 0.598900 -0.000000
vn 0.917137 0.398573 -0.000000
vn 0.984236 0.176857 -0.000000
vn 0.998522 -0.054348 -0.000000
vn 0.987417 -0.158140 -0.000000
vn 0.965552 -0.260209 -0.000000
vn 0.933167 -0.359443 -0.000000
vn 0.890614 -0.454760 -0.000000
vn 0.838357 -0.545122 -0.000000
vn 0.776965 -0.629544 -0.000000
vn 0.707107 -0.707107 -0.000000
vn 0.629544 -0.776965 -0.000000
vn 0.545122 -0.838357 -0.000000
vn 0.454760 -0.890614 -0.000000
vn 0.359443 -0.933167 -0.000000
vn 0.260209 -0.965552 -0.000000
vn 0.158140 -0.987417 -0.000000
vn 0.054348 -0.998522 -0.000000
vn 0.000000 0.000000 1.000000
vn 0.000000 0.000000 1.000000
vn 0.000000 0.000000 1.000000
vn 0.000000 0.000000 1.000000
vn 0.000000 0.000000 1.000000
vn 0.000000 0.000000 1.000000
vn 0.707107 -0.707107 -0.000000
vn 0.707107 -0.707107 -0.000000
vn 0.707107 -0.707107 -0.000000
vn 0.707107 -0.707107 -0.000000
vn -0.000000 -0.000000 -1.000000
vn -0.000000 -0.000000 -1.000000
vn -0.000000 -0.000000 -1.000000
vn -0.000000 -0.000000 -1.000000
vn -0.000000 -0.000000 -1.000000
vn -0.000000 -0.000000 -1.000000
vn -0.000000 -0.000000 -1.000000
vn -0.000000 -0.000000 -1.000000
vn 0.703774 -0.710424 -0.000000
vn 0.703774 -0.710424 -0.000000
vn 0.703774 -0.710424 -0.000000
vn 0.703774 -0.710424 -0.000000
vn 0.710424 0.703774 -0.000000
vn 0.710424 0.703774 -0.000000
vn 0.710424 0.703774 -0.000000
vn 0.710424 0.703774 -0.000000
vn -0.707107 -0.707107 0.000000
vn -0.707107 -0.707107 0.000000
vn -0.707107 -0.707107 0.000000
vn -0.707107 -0.707107 0.000000
vn -0.707107 0.707107 -0.000000
vn -0.707107 0.707107 -0.000000
vn -0.707107 0.707107 -0.000000
vn -0.707107 0.707107 -0.000000
vn -0.703774 0.710424 -0.000000
vn -0.703774 0.710424 -0.000000
vn -0.703774 0.710424 -0.000000
vn -0.703774 0.710424 -0.000000
vn -0.934091 -0.357035 0.000000
vn -0.934091 -0.357035 0.000000
vn -0.934091 -0.357035 0.000000
vn -0.934091 -0.357035 0.000000
vn -0.934091 -0.357035 0.000000
vn -0.934091 -0.357035 0.000000
vn -0.934091 -0.357035 0.000000
vn -0.934091 -0.357035 0.000000
vn 0.624708 0.780858 -0.000000
vn 0.624708 0.780858 -0.000000
vn 0.624708 0.780858 -0.000000
vn 0.624708 0.780858 -0.000000
vn -0.737331 0.675531 -0.000000
vn -0.737331 0.675531 -0.000000
vn -0.737331 0.675531 -0.000000
vn -0.737331 0.675531 -0.000000
vn 0.933992 0.357293 -0.000000
vn 0.933992 0.357293 -0.000000
vn 0.933992 0.357293 -0.000000
vn 0.933992 0.357293 -0.000000
vn 0.933992 0.357293 -0.000000
vn 0.933992 0.357293 -0.000000
vn 0.933992 0.357293 -0.000000
vn 0.933992 0.357293 -0.000000
vn 0.707107 -0.707107 -0.000000
vn 0.707107 -0.707107 -0.000000
vn 0.707107 -0.707107 -0.000000
vn 0.707107 -0.707107 -0.000000
vn -0.624881 -0.780720 0.000000
vn -0.624881 -0.780720 0.000000
vn -0.624881 -0.780720 0.000000
vn -0.624881 -0.780720 0.000000
vn 0.222222 -0.974996 -0.000000
vn 0.222222 -0.974996 -0.000000
vn 0.375064 -0.926999 -0.000000
vn 0.375064 -0.926999 -0.000000
vn 0.518280 -0.855211 -0.000000
vn 0.518280 -0.855211 -0.000000
vn 0.648195 -0.761474 -0.000000
vn 0.648195 -0.761474 -0.000000
vn 0.761474 -0.648195 -0.000000
vn 0.761474 -0.648195 -0.000000
vn 0.855211 -0.518280 -0.000000
vn 0.855211 -0.518280 -0.000000
vn 0.926999 -0.375064 -0.000000
vn 0.926999 -0.375064 -0.000000
vn 0.974996 -0.222222 -0.000000
vn 0.974996 -0.222222 -0.000000
vn 0.901080 -0.433654 0.000000
vn 0.901080 -0.433654 0.000000
vn 0.781959 -0.623330 0.000000
vn 0.781959 -0.623330 0.000000
vn 0.623610 -0.781736 0.000000
vn 0.623610 -0.781736 0.000000
vn 0.433976 -0.900925 0.000000
vn 0.433976 -0.900925 0.000000
vn 0.222571 -0.974917 0.000000
vn 0.222571 -0.974917 0.000000
vn 0.000000 -1.000000 0.000000
vn 0.000000 -1.000000 0.000000
vn -0.000000 -1.000000 0.000000
vn -0.000000 -1.000000 0.000000
vn -0.235038 -0.971986 0.000000
vn -0.235038 -0.971986 0.000000
vn -0.456908 -0.889514 0.000000
vn -0.456908 -0.889514 0.000000
vn -0.653178 -0.757204 0.000000
vn -0.653178 -0.757204 0.000000
vn -0.812852 -0.582470 0.000000
vn -0.812852 -0.582470 0.000000
vn -0.926984 -0.375102 0.000000
vn -0.926984 -0.375102 0.000000
vn -0.989178 -0.146717 0.000000
vn -0.989178 -0.146717 0.000000
vn -0.995952 0.089888 0.000000
vn -0.995952 0.089888 0.000000
vn -0.982127 0.188221 0.000000
vn -0.982127 0.188221 0.000000
vn -0.958617 0.284698 0.000000
vn -0.958617 0.284698 0.000000
vn -0.925655 0.378368 0.000000
vn -0.925655 0.378368 0.000000
vn -0.883566 0.468308 0.000000
vn -0.883566 0.468308 0.000000
vn -0.832764 0.553629 0.000000
vn -0.832764 0.553629 0.000000
vn -0.773750 0.633491 0.000000
vn -0.773750 0.633491 0.000000
vn -0.707107 0.707107 0.000000
vn -0.707107 0.707107 0.000000
vn -0.633491 0.773750 0.000000
vn -0.633491 0.773750 0.000000
vn -0.553629 0.832764 0.000000
vn -0.553629 0.832764 0.000000
vn -0.468308 0.883566 0.000000
vn -0.468308 0.883566 0.000000
vn -0.378368 0.925655 0.000000
vn -0.378368 0.925655 0.000000
vn -0.284698 0.958617 0.000000
vn -0.284698 0.958617 0.000000
vn -0.188221 0.982127 0.000000
vn -0.188221 0.982127 0.000000
vn -0.089888 0.995952 0.000000
vn -0.089888 0.995952 0.000000
vn 0.146717 0.989178 -0.000000
vn 0.146717 0.989178 -0.000000
vn 0.375102 0.926984 -0.000000
vn 0.375102 0.926984 -0.000000
vn 0.582470 0.812852 -0.000000
vn 0.582470 0.812852 -0.000000
vn 0.757204 0.653178 -0.000000
vn 0.757204 0.653178 -0.000000
vn 0.889514 0.456908 -0.000000
vn 0.889514 0.456908 -0.000000
vn 0.971986 0.235038 -0.000000
vn 0.971986 0.235038 -0.000000
vn 1.000000 -0.000000 0.000000
vn 1.000000 -0.000000 0.000000
vn 1.000000 0.000000 -0.000000
vn 1.000000 0.000000 -0.000000
vn 0.974917 -0.222571 0.000000
vn 0.974917 -0.222571 0.000000
vn 0.900925 -0.433976 0.000000
vn 0.900925 -0.433976 0.000000
vn 0.781736 -0.623610 0.000000
vn 0.781736 -0.623610 0.000000
vn 0.623330 -0.781959 0.000000
vn 0.623330 -0.781959 0.000000
vn 0.433654 -0.901080 0.000000
vn 0.433654 -0.901080 0.000000
vn -0.000000 -0.000000 -1.000000
vn -0.000000 -0.000000 -1.000000
vn -0.000000 -0.000000 -1.000000
vn -0.000000 -0.000000 -1.000000
vn -0.000000 -0.000000 -1.000000
vn -0.000000 -0.000000 -1.000000
vn -0.000000 -0.000000 -1.000000
vn -0.000000 -0.000000 -1.000000
vn -0.000000 -0.000000 -1.000000
vn -0.000000 -0.000000 -1.000000
vn -0.000000 -0.000000 -1.000000
vn -0.000000 -0.000000 -1.000000
vn -0.000000 -0.000000 -1.000000
vn -0.000000 -0.000000 -1.000000
vn -0.000000 -0.000000 -1.000000
vn -0.000000 -0.000000 -1.000000
vn -0.000000 -0.000000 -1.000000
vn -0.000000 -0.000000 -1.000000
vn -0.000000 -0.000000 -1.000000
vn -0.000000 -0.000000 -1.000000
vn -0.000000 -0.000000 -1.000000
vn -0.000000 -0.000000 -1.000000
vn -0.000000 -0.000000 -1.000000
vn -0.000000 -0.000000 -1.000000
vn -0.000000 -0.000000 -1.000000
vn -0.000000 -0.000000 -1.000000
vn -0.000000 -0.000000 -1.000000
vn -0.000000 -0.000000 -1.000000
vn -0.000000 -0.000000 -1.000000
vn -0.000000 -0.000000 -1.000000
vn -0.000000 -0.000000 -1.000000
vn -0.000000 -0.000000 -1.000000
vn -0.000000 -0.000000 -1.000000
vn -0.000000 -0.000000 -1.000000
vn -0.000000 -0.000000 -1.000000
vn -0.000000 -0.000000 -1.000000
vn -0.000000 -0.000000 -1.000000
vn -0.000000 -0.000000 -1.000000
vn -0.000000 -0.000000 -1.000000
vn -0.000000 -0.000000 -1.000000
vn -0.000000 -0.000000 -1.000000
vn -0.000000 -0.000000 -1.000000
vn -0.000000 -0.000000 -1.000000
vn -0.000000 -0.000000 -1.000000
vn -0.000000 -0.000000 -1.000000
vn -0.000000 -0.000000 -1.000000
vn -0.000000 -0.000000 -1.000000
vn -0.000000 -0.000000 -1.000000
vn -0.000000 -0.000000 -1.000000
vn -0.000000 -0.000000 -1.000000
vn -0.000000 -0.000000 -1.000000
vn -0.000000 -0.000000 -1.000000
vn -0.000000 -0.000000 -1.000000
vn -0.000000 -0.000000 -1.000000
vn -0.000000 -0.000000 -1.000000
vn -0.000000 -0.000000 -1.000000
vn -0.000000 -0.000000 -1.000000
vn -0.000000 -0.000000 -1.000000
vn -0.000000 -0.000000 -1.000000
vn -0.000000 -0.000000 -1.000000
vn -0.000000 -0.000000 -1.000000
vn -0.000000 -0.000000 -1.000000
vn -0.000000 -0.000000 -1.000000
vn 0.000000 -0.000000 -1.000000
vn 0.000000 -0.000000 -1.000000
vn 0.000000 -0.000000 -1.000000
vn 0.000000 -0.000000 -1.000000
vn 0.000000 -0.000000 -1.000000
vn 0.000000 -0.000000 -1.000000
vn 0.000000 -0.000000 -1.000000
vn 0.000000 -0.000000 -1.000000
vn 0.000000 -0.000000 -1.000000
vn 0.000000 -0.000000 -1.000000
vn 0.000000 -0.000000 -1.000000
vn 0.000000 -0.000000 -1.000000
vn 0.000000 -0.000000 -1.000000
vn 0.000000 -0.000000 -1.000000
vn 0.000000 -0.000000 -1.000000
vn 0.000000 -0.000000 -1.000000
vn 0.000000 -0.000000 -1.000000
vn 0.000000 -0.000000 -1.000000
vn 0.000000 -0.000000 -1.000000
vn 0.000000 -0.000000 -1.000000
vn 0.000000 -0.000000 -1.000000
vn 0.000000 -0.000000 -1.000000
vn 0.000000 -0.000000 -1.000000
vn 0.000000 -0.000000 -1.000000
vn 0.000000 -0.000000 -1.000000
vn 0.000000 -0.000000 -1.000000
vn 0.000000 -0.000000 -1.000000
vn 0.000000 -0.000000 -1.000000
vn 0.000000 -0.000000 -1.000000
vn 0.000000 -0.000000 -1.000000
vn 0.000000 -0.000000 -1.000000
vn 0.000000 -0.000000 -1.000000
vn 0.000000 -0.000000 -1.000000
vn 0.000000 -0.000000 -1.000000
vn 0.000000 -0.000000 -1.000000
vn 0.000000 -0.000000 -1.000000
vn 0.000000 -0.000000 -1.000000
vn 0.000000 -0.000000 -1.000000
vn 0.000000 -0.000000 -1.000000
vn 0.000000 -0.000000 -1.000000
vn 0.000000 -0.000000 -1.000000
vn 0.000000 -0.000000 -1.000000
vn 0.000000 -0.000000 -1.000000
vn 0.000000 -0.000000 -1.000000
vn 0.000000 -0.000000 -1.000000
vn 0.000000 -0.000000 -1.000000
vn 0.000000 -0.000000 -1.000000
vn 0.000000 -0.000000 -1.000000
vn 0.000000 -0.000000 -1.000000
vn 0.000000 -0.000000 -1.000000
vn 0.000000 -0.000000 -1.000000
vn 0.000000 -0.000000 -1.000000
vn 0.000000 -0.000000 -1.000000
vn 0.000000 -0.000000 -1.000000
vn 0.000000 -0.000000 -1.000000
vn 0.000000 -0.000000 -1.000000
vn 0.000000 -0.000000 -1.000000
vn 0.000000 -0.000000 -1.000000
vn 0.000000 -0.000000 -1.000000
vn 0.000000 -0.000000 -1.000000
vn 0.000000 -0.000000 -1.000000
vn 0.000000 -0.000000 -1.000000
vn 0.000000 -0.000000 -1.000000
vn 0.000000 -0.000000 -1.000000
vn 0.000000 -0.000000 -1.000000
vn 0.000000 -0.000000 -1.000000
vn 0.000000 -0.000000 -1.000000
vn 0.000000 -0.000000 -1.000000
vn 0.000000 -0.000000 -1.000000
vn 0.000000 -0.000000 -1.000000
vn 0.000000 -0.000000 -1.000000
vn 0.000000 -0.000000 -1.000000
vn 0.000000 -0.000000 -1.000000
vn 0.000000 -0.000000 -1.000000
vn 0.000000 -0.000000 -1.000000
vn 0.000000 -0.000000 -1.000000
vn 0.000000 -0.000000 -1.000000
vn 0.000000 -0.000000 -1.000000
vn 0.000000 -0.000000 -1.000000
vn 0.000000 -0.000000 -1.000000
vn 0.000000 -0.000000 -1.000000
vn 0.000000 -0.000000 -1.000000
vn 0.000000 -0.000000 -1.000000
vn 0.000000 -0.000000 -1.000000
vn 0.000000 -0.000000 -1.000000
vn 0.000000 -0.000000 -1.000000
vn 0.000000 -0.000000 -1.000000
vn 0.000000 -0.000000 -1.000000
vn 0.000000 -0.000000 -1.000000
vn 0.000000 -0.000000 -1.000000
vn 0.000000 -0.000000 -1.000000
vn 0.000000 -0.000000 -1.000000
vn 0.000000 -0.000000 -1.000000
vn 0.000000 -0.000000 -1.000000
vn 0.000000 -0.000000 -1.000000
vn 0.000000 -0.000000 -1.000000
vn 0.000000 -0.000000 -1.000000
vn 0.000000 -0.000000 -1.000000
vn -0.151515 0.988455 0.000000
vn -0.326920 0.945052 0.000000
vn -0.491651 0.870792 0.000000
vn -0.640329 0.768100 0.000000
vn -0.768100 0.640329 0.000000
vn -0.870792 0.491651 0.000000
vn -0.945052 0.326920 0.000000
vn -0.176857 -0.984236 0.000000
vn -0.398573 -0.917137 0.000000
vn -0.598900 -0.800824 0.000000
vn -0.767091 -0.641538 0.000000
vn -0.894120 -0.447828 0.000000
vn -0.973170 -0.230087 0.000000
vn -1.000000 0.000000 -0.000000
vn -1.000000 -0.000000 0.000000
vn -0.972176 0.234252 -0.000000
vn -0.890252 0.455469 -0.000000
vn -0.758787 0.651339 -0.000000
vn -0.585097 0.810963 -0.000000
vn -0.378847 0.925459 -0.000000
f 3969/5907/5178 3982/5908/5179 3968/5909/5180
f 3968/5909/5180 3982/5908/5179 3983/5910/5181
f 3968/5909/5180 3983/5910/5181 3984/5911/5182
f 3984/5911/5182 3983/5910/5181 3989/5912/5183
f 3984/5911/5182 3989/5912/5183 3990/5913/5184
f 3990/5913/5184 3989/5912/5183 3995/5914/5185
f 3990/5913/5184 3995/5914/5185 3996/5915/5186
f 3996/5915/5186 3995/5914/5185 4001/5916/5187
f 3996/5915/5186 4001/5916/5187 3977/5917/5188
f 3977/5917/5188 4001/5916/5187 3976/5918/5189
f 3976/5918/5189 4001/5916/5187 4006/5919/5190
f 3976/5918/5189 4006/5919/5190 3975/5920/5191
f 3975/5920/5191 4006/5919/5190 4005/5921/5192
f 3975/5920/5191 4005/5921/5192 4004/5922/5193
f 4004/5922/5193 4005/5921/5192 3999/5923/5194
f 4004/5922/5193 3999/5923/5194 3998/5924/5195
f 3998/5924/5195 3999/5923/5194 3993/5925/5196
f 3998/5924/5195 3993/5925/5196 3992/5926/5197
f 3992/5926/5197 3993/5925/5196 3987/5927/5198
f 3992/5926/5197 3987/5927/5198 3970/5928/5199
f 3970/5928/5199 3987/5927/5198 3969/5907/5178
f 3969/5907/5178 3987/5927/5198 3982/5908/5179
f 3970/5928/5199 3971/5929/5200 3992/5926/5197
f 3992/5926/5197 3971/5929/5200 3997/5930/5201
f 3992/5926/5197 3997/5930/5201 3998/5924/5195
f 3998/5924/5195 3997/5930/5201 4003/5931/5202
f 3998/5924/5195 4003/5931/5202 4004/5922/5193
f 4004/5922/5193 4003/5931/5202 3974/5932/5203
f 4004/5922/5193 3974/5932/5203 3975/5920/5191
f 3971/5929/5200 3972/5933/5204 3997/5930/5201
f 3997/5930/5201 3972/5933/5204 4002/5934/5205
f 3997/5930/5201 4002/5934/5205 4003/5931/5202
f 4003/5931/5202 4002/5934/5205 3974/5932/5203
f 3972/5933/5204 3973/5935/5206 4002/5934/5205
f 4002/5934/5205 3973/5935/5206 3974/5932/5203
f 3977/5917/5188 3978/5936/5207 3996/5915/5186
f 3996/5915/5186 3978/5936/5207 3991/5937/5208
f 3996/5915/5186 3991/5937/5208 3990/5913/5184
f 3990/5913/5184 3991/5937/5208 3985/5938/5209
f 3990/5913/5184 3985/5938/5209 3984/5911/5182
f 3984/5911/5182 3985/5938/5209 3981/5939/5210
f 3984/5911/5182 3981/5939/5210 3968/5909/5180
f 3978/5936/5207 3979/5940/5211 3991/5937/5208
f 3991/5937/5208 3979/5940/5211 3986/5941/5212
f 3991/5937/5208 3986/5941/5212 3985/5938/5209
f 3985/5938/5209 3986/5941/5212 3981/5939/5210
f 3979/5940/5211 3980/5942/5213 3986/5941/5212
f 3986/5941/5212 3980/5942/5213 3981/5939/5210
f 3983/5910/5181 3982/5908/5179 3988/5943/5214
f 3988/5943/5214 3982/5908/5179 3987/5927/5198
f 3988/5943/5214 3987/5927/5198 3993/5925/5196
f 3983/5910/5181 3988/5943/5214 3989/5912/5183
f 3989/5912/5183 3988/5943/5214 3994/5944/5215
f 3989/5912/5183 3994/5944/5215 3995/5914/5185
f 3995/5914/5185 3994/5944/5215 4000/5945/5216
f 3995/5914/5185 4000/5945/5216 4001/5916/5187
f 4001/5916/5187 4000/5945/5216 4006/5919/5190
f 3994/5944/5215 3988/5943/5214 3993/5925/5196
f 4000/5945/5216 3994/5944/5215 3999/5923/5194
f 3999/5923/5194 3994/5944/5215 3993/5925/5196
f 4006/5919/5190 4000/5945/5216 4005/5921/5192
f 4005/5921/5192 4000/5945/5216 3999/5923/5194
f 3981/5946/5210 4007/5947/5217 4032/5948/5218
f 4032/5948/5218 4007/5947/5217 4037/5949/5219
f 4032/5948/5218 4037/5949/5219 4031/5950/5220
f 4031/5950/5220 4037/5949/5219 4042/5951/5221
f 4031/5950/5220 4042/5951/5221 4030/5952/5222
f 4030/5952/5222 4042/5951/5221 4047/5953/5223
f 4030/5952/5222 4047/5953/5223 4029/5954/5224
f 4029/5954/5224 4047/5953/5223 4052/5955/5225
f 4029/5954/5224 4052/5955/5225 4028/5956/5226
f 4028/5956/5226 4052/5955/5225 4057/5957/5227
f 4028/5956/5226 4057/5957/5227 4027/5958/5228
f 4027/5958/5228 4057/5957/5227 4062/5959/5229
f 4027/5958/5228 4062/5959/5229 4026/5960/5230
f 4026/5960/5230 4062/5959/5229 4067/5961/5231
f 4026/5960/5230 4067/5961/5231 4025/5962/5232
f 4025/5962/5232 4067/5961/5231 4024/5963/5233
f 4024/5963/5233 4067/5961/5231 4066/5964/5234
f 4024/5963/5233 4066/5964/5234 4023/5965/5235
f 4023/5965/5235 4066/5964/5234 4065/5966/5236
f 4023/5965/5235 4065/5966/5236 4022/5967/5237
f 4022/5967/5237 4065/5966/5236 4064/5968/5238
f 4022/5967/5237 4064/5968/5238 4021/5969/5239
f 4021/5969/5239 4064/5968/5238 4063/5970/5240
f 4021/5969/5239 4063/5970/5240 4020/5971/5241
f 4020/5971/5241 4063/5970/5240 4019/5972/5242
f 4019/5972/5242 4063/5970/5240 4018/5973/5243
f 4018/5973/5243 4063/5970/5240 4058/5974/5244
f 4018/5973/5243 4058/5974/5244 4017/5975/5245
f 4017/5975/5245 4058/5974/5244 4053/5976/5246
f 4017/5975/5245 4053/5976/5246 4016/5977/5247
f 4016/5977/5247 4053/5976/5246 4048/5978/5248
f 4016/5977/5247 4048/5978/5248 4015/5979/5249
f 4015/5979/5249 4048/5978/5248 4043/5980/5250
f 4015/5979/5249 4043/5980/5250 4014/5981/5251
f 4014/5981/5251 4043/5980/5250 4038/5982/5252
f 4014/5981/5251 4038/5982/5252 4013/5983/5253
f 4013/5983/5253 4038/5982/5252 4033/5984/5254
f 4013/5983/5253 4033/5984/5254 4012/5985/5255
f 4012/5985/5255 4033/5984/5254 4011/5986/5256
f 4011/5986/5256 4033/5984/5254 4034/5987/5257
f 4011/5986/5256 4034/5987/5257 4010/5988/5258
f 4010/5988/5258 4034/5987/5257 4035/5989/5259
f 4010/5988/5258 4035/5989/5259 4009/5990/5260
f 4009/5990/5260 4035/5989/5259 4036/5991/5261
f 4009/5990/5260 4036/5991/5261 4008/5992/5262
f 4008/5992/5262 4036/5991/5261 4037/5949/5219
f 4008/5992/5262 4037/5949/5219 4007/5947/5217
f 4034/5987/5257 4033/5984/5254 4039/5993/5263
f 4039/5993/5263 4033/5984/5254 4038/5982/5252
f 4039/5993/5263 4038/5982/5252 4044/5994/5264
f 4044/5994/5264 4038/5982/5252 4043/5980/5250
f 4044/5994/5264 4043/5980/5250 4049/5995/5265
f 4049/5995/5265 4043/5980/5250 4048/5978/5248
f 4049/5995/5265 4048/5978/5248 4054/5996/5266
f 4054/5996/5266 4048/5978/5248 4053/5976/5246
f 4054/5996/5266 4053/5976/5246 4059/5997/5267
f 4059/5997/5267 4053/5976/5246 4058/5974/5244
f 4059/5997/5267 4058/5974/5244 4064/5968/5238
f 4064/5968/5238 4058/5974/5244 4063/5970/5240
f 4035/5989/5259 4034/5987/5257 4040/5998/5268
f 4040/5998/5268 4034/5987/5257 4039/5993/5263
f 4040/5998/5268 4039/5993/5263 4045/5999/5269
f 4045/5999/5269 4039/5993/5263 4044/5994/5264
f 4045/5999/5269 4044/5994/5264 4050/6000/5270
f 4050/6000/5270 4044/5994/5264 4049/5995/5265
f 4050/6000/5270 4049/5995/5265 4055/6001/5271
f 4055/6001/5271 4049/5995/5265 4054/5996/5266
f 4055/6001/5271 4054/5996/5266 4060/6002/5272
f 4060/6002/5272 4054/5996/5266 4059/5997/5267
f 4060/6002/5272 4059/5997/5267 4065/5966/5236
f 4065/5966/5236 4059/5997/5267 4064/5968/5238
f 4042/5951/5221 4037/5949/5219 4036/5991/5261
f 4036/5991/5261 4035/5989/5259 4041/6003/5273
f 4041/6003/5273 4035/5989/5259 4040/5998/5268
f 4041/6003/5273 4040/5998/5268 4046/6004/5274
f 4046/6004/5274 4040/5998/5268 4045/5999/5269
f 4046/6004/5274 4045/5999/5269 4051/6005/5275
f 4051/6005/5275 4045/5999/5269 4050/6000/5270
f 4051/6005/5275 4050/6000/5270 4056/6006/5276
f 4056/6006/5276 4050/6000/5270 4055/6001/5271
f 4056/6006/5276 4055/6001/5271 4061/6007/5277
f 4061/6007/5277 4055/6001/5271 4060/6002/5272
f 4061/6007/5277 4060/6002/5272 4066/5964/5234
f 4066/5964/5234 4060/6002/5272 4065/5966/5236
f 4047/5953/5223 4042/5951/5221 4041/6003/5273
f 4041/6003/5273 4042/5951/5221 4036/5991/5261
f 4047/5953/5223 4041/6003/5273 4046/6004/5274
f 4052/5955/5225 4047/5953/5223 4046/6004/5274
f 4052/5955/5225 4046/6004/5274 4051/6005/5275
f 4057/5957/5227 4052/5955/5225 4051/6005/5275
f 4057/5957/5227 4051/6005/5275 4056/6006/5276
f 4062/5959/5229 4057/5957/5227 4056/6006/5276
f 4062/5959/5229 4056/6006/5276 4061/6007/5277
f 4067/5961/5231 4062/5959/5229 4061/6007/5277
f 4067/5961/5231 4061/6007/5277 4066/5964/5234
f 4072/6008/5278 4012/6009/5255 4078/6010/5279
f 4078/6010/5279 4012/6009/5255 4011/6011/5256
f 4078/6010/5279 4011/6011/5256 4083/6012/5280
f 4083/6012/5280 4011/6011/5256 4010/6013/5258
f 4083/6012/5280 4010/6013/5258 4084/6014/5281
f 4084/6014/5281 4010/6013/5258 4009/6015/5260
f 4084/6014/5281 4009/6015/5260 4088/6016/5282
f 4088/6016/5282 4009/6015/5260 4008/6017/5262
f 4088/6016/5282 4008/6017/5262 4089/6018/5283
f 4089/6018/5283 4008/6017/5262 4091/6019/5284
f 4089/6018/5283 4091/6019/5284 4092/6020/5285
f 4092/6020/5285 4091/6019/5284 4007/6021/5217
f 4092/6020/5285 4007/6021/5217 3981/6022/5210
f 4008/6017/5262 4007/6021/5217 4091/6019/5284
f 3981/6022/5210 3980/6023/5213 4092/6020/5285
f 4092/6020/5285 3980/6023/5213 4090/6024/5286
f 4092/6020/5285 4090/6024/5286 4089/6018/5283
f 4089/6018/5283 4090/6024/5286 4086/6025/5287
f 4089/6018/5283 4086/6025/5287 4085/6026/5288
f 4085/6026/5288 4086/6025/5287 4080/6027/5289
f 4085/6026/5288 4080/6027/5289 4079/6028/5290
f 4079/6028/5290 4080/6027/5289 4076/6029/5291
f 4079/6028/5290 4076/6029/5291 4077/6030/5292
f 4077/6030/5292 4076/6029/5291 4071/6031/5293
f 4077/6030/5292 4071/6031/5293 4072/6008/5278
f 3980/6023/5213 3979/6032/5211 4090/6024/5286
f 4090/6024/5286 3979/6032/5211 4087/6033/5294
f 4090/6024/5286 4087/6033/5294 4086/6025/5287
f 4086/6025/5287 4087/6033/5294 4081/6034/5295
f 4086/6025/5287 4081/6034/5295 4080/6027/5289
f 4080/6027/5289 4081/6034/5295 4075/6035/5296
f 4080/6027/5289 4075/6035/5296 4076/6029/5291
f 4076/6029/5291 4075/6035/5296 4070/6036/5297
f 4076/6029/5291 4070/6036/5297 4071/6031/5293
f 3979/6032/5211 3978/6037/5207 4087/6033/5294
f 4087/6033/5294 3978/6037/5207 4082/6038/5298
f 4087/6033/5294 4082/6038/5298 4081/6034/5295
f 4081/6034/5295 4082/6038/5298 4074/6039/5299
f 4081/6034/5295 4074/6039/5299 4075/6035/5296
f 4075/6035/5296 4074/6039/5299 4095/6040/5300
f 4075/6035/5296 4095/6040/5300 4070/6036/5297
f 4070/6036/5297 4095/6040/5300 4069/6041/5301
f 4069/6041/5301 4095/6040/5300 4094/6042/5302
f 4069/6041/5301 4094/6042/5302 4068/6043/5303
f 4068/6043/5303 4094/6042/5302 4093/6044/5304
f 4068/6043/5303 4093/6044/5304 3975/6045/5191
f 3975/6045/5191 4093/6044/5304 3976/6046/5189
f 3976/6046/5189 4093/6044/5304 4073/6047/5305
f 3976/6046/5189 4073/6047/5305 3977/6048/5188
f 3977/6048/5188 4073/6047/5305 4082/6038/5298
f 3977/6048/5188 4082/6038/5298 3978/6037/5207
f 4077/6030/5292 4072/6008/5278 4078/6010/5279
f 4082/6038/5298 4073/6047/5305 4074/6039/5299
f 4074/6039/5299 4073/6047/5305 4094/6042/5302
f 4074/6039/5299 4094/6042/5302 4095/6040/5300
f 4093/6044/5304 4094/6042/5302 4073/6047/5305
f 4077/6030/5292 4078/6010/5279 4079/6028/5290
f 4079/6028/5290 4078/6010/5279 4084/6014/5281
f 4079/6028/5290 4084/6014/5281 4085/6026/5288
f 4085/6026/5288 4084/6014/5281 4088/6016/5282
f 4085/6026/5288 4088/6016/5282 4089/6018/5283
f 4083/6012/5280 4084/6014/5281 4078/6010/5279
f 4096/6049/5306 4109/6050/5307 4025/6051/5232
f 4025/6051/5232 4109/6050/5307 4110/6052/5308
f 4025/6051/5232 4110/6052/5308 4111/6053/5309
f 4111/6053/5309 4110/6052/5308 4116/6054/5310
f 4111/6053/5309 4116/6054/5310 4117/6055/5311
f 4117/6055/5311 4116/6054/5310 4122/6056/5312
f 4117/6055/5311 4122/6056/5312 4123/6057/5313
f 4123/6057/5313 4122/6056/5312 4128/6058/5314
f 4123/6057/5313 4128/6058/5314 4104/6059/5315
f 4104/6059/5315 4128/6058/5314 4103/6060/5316
f 4103/6060/5316 4128/6058/5314 4133/6061/5317
f 4103/6060/5316 4133/6061/5317 4102/6062/5318
f 4102/6062/5318 4133/6061/5317 4132/6063/5319
f 4102/6062/5318 4132/6063/5319 4131/6064/5320
f 4131/6064/5320 4132/6063/5319 4126/6065/5321
f 4131/6064/5320 4126/6065/5321 4125/6066/5322
f 4125/6066/5322 4126/6065/5321 4120/6067/5323
f 4125/6066/5322 4120/6067/5323 4119/6068/5324
f 4119/6068/5324 4120/6067/5323 4114/6069/5325
f 4119/6068/5324 4114/6069/5325 4097/6070/5326
f 4097/6070/5326 4114/6069/5325 4096/6049/5306
f 4096/6049/5306 4114/6069/5325 4109/6050/5307
f 4097/6070/5326 4098/6071/5327 4119/6068/5324
f 4119/6068/5324 4098/6071/5327 4124/6072/5328
f 4119/6068/5324 4124/6072/5328 4125/6066/5322
f 4125/6066/5322 4124/6072/5328 4130/6073/5329
f 4125/6066/5322 4130/6073/5329 4131/6064/5320
f 4131/6064/5320 4130/6073/5329 4101/6074/5330
f 4131/6064/5320 4101/6074/5330 4102/6062/5318
f 4098/6071/5327 4099/6075/5331 4124/6072/5328
f 4124/6072/5328 4099/6075/5331 4129/6076/5332
f 4124/6072/5328 4129/6076/5332 4130/6073/5329
f 4130/6073/5329 4129/6076/5332 4101/6074/5330
f 4099/6075/5331 4100/6077/5333 4129/6076/5332
f 4129/6076/5332 4100/6077/5333 4101/6074/5330
f 4104/6059/5315 4105/6078/5334 4123/6057/5313
f 4123/6057/5313 4105/6078/5334 4118/6079/5335
f 4123/6057/5313 4118/6079/5335 4117/6055/5311
f 4117/6055/5311 4118/6079/5335 4112/6080/5336
f 4117/6055/5311 4112/6080/5336 4111/6053/5309
f 4111/6053/5309 4112/6080/5336 4108/6081/5337
f 4111/6053/5309 4108/6081/5337 4025/6051/5232
f 4105/6078/5334 4106/6082/5338 4118/6079/5335
f 4118/6079/5335 4106/6082/5338 4113/6083/5339
f 4118/6079/5335 4113/6083/5339 4112/6080/5336
f 4112/6080/5336 4113/6083/5339 4108/6081/5337
f 4106/6082/5338 4107/6084/5340 4113/6083/5339
f 4113/6083/5339 4107/6084/5340 4108/6081/5337
f 4110/6052/5308 4109/6050/5307 4115/6085/5341
f 4115/6085/5341 4109/6050/5307 4114/6069/5325
f 4115/6085/5341 4114/6069/5325 4120/6067/5323
f 4110/6052/5308 4115/6085/5341 4116/6054/5310
f 4116/6054/5310 4115/6085/5341 4121/6086/5342
f 4116/6054/5310 4121/6086/5342 4122/6056/5312
f 4122/6056/5312 4121/6086/5342 4127/6087/5343
f 4122/6056/5312 4127/6087/5343 4128/6058/5314
f 4128/6058/5314 4127/6087/5343 4133/6061/5317
f 4121/6086/5342 4115/6085/5341 4120/6067/5323
f 4127/6087/5343 4121/6086/5342 4126/6065/5321
f 4126/6065/5321 4121/6086/5342 4120/6067/5323
f 4133/6061/5317 4127/6087/5343 4132/6063/5319
f 4132/6063/5319 4127/6087/5343 4126/6065/5321
f 4138/6088/5344 4101/6089/5330 4141/6090/5345
f 4141/6090/5345 4101/6089/5330 4100/6091/5333
f 4141/6090/5345 4100/6091/5333 4140/6092/5346
f 4140/6092/5346 4100/6091/5333 4099/6093/5331
f 4140/6092/5346 4099/6093/5331 4144/6094/5347
f 4144/6094/5347 4099/6093/5331 4143/6095/5348
f 4144/6094/5347 4143/6095/5348 4149/6096/5349
f 4149/6096/5349 4143/6095/5348 4148/6097/5350
f 4149/6096/5349 4148/6097/5350 4154/6098/5351
f 4154/6098/5351 4148/6097/5350 4153/6099/5352
f 4154/6098/5351 4153/6099/5352 4158/6100/5353
f 4158/6100/5353 4153/6099/5352 4157/6101/5354
f 4158/6100/5353 4157/6101/5354 4021/6102/5239
f 4021/6102/5239 4157/6101/5354 4022/6103/5237
f 4022/6103/5237 4157/6101/5354 4156/6104/5355
f 4022/6103/5237 4156/6104/5355 4023/6105/5235
f 4023/6105/5235 4156/6104/5355 4152/6106/5356
f 4023/6105/5235 4152/6106/5356 4151/6107/5357
f 4151/6107/5357 4152/6106/5356 4146/6108/5358
f 4151/6107/5357 4146/6108/5358 4025/6109/5232
f 4025/6109/5232 4146/6108/5358 4096/6110/5306
f 4096/6110/5306 4146/6108/5358 4142/6111/5359
f 4096/6110/5306 4142/6111/5359 4097/6112/5326
f 4097/6112/5326 4142/6111/5359 4098/6113/5327
f 4098/6113/5327 4142/6111/5359 4143/6095/5348
f 4098/6113/5327 4143/6095/5348 4099/6093/5331
f 4025/6109/5232 4024/6114/5233 4151/6107/5357
f 4151/6107/5357 4024/6114/5233 4023/6105/5235
f 4158/6100/5353 4021/6102/5239 4160/6115/5360
f 4160/6115/5360 4021/6102/5239 4020/6116/5241
f 4160/6115/5360 4020/6116/5241 4139/6117/5361
f 4139/6117/5361 4020/6116/5241 4019/6118/5242
f 4139/6117/5361 4019/6118/5242 4134/6119/5362
f 4139/6117/5361 4134/6119/5362 4159/6120/5363
f 4159/6120/5363 4134/6119/5362 4135/6121/5364
f 4159/6120/5363 4135/6121/5364 4155/6122/5365
f 4155/6122/5365 4135/6121/5364 4136/6123/5366
f 4155/6122/5365 4136/6123/5366 4150/6124/5367
f 4150/6124/5367 4136/6123/5366 4137/6125/5368
f 4150/6124/5367 4137/6125/5368 4145/6126/5369
f 4145/6126/5369 4137/6125/5368 4138/6088/5344
f 4145/6126/5369 4138/6088/5344 4141/6090/5345
f 4145/6126/5369 4141/6090/5345 4140/6092/5346
f 4148/6097/5350 4143/6095/5348 4142/6111/5359
f 4150/6124/5367 4145/6126/5369 4144/6094/5347
f 4144/6094/5347 4145/6126/5369 4140/6092/5346
f 4150/6124/5367 4144/6094/5347 4149/6096/5349
f 4148/6097/5350 4142/6111/5359 4147/6127/5370
f 4147/6127/5370 4142/6111/5359 4146/6108/5358
f 4147/6127/5370 4146/6108/5358 4152/6106/5356
f 4153/6099/5352 4148/6097/5350 4147/6127/5370
f 4153/6099/5352 4147/6127/5370 4152/6106/5356
f 4155/6122/5365 4150/6124/5367 4149/6096/5349
f 4155/6122/5365 4149/6096/5349 4154/6098/5351
f 4157/6101/5354 4153/6099/5352 4152/6106/5356
f 4156/6104/5355 4157/6101/5354 4152/6106/5356
f 4159/6120/5363 4155/6122/5365 4154/6098/5351
f 4159/6120/5363 4154/6098/5351 4158/6100/5353
f 4139/6117/5361 4159/6120/5363 4158/6100/5353
f 4160/6115/5360 4139/6117/5361 4158/6100/5353
f 4108/6128/5337 4161/6129/5371 4198/6130/5372
f 4198/6130/5372 4161/6129/5371 4203/6131/5373
f 4198/6130/5372 4203/6131/5373 4197/6132/5374
f 4197/6132/5374 4203/6131/5373 4208/6133/5375
f 4197/6132/5374 4208/6133/5375 4196/6134/5376
f 4196/6134/5376 4208/6133/5375 4213/6135/5377
f 4196/6134/5376 4213/6135/5377 4195/6136/5378
f 4195/6136/5378 4213/6135/5377 4218/6137/5379
f 4195/6136/5378 4218/6137/5379 4194/6138/5380
f 4194/6138/5380 4218/6137/5379 4223/6139/5381
f 4194/6138/5380 4223/6139/5381 4193/6140/5382
f 4193/6140/5382 4223/6139/5381 4228/6141/5383
f 4193/6140/5382 4228/6141/5383 4192/6142/5384
f 4192/6142/5384 4228/6141/5383 4233/6143/5385
f 4192/6142/5384 4233/6143/5385 4191/6144/5386
f 4191/6144/5386 4233/6143/5385 4238/6145/5387
f 4191/6144/5386 4238/6145/5387 4190/6146/5388
f 4190/6146/5388 4238/6145/5387 4243/6147/5389
f 4190/6146/5388 4243/6147/5389 4189/6148/5390
f 4189/6148/5390 4243/6147/5389 4248/6149/5391
f 4189/6148/5390 4248/6149/5391 4188/6150/5392
f 4188/6150/5392 4248/6149/5391 4253/6151/5393
f 4188/6150/5392 4253/6151/5393 4187/6152/5394
f 4187/6152/5394 4253/6151/5393 4258/6153/5395
f 4187/6152/5394 4258/6153/5395 4186/6154/5396
f 4186/6154/5396 4258/6153/5395 4263/6155/5397
f 4186/6154/5396 4263/6155/5397 3968/6156/5180
f 3968/6156/5180 4263/6155/5397 4185/6157/5398
f 4185/6157/5398 4263/6155/5397 4262/6158/5399
f 4185/6157/5398 4262/6158/5399 4184/6159/5400
f 4184/6159/5400 4262/6158/5399 4261/6160/5401
f 4184/6159/5400 4261/6160/5401 4183/6161/5402
f 4183/6161/5402 4261/6160/5401 4260/6162/5403
f 4183/6161/5402 4260/6162/5403 4182/6163/5404
f 4182/6163/5404 4260/6162/5403 4259/6164/5405
f 4182/6163/5404 4259/6164/5405 4181/6165/5406
f 4181/6165/5406 4259/6164/5405 4179/6166/5407
f 4181/6165/5406 4179/6166/5407 4180/6167/5408
f 4161/6129/5371 4162/6168/5409 4203/6131/5373
f 4203/6131/5373 4162/6168/5409 4202/6169/5410
f 4203/6131/5373 4202/6169/5410 4208/6133/5375
f 4208/6133/5375 4202/6169/5410 4207/6170/5411
f 4208/6133/5375 4207/6170/5411 4213/6135/5377
f 4213/6135/5377 4207/6170/5411 4212/6171/5412
f 4213/6135/5377 4212/6171/5412 4218/6137/5379
f 4218/6137/5379 4212/6171/5412 4217/6172/5413
f 4218/6137/5379 4217/6172/5413 4223/6139/5381
f 4223/6139/5381 4217/6172/5413 4222/6173/5414
f 4223/6139/5381 4222/6173/5414 4228/6141/5383
f 4228/6141/5383 4222/6173/5414 4227/6174/5415
f 4228/6141/5383 4227/6174/5415 4233/6143/5385
f 4233/6143/5385 4227/6174/5415 4232/6175/5416
f 4233/6143/5385 4232/6175/5416 4238/6145/5387
f 4238/6145/5387 4232/6175/5416 4237/6176/5417
f 4238/6145/5387 4237/6176/5417 4243/6147/5389
f 4243/6147/5389 4237/6176/5417 4242/6177/5418
f 4243/6147/5389 4242/6177/5418 4248/6149/5391
f 4248/6149/5391 4242/6177/5418 4247/6178/5419
f 4248/6149/5391 4247/6178/5419 4253/6151/5393
f 4253/6151/5393 4247/6178/5419 4252/6179/5420
f 4253/6151/5393 4252/6179/5420 4258/6153/5395
f 4258/6153/5395 4252/6179/5420 4257/6180/5421
f 4258/6153/5395 4257/6180/5421 4263/6155/5397
f 4263/6155/5397 4257/6180/5421 4262/6158/5399
f 4162/6168/5409 4163/6181/5422 4202/6169/5410
f 4202/6169/5410 4163/6181/5422 4201/6182/5423
f 4202/6169/5410 4201/6182/5423 4207/6170/5411
f 4207/6170/5411 4201/6182/5423 4206/6183/5424
f 4207/6170/5411 4206/6183/5424 4212/6171/5412
f 4212/6171/5412 4206/6183/5424 4211/6184/5425
f 4212/6171/5412 4211/6184/5425 4217/6172/5413
f 4217/6172/5413 4211/6184/5425 4216/6185/5426
f 4217/6172/5413 4216/6185/5426 4222/6173/5414
f 4222/6173/5414 4216/6185/5426 4221/6186/5427
f 4222/6173/5414 4221/6186/5427 4227/6174/5415
f 4227/6174/5415 4221/6186/5427 4226/6187/5428
f 4227/6174/5415 4226/6187/5428 4232/6175/5416
f 4232/6175/5416 4226/6187/5428 4231/6188/5429
f 4232/6175/5416 4231/6188/5429 4237/6176/5417
f 4237/6176/5417 4231/6188/5429 4236/6189/5430
f 4237/6176/5417 4236/6189/5430 4242/6177/5418
f 4242/6177/5418 4236/6189/5430 4241/6190/5431
f 4242/6177/5418 4241/6190/5431 4247/6178/5419
f 4247/6178/5419 4241/6190/5431 4246/6191/5432
f 4247/6178/5419 4246/6191/5432 4252/6179/5420
f 4252/6179/5420 4246/6191/5432 4251/6192/5433
f 4252/6179/5420 4251/6192/5433 4257/6180/5421
f 4257/6180/5421 4251/6192/5433 4256/6193/5434
f 4257/6180/5421 4256/6193/5434 4262/6158/5399
f 4262/6158/5399 4256/6193/5434 4261/6160/5401
f 4163/6181/5422 4164/6194/5435 4201/6182/5423
f 4201/6182/5423 4164/6194/5435 4200/6195/5436
f 4201/6182/5423 4200/6195/5436 4206/6183/5424
f 4206/6183/5424 4200/6195/5436 4205/6196/5437
f 4206/6183/5424 4205/6196/5437 4211/6184/5425
f 4211/6184/5425 4205/6196/5437 4210/6197/5438
f 4211/6184/5425 4210/6197/5438 4216/6185/5426
f 4216/6185/5426 4210/6197/5438 4215/6198/5439
f 4216/6185/5426 4215/6198/5439 4221/6186/5427
f 4221/6186/5427 4215/6198/5439 4220/6199/5440
f 4221/6186/5427 4220/6199/5440 4226/6187/5428
f 4226/6187/5428 4220/6199/5440 4225/6200/5441
f 4226/6187/5428 4225/6200/5441 4231/6188/5429
f 4231/6188/5429 4225/6200/5441 4230/6201/5442
f 4231/6188/5429 4230/6201/5442 4236/6189/5430
f 4236/6189/5430 4230/6201/5442 4235/6202/5443
f 4236/6189/5430 4235/6202/5443 4241/6190/5431
f 4241/6190/5431 4235/6202/5443 4240/6203/5444
f 4241/6190/5431 4240/6203/5444 4246/6191/5432
f 4246/6191/5432 4240/6203/5444 4245/6204/5445
f 4246/6191/5432 4245/6204/5445 4251/6192/5433
f 4251/6192/5433 4245/6204/5445 4250/6205/5446
f 4251/6192/5433 4250/6205/5446 4256/6193/5434
f 4256/6193/5434 4250/6205/5446 4255/6206/5447
f 4256/6193/5434 4255/6206/5447 4261/6160/5401
f 4261/6160/5401 4255/6206/5447 4260/6162/5403
f 4164/6194/5435 4165/6207/5448 4200/6195/5436
f 4200/6195/5436 4165/6207/5448 4199/6208/5449
f 4200/6195/5436 4199/6208/5449 4205/6196/5437
f 4205/6196/5437 4199/6208/5449 4204/6209/5450
f 4205/6196/5437 4204/6209/5450 4210/6197/5438
f 4210/6197/5438 4204/6209/5450 4209/6210/5451
f 4210/6197/5438 4209/6210/5451 4215/6198/5439
f 4215/6198/5439 4209/6210/5451 4214/6211/5452
f 4215/6198/5439 4214/6211/5452 4220/6199/5440
f 4220/6199/5440 4214/6211/5452 4219/6212/5453
f 4220/6199/5440 4219/6212/5453 4225/6200/5441
f 4225/6200/5441 4219/6212/5453 4224/6213/5454
f 4225/6200/5441 4224/6213/5454 4230/6201/5442
f 4230/6201/5442 4224/6213/5454 4229/6214/5455
f 4230/6201/5442 4229/6214/5455 4235/6202/5443
f 4235/6202/5443 4229/6214/5455 4234/6215/5456
f 4235/6202/5443 4234/6215/5456 4240/6203/5444
f 4240/6203/5444 4234/6215/5456 4239/6216/5457
f 4240/6203/5444 4239/6216/5457 4245/6204/5445
f 4245/6204/5445 4239/6216/5457 4244/6217/5458
f 4245/6204/5445 4244/6217/5458 4250/6205/5446
f 4250/6205/5446 4244/6217/5458 4249/6218/5459
f 4250/6205/5446 4249/6218/5459 4255/6206/5447
f 4255/6206/5447 4249/6218/5459 4254/6219/5460
f 4255/6206/5447 4254/6219/5460 4260/6162/5403
f 4260/6162/5403 4254/6219/5460 4259/6164/5405
f 4165/6207/5448 4166/6220/5461 4199/6208/5449
f 4199/6208/5449 4166/6220/5461 4167/6221/5462
f 4199/6208/5449 4167/6221/5462 4204/6209/5450
f 4204/6209/5450 4167/6221/5462 4168/6222/5463
f 4204/6209/5450 4168/6222/5463 4209/6210/5451
f 4209/6210/5451 4168/6222/5463 4169/6223/5464
f 4209/6210/5451 4169/6223/5464 4214/6211/5452
f 4214/6211/5452 4169/6223/5464 4170/6224/5465
f 4214/6211/5452 4170/6224/5465 4219/6212/5453
f 4219/6212/5453 4170/6224/5465 4171/6225/5466
f 4219/6212/5453 4171/6225/5466 4224/6213/5454
f 4224/6213/5454 4171/6225/5466 4172/6226/5467
f 4224/6213/5454 4172/6226/5467 4229/6214/5455
f 4229/6214/5455 4172/6226/5467 4173/6227/5468
f 4229/6214/5455 4173/6227/5468 4234/6215/5456
f 4234/6215/5456 4173/6227/5468 4174/6228/5469
f 4234/6215/5456 4174/6228/5469 4239/6216/5457
f 4239/6216/5457 4174/6228/5469 4175/6229/5470
f 4239/6216/5457 4175/6229/5470 4244/6217/5458
f 4244/6217/5458 4175/6229/5470 4176/6230/5471
f 4244/6217/5458 4176/6230/5471 4249/6218/5459
f 4249/6218/5459 4176/6230/5471 4177/6231/5472
f 4249/6218/5459 4177/6231/5472 4254/6219/5460
f 4254/6219/5460 4177/6231/5472 4178/6232/5473
f 4254/6219/5460 4178/6232/5473 4259/6164/5405
f 4259/6164/5405 4178/6232/5473 4179/6166/5407
f 4269/6233/5474 4166/6234/5461 4276/6235/5475
f 4276/6235/5475 4166/6234/5461 4165/6236/5448
f 4276/6235/5475 4165/6236/5448 4277/6237/5476
f 4277/6237/5476 4165/6236/5448 4282/6238/5477
f 4277/6237/5476 4282/6238/5477 4283/6239/5478
f 4283/6239/5478 4282/6238/5477 4164/6240/5435
f 4283/6239/5478 4164/6240/5435 4163/6241/5422
f 4165/6236/5448 4164/6240/5435 4282/6238/5477
f 4162/6242/5409 4287/6243/5479 4163/6241/5422
f 4163/6241/5422 4287/6243/5479 4284/6244/5480
f 4163/6241/5422 4284/6244/5480 4283/6239/5478
f 4283/6239/5478 4284/6244/5480 4278/6245/5481
f 4283/6239/5478 4278/6245/5481 4277/6237/5476
f 4277/6237/5476 4278/6245/5481 4274/6246/5482
f 4277/6237/5476 4274/6246/5482 4275/6247/5483
f 4275/6247/5483 4274/6246/5482 4268/6248/5484
f 4275/6247/5483 4268/6248/5484 4269/6233/5474
f 4287/6243/5479 4162/6242/5409 4288/6249/5485
f 4288/6249/5485 4162/6242/5409 4161/6250/5371
f 4288/6249/5485 4161/6250/5371 4289/6251/5486
f 4289/6251/5486 4161/6250/5371 4108/6252/5337
f 4289/6251/5486 4108/6252/5337 4107/6253/5340
f 4289/6251/5486 4107/6253/5340 4286/6254/5487
f 4286/6254/5487 4107/6253/5340 4106/6255/5338
f 4286/6254/5487 4106/6255/5338 4281/6256/5488
f 4281/6256/5488 4106/6255/5338 4105/6257/5334
f 4281/6256/5488 4105/6257/5334 4270/6258/5489
f 4270/6258/5489 4105/6257/5334 4104/6259/5315
f 4270/6258/5489 4104/6259/5315 4290/6260/5490
f 4290/6260/5490 4104/6259/5315 4103/6261/5316
f 4290/6260/5490 4103/6261/5316 4295/6262/5491
f 4295/6262/5491 4103/6261/5316 4102/6263/5318
f 4295/6262/5491 4102/6263/5318 4264/6264/5492
f 4295/6262/5491 4264/6264/5492 4296/6265/5493
f 4296/6265/5493 4264/6264/5492 4265/6266/5494
f 4296/6265/5493 4265/6266/5494 4297/6267/5495
f 4297/6267/5495 4265/6266/5494 4266/6268/5496
f 4297/6267/5495 4266/6268/5496 4292/6269/5497
f 4292/6269/5497 4266/6268/5496 4293/6270/5498
f 4292/6269/5497 4293/6270/5498 4272/6271/5499
f 4272/6271/5499 4293/6270/5498 4273/6272/5500
f 4272/6271/5499 4273/6272/5500 4279/6273/5501
f 4279/6273/5501 4273/6272/5500 4278/6245/5481
f 4279/6273/5501 4278/6245/5481 4284/6244/5480
f 4266/6268/5496 4267/6274/5502 4293/6270/5498
f 4293/6270/5498 4267/6274/5502 4294/6275/5503
f 4293/6270/5498 4294/6275/5503 4273/6272/5500
f 4273/6272/5500 4294/6275/5503 4274/6246/5482
f 4273/6272/5500 4274/6246/5482 4278/6245/5481
f 4267/6274/5502 4268/6248/5484 4294/6275/5503
f 4294/6275/5503 4268/6248/5484 4274/6246/5482
f 4275/6247/5483 4269/6233/5474 4276/6235/5475
f 4270/6258/5489 4271/6276/5504 4281/6256/5488
f 4281/6256/5488 4271/6276/5504 4280/6277/5505
f 4281/6256/5488 4280/6277/5505 4286/6254/5487
f 4286/6254/5487 4280/6277/5505 4285/6278/5506
f 4286/6254/5487 4285/6278/5506 4289/6251/5486
f 4289/6251/5486 4285/6278/5506 4288/6249/5485
f 4271/6276/5504 4272/6271/5499 4280/6277/5505
f 4280/6277/5505 4272/6271/5499 4279/6273/5501
f 4280/6277/5505 4279/6273/5501 4285/6278/5506
f 4285/6278/5506 4279/6273/5501 4284/6244/5480
f 4285/6278/5506 4284/6244/5480 4288/6249/5485
f 4288/6249/5485 4284/6244/5480 4287/6243/5479
f 4271/6276/5504 4270/6258/5489 4291/6279/5507
f 4291/6279/5507 4270/6258/5489 4290/6260/5490
f 4291/6279/5507 4290/6260/5490 4296/6265/5493
f 4296/6265/5493 4290/6260/5490 4295/6262/5491
f 4272/6271/5499 4271/6276/5504 4292/6269/5497
f 4292/6269/5497 4271/6276/5504 4291/6279/5507
f 4292/6269/5497 4291/6279/5507 4297/6267/5495
f 4297/6267/5495 4291/6279/5507 4296/6265/5493
f 4276/6235/5475 4277/6237/5476 4275/6247/5483
f 3973/6280/5206 4311/6281/5508 3974/6282/5203
f 3974/6282/5203 4311/6281/5508 4310/6283/5509
f 3974/6282/5203 4310/6283/5509 4303/6284/5510
f 4303/6284/5510 4310/6283/5509 4302/6285/5511
f 4302/6285/5511 4310/6283/5509 4309/6286/5512
f 4302/6285/5511 4309/6286/5512 4328/6287/5513
f 4328/6287/5513 4309/6286/5512 4308/6288/5514
f 4328/6287/5513 4308/6288/5514 4327/6289/5515
f 4327/6289/5515 4308/6288/5514 4307/6290/5516
f 4327/6289/5515 4307/6290/5516 4326/6291/5517
f 4326/6291/5517 4307/6290/5516 4306/6292/5518
f 4326/6291/5517 4306/6292/5518 4325/6293/5519
f 4325/6293/5519 4306/6292/5518 4305/6294/5520
f 4325/6293/5519 4305/6294/5520 4324/6295/5521
f 4324/6295/5521 4305/6294/5520 4182/6296/5404
f 4324/6295/5521 4182/6296/5404 4181/6297/5406
f 3972/6298/5204 4317/6299/5522 3973/6280/5206
f 3973/6280/5206 4317/6299/5522 4312/6300/5523
f 3973/6280/5206 4312/6300/5523 4311/6281/5508
f 4311/6281/5508 4312/6300/5523 4310/6283/5509
f 3972/6298/5204 3971/6301/5200 4317/6299/5522
f 4317/6299/5522 3971/6301/5200 4318/6302/5524
f 4317/6299/5522 4318/6302/5524 4312/6300/5523
f 4312/6300/5523 4318/6302/5524 4313/6303/5525
f 4312/6300/5523 4313/6303/5525 4309/6286/5512
f 4309/6286/5512 4313/6303/5525 4308/6288/5514
f 3970/6304/5199 4322/6305/5526 3971/6301/5200
f 3971/6301/5200 4322/6305/5526 4319/6306/5527
f 3971/6301/5200 4319/6306/5527 4318/6302/5524
f 4318/6302/5524 4319/6306/5527 4313/6303/5525
f 3970/6304/5199 3969/6307/5178 4322/6305/5526
f 4322/6305/5526 3969/6307/5178 4323/6308/5528
f 4322/6305/5526 4323/6308/5528 4319/6306/5527
f 4319/6306/5527 4323/6308/5528 4320/6309/5529
f 4319/6306/5527 4320/6309/5529 4314/6310/5530
f 4314/6310/5530 4320/6309/5529 4315/6311/5531
f 4314/6310/5530 4315/6311/5531 4307/6290/5516
f 4307/6290/5516 4315/6311/5531 4306/6292/5518
f 4323/6308/5528 3969/6307/5178 4304/6312/5532
f 4304/6312/5532 3969/6307/5178 3968/6313/5180
f 4304/6312/5532 3968/6313/5180 4185/6314/5398
f 4304/6312/5532 4185/6314/5398 4321/6315/5533
f 4321/6315/5533 4185/6314/5398 4184/6316/5400
f 4321/6315/5533 4184/6316/5400 4316/6317/5534
f 4316/6317/5534 4184/6316/5400 4183/6318/5402
f 4316/6317/5534 4183/6318/5402 4305/6294/5520
f 4305/6294/5520 4183/6318/5402 4182/6296/5404
f 4324/6295/5521 4181/6297/5406 4329/6319/5535
f 4329/6319/5535 4181/6297/5406 4180/6320/5408
f 4329/6319/5535 4180/6320/5408 4298/6321/5536
f 4329/6319/5535 4298/6321/5536 4330/6322/5537
f 4330/6322/5537 4298/6321/5536 4299/6323/5538
f 4330/6322/5537 4299/6323/5538 4331/6324/5539
f 4331/6324/5539 4299/6323/5538 4300/6325/5540
f 4331/6324/5539 4300/6325/5540 4326/6291/5517
f 4326/6291/5517 4300/6325/5540 4327/6289/5515
f 4300/6325/5540 4301/6326/5541 4327/6289/5515
f 4327/6289/5515 4301/6326/5541 4328/6287/5513
f 4301/6326/5541 4302/6285/5511 4328/6287/5513
f 4305/6294/5520 4306/6292/5518 4316/6317/5534
f 4316/6317/5534 4306/6292/5518 4315/6311/5531
f 4316/6317/5534 4315/6311/5531 4321/6315/5533
f 4321/6315/5533 4315/6311/5531 4320/6309/5529
f 4321/6315/5533 4320/6309/5529 4304/6312/5532
f 4304/6312/5532 4320/6309/5529 4323/6308/5528
f 4307/6290/5516 4308/6288/5514 4314/6310/5530
f 4314/6310/5530 4308/6288/5514 4313/6303/5525
f 4314/6310/5530 4313/6303/5525 4319/6306/5527
f 4309/6286/5512 4310/6283/5509 4312/6300/5523
f 4331/6324/5539 4326/6291/5517 4325/6293/5519
f 4329/6319/5535 4330/6322/5537 4324/6295/5521
f 4324/6295/5521 4330/6322/5537 4325/6293/5519
f 4330/6322/5537 4331/6324/5539 4325/6293/5519
f 4338/6327/5542 4012/6328/5255 4337/6329/5543
f 4337/6329/5543 4012/6328/5255 4072/6330/5278
f 4337/6329/5543 4072/6330/5278 4336/6331/5544
f 4336/6331/5544 4072/6330/5278 4071/6332/5293
f 4336/6331/5544 4071/6332/5293 4335/6333/5545
f 4335/6333/5545 4071/6332/5293 4070/6334/5297
f 4335/6333/5545 4070/6334/5297 4334/6335/5546
f 4334/6335/5546 4070/6334/5297 4069/6336/5301
f 4334/6335/5546 4069/6336/5301 4333/6337/5547
f 4333/6337/5547 4069/6336/5301 4068/6338/5303
f 4333/6337/5547 4068/6338/5303 4332/6339/5548
f 4332/6339/5548 4068/6338/5303 3975/6340/5191
f 3975/6341/5191 3974/6342/5203 4332/6343/5548
f 4332/6343/5548 3974/6342/5203 4339/6344/5549
f 4339/6345/5549 3974/6346/5203 4346/6347/5550
f 4346/6347/5550 3974/6346/5203 4303/6348/5510
f 4346/6347/5550 4303/6348/5510 4345/6349/5551
f 4345/6349/5551 4303/6348/5510 4302/6350/5511
f 4345/6349/5551 4302/6350/5511 4344/6351/5552
f 4344/6351/5552 4302/6350/5511 4301/6352/5541
f 4344/6351/5552 4301/6352/5541 4343/6353/5553
f 4343/6353/5553 4301/6352/5541 4300/6354/5540
f 4343/6353/5553 4300/6354/5540 4342/6355/5554
f 4342/6355/5554 4300/6354/5540 4299/6356/5538
f 4342/6355/5554 4299/6356/5538 4341/6357/5555
f 4341/6357/5555 4299/6356/5538 4298/6358/5536
f 4341/6357/5555 4298/6358/5536 4340/6359/5556
f 4340/6359/5556 4298/6358/5536 4180/6360/5408
f 4340/6361/5556 4180/6362/5408 4360/6363/5557
f 4360/6363/5557 4180/6362/5408 4179/6364/5407
f 4360/6363/5557 4179/6364/5407 4359/6365/5558
f 4359/6365/5558 4179/6364/5407 4178/6366/5473
f 4359/6365/5558 4178/6366/5473 4358/6367/5559
f 4358/6367/5559 4178/6366/5473 4177/6368/5472
f 4358/6367/5559 4177/6368/5472 4357/6369/5560
f 4357/6369/5560 4177/6368/5472 4176/6370/5471
f 4357/6369/5560 4176/6370/5471 4356/6371/5561
f 4356/6371/5561 4176/6370/5471 4175/6372/5470
f 4356/6371/5561 4175/6372/5470 4355/6373/5562
f 4355/6373/5562 4175/6372/5470 4174/6374/5469
f 4355/6373/5562 4174/6374/5469 4354/6375/5563
f 4354/6375/5563 4174/6374/5469 4173/6376/5468
f 4354/6375/5563 4173/6376/5468 4353/6377/5564
f 4353/6377/5564 4173/6376/5468 4172/6378/5467
f 4353/6377/5564 4172/6378/5467 4352/6379/5565
f 4352/6379/5565 4172/6378/5467 4171/6380/5466
f 4352/6379/5565 4171/6380/5466 4351/6381/5566
f 4351/6381/5566 4171/6380/5466 4170/6382/5465
f 4351/6381/5566 4170/6382/5465 4350/6383/5567
f 4350/6383/5567 4170/6382/5465 4169/6384/5464
f 4350/6383/5567 4169/6384/5464 4349/6385/5568
f 4349/6385/5568 4169/6384/5464 4168/6386/5463
f 4349/6385/5568 4168/6386/5463 4348/6387/5569
f 4348/6387/5569 4168/6386/5463 4167/6388/5462
f 4348/6387/5569 4167/6388/5462 4347/6389/5570
f 4347/6389/5570 4167/6388/5462 4166/6390/5461
f 4362/6391/5571 4191/6392/5386 4361/6393/5572
f 4361/6393/5572 4191/6392/5386 4190/6394/5388
f 4361/6393/5572 4190/6394/5388 4189/6395/5390
f 4363/6396/5573 4364/6397/5574 4362/6391/5571
f 4362/6391/5571 4364/6397/5574 4193/6398/5382
f 4362/6391/5571 4193/6398/5382 4192/6399/5384
f 4365/6400/5575 4027/6401/5228 4364/6397/5574
f 4364/6397/5574 4027/6401/5228 4026/6402/5230
f 4364/6397/5574 4026/6402/5230 4025/6403/5232
f 4366/6404/5576 4361/6393/5572 4365/6400/5575
f 4365/6400/5575 4361/6393/5572 4030/6405/5222
f 4365/6400/5575 4030/6405/5222 4029/6406/5224
f 4186/6407/5396 3968/6408/5180 4361/6393/5572
f 4361/6393/5572 3968/6408/5180 3981/6409/5210
f 4361/6393/5572 3981/6409/5210 4032/6410/5218
f 4032/6410/5218 4031/6411/5220 4361/6393/5572
f 4361/6393/5572 4031/6411/5220 4030/6405/5222
f 4029/6406/5224 4028/6412/5226 4365/6400/5575
f 4365/6400/5575 4028/6412/5226 4027/6401/5228
f 4108/6413/5337 4198/6414/5372 4025/6403/5232
f 4025/6403/5232 4198/6414/5372 4364/6397/5574
f 4198/6414/5372 4197/6415/5374 4364/6397/5574
f 4364/6397/5574 4197/6415/5374 4196/6416/5376
f 4364/6397/5574 4196/6416/5376 4195/6417/5378
f 4195/6417/5378 4194/6418/5380 4364/6397/5574
f 4364/6397/5574 4194/6418/5380 4193/6398/5382
f 4192/6399/5384 4191/6392/5386 4362/6391/5571
f 4189/6395/5390 4188/6419/5392 4361/6393/5572
f 4361/6393/5572 4188/6419/5392 4187/6420/5394
f 4361/6393/5572 4187/6420/5394 4186/6407/5396
f 4367/6421/5577 4368/6422/5578 4370/6423/5579
f 4370/6423/5579 4368/6422/5578 4369/6424/5580
f 4371/6425/5581 4372/6426/5582 4374/6427/5583
f 4374/6427/5583 4372/6426/5582 4373/6428/5584
f 4375/6429/5585 4370/6430/5586 4376/6431/5587
f 4376/6431/5587 4370/6430/5586 4369/6432/5588
f 4377/6433/5589 4378/6434/5590 4374/6435/5591
f 4374/6435/5591 4378/6434/5590 4371/6436/5592
f 4379/6437/5593 4377/6438/5594 4373/6439/5595
f 4373/6439/5595 4377/6438/5594 4374/6440/5596
f 4368/6441/5597 4380/6442/5598 4369/6443/5599
f 4369/6443/5599 4380/6442/5598 4376/6444/5600
f 4380/6445/5601 4381/6446/5602 4376/6447/5603
f 4376/6447/5603 4381/6446/5602 4375/6448/5604
f 4382/6449/5605 4379/6450/5606 4372/6451/5607
f 4372/6451/5607 4379/6450/5606 4373/6452/5608
f 4375/6453/5609 4361/6454/5610 4370/6455/5611
f 4370/6455/5611 4361/6454/5610 4384/6456/5612
f 4370/6455/5611 4384/6456/5612 4367/6457/5613
f 4381/6458/5614 4383/6459/5615 4375/6453/5609
f 4375/6453/5609 4383/6459/5615 4362/6460/5616
f 4375/6453/5609 4362/6460/5616 4361/6454/5610
f 4363/6461/5617 4362/6462/5618 4385/6463/5619
f 4385/6463/5619 4362/6462/5618 4383/6464/5620
f 4364/6465/5621 4363/6466/5622 4386/6467/5623
f 4386/6467/5623 4363/6466/5622 4385/6468/5624
f 4378/6469/5625 4387/6470/5626 4371/6471/5627
f 4371/6471/5627 4387/6470/5626 4365/6472/5628
f 4371/6471/5627 4365/6472/5628 4364/6473/5629
f 4371/6471/5627 4364/6473/5629 4372/6474/5630
f 4372/6474/5630 4364/6473/5629 4386/6475/5631
f 4372/6474/5630 4386/6475/5631 4382/6476/5632
f 4361/6477/5633 4366/6478/5634 4384/6479/5635
f 4384/6479/5635 4366/6478/5634 4388/6480/5636
f 4366/6481/5637 4365/6482/5638 4388/6483/5639
f 4388/6483/5639 4365/6482/5638 4387/6484/5640
f 4404/6485/5641 4389/6486/5642 4403/6487/5643
f 4403/6487/5643 4389/6486/5642 4390/6488/5644
f 4403/6487/5643 4390/6488/5644 4402/6489/5645
f 4402/6489/5645 4390/6488/5644 4391/6490/5646
f 4402/6489/5645 4391/6490/5646 4401/6491/5647
f 4401/6491/5647 4391/6490/5646 4392/6492/5648
f 4401/6491/5647 4392/6492/5648 4400/6493/5649
f 4400/6493/5649 4392/6492/5648 4393/6494/5650
f 4400/6493/5649 4393/6494/5650 4399/6495/5651
f 4399/6495/5651 4393/6494/5650 4394/6496/5652
f 4399/6495/5651 4394/6496/5652 4398/6497/5653
f 4398/6497/5653 4394/6496/5652 4395/6498/5654
f 4398/6497/5653 4395/6498/5654 4397/6499/5655
f 4397/6499/5655 4395/6498/5654 4396/6500/5656
f 4397/6501/5655 4396/6502/5656 4416/6503/5657
f 4416/6503/5657 4396/6502/5656 4405/6504/5658
f 4416/6503/5657 4405/6504/5658 4415/6505/5659
f 4415/6505/5659 4405/6504/5658 4406/6506/5660
f 4415/6505/5659 4406/6506/5660 4414/6507/5661
f 4414/6507/5661 4406/6506/5660 4407/6508/5662
f 4414/6507/5661 4407/6508/5662 4413/6509/5663
f 4413/6509/5663 4407/6508/5662 4408/6510/5664
f 4413/6509/5663 4408/6510/5664 4412/6511/5665
f 4412/6511/5665 4408/6510/5664 4409/6512/5666
f 4412/6511/5665 4409/6512/5666 4411/6513/5667
f 4411/6513/5667 4409/6512/5666 4410/6514/5668
f 4410/6515/5668 4417/6516/5669 4411/6517/5667
f 4411/6517/5667 4417/6516/5669 4418/6518/5670
f 4418/6519/5670 4417/6520/5669 4432/6521/5671
f 4432/6521/5671 4417/6520/5669 4419/6522/5672
f 4432/6521/5671 4419/6522/5672 4431/6523/5673
f 4431/6523/5673 4419/6522/5672 4420/6524/5674
f 4431/6523/5673 4420/6524/5674 4430/6525/5675
f 4430/6525/5675 4420/6524/5674 4421/6526/5676
f 4430/6525/5675 4421/6526/5676 4429/6527/5677
f 4429/6527/5677 4421/6526/5676 4422/6528/5678
f 4429/6527/5677 4422/6528/5678 4428/6529/5679
f 4428/6529/5679 4422/6528/5678 4423/6530/5680
f 4428/6529/5679 4423/6530/5680 4427/6531/5681
f 4427/6531/5681 4423/6530/5680 4424/6532/5682
f 4427/6531/5681 4424/6532/5682 4426/6533/5683
f 4426/6533/5683 4424/6532/5682 4425/6534/5684
f 4426/6535/5683 4425/6536/5684 4460/6537/5685
f 4460/6537/5685 4425/6536/5684 4433/6538/5686
f 4460/6537/5685 4433/6538/5686 4459/6539/5687
f 4459/6539/5687 4433/6538/5686 4434/6540/5688
f 4459/6539/5687 4434/6540/5688 4458/6541/5689
f 4458/6541/5689 4434/6540/5688 4435/6542/5690
f 4458/6541/5689 4435/6542/5690 4457/6543/5691
f 4457/6543/5691 4435/6542/5690 4436/6544/5692
f 4457/6543/5691 4436/6544/5692 4456/6545/5693
f 4456/6545/5693 4436/6544/5692 4437/6546/5694
f 4456/6545/5693 4437/6546/5694 4455/6547/5695
f 4455/6547/5695 4437/6546/5694 4438/6548/5696
f 4455/6547/5695 4438/6548/5696 4454/6549/5697
f 4454/6549/5697 4438/6548/5696 4439/6550/5698
f 4454/6549/5697 4439/6550/5698 4453/6551/5699
f 4453/6551/5699 4439/6550/5698 4440/6552/5700
f 4453/6551/5699 4440/6552/5700 4452/6553/5701
f 4452/6553/5701 4440/6552/5700 4441/6554/5702
f 4452/6553/5701 4441/6554/5702 4451/6555/5703
f 4451/6555/5703 4441/6554/5702 4442/6556/5704
f 4451/6555/5703 4442/6556/5704 4450/6557/5705
f 4450/6557/5705 4442/6556/5704 4443/6558/5706
f 4450/6557/5705 4443/6558/5706 4449/6559/5707
f 4449/6559/5707 4443/6558/5706 4444/6560/5708
f 4449/6559/5707 4444/6560/5708 4448/6561/5709
f 4448/6561/5709 4444/6560/5708 4445/6562/5710
f 4448/6561/5709 4445/6562/5710 4447/6563/5711
f 4447/6563/5711 4445/6562/5710 4446/6564/5712
f 4447/6565/5711 4446/6566/5712 4474/6567/5713
f 4474/6567/5713 4446/6566/5712 4461/6568/5714
f 4474/6567/5713 4461/6568/5714 4473/6569/5715
f 4473/6569/5715 4461/6568/5714 4462/6570/5716
f 4473/6569/5715 4462/6570/5716 4472/6571/5717
f 4472/6571/5717 4462/6570/5716 4463/6572/5718
f 4472/6571/5717 4463/6572/5718 4471/6573/5719
f 4471/6573/5719 4463/6572/5718 4464/6574/5720
f 4471/6573/5719 4464/6574/5720 4470/6575/5721
f 4470/6575/5721 4464/6574/5720 4465/6576/5722
f 4470/6575/5721 4465/6576/5722 4469/6577/5723
f 4469/6577/5723 4465/6576/5722 4466/6578/5724
f 4469/6577/5723 4466/6578/5724 4468/6579/5725
f 4468/6579/5725 4466/6578/5724 4467/6580/5726
f 4467/6581/5726 4475/6582/5727 4468/6583/5725
f 4468/6583/5725 4475/6582/5727 4476/6584/5728
f 4476/6585/5728 4475/6586/5727 4486/6587/5729
f 4486/6587/5729 4475/6586/5727 4477/6588/5730
f 4486/6587/5729 4477/6588/5730 4485/6589/5731
f 4485/6589/5731 4477/6588/5730 4478/6590/5732
f 4485/6589/5731 4478/6590/5732 4484/6591/5733
f 4484/6591/5733 4478/6590/5732 4479/6592/5734
f 4484/6591/5733 4479/6592/5734 4483/6593/5735
f 4483/6593/5735 4479/6592/5734 4480/6594/5736
f 4483/6593/5735 4480/6594/5736 4482/6595/5737
f 4482/6595/5737 4480/6594/5736 4481/6596/5738
f 4482/6595/5737 4481/6596/5738 4404/6597/5641
f 4404/6597/5641 4481/6596/5738 4389/6598/5642
f 4379/6599/5739 4448/6600/5740 4377/6601/5741
f 4377/6601/5741 4448/6600/5740 4468/6602/5742
f 4377/6601/5741 4468/6602/5742 4476/6603/5743
f 4382/6604/5744 4386/6605/5745 4379/6599/5739
f 4379/6599/5739 4386/6605/5745 4451/6606/5746
f 4379/6599/5739 4451/6606/5746 4450/6607/5747
f 4385/6608/5748 4383/6609/5749 4386/6605/5745
f 4386/6605/5745 4383/6609/5749 4453/6610/5750
f 4386/6605/5745 4453/6610/5750 4452/6611/5751
f 4381/6612/5752 4455/6613/5753 4383/6609/5749
f 4383/6609/5749 4455/6613/5753 4454/6614/5754
f 4383/6609/5749 4454/6614/5754 4453/6610/5750
f 4455/6613/5753 4381/6612/5752 4456/6615/5755
f 4456/6615/5755 4381/6612/5752 4380/6616/5756
f 4456/6615/5755 4380/6616/5756 4457/6617/5757
f 4457/6617/5757 4380/6616/5756 4458/6618/5758
f 4458/6618/5758 4380/6616/5756 4459/6619/5759
f 4459/6619/5759 4380/6616/5756 4460/6620/5760
f 4460/6620/5760 4380/6616/5756 4368/6621/5761
f 4460/6620/5760 4368/6621/5761 4418/6622/5762
f 4418/6622/5762 4368/6621/5761 4411/6623/5763
f 4411/6623/5763 4368/6621/5761 4398/6624/5764
f 4411/6623/5763 4398/6624/5764 4397/6625/5765
f 4367/6626/5766 4384/6627/5767 4368/6621/5761
f 4368/6621/5761 4384/6627/5767 4398/6624/5764
f 4388/6628/5768 4387/6629/5769 4384/6627/5767
f 4384/6627/5767 4387/6629/5769 4399/6630/5770
f 4384/6627/5767 4399/6630/5770 4398/6624/5764
f 4378/6631/5771 4402/6632/5772 4387/6629/5769
f 4387/6629/5769 4402/6632/5772 4401/6633/5773
f 4387/6629/5769 4401/6633/5773 4400/6634/5774
f 4402/6632/5772 4378/6631/5771 4403/6635/5775
f 4403/6635/5775 4378/6631/5771 4377/6601/5741
f 4403/6635/5775 4377/6601/5741 4476/6603/5743
f 4403/6635/5775 4476/6603/5743 4404/6636/5776
f 4404/6636/5776 4476/6603/5743 4486/6637/5777
f 4404/6636/5776 4486/6637/5777 4485/6638/5778
f 4485/6638/5778 4484/6639/5779 4404/6636/5776
f 4404/6636/5776 4484/6639/5779 4483/6640/5780
f 4404/6636/5776 4483/6640/5780 4482/6641/5781
f 4400/6634/5774 4399/6630/5770 4387/6629/5769
f 4397/6625/5765 4416/6642/5782 4411/6623/5763
f 4411/6623/5763 4416/6642/5782 4415/6643/5783
f 4411/6623/5763 4415/6643/5783 4414/6644/5784
f 4414/6644/5784 4413/6645/5785 4411/6623/5763
f 4411/6623/5763 4413/6645/5785 4412/6646/5786
f 4432/6647/5787 4431/6648/5788 4418/6622/5762
f 4418/6622/5762 4431/6648/5788 4430/6649/5789
f 4418/6622/5762 4430/6649/5789 4429/6650/5790
f 4429/6650/5790 4428/6651/5791 4418/6622/5762
f 4418/6622/5762 4428/6651/5791 4427/6652/5792
f 4418/6622/5762 4427/6652/5792 4426/6653/5793
f 4426/6653/5793 4460/6620/5760 4418/6622/5762
f 4452/6611/5751 4451/6606/5746 4386/6605/5745
f 4450/6607/5747 4449/6654/5794 4379/6599/5739
f 4379/6599/5739 4449/6654/5794 4448/6600/5740
f 4448/6600/5740 4447/6655/5795 4468/6602/5742
f 4468/6602/5742 4447/6655/5795 4469/6656/5796
f 4469/6656/5796 4447/6655/5795 4470/6657/5797
f 4470/6657/5797 4447/6655/5795 4471/6658/5798
f 4471/6658/5798 4447/6655/5795 4472/6659/5799
f 4472/6659/5799 4447/6655/5795 4473/6660/5800
f 4473/6660/5800 4447/6655/5795 4474/6661/5801
f 4488/6662/5802 4479/6663/5803 4487/6664/5804
f 4487/6664/5804 4479/6663/5803 4478/6665/5805
f 4487/6664/5804 4478/6665/5805 4477/6666/5806
f 4488/6662/5802 4489/6667/5807 4479/6663/5803
f 4479/6663/5803 4489/6667/5807 4490/6668/5808
f 4479/6663/5803 4490/6668/5808 4491/6669/5809
f 4491/6669/5809 4492/6670/5810 4479/6663/5803
f 4479/6663/5803 4492/6670/5810 4493/6671/5811
f 4479/6663/5803 4493/6671/5811 4480/6672/5812
f 4480/6672/5812 4493/6671/5811 4481/6673/5813
f 4481/6673/5813 4493/6671/5811 4389/6674/5814
f 4389/6674/5814 4493/6671/5811 4494/6675/5815
f 4389/6674/5814 4494/6675/5815 4390/6676/5816
f 4390/6676/5816 4494/6675/5815 4495/6677/5817
f 4390/6676/5816 4495/6677/5817 4391/6678/5818
f 4391/6678/5818 4495/6677/5817 4496/6679/5819
f 4391/6678/5818 4496/6679/5819 4392/6680/5820
f 4392/6680/5820 4496/6679/5819 4393/6681/5821
f 4393/6681/5821 4496/6679/5819 4497/6682/5822
f 4393/6681/5821 4497/6682/5822 4394/6683/5823
f 4394/6683/5823 4497/6682/5822 4498/6684/5824
f 4394/6683/5823 4498/6684/5824 4395/6685/5825
f 4395/6685/5825 4498/6684/5824 4499/6686/5826
f 4395/6685/5825 4499/6686/5826 4396/6687/5827
f 4396/6687/5827 4499/6686/5826 4338/6688/5828
f 4396/6687/5827 4338/6688/5828 4405/6689/5829
f 4405/6689/5829 4338/6688/5828 4406/6690/5830
f 4406/6690/5830 4338/6688/5828 4407/6691/5831
f 4407/6691/5831 4338/6688/5828 4337/6692/5832
f 4407/6691/5831 4337/6692/5832 4336/6693/5833
f 4336/6693/5833 4335/6694/5834 4407/6691/5831
f 4407/6691/5831 4335/6694/5834 4334/6695/5835
f 4407/6691/5831 4334/6695/5835 4333/6696/5836
f 4333/6696/5836 4332/6697/5837 4407/6691/5831
f 4407/6691/5831 4332/6697/5837 4408/6698/5838
f 4408/6698/5838 4332/6697/5837 4409/6699/5839
f 4409/6699/5839 4332/6697/5837 4410/6700/5840
f 4410/6700/5840 4332/6697/5837 4417/6701/5841
f 4417/6701/5841 4332/6697/5837 4339/6702/5842
f 4417/6701/5841 4339/6702/5842 4419/6703/5843
f 4419/6703/5843 4339/6702/5842 4420/6704/5844
f 4420/6704/5844 4339/6702/5842 4421/6705/5845
f 4421/6705/5845 4339/6702/5842 4346/6706/5846
f 4421/6705/5845 4346/6706/5846 4345/6707/5847
f 4345/6707/5847 4344/6708/5848 4421/6705/5845
f 4421/6705/5845 4344/6708/5848 4343/6709/5849
f 4421/6705/5845 4343/6709/5849 4422/6710/5850
f 4422/6710/5850 4343/6709/5849 4342/6711/5851
f 4422/6710/5850 4342/6711/5851 4341/6712/5852
f 4341/6712/5852 4340/6713/5853 4422/6710/5850
f 4422/6710/5850 4340/6713/5853 4423/6714/5854
f 4423/6714/5854 4340/6713/5853 4424/6715/5855
f 4424/6715/5855 4340/6713/5853 4425/6716/5856
f 4425/6716/5856 4340/6713/5853 4360/6717/5857
f 4425/6716/5856 4360/6717/5857 4433/6718/5858
f 4433/6718/5858 4360/6717/5857 4359/6719/5859
f 4433/6718/5858 4359/6719/5859 4434/6720/5860
f 4434/6720/5860 4359/6719/5859 4358/6721/5861
f 4434/6720/5860 4358/6721/5861 4435/6722/5862
f 4435/6722/5862 4358/6721/5861 4357/6723/5863
f 4435/6722/5862 4357/6723/5863 4436/6724/5864
f 4436/6724/5864 4357/6723/5863 4356/6725/5865
f 4436/6724/5864 4356/6725/5865 4437/6726/5866
f 4437/6726/5866 4356/6725/5865 4355/6727/5867
f 4437/6726/5866 4355/6727/5867 4438/6728/5868
f 4438/6728/5868 4355/6727/5867 4354/6729/5869
f 4438/6728/5868 4354/6729/5869 4439/6730/5870
f 4439/6730/5870 4354/6729/5869 4440/6731/5871
f 4440/6731/5871 4354/6729/5869 4353/6732/5872
f 4440/6731/5871 4353/6732/5872 4441/6733/5873
f 4441/6733/5873 4353/6732/5872 4352/6734/5874
f 4441/6733/5873 4352/6734/5874 4442/6735/5875
f 4442/6735/5875 4352/6734/5874 4351/6736/5876
f 4442/6735/5875 4351/6736/5876 4443/6737/5877
f 4443/6737/5877 4351/6736/5876 4350/6738/5878
f 4443/6737/5877 4350/6738/5878 4444/6739/5879
f 4444/6739/5879 4350/6738/5878 4349/6740/5880
f 4444/6739/5879 4349/6740/5880 4445/6741/5881
f 4445/6741/5881 4349/6740/5880 4348/6742/5882
f 4445/6741/5881 4348/6742/5882 4446/6743/5883
f 4446/6743/5883 4348/6742/5882 4347/6744/5884
f 4446/6743/5883 4347/6744/5884 4461/6745/5885
f 4461/6745/5885 4347/6744/5884 4462/6746/5886
f 4462/6746/5886 4347/6744/5884 4463/6747/5887
f 4463/6747/5887 4347/6744/5884 4500/6748/5888
f 4463/6747/5887 4500/6748/5888 4501/6749/5889
f 4501/6749/5889 4502/6750/5890 4463/6747/5887
f 4463/6747/5887 4502/6750/5890 4464/6751/5891
f 4464/6751/5891 4502/6750/5890 4503/6752/5892
f 4464/6751/5891 4503/6752/5892 4504/6753/5893
f 4504/6753/5893 4505/6754/5894 4464/6751/5891
f 4464/6751/5891 4505/6754/5894 4506/6755/5895
f 4464/6751/5891 4506/6755/5895 4465/6756/5896
f 4465/6756/5896 4506/6755/5895 4466/6757/5897
f 4466/6757/5897 4506/6755/5895 4467/6758/5898
f 4467/6758/5898 4506/6755/5895 4487/6664/5804
f 4467/6758/5898 4487/6664/5804 4475/6759/5899
f 4475/6759/5899 4487/6664/5804 4477/6666/5806
f 4493/6760/5900 4019/6761/5242 4494/6762/5901
f 4494/6762/5901 4019/6761/5242 4018/6763/5243
f 4494/6762/5901 4018/6763/5243 4495/6764/5902
f 4495/6764/5902 4018/6763/5243 4017/6765/5245
f 4495/6764/5902 4017/6765/5245 4496/6766/5903
f 4496/6766/5903 4017/6765/5245 4016/6767/5247
f 4496/6766/5903 4016/6767/5247 4497/6768/5904
f 4497/6768/5904 4016/6767/5247 4015/6769/5249
f 4497/6768/5904 4015/6769/5249 4498/6770/5905
f 4498/6770/5905 4015/6769/5249 4014/6771/5251
f 4498/6770/5905 4014/6771/5251 4499/6772/5906
f 4499/6772/5906 4014/6771/5251 4013/6773/5253
f 4499/6772/5906 4013/6773/5253 4338/6774/5542
f 4338/6774/5542 4013/6773/5253 4012/6775/5255
f 4347/6776/5570 4166/6777/5461 4500/6778/5907
f 4500/6778/5907 4166/6777/5461 4269/6779/5474
f 4500/6778/5907 4269/6779/5474 4501/6780/5908
f 4501/6780/5908 4269/6779/5474 4268/6781/5484
f 4501/6780/5908 4268/6781/5484 4502/6782/5909
f 4502/6782/5909 4268/6781/5484 4267/6783/5502
f 4502/6782/5909 4267/6783/5502 4503/6784/5910
f 4503/6784/5910 4267/6783/5502 4266/6785/5496
f 4503/6784/5910 4266/6785/5496 4504/6786/5911
f 4504/6786/5911 4266/6785/5496 4265/6787/5494
f 4504/6786/5911 4265/6787/5494 4505/6788/5912
f 4505/6788/5912 4265/6787/5494 4264/6789/5492
f 4505/6788/5912 4264/6789/5492 4506/6790/5913
f 4506/6790/5913 4264/6789/5492 4102/6791/5318
f 4102/6792/5318 4101/6793/5330 4506/6794/5913
f 4506/6794/5913 4101/6793/5330 4487/6795/5914
f 4487/6796/5914 4101/6797/5330 4488/6798/5915
f 4488/6798/5915 4101/6797/5330 4138/6799/5344
f 4488/6798/5915 4138/6799/5344 4489/6800/5916
f 4489/6800/5916 4138/6799/5344 4137/6801/5368
f 4489/6800/5916 4137/6801/5368 4490/6802/5917
f 4490/6802/5917 4137/6801/5368 4136/6803/5366
f 4490/6802/5917 4136/6803/5366 4491/6804/5918
f 4491/6804/5918 4136/6803/5366 4135/6805/5364
f 4491/6804/5918 4135/6805/5364 4492/6806/5919
f 4492/6806/5919 4135/6805/5364 4134/6807/5362
f 4492/6806/5919 4134/6807/5362 4493/6808/5900
f 4493/6808/5900 4134/6807/5362 4019/6809/5242
g Körper13

v -5.003216 3.165634 0.200000
v -4.278506 3.890344 0.200000
v -2.682995 2.613310 0.200000
v -3.860823 5.692244 0.200000
v -4.562320 4.926571 0.200000
v -6.166993 6.210354 0.200000
v -5.072035 3.345679 0.100000
v -5.406838 4.221604 0.100000
v -6.495465 3.132976 0.100000
v -5.890102 2.527612 0.100000
v -3.802218 5.539046 0.100000
v -3.491630 4.727146 0.100000
v -2.460076 5.749044 0.100000
v -3.019841 6.314099 0.100000
v -5.072035 3.345679 0.000000
v -5.890102 2.527612 0.000000
v -6.495465 3.132976 0.000000
v -5.406838 4.221604 0.000000
v -6.166993 6.210354 0.000000
v -4.562320 4.926571 0.000000
v -3.860823 5.692244 0.000000
v -3.802218 5.539046 0.000000
v -3.019841 6.314099 0.000000
v -2.460076 5.749044 0.000000
v -3.491630 4.727146 0.000000
v -2.682995 2.613310 0.000000
v -4.278506 3.890344 0.000000
v -5.003216 3.165634 0.000000
vt -1.741999 1.798522 0.000000
vt -0.578222 -1.246199 0.000000
vt -0.137326 0.514739 0.000000
vt 0.146488 -0.521488 0.000000
vt 0.564171 1.280412 0.000000
vt 1.741999 -1.798522 0.000000
vt -0.929067 -0.199252 0.000000
vt -2.017695 -1.287880 0.000000
vt -0.594264 -1.075177 0.000000
vt -1.412331 -1.893243 0.000000
vt 0.986140 0.306291 0.000000
vt 2.017695 1.328188 0.000000
vt 0.675553 1.118191 0.000000
vt 1.457930 1.893243 0.000000
vt 1.412331 -1.893243 0.000000
vt 2.017695 -1.287880 0.000000
vt 0.594264 -1.075177 0.000000
vt 0.929067 -0.199252 0.000000
vt -0.199264 -0.530512 0.000000
vt 0.084550 0.505715 0.000000
vt -0.986140 0.306291 0.000000
vt -0.675553 1.118191 0.000000
vt -2.017695 1.328188 0.000000
vt -1.457930 1.893243 0.000000
vt 1.689223 1.789499 0.000000
vt -0.616948 1.271389 0.000000
vt -1.794776 -1.807545 0.000000
vt 0.525446 -1.255222 0.000000
vt 0.000000 0.000000 0.000000
vt 1.156921 0.000000 0.000000
vt 0.000000 0.100000 0.000000
vt 1.156921 0.100000 0.000000
vt 0.000000 0.000000 0.000000
vt 0.856113 0.000000 0.000000
vt 0.000000 0.100000 0.000000
vt 0.856113 0.100000 0.000000
vt -0.000000 0.000000 0.000000
vt 1.539552 0.000000 0.000000
vt -0.000000 0.100000 0.000000
vt 1.539552 0.100000 0.000000
vt 2.129076 0.000000 0.000000
vt 2.129076 0.100000 0.000000
vt 0.000000 0.000000 0.000000
vt 0.000000 0.200000 0.000000
vt 3.259555 0.200000 0.000000
vt 3.066806 0.100000 0.000000
vt 3.259555 0.000000 0.000000
vt 3.066806 0.000000 0.000000
vt 0.000000 0.000000 0.000000
vt 2.055012 0.000000 0.000000
vt 0.000000 0.200000 0.000000
vt 2.055012 0.200000 0.000000
vt -0.000000 0.000000 0.000000
vt 1.038439 0.000000 0.000000
vt -0.000000 0.200000 0.000000
vt 1.038439 0.200000 0.000000
vt 0.000000 0.000000 0.000000
vt 0.164025 0.000000 0.000000
vt 0.000000 0.100000 0.000000
vt 0.164025 0.200000 0.000000
vt -0.869279 0.100000 0.000000
vt -3.132506 0.200000 0.000000
vt -3.132506 0.000000 0.000000
vt -0.869279 0.000000 0.000000
vt -0.000000 0.000000 0.000000
vt 1.101281 0.000000 0.000000
vt -0.000000 0.100000 0.000000
vt 1.101281 0.100000 0.000000
vt 0.000000 0.000000 0.000000
vt 0.795377 0.000000 0.000000
vt 0.000000 0.100000 0.000000
vt 0.795377 0.100000 0.000000
vt 0.000000 0.000000 0.000000
vt 1.452026 0.000000 0.000000
vt 0.000000 0.100000 0.000000
vt 1.452026 0.100000 0.000000
vt 0.000000 0.000000 0.000000
vt 2.043642 0.000000 0.000000
vt 0.000000 0.200000 0.000000
vt 2.043642 0.200000 0.000000
vt 0.000000 0.000000 0.000000
vt 1.024895 0.000000 0.000000
vt 0.000000 0.200000 0.000000
vt 1.024895 0.200000 0.000000
vn 0.000000 0.000000 1.000000
vn 0.000000 0.000000 1.000000
vn 0.000000 0.000000 1.000000
vn 0.000000 0.000000 1.000000
vn 0.000000 0.000000 1.000000
vn 0.000000 0.000000 1.000000
vn 0.000000 0.000000 1.000000
vn 0.000000 0.000000 1.000000
vn 0.000000 0.000000 1.000000
vn 0.000000 0.000000 1.000000
vn 0.000000 0.000000 1.000000
vn 0.000000 0.000000 1.000000
vn 0.000000 0.000000 1.000000
vn 0.000000 0.000000 1.000000
vn 0.000000 -0.000000 -1.000000
vn 0.000000 -0.000000 -1.000000
vn 0.000000 -0.000000 -1.000000
vn 0.000000 -0.000000 -1.000000
vn 0.000000 -0.000000 -1.000000
vn 0.000000 -0.000000 -1.000000
vn 0.000000 -0.000000 -1.000000
vn 0.000000 -0.000000 -1.000000
vn 0.000000 -0.000000 -1.000000
vn 0.000000 -0.000000 -1.000000
vn 0.000000 -0.000000 -1.000000
vn 0.000000 -0.000000 -1.000000
vn 0.000000 -0.000000 -1.000000
vn 0.000000 -0.000000 -1.000000
vn 0.707107 -0.707107 0.000000
vn 0.707107 -0.707107 0.000000
vn 0.707107 -0.707107 0.000000
vn 0.707107 -0.707107 0.000000
vn -0.707107 -0.707107 0.000000
vn -0.707107 -0.707107 0.000000
vn -0.707107 -0.707107 0.000000
vn -0.707107 -0.707107 0.000000
vn -0.707107 0.707107 0.000000
vn -0.707107 0.707107 0.000000
vn -0.707107 0.707107 0.000000
vn -0.707107 0.707107 0.000000
vn -0.934091 -0.357035 0.000000
vn -0.934091 -0.357035 0.000000
vn -0.934091 -0.357035 0.000000
vn -0.934091 -0.357035 0.000000
vn -0.934091 -0.357035 0.000000
vn -0.934091 -0.357035 0.000000
vn -0.934091 -0.357035 0.000000
vn -0.934091 -0.357035 0.000000
vn 0.624708 0.780858 -0.000000
vn 0.624708 0.780858 -0.000000
vn 0.624708 0.780858 -0.000000
vn 0.624708 0.780858 -0.000000
vn -0.737331 0.675531 0.000000
vn -0.737331 0.675531 0.000000
vn -0.737331 0.675531 0.000000
vn -0.737331 0.675531 0.000000
vn 0.933992 0.357293 -0.000000
vn 0.933992 0.357293 -0.000000
vn 0.933992 0.357293 -0.000000
vn 0.933992 0.357293 -0.000000
vn 0.933992 0.357293 -0.000000
vn 0.933992 0.357293 -0.000000
vn 0.933992 0.357293 -0.000000
vn 0.933992 0.357293 -0.000000
vn -0.703774 0.710424 0.000000
vn -0.703774 0.710424 0.000000
vn -0.703774 0.710424 0.000000
vn -0.703774 0.710424 0.000000
vn 0.710424 0.703774 -0.000000
vn 0.710424 0.703774 -0.000000
vn 0.710424 0.703774 -0.000000
vn 0.710424 0.703774 -0.000000
vn 0.703774 -0.710424 0.000000
vn 0.703774 -0.710424 0.000000
vn 0.703774 -0.710424 0.000000
vn 0.703774 -0.710424 0.000000
vn -0.624881 -0.780720 0.000000
vn -0.624881 -0.780720 0.000000
vn -0.624881 -0.780720 0.000000
vn -0.624881 -0.780720 0.000000
vn 0.707107 -0.707107 0.000000
vn 0.707107 -0.707107 0.000000
vn 0.707107 -0.707107 0.000000
vn 0.707107 -0.707107 0.000000
f 4512/6810/5920 4507/6811/5921 4511/6812/5922
f 4511/6812/5922 4507/6811/5921 4508/6813/5923
f 4511/6812/5922 4508/6813/5923 4510/6814/5924
f 4510/6814/5924 4508/6813/5923 4509/6815/5925
f 4514/6816/5926 4515/6817/5927 4513/6818/5928
f 4513/6818/5928 4515/6817/5927 4516/6819/5929
f 4518/6820/5930 4519/6821/5931 4517/6822/5932
f 4517/6822/5932 4519/6821/5931 4520/6823/5933
f 4522/6824/5934 4523/6825/5935 4521/6826/5936
f 4521/6826/5936 4523/6825/5935 4524/6827/5937
f 4521/6826/5936 4524/6827/5937 4533/6828/5938
f 4533/6828/5938 4524/6827/5937 4526/6829/5939
f 4533/6828/5938 4526/6829/5939 4531/6830/5940
f 4531/6830/5940 4526/6829/5939 4528/6831/5941
f 4531/6830/5940 4528/6831/5941 4530/6832/5942
f 4530/6832/5942 4528/6831/5941 4529/6833/5943
f 4524/6827/5937 4525/6834/5944 4526/6829/5939
f 4526/6829/5939 4527/6835/5945 4528/6831/5941
f 4531/6830/5940 4532/6836/5946 4533/6828/5938
f 4533/6828/5938 4534/6837/5947 4521/6826/5936
f 4522/6838/5948 4521/6839/5949 4516/6840/5950
f 4516/6840/5950 4521/6839/5949 4513/6841/5951
f 4523/6842/5952 4522/6843/5953 4515/6844/5954
f 4515/6844/5954 4522/6843/5953 4516/6845/5955
f 4524/6846/5956 4523/6847/5957 4514/6848/5958
f 4514/6848/5958 4523/6847/5957 4515/6849/5959
f 4524/6850/5960 4514/6851/5961 4525/6852/5962
f 4525/6852/5962 4514/6851/5961 4512/6853/5963
f 4512/6853/5963 4514/6851/5961 4507/6854/5964
f 4507/6854/5964 4514/6851/5961 4513/6855/5965
f 4507/6854/5964 4513/6855/5965 4534/6856/5966
f 4534/6856/5966 4513/6855/5965 4521/6857/5967
f 4526/6858/5968 4525/6859/5969 4511/6860/5970
f 4511/6860/5970 4525/6859/5969 4512/6861/5971
f 4527/6862/5972 4526/6863/5973 4510/6864/5974
f 4510/6864/5974 4526/6863/5973 4511/6865/5975
f 4528/6866/5976 4527/6867/5977 4517/6868/5978
f 4517/6868/5978 4527/6867/5977 4510/6869/5979
f 4517/6868/5978 4510/6869/5979 4518/6870/5980
f 4518/6870/5980 4510/6869/5979 4509/6871/5981
f 4518/6870/5980 4509/6871/5981 4532/6872/5982
f 4532/6872/5982 4531/6873/5983 4518/6870/5980
f 4529/6874/5984 4528/6875/5985 4520/6876/5986
f 4520/6876/5986 4528/6875/5985 4517/6877/5987
f 4530/6878/5988 4529/6879/5989 4519/6880/5990
f 4519/6880/5990 4529/6879/5989 4520/6881/5991
f 4531/6882/5992 4530/6883/5993 4518/6884/5994
f 4518/6884/5994 4530/6883/5993 4519/6885/5995
f 4533/6886/5996 4532/6887/5997 4508/6888/5998
f 4508/6888/5998 4532/6887/5997 4509/6889/5999
f 4534/6890/6000 4533/6891/6001 4507/6892/6002
f 4507/6892/6002 4533/6891/6001 4508/6893/6003
g Körper10

v 5.003216 -3.165634 0.500000
v 4.278506 -3.890344 0.500000
v 2.682995 -2.613310 0.500000
v 3.860823 -5.692244 0.500000
v 4.562320 -4.926571 0.500000
v 6.166993 -6.210354 0.500000
v 5.072035 -3.345679 0.400000
v 5.406838 -4.221604 0.400000
v 6.495465 -3.132976 0.400000
v 5.890102 -2.527612 0.400000
v 3.802218 -5.539046 0.400000
v 3.491630 -4.727146 0.400000
v 2.460076 -5.749044 0.400000
v 3.019841 -6.314099 0.400000
v 5.072035 -3.345679 0.300000
v 5.890102 -2.527612 0.300000
v 6.495465 -3.132976 0.300000
v 5.406838 -4.221604 0.300000
v 6.166993 -6.210354 0.300000
v 4.562320 -4.926571 0.300000
v 3.860823 -5.692244 0.300000
v 3.802218 -5.539046 0.300000
v 3.019841 -6.314099 0.300000
v 2.460076 -5.749044 0.300000
v 3.491630 -4.727146 0.300000
v 2.682995 -2.613310 0.300000
v 4.278506 -3.890344 0.300000
v 5.003216 -3.165634 0.300000
vt 1.741999 -1.798522 0.000000
vt 0.578222 1.246199 0.000000
vt 0.137326 -0.514739 0.000000
vt -0.146488 0.521488 0.000000
vt -0.564171 -1.280412 0.000000
vt -1.741999 1.798522 0.000000
vt 0.929067 0.199252 0.000000
vt 2.017695 1.287880 0.000000
vt 0.594264 1.075177 0.000000
vt 1.412331 1.893243 0.000000
vt -0.986140 -0.306291 0.000000
vt -2.017695 -1.328188 0.000000
vt -0.675553 -1.118191 0.000000
vt -1.457930 -1.893243 0.000000
vt -1.412331 1.893243 0.000000
vt -2.017695 1.287880 0.000000
vt -0.594264 1.075177 0.000000
vt -0.929067 0.199252 0.000000
vt 0.199264 0.530512 0.000000
vt -0.084550 -0.505715 0.000000
vt 0.986140 -0.306291 0.000000
vt 0.675553 -1.118191 0.000000
vt 2.017695 -1.328188 0.000000
vt 1.457930 -1.893243 0.000000
vt -1.689223 -1.789499 0.000000
vt 0.616948 -1.271389 0.000000
vt 1.794776 1.807545 0.000000
vt -0.525446 1.255222 0.000000
vt -0.000000 0.000000 0.000000
vt 1.452026 0.000000 0.000000
vt -0.000000 0.100000 0.000000
vt 1.452026 0.100000 0.000000
vt 0.000000 0.000000 0.000000
vt 2.043642 0.000000 0.000000
vt 0.000000 0.200000 0.000000
vt 2.043642 0.200000 0.000000
vt -0.000000 0.000000 0.000000
vt 1.024895 0.000000 0.000000
vt -0.000000 0.200000 0.000000
vt 1.024895 0.200000 0.000000
vt -0.000000 0.000000 0.000000
vt 1.156921 0.000000 0.000000
vt -0.000000 0.100000 0.000000
vt 1.156921 0.100000 0.000000
vt 0.000000 0.000000 0.000000
vt 0.856113 0.000000 0.000000
vt 0.000000 0.100000 0.000000
vt 0.856113 0.100000 0.000000
vt 0.000000 0.000000 0.000000
vt 1.539552 0.000000 0.000000
vt 0.000000 0.100000 0.000000
vt 1.539552 0.100000 0.000000
vt 2.129076 0.000000 0.000000
vt 2.129076 0.100000 0.000000
vt 0.000000 0.000000 0.000000
vt 0.000000 0.200000 0.000000
vt 3.259555 0.200000 0.000000
vt 3.066806 0.100000 0.000000
vt 3.259555 0.000000 0.000000
vt 3.066806 0.000000 0.000000
vt 0.000000 0.000000 0.000000
vt 2.055012 0.000000 0.000000
vt 0.000000 0.200000 0.000000
vt 2.055012 0.200000 0.000000
vt 0.000000 0.000000 0.000000
vt 1.038439 0.000000 0.000000
vt 0.000000 0.200000 0.000000
vt 1.038439 0.200000 0.000000
vt -0.000000 0.000000 0.000000
vt 0.164025 0.000000 0.000000
vt -0.000000 0.100000 0.000000
vt 0.164025 0.200000 0.000000
vt -0.869279 0.100000 0.000000
vt -3.132506 0.200000 0.000000
vt -3.132506 0.000000 0.000000
vt -0.869279 0.000000 0.000000
vt 0.000000 0.000000 0.000000
vt 1.101281 0.000000 0.000000
vt 0.000000 0.100000 0.000000
vt 1.101281 0.100000 0.000000
vt 0.000000 0.000000 0.000000
vt 0.795377 0.000000 0.000000
vt 0.000000 0.100000 0.000000
vt 0.795377 0.100000 0.000000
vn 0.000000 0.000000 1.000000
vn 0.000000 0.000000 1.000000
vn 0.000000 0.000000 1.000000
vn 0.000000 0.000000 1.000000
vn 0.000000 0.000000 1.000000
vn 0.000000 0.000000 1.000000
vn 0.000000 0.000000 1.000000
vn 0.000000 0.000000 1.000000
vn 0.000000 0.000000 1.000000
vn 0.000000 0.000000 1.000000
vn 0.000000 0.000000 1.000000
vn 0.000000 0.000000 1.000000
vn 0.000000 0.000000 1.000000
vn 0.000000 0.000000 1.000000
vn -0.000000 -0.000000 -1.000000
vn -0.000000 -0.000000 -1.000000
vn -0.000000 -0.000000 -1.000000
vn -0.000000 -0.000000 -1.000000
vn -0.000000 -0.000000 -1.000000
vn -0.000000 -0.000000 -1.000000
vn -0.000000 -0.000000 -1.000000
vn -0.000000 -0.000000 -1.000000
vn -0.000000 -0.000000 -1.000000
vn -0.000000 -0.000000 -1.000000
vn -0.000000 -0.000000 -1.000000
vn -0.000000 -0.000000 -1.000000
vn -0.000000 -0.000000 -1.000000
vn -0.000000 -0.000000 -1.000000
vn -0.703774 0.710424 0.000000
vn -0.703774 0.710424 0.000000
vn -0.703774 0.710424 0.000000
vn -0.703774 0.710424 0.000000
vn 0.624881 0.780720 0.000000
vn 0.624881 0.780720 0.000000
vn 0.624881 0.780720 0.000000
vn 0.624881 0.780720 0.000000
vn -0.707107 0.707107 0.000000
vn -0.707107 0.707107 0.000000
vn -0.707107 0.707107 0.000000
vn -0.707107 0.707107 0.000000
vn -0.707107 0.707107 0.000000
vn -0.707107 0.707107 0.000000
vn -0.707107 0.707107 0.000000
vn -0.707107 0.707107 0.000000
vn 0.707107 0.707107 0.000000
vn 0.707107 0.707107 0.000000
vn 0.707107 0.707107 0.000000
vn 0.707107 0.707107 0.000000
vn 0.707107 -0.707107 0.000000
vn 0.707107 -0.707107 0.000000
vn 0.707107 -0.707107 0.000000
vn 0.707107 -0.707107 0.000000
vn 0.934091 0.357035 0.000000
vn 0.934091 0.357035 0.000000
vn 0.934091 0.357035 0.000000
vn 0.934091 0.357035 0.000000
vn 0.934091 0.357035 0.000000
vn 0.934091 0.357035 0.000000
vn 0.934091 0.357035 0.000000
vn 0.934091 0.357035 0.000000
vn -0.624708 -0.780858 0.000000
vn -0.624708 -0.780858 0.000000
vn -0.624708 -0.780858 0.000000
vn -0.624708 -0.780858 0.000000
vn 0.737331 -0.675531 0.000000
vn 0.737331 -0.675531 0.000000
vn 0.737331 -0.675531 0.000000
vn 0.737331 -0.675531 0.000000
vn -0.933992 -0.357293 0.000000
vn -0.933992 -0.357293 0.000000
vn -0.933992 -0.357293 0.000000
vn -0.933992 -0.357293 0.000000
vn -0.933992 -0.357293 0.000000
vn -0.933992 -0.357293 0.000000
vn -0.933992 -0.357293 0.000000
vn -0.933992 -0.357293 0.000000
vn 0.703774 -0.710424 0.000000
vn 0.703774 -0.710424 0.000000
vn 0.703774 -0.710424 0.000000
vn 0.703774 -0.710424 0.000000
vn -0.710424 -0.703774 0.000000
vn -0.710424 -0.703774 0.000000
vn -0.710424 -0.703774 0.000000
vn -0.710424 -0.703774 0.000000
f 4540/6894/6004 4535/6895/6005 4539/6896/6006
f 4539/6896/6006 4535/6895/6005 4536/6897/6007
f 4539/6896/6006 4536/6897/6007 4538/6898/6008
f 4538/6898/6008 4536/6897/6007 4537/6899/6009
f 4542/6900/6010 4543/6901/6011 4541/6902/6012
f 4541/6902/6012 4543/6901/6011 4544/6903/6013
f 4546/6904/6014 4547/6905/6015 4545/6906/6016
f 4545/6906/6016 4547/6905/6015 4548/6907/6017
f 4550/6908/6018 4551/6909/6019 4549/6910/6020
f 4549/6910/6020 4551/6909/6019 4552/6911/6021
f 4549/6910/6020 4552/6911/6021 4561/6912/6022
f 4561/6912/6022 4552/6911/6021 4554/6913/6023
f 4561/6912/6022 4554/6913/6023 4559/6914/6024
f 4559/6914/6024 4554/6913/6023 4556/6915/6025
f 4559/6914/6024 4556/6915/6025 4558/6916/6026
f 4558/6916/6026 4556/6915/6025 4557/6917/6027
f 4552/6911/6021 4553/6918/6028 4554/6913/6023
f 4554/6913/6023 4555/6919/6029 4556/6915/6025
f 4559/6914/6024 4560/6920/6030 4561/6912/6022
f 4561/6912/6022 4562/6921/6031 4549/6910/6020
f 4559/6922/6032 4558/6923/6033 4546/6924/6034
f 4546/6924/6034 4558/6923/6033 4547/6925/6035
f 4561/6926/6036 4560/6927/6037 4536/6928/6038
f 4536/6928/6038 4560/6927/6037 4537/6929/6039
f 4562/6930/6040 4561/6931/6041 4535/6932/6042
f 4535/6932/6042 4561/6931/6041 4536/6933/6043
f 4550/6934/6044 4549/6935/6045 4544/6936/6046
f 4544/6936/6046 4549/6935/6045 4541/6937/6047
f 4551/6938/6048 4550/6939/6049 4543/6940/6050
f 4543/6940/6050 4550/6939/6049 4544/6941/6051
f 4552/6942/6052 4551/6943/6053 4542/6944/6054
f 4542/6944/6054 4551/6943/6053 4543/6945/6055
f 4552/6946/6056 4542/6947/6057 4553/6948/6058
f 4553/6948/6058 4542/6947/6057 4540/6949/6059
f 4540/6949/6059 4542/6947/6057 4535/6950/6060
f 4535/6950/6060 4542/6947/6057 4541/6951/6061
f 4535/6950/6060 4541/6951/6061 4562/6952/6062
f 4562/6952/6062 4541/6951/6061 4549/6953/6063
f 4554/6954/6064 4553/6955/6065 4539/6956/6066
f 4539/6956/6066 4553/6955/6065 4540/6957/6067
f 4555/6958/6068 4554/6959/6069 4538/6960/6070
f 4538/6960/6070 4554/6959/6069 4539/6961/6071
f 4556/6962/6072 4555/6963/6073 4545/6964/6074
f 4545/6964/6074 4555/6963/6073 4538/6965/6075
f 4545/6964/6074 4538/6965/6075 4546/6966/6076
f 4546/6966/6076 4538/6965/6075 4537/6967/6077
f 4546/6966/6076 4537/6967/6077 4560/6968/6078
f 4560/6968/6078 4559/6969/6079 4546/6966/6076
f 4557/6970/6080 4556/6971/6081 4548/6972/6082
f 4548/6972/6082 4556/6971/6081 4545/6973/6083
f 4558/6974/6084 4557/6975/6085 4547/6976/6086
f 4547/6976/6086 4557/6975/6085 4548/6977/6087
g Körper11

v 5.003216 -3.165634 0.500000
v 4.278506 -3.890344 0.500000
v 2.682995 -2.613310 0.500000
v 3.860823 -5.692244 0.500000
v 4.562320 -4.926571 0.500000
v 6.166993 -6.210354 0.500000
v 5.072035 -3.345679 0.400000
v 5.406838 -4.221604 0.400000
v 6.495465 -3.132976 0.400000
v 5.890102 -2.527612 0.400000
v 3.802218 -5.539046 0.400000
v 3.491630 -4.727146 0.400000
v 2.460076 -5.749044 0.400000
v 3.019841 -6.314099 0.400000
v 5.072035 -3.345679 0.300000
v 5.890102 -2.527612 0.300000
v 6.495465 -3.132976 0.300000
v 5.406838 -4.221604 0.300000
v 6.166993 -6.210354 0.300000
v 4.562320 -4.926571 0.300000
v 3.860823 -5.692244 0.300000
v 3.802218 -5.539046 0.300000
v 3.019841 -6.314099 0.300000
v 2.460076 -5.749044 0.300000
v 3.491630 -4.727146 0.300000
v 2.682995 -2.613310 0.300000
v 4.278506 -3.890344 0.300000
v 5.003216 -3.165634 0.300000
vt 1.741999 -1.798522 0.000000
vt 0.578222 1.246199 0.000000
vt 0.137326 -0.514739 0.000000
vt -0.146488 0.521488 0.000000
vt -0.564171 -1.280412 0.000000
vt -1.741999 1.798522 0.000000
vt 0.929067 0.199252 0.000000
vt 2.017695 1.287880 0.000000
vt 0.594264 1.075177 0.000000
vt 1.412331 1.893243 0.000000
vt -0.986140 -0.306291 0.000000
vt -2.017695 -1.328188 0.000000
vt -0.675553 -1.118191 0.000000
vt -1.457930 -1.893243 0.000000
vt -1.412331 1.893243 0.000000
vt -2.017695 1.287880 0.000000
vt -0.594264 1.075177 0.000000
vt -0.929067 0.199252 0.000000
vt 0.199264 0.530512 0.000000
vt -0.084550 -0.505715 0.000000
vt 0.986140 -0.306291 0.000000
vt 0.675553 -1.118191 0.000000
vt 2.017695 -1.328188 0.000000
vt 1.457930 -1.893243 0.000000
vt -1.689223 -1.789499 0.000000
vt 0.616948 -1.271389 0.000000
vt 1.794776 1.807545 0.000000
vt -0.525446 1.255222 0.000000
vt -0.000000 0.000000 0.000000
vt 1.452026 0.000000 0.000000
vt -0.000000 0.100000 0.000000
vt 1.452026 0.100000 0.000000
vt 0.000000 0.000000 0.000000
vt 2.043642 0.000000 0.000000
vt 0.000000 0.200000 0.000000
vt 2.043642 0.200000 0.000000
vt -0.000000 0.000000 0.000000
vt 1.024895 0.000000 0.000000
vt -0.000000 0.200000 0.000000
vt 1.024895 0.200000 0.000000
vt -0.000000 0.000000 0.000000
vt 1.156921 0.000000 0.000000
vt -0.000000 0.100000 0.000000
vt 1.156921 0.100000 0.000000
vt 0.000000 0.000000 0.000000
vt 0.856113 0.000000 0.000000
vt 0.000000 0.100000 0.000000
vt 0.856113 0.100000 0.000000
vt 0.000000 0.000000 0.000000
vt 1.539552 0.000000 0.000000
vt 0.000000 0.100000 0.000000
vt 1.539552 0.100000 0.000000
vt 2.129076 0.000000 0.000000
vt 2.129076 0.100000 0.000000
vt 0.000000 0.000000 0.000000
vt 0.000000 0.200000 0.000000
vt 3.259555 0.200000 0.000000
vt 3.066806 0.100000 0.000000
vt 3.259555 0.000000 0.000000
vt 3.066806 0.000000 0.000000
vt 0.000000 0.000000 0.000000
vt 2.055012 0.000000 0.000000
vt 0.000000 0.200000 0.000000
vt 2.055012 0.200000 0.000000
vt 0.000000 0.000000 0.000000
vt 1.038439 0.000000 0.000000
vt 0.000000 0.200000 0.000000
vt 1.038439 0.200000 0.000000
vt -0.000000 0.000000 0.000000
vt 0.164025 0.000000 0.000000
vt -0.000000 0.100000 0.000000
vt 0.164025 0.200000 0.000000
vt -0.869279 0.100000 0.000000
vt -3.132506 0.200000 0.000000
vt -3.132506 0.000000 0.000000
vt -0.869279 0.000000 0.000000
vt 0.000000 0.000000 0.000000
vt 1.101281 0.000000 0.000000
vt 0.000000 0.100000 0.000000
vt 1.101281 0.100000 0.000000
vt 0.000000 0.000000 0.000000
vt 0.795377 0.000000 0.000000
vt 0.000000 0.100000 0.000000
vt 0.795377 0.100000 0.000000
vn 0.000000 0.000000 1.000000
vn 0.000000 0.000000 1.000000
vn 0.000000 0.000000 1.000000
vn 0.000000 0.000000 1.000000
vn 0.000000 0.000000 1.000000
vn 0.000000 0.000000 1.000000
vn 0.000000 0.000000 1.000000
vn 0.000000 0.000000 1.000000
vn 0.000000 0.000000 1.000000
vn 0.000000 0.000000 1.000000
vn 0.000000 0.000000 1.000000
vn 0.000000 0.000000 1.000000
vn 0.000000 0.000000 1.000000
vn 0.000000 0.000000 1.000000
vn -0.000000 -0.000000 -1.000000
vn -0.000000 -0.000000 -1.000000
vn -0.000000 -0.000000 -1.000000
vn -0.000000 -0.000000 -1.000000
vn -0.000000 -0.000000 -1.000000
vn -0.000000 -0.000000 -1.000000
vn -0.000000 -0.000000 -1.000000
vn -0.000000 -0.000000 -1.000000
vn -0.000000 -0.000000 -1.000000
vn -0.000000 -0.000000 -1.000000
vn -0.000000 -0.000000 -1.000000
vn -0.000000 -0.000000 -1.000000
vn -0.000000 -0.000000 -1.000000
vn -0.000000 -0.000000 -1.000000
vn -0.703774 0.710424 0.000000
vn -0.703774 0.710424 0.000000
vn -0.703774 0.710424 0.000000
vn -0.703774 0.710424 0.000000
vn 0.624881 0.780720 0.000000
vn 0.624881 0.780720 0.000000
vn 0.624881 0.780720 0.000000
vn 0.624881 0.780720 0.000000
vn -0.707107 0.707107 0.000000
vn -0.707107 0.707107 0.000000
vn -0.707107 0.707107 0.000000
vn -0.707107 0.707107 0.000000
vn -0.707107 0.707107 0.000000
vn -0.707107 0.707107 0.000000
vn -0.707107 0.707107 0.000000
vn -0.707107 0.707107 0.000000
vn 0.707107 0.707107 0.000000
vn 0.707107 0.707107 0.000000
vn 0.707107 0.707107 0.000000
vn 0.707107 0.707107 0.000000
vn 0.707107 -0.707107 0.000000
vn 0.707107 -0.707107 0.000000
vn 0.707107 -0.707107 0.000000
vn 0.707107 -0.707107 0.000000
vn 0.934091 0.357035 0.000000
vn 0.934091 0.357035 0.000000
vn 0.934091 0.357035 0.000000
vn 0.934091 0.357035 0.000000
vn 0.934091 0.357035 0.000000
vn 0.934091 0.357035 0.000000
vn 0.934091 0.357035 0.000000
vn 0.934091 0.357035 0.000000
vn -0.624708 -0.780858 0.000000
vn -0.624708 -0.780858 0.000000
vn -0.624708 -0.780858 0.000000
vn -0.624708 -0.780858 0.000000
vn 0.737331 -0.675531 0.000000
vn 0.737331 -0.675531 0.000000
vn 0.737331 -0.675531 0.000000
vn 0.737331 -0.675531 0.000000
vn -0.933992 -0.357293 0.000000
vn -0.933992 -0.357293 0.000000
vn -0.933992 -0.357293 0.000000
vn -0.933992 -0.357293 0.000000
vn -0.933992 -0.357293 0.000000
vn -0.933992 -0.357293 0.000000
vn -0.933992 -0.357293 0.000000
vn -0.933992 -0.357293 0.000000
vn 0.703774 -0.710424 0.000000
vn 0.703774 -0.710424 0.000000
vn 0.703774 -0.710424 0.000000
vn 0.703774 -0.710424 0.000000
vn -0.710424 -0.703774 0.000000
vn -0.710424 -0.703774 0.000000
vn -0.710424 -0.703774 0.000000
vn -0.710424 -0.703774 0.000000
f 4568/6978/6088 4563/6979/6089 4567/6980/6090
f 4567/6980/6090 4563/6979/6089 4564/6981/6091
f 4567/6980/6090 4564/6981/6091 4566/6982/6092
f 4566/6982/6092 4564/6981/6091 4565/6983/6093
f 4570/6984/6094 4571/6985/6095 4569/6986/6096
f 4569/6986/6096 4571/6985/6095 4572/6987/6097
f 4574/6988/6098 4575/6989/6099 4573/6990/6100
f 4573/6990/6100 4575/6989/6099 4576/6991/6101
f 4578/6992/6102 4579/6993/6103 4577/6994/6104
f 4577/6994/6104 4579/6993/6103 4580/6995/6105
f 4577/6994/6104 4580/6995/6105 4589/6996/6106
f 4589/6996/6106 4580/6995/6105 4582/6997/6107
f 4589/6996/6106 4582/6997/6107 4587/6998/6108
f 4587/6998/6108 4582/6997/6107 4584/6999/6109
f 4587/6998/6108 4584/6999/6109 4586/7000/6110
f 4586/7000/6110 4584/6999/6109 4585/7001/6111
f 4580/6995/6105 4581/7002/6112 4582/6997/6107
f 4582/6997/6107 4583/7003/6113 4584/6999/6109
f 4587/6998/6108 4588/7004/6114 4589/6996/6106
f 4589/6996/6106 4590/7005/6115 4577/6994/6104
f 4587/7006/6116 4586/7007/6117 4574/7008/6118
f 4574/7008/6118 4586/7007/6117 4575/7009/6119
f 4589/7010/6120 4588/7011/6121 4564/7012/6122
f 4564/7012/6122 4588/7011/6121 4565/7013/6123
f 4590/7014/6124 4589/7015/6125 4563/7016/6126
f 4563/7016/6126 4589/7015/6125 4564/7017/6127
f 4578/7018/6128 4577/7019/6129 4572/7020/6130
f 4572/7020/6130 4577/7019/6129 4569/7021/6131
f 4579/7022/6132 4578/7023/6133 4571/7024/6134
f 4571/7024/6134 4578/7023/6133 4572/7025/6135
f 4580/7026/6136 4579/7027/6137 4570/7028/6138
f 4570/7028/6138 4579/7027/6137 4571/7029/6139
f 4580/7030/6140 4570/7031/6141 4581/7032/6142
f 4581/7032/6142 4570/7031/6141 4568/7033/6143
f 4568/7033/6143 4570/7031/6141 4563/7034/6144
f 4563/7034/6144 4570/7031/6141 4569/7035/6145
f 4563/7034/6144 4569/7035/6145 4590/7036/6146
f 4590/7036/6146 4569/7035/6145 4577/7037/6147
f 4582/7038/6148 4581/7039/6149 4567/7040/6150
f 4567/7040/6150 4581/7039/6149 4568/7041/6151
f 4583/7042/6152 4582/7043/6153 4566/7044/6154
f 4566/7044/6154 4582/7043/6153 4567/7045/6155
f 4584/7046/6156 4583/7047/6157 4573/7048/6158
f 4573/7048/6158 4583/7047/6157 4566/7049/6159
f 4573/7048/6158 4566/7049/6159 4574/7050/6160
f 4574/7050/6160 4566/7049/6159 4565/7051/6161
f 4574/7050/6160 4565/7051/6161 4588/7052/6162
f 4588/7052/6162 4587/7053/6163 4574/7050/6160
f 4585/7054/6164 4584/7055/6165 4576/7056/6166
f 4576/7056/6166 4584/7055/6165 4573/7057/6167
f 4586/7058/6168 4585/7059/6169 4575/7060/6170
f 4575/7060/6170 4585/7059/6169 4576/7061/6171
# 4590 vertices
# 7061 texture params
# 6171 normals
# 9188 facets

# 8 groups
