  0
SECTION
  2
HEADER
  9
$ACADVER
  1
AC1027
  9
$ACADMAINTVER
 70
   125
  9
$DWGCODEPAGE
  3
ANSI_1252
  9
$LASTSAVEDBY
  1
jaswalh
  9
$REQUIREDVERSIONS
160
                 0
  9
$INSBASE
 10
0.0
 20
0.0
 30
0.0
  9
$EXTMIN
 10
103.813284
 20
43.036462
 30
0.0
  9
$EXTMAX
 10
327.813284
 20
267.036462
 30
0.0
  9
$LIMMIN
 10
0.0
 20
0.0
  9
$LIMMAX
 10
420.0
 20
297.0
  9
$ORTHOMODE
 70
     0
  9
$REGENMODE
 70
     1
  9
$FILLMODE
 70
     1
  9
$QTEXTMODE
 70
     0
  9
$MIRRTEXT
 70
     0
  9
$LTSCALE
 40
0.75
  9
$ATTMODE
 70
     1
  9
$TEXTSIZE
 40
3.5
  9
$TRACEWID
 40
1.0
  9
$TEXTSTYLE
  7
Standard
  9
$CLAYER
  8
0
  9
$CELTYPE
  6
ByLayer
  9
$CECOLOR
 62
   256
  9
$CELTSCALE
 40
1.0
  9
$DISPSILH
 70
     0
  9
$DIMSCALE
 40
1.0
  9
$DIMASZ
 40
3.5
  9
$DIMEXO
 40
2.1
  9
$DIMDLI
 40
10.5
  9
$DIMRND
 40
0.0
  9
$DIMDLE
 40
0.0
  9
$DIMEXE
 40
2.1
  9
$DIMTP
 40
0.1
  9
$DIMTM
 40
0.1
  9
$DIMTXT
 40
3.5
  9
$DIMCEN
 40
0.0
  9
$DIMTSZ
 40
0.0
  9
$DIMTOL
 70
     0
  9
$DIMLIM
 70
     0
  9
$DIMTIH
 70
     0
  9
$DIMTOH
 70
     0
  9
$DIMSE1
 70
     0
  9
$DIMSE2
 70
     0
  9
$DIMTAD
 70
     1
  9
$DIMZIN
 70
    12
  9
$DIMBLK
  1

  9
$DIMASO
 70
     1
  9
$DIMSHO
 70
     1
  9
$DIMPOST
  1

  9
$DIMAPOST
  1

  9
$DIMALT
 70
     0
  9
$DIMALTD
 70
     2
  9
$DIMALTF
 40
0.03937
  9
$DIMLFAC
 40
1.0
  9
$DIMTOFL
 70
     1
  9
$DIMTVP
 40
0.0
  9
$DIMTIX
 70
     0
  9
$DIMSOXD
 70
     0
  9
$DIMSAH
 70
     0
  9
$DIMBLK1
  1

  9
$DIMBLK2
  1

  9
$DIMSTYLE
  2
Dim-ISO-25
  9
$DIMCLRD
 70
     0
  9
$DIMCLRE
 70
     0
  9
$DIMCLRT
 70
     0
  9
$DIMTFAC
 40
0.714286
  9
$DIMGAP
 40
1.4
  9
$DIMJUST
 70
     0
  9
$DIMSD1
 70
     0
  9
$DIMSD2
 70
     0
  9
$DIMTOLJ
 70
     0
  9
$DIMTZIN
 70
    12
  9
$DIMALTZ
 70
    12
  9
$DIMALTTZ
 70
    12
  9
$DIMUPT
 70
     0
  9
$DIMDEC
 70
     2
  9
$DIMTDEC
 70
     2
  9
$DIMALTU
 70
     2
  9
$DIMALTTD
 70
     2
  9
$DIMTXSTY
  7
Standard
  9
$DIMAUNIT
 70
     0
  9
$DIMADEC
 70
     2
  9
$DIMALTRND
 40
0.0
  9
$DIMAZIN
 70
     3
  9
$DIMDSEP
 70
    46
  9
$DIMATFIT
 70
     3
  9
$DIMFRAC
 70
     0
  9
$DIMLDRBLK
  1

  9
$DIMLUNIT
 70
     2
  9
$DIMLWD
 70
    -2
  9
$DIMLWE
 70
    -2
  9
$DIMTMOVE
 70
     0
  9
$DIMFXL
 40
1.0
  9
$DIMFXLON
 70
     0
  9
$DIMJOGANG
 40
0.785398
  9
$DIMTFILL
 70
     0
  9
$DIMTFILLCLR
 70
     0
  9
$DIMARCSYM
 70
     0
  9
$DIMLTYPE
  6

  9
$DIMLTEX1
  6

  9
$DIMLTEX2
  6

  9
$DIMTXTDIRECTION
 70
     0
  9
$LUNITS
 70
     2
  9
$LUPREC
 70
     4
  9
$SKETCHINC
 40
1.0
  9
$FILLETRAD
 40
0.0
  9
$AUNITS
 70
     0
  9
$AUPREC
 70
     0
  9
$MENU
  1
.
  9
$ELEVATION
 40
0.0
  9
$PELEVATION
 40
0.0
  9
$THICKNESS
 40
0.0
  9
$LIMCHECK
 70
     0
  9
$CHAMFERA
 40
0.0
  9
$CHAMFERB
 40
0.0
  9
$CHAMFERC
 40
0.0
  9
$CHAMFERD
 40
0.0
  9
$SKPOLY
 70
     0
  9
$TDCREATE
 40
2461001.471678241
  9
$TDUCREATE
 40
2461001.430011574
  9
$TDUPDATE
 40
2461001.471678241
  9
$TDUUPDATE
 40
2461001.430011574
  9
$TDINDWG
 40
0.0000000000
  9
$TDUSRTIMER
 40
0.0000000000
  9
$USRTIMER
 70
     1
  9
$ANGBASE
 50
0.0
  9
$ANGDIR
 70
     0
  9
$PDMODE
 70
     0
  9
$PDSIZE
 40
0.0
  9
$PLINEWID
 40
0.0
  9
$SPLFRAME
 70
     0
  9
$SPLINETYPE
 70
     6
  9
$SPLINESEGS
 70
     8
  9
$HANDSEED
  5
1005
  9
$SURFTAB1
 70
     6
  9
$SURFTAB2
 70
     6
  9
$SURFTYPE
 70
     6
  9
$SURFU
 70
     6
  9
$SURFV
 70
     6
  9
$UCSBASE
  2

  9
$UCSNAME
  2

  9
$UCSORG
 10
0.0
 20
0.0
 30
0.0
  9
$UCSXDIR
 10
1.0
 20
0.0
 30
0.0
  9
$UCSYDIR
 10
0.0
 20
1.0
 30
0.0
  9
$UCSORTHOREF
  2

  9
$UCSORTHOVIEW
 70
     0
  9
$UCSORGTOP
 10
0.0
 20
0.0
 30
0.0
  9
$UCSORGBOTTOM
 10
0.0
 20
0.0
 30
0.0
  9
$UCSORGLEFT
 10
0.0
 20
0.0
 30
0.0
  9
$UCSORGRIGHT
 10
0.0
 20
0.0
 30
0.0
  9
$UCSORGFRONT
 10
0.0
 20
0.0
 30
0.0
  9
$UCSORGBACK
 10
0.0
 20
0.0
 30
0.0
  9
$PUCSBASE
  2

  9
$PUCSNAME
  2

  9
$PUCSORG
 10
0.0
 20
0.0
 30
0.0
  9
$PUCSXDIR
 10
1.0
 20
0.0
 30
0.0
  9
$PUCSYDIR
 10
0.0
 20
1.0
 30
0.0
  9
$PUCSORTHOREF
  2

  9
$PUCSORTHOVIEW
 70
     0
  9
$PUCSORGTOP
 10
0.0
 20
0.0
 30
0.0
  9
$PUCSORGBOTTOM
 10
0.0
 20
0.0
 30
0.0
  9
$PUCSORGLEFT
 10
0.0
 20
0.0
 30
0.0
  9
$PUCSORGRIGHT
 10
0.0
 20
0.0
 30
0.0
  9
$PUCSORGFRONT
 10
0.0
 20
0.0
 30
0.0
  9
$PUCSORGBACK
 10
0.0
 20
0.0
 30
0.0
  9
$USERI1
 70
     0
  9
$USERI2
 70
     0
  9
$USERI3
 70
     0
  9
$USERI4
 70
     0
  9
$USERI5
 70
     0
  9
$USERR1
 40
0.0
  9
$USERR2
 40
0.0
  9
$USERR3
 40
0.0
  9
$USERR4
 40
0.0
  9
$USERR5
 40
0.0
  9
$WORLDVIEW
 70
     1
  9
$SHADEDGE
 70
     3
  9
$SHADEDIF
 70
    70
  9
$TILEMODE
 70
     1
  9
$MAXACTVP
 70
    64
  9
$PINSBASE
 10
0.0
 20
0.0
 30
0.0
  9
$PLIMCHECK
 70
     0
  9
$PEXTMIN
 10
1.000000E+20
 20
1.000000E+20
 30
1.000000E+20
  9
$PEXTMAX
 10
-1.000000E+20
 20
-1.000000E+20
 30
-1.000000E+20
  9
$PLIMMIN
 10
0.0
 20
0.0
  9
$PLIMMAX
 10
12.0
 20
9.0
  9
$UNITMODE
 70
     0
  9
$VISRETAIN
 70
     1
  9
$PLINEGEN
 70
     0
  9
$PSLTSCALE
 70
     1
  9
$TREEDEPTH
 70
  3020
  9
$CMLSTYLE
  2
Standard
  9
$CMLJUST
 70
     0
  9
$CMLSCALE
 40
20.0
  9
$PROXYGRAPHICS
 70
     1
  9
$MEASUREMENT
 70
     1
  9
$CELWEIGHT
370
    -1
  9
$ENDCAPS
280
     0
  9
$JOINSTYLE
280
     0
  9
$LWDISPLAY
290
     0
  9
$INSUNITS
 70
     4
  9
$HYPERLINKBASE
  1

  9
$STYLESHEET
  1

  9
$XEDIT
290
     1
  9
$CEPSNTYPE
380
     0
  9
$PSTYLEMODE
290
     1
  9
$FINGERPRINTGUID
  2
{B426D9D0-F9BD-5448-960E-AB41674EB1A9}
  9
$VERSIONGUID
  2
{9B0A7DC5-21DA-6246-86D1-7DA418882923}
  9
$EXTNAMES
290
     1
  9
$PSVPSCALE
 40
0.0
  9
$OLESTARTUP
290
     0
  9
$SORTENTS
280
   127
  9
$INDEXCTL
280
     0
  9
$HIDETEXT
280
     1
  9
$XCLIPFRAME
280
     0
  9
$HALOGAP
280
     0
  9
$OBSCOLOR
 70
   257
  9
$OBSLTYPE
280
     0
  9
$INTERSECTIONDISPLAY
280
     0
  9
$INTERSECTIONCOLOR
 70
   257
  9
$DIMASSOC
280
     2
  9
$PROJECTNAME
  1

  9
$CAMERADISPLAY
290
     0
  9
$LENSLENGTH
 40
50.0
  9
$CAMERAHEIGHT
 40
0.0
  9
$STEPSPERSEC
 40
2.0
  9
$STEPSIZE
 40
6.0
  9
$3DDWFPREC
 40
2.0
  9
$PSOLWIDTH
 40
5.0
  9
$PSOLHEIGHT
 40
80.0
  9
$LOFTANG1
 40
1.570796
  9
$LOFTANG2
 40
1.570796
  9
$LOFTMAG1
 40
0.0
  9
$LOFTMAG2
 40
0.0
  9
$LOFTPARAM
 70
     7
  9
$LOFTNORMALS
280
     1
  9
$LATITUDE
 40
37.795
  9
$LONGITUDE
 40
-122.394
  9
$NORTHDIRECTION
 40
0.0
  9
$TIMEZONE
 70
 -8000
  9
$LIGHTGLYPHDISPLAY
280
     1
  9
$TILEMODELIGHTSYNCH
280
     1
  9
$CMATERIAL
347
11
  9
$SOLIDHIST
280
     0
  9
$SHOWHIST
280
     1
  9
$DWFFRAME
280
     2
  9
$DGNFRAME
280
     0
  9
$REALWORLDSCALE
290
     1
  9
$INTERFERECOLOR
 62
     1
  9
$INTERFEREOBJVS
345
33
  9
$INTERFEREVPVS
346
30
  9
$CSHADOW
280
     0
  9
$SHADOWPLANELOCATION
 40
0.0
  0
ENDSEC
  0
SECTION
  2
CLASSES
  0
CLASS
  1
ACDBDICTIONARYWDFLT
  2
AcDbDictionaryWithDefault
  3
ObjectDBX Classes
 90
        0
 91
        1
280
     0
281
     0
  0
CLASS
  1
MATERIAL
  2
AcDbMaterial
  3
ObjectDBX Classes
 90
     1153
 91
        3
280
     0
281
     0
  0
CLASS
  1
VISUALSTYLE
  2
AcDbVisualStyle
  3
ObjectDBX Classes
 90
     4095
 91
       24
280
     0
281
     0
  0
CLASS
  1
SCALE
  2
AcDbScale
  3
ObjectDBX Classes
 90
     1153
 91
       17
280
     0
281
     0
  0
CLASS
  1
TABLESTYLE
  2
AcDbTableStyle
  3
ObjectDBX Classes
 90
     4095
 91
        1
280
     0
281
     0
  0
CLASS
  1
MLEADERSTYLE
  2
AcDbMLeaderStyle
  3
ACDB_MLEADERSTYLE_CLASS
 90
     4095
 91
        1
280
     0
281
     0
  0
CLASS
  1
ACDBSECTIONVIEWSTYLE
  2
AcDbSectionViewStyle
  3
ObjectDBX Classes
 90
     1025
 91
        1
280
     0
281
     0
  0
CLASS
  1
ACDBDETAILVIEWSTYLE
  2
AcDbDetailViewStyle
  3
ObjectDBX Classes
 90
     1025
 91
        1
280
     0
281
     0
  0
CLASS
  1
ACMESCOPE
  2
AcMeScope
  3
AcMeServices
 90
     1024
 91
        1
280
     0
281
     0
  0
CLASS
  1
ACMECOMMANDHISTORY
  2
AcMeCommandHistory
  3
AcMeServices
 90
     1024
 91
        1
280
     0
281
     0
  0
CLASS
  1
ACIMSYSVARMAN
  2
AcImSysVarManager
  3
AcMeServices
 90
     1024
 91
        1
280
     0
281
     0
  0
CLASS
  1
ACIMINTSYSVAR
  2
AcImIntSysVar
  3
AcMeServices
 90
     1024
 91
        1
280
     0
281
     0
  0
CLASS
  1
ACMESTATEMGR
  2
AcMeStateMgr
  3
AcMeServices
 90
     1024
 91
        1
280
     0
281
     0
  0
CLASS
  1
ACGREFMASTER
  2
AcGrefMaster
  3
AcAttribServices
 90
     1024
 91
        1
280
     0
281
     0
  0
CLASS
  1
SORTENTSTABLE
  2
AcDbSortentsTable
  3
ObjectDBX Classes
 90
        0
 91
        1
280
     0
281
     0
  0
CLASS
  1
DICTIONARYVAR
  2
AcDbDictionaryVar
  3
ObjectDBX Classes
 90
        0
 91
        6
280
     0
281
     0
  0
CLASS
  1
CELLSTYLEMAP
  2
AcDbCellStyleMap
  3
ObjectDBX Classes
 90
     1152
 91
        1
280
     0
281
     0
  0
ENDSEC
  0
SECTION
  2
TABLES
  0
TABLE
  2
VPORT
  5
8
330
0
100
AcDbSymbolTable
 70
     1
1001
ACAD
1000
DbSaveVer
1071
      428
  0
VPORT
  5
57
330
8
100
AcDbSymbolTableRecord
100
AcDbViewportTableRecord
  2
*Active
 70
     0
 10
0.0
 20
0.0
 11
1.0
 21
1.0
 12
215.813284
 22
155.036462
 13
0.0
 23
0.0
 14
0.5
 24
0.5
 15
0.0
 25
0.0
 16
0.0
 26
0.0
 36
1.0
 17
0.0
 27
0.0
 37
0.0
 40
224.0
 41
2.362546
 42
50.0
 43
0.0
 44
0.0
 50
0.0
 51
0.0
 71
     0
 72
 20000
 73
     1
 74
     0
 75
     0
 76
     0
 77
     0
 78
     0
281
     0
 65
     1
110
0.0
120
0.0
130
0.0
111
1.0
121
0.0
131
0.0
112
0.0
122
1.0
132
0.0
 79
     0
146
0.0
348
2F
 60
     3
 61
     5
292
     1
282
     1
141
0.0
142
0.0
 63
   250
421
  3355443
  0
ENDTAB
  0
TABLE
  2
LTYPE
  5
5
330
0
100
AcDbSymbolTable
 70
    14
  0
LTYPE
  5
5B
330
5
100
AcDbSymbolTableRecord
100
AcDbLinetypeTableRecord
  2
ByBlock
 70
     0
  3

 72
    65
 73
     0
 40
0.0
  0
LTYPE
  5
5C
330
5
100
AcDbSymbolTableRecord
100
AcDbLinetypeTableRecord
  2
ByLayer
 70
     0
  3

 72
    65
 73
     0
 40
0.0
  0
LTYPE
  5
5D
330
5
100
AcDbSymbolTableRecord
100
AcDbLinetypeTableRecord
  2
Continuous
 70
     0
  3
Solid line
 72
    65
 73
     0
 40
0.0
  0
LTYPE
  5
80
330
5
100
AcDbSymbolTableRecord
100
AcDbLinetypeTableRecord
  2
HIDDEN
 70
     0
  3
Hidden __ __ __ __ __ __ __ __ __ __ __ __ __ _
 72
    65
 73
     2
 40
9.525
 49
6.35
 74
     0
 49
-3.175
 74
     0
  0
LTYPE
  5
81
330
5
100
AcDbSymbolTableRecord
100
AcDbLinetypeTableRecord
  2
PHANTOM2
 70
     0
  3
Phantom (.5x) ___ _ _ ___ _ _ ___ _ _ ___ _ _
 72
    65
 73
     6
 40
31.75
 49
15.875
 74
     0
 49
-3.175
 74
     0
 49
3.175
 74
     0
 49
-3.175
 74
     0
 49
3.175
 74
     0
 49
-3.175
 74
     0
  0
LTYPE
  5
82
330
5
100
AcDbSymbolTableRecord
100
AcDbLinetypeTableRecord
  2
CENTER
 70
     0
  3
Center ____ _ ____ _ ____ _ ____ _ ____ _ ____
 72
    65
 73
     4
 40
50.8
 49
31.75
 74
     0
 49
-6.35
 74
     0
 49
6.35
 74
     0
 49
-6.35
 74
     0
  0
LTYPE
  5
90
330
5
100
AcDbSymbolTableRecord
100
AcDbLinetypeTableRecord
  2
AM_ISO02W050
 70
     0
  3
__ __ __ __ __ __ __ __ __ __ __ __ __ __ __
 72
    65
 73
     2
 40
7.5
 49
6.0
 74
     0
 49
-1.5
 74
     0
  0
LTYPE
  5
91
330
5
100
AcDbSymbolTableRecord
100
AcDbLinetypeTableRecord
  2
AM_ISO08W050
 70
     0
  3
____ . ____ . ____ . ____ . ____ . ____ . ____
 72
    65
 73
     4
 40
18.0
 49
12.0
 74
     0
 49
-1.5
 74
     0
 49
3.0
 74
     0
 49
-1.5
 74
     0
  0
LTYPE
  5
92
330
5
100
AcDbSymbolTableRecord
100
AcDbLinetypeTableRecord
  2
AM_ISO09W050
 70
     0
  3
_____ . . _____ . . _____ . . ____ .. ____
 72
    65
 73
     6
 40
22.5
 49
12.0
 74
     0
 49
-1.5
 74
     0
 49
3.0
 74
     0
 49
-1.5
 74
     0
 49
3.0
 74
     0
 49
-1.5
 74
     0
  0
LTYPE
  5
93
330
5
100
AcDbSymbolTableRecord
100
AcDbLinetypeTableRecord
  2
Amconstr
 70
     0
  3
_______________________
 72
    65
 73
     2
 40
9999.0
 49
9999.0
 74
     0
 49
0.0
 74
     0
  0
LTYPE
  5
94
330
5
100
AcDbSymbolTableRecord
100
AcDbLinetypeTableRecord
  2
AM_ISO08W050x2
 70
     0
  3
__ . __ . __ . __ . __ . __
 72
    65
 73
     4
 40
9.0
 49
6.0
 74
     0
 49
-0.75
 74
     0
 49
1.5
 74
     0
 49
-0.75
 74
     0
  0
LTYPE
  5
95
330
5
100
AcDbSymbolTableRecord
100
AcDbLinetypeTableRecord
  2
AM_ISO02W050x2
 70
     0
  3
 _ _ _ _ _ _ _ _ _ _ _ _
 72
    65
 73
     2
 40
3.75
 49
3.0
 74
     0
 49
-0.75
 74
     0
  0
LTYPE
  5
96
330
5
100
AcDbSymbolTableRecord
100
AcDbLinetypeTableRecord
  2
Amzigzag
 70
     0
  3
/\/-/\/-/\/-/\/-/\/-/\/
 72
    65
 73
     2
 40
11.0001
 49
0.0001
 74
     4
 75
   136
340
8D
 46
0.04
 50
0.0
 44
0.0
 45
0.0
 49
-11.0
 74
     0
  0
LTYPE
  5
97
330
5
100
AcDbSymbolTableRecord
100
AcDbLinetypeTableRecord
  2
ACISOWELD
 70
     0
  3
_ _ _ _ _
 72
    65
 73
     2
 40
2.0
 49
2.0
 74
     0
 49
-1.0
 74
     0
  0
LTYPE
  5
98
330
5
100
AcDbSymbolTableRecord
100
AcDbLinetypeTableRecord
  2
ACISOTGL
 70
     0
  3
_ _ _ _ _
 72
    65
 73
     2
 40
3.0
 49
2.0
 74
     0
 49
-1.0
 74
     0
  0
LTYPE
  5
99
330
5
100
AcDbSymbolTableRecord
100
AcDbLinetypeTableRecord
  2
ACISOTGB
 70
     0
  3
__ . . __ . .
 72
    65
 73
     6
 40
9.0
 49
4.0
 74
     0
 49
-1.0
 74
     0
 49
1.0
 74
     0
 49
-1.0
 74
     0
 49
1.0
 74
     0
 49
-1.0
 74
     0
  0
ENDTAB
  0
TABLE
  2
LAYER
  5
2
330
0
100
AcDbSymbolTable
 70
     3
  0
LAYER
  5
54
330
2
100
AcDbSymbolTableRecord
100
AcDbLayerTableRecord
  2
0
 70
     0
 62
     7
  6
Continuous
370
    -3
390
F
347
21
348
0
1001
AcAecLayerStandard
1000

1000

  0
LAYER
  5
A5
330
2
100
AcDbSymbolTableRecord
100
AcDbLayerTableRecord
  2
Visible
 70
     0
 62
     7
  6
Continuous
370
    50
390
F
347
21
348
0
  0
ENDTAB
  0
TABLE
  2
STYLE
  5
3
330
0
100
AcDbSymbolTable
 70
     4
  0
STYLE
  5
55
330
3
100
AcDbSymbolTableRecord
100
AcDbTextStyleTableRecord
  2
Standard
 70
     0
 40
0.0
 41
1.0
 50
0.0
 71
     0
 42
3.5
  3
arial.ttf
  4

1001
ACAD
1000
Arial
1071
       34
  0
STYLE
  5
5A
330
3
100
AcDbSymbolTableRecord
100
AcDbTextStyleTableRecord
  2
Annotative
 70
     0
 40
0.0
 41
1.0
 50
0.0
 71
     0
 42
0.2
  3
txt
  4

1001
AcadAnnotative
1000
AnnotativeData
1002
{
1070
     1
1070
     1
1002
}
  0
STYLE
  5
8D
330
3
100
AcDbSymbolTableRecord
100
AcDbTextStyleTableRecord
  2

 70
     1
 40
0.0
 41
1.0
 50
0.0
 71
     0
 42
10.0
  3
genltshp.shx
  4

  0
STYLE
  5
8E
330
3
100
AcDbSymbolTableRecord
100
AcDbTextStyleTableRecord
  2
ACISOGDT
 70
     0
 40
0.0
 41
1.0
 50
0.0
 71
     0
 42
10.0
  3
amgdt.shx
  4

  0
ENDTAB
  0
TABLE
  2
VIEW
  5
6
330
0
100
AcDbSymbolTable
 70
     0
  0
ENDTAB
  0
TABLE
  2
UCS
  5
7
330
0
100
AcDbSymbolTable
 70
     0
  0
ENDTAB
  0
TABLE
  2
APPID
  5
9
330
0
100
AcDbSymbolTable
 70
    16
  0
APPID
  5
56
330
9
100
AcDbSymbolTableRecord
100
AcDbRegAppTableRecord
  2
ACAD
 70
     0
  0
APPID
  5
5E
330
9
100
AcDbSymbolTableRecord
100
AcDbRegAppTableRecord
  2
AcadAnnotative
 70
     0
  0
APPID
  5
78
330
9
100
AcDbSymbolTableRecord
100
AcDbRegAppTableRecord
  2
ACAD_PSEXT
 70
     0
  0
APPID
  5
79
330
9
100
AcDbSymbolTableRecord
100
AcDbRegAppTableRecord
  2
MCAD_NO_VIS
 70
     0
  0
APPID
  5
7A
330
9
100
AcDbSymbolTableRecord
100
AcDbRegAppTableRecord
  2
ACAD_TEMP_GRAPHIC
 70
     0
  0
APPID
  5
83
330
9
100
AcDbSymbolTableRecord
100
AcDbRegAppTableRecord
  2
ACAD_DSTYLE_DIMJAG
 70
     0
  0
APPID
  5
84
330
9
100
AcDbSymbolTableRecord
100
AcDbRegAppTableRecord
  2
ACAD_DSTYLE_DIMTALN
 70
     0
  0
APPID
  5
85
330
9
100
AcDbSymbolTableRecord
100
AcDbRegAppTableRecord
  2
ACAD_NAV_VCDISPLAY
 70
     0
  0
APPID
  5
86
330
9
100
AcDbSymbolTableRecord
100
AcDbRegAppTableRecord
  2
ACAD_DSTYLE_DIMBREAK
 70
     0
  0
APPID
  5
87
330
9
100
AcDbSymbolTableRecord
100
AcDbRegAppTableRecord
  2
FUSIONCURRENTTITLEBLOCK
 70
     0
  0
APPID
  5
88
330
9
100
AcDbSymbolTableRecord
100
AcDbRegAppTableRecord
  2
AcSynergy
 70
     0
  0
APPID
  5
89
330
9
100
AcDbSymbolTableRecord
100
AcDbRegAppTableRecord
  2
GENIUS_GENSCREG_15
 70
     0
  0
APPID
  5
8A
330
9
100
AcDbSymbolTableRecord
100
AcDbRegAppTableRecord
  2
GENIUS_GENOBJ-N-SDF_13
 70
     0
  0
APPID
  5
8B
330
9
100
AcDbSymbolTableRecord
100
AcDbRegAppTableRecord
  2
GENIUS_GENODEF_13
 70
     0
  0
APPID
  5
8C
330
9
100
AcDbSymbolTableRecord
100
AcDbRegAppTableRecord
  2
ACATTRIBSERVICES
 70
     0
  0
APPID
  5
FF6
330
9
100
AcDbSymbolTableRecord
100
AcDbRegAppTableRecord
  2
AcAecLayerStandard
 70
     0
  0
ENDTAB
  0
TABLE
  2
DIMSTYLE
  5
A
330
0
100
AcDbSymbolTable
 70
     4
100
AcDbDimStyleTable
 71
     1
340
9D
  0
DIMSTYLE
105
58
330
A
100
AcDbSymbolTableRecord
100
AcDbDimStyleTableRecord
  2
Standard
 70
     0
 41
3.5
 42
2.1
 43
10.5
 44
2.1
 78
    12
 79
     3
140
3.5
143
0.03937
146
0.714286
147
1.4
179
     2
271
     2
272
     2
284
    12
340
55
  0
DIMSTYLE
105
59
330
A
100
AcDbSymbolTableRecord
100
AcDbDimStyleTableRecord
  2
Annotative
 70
     0
 40
0.0
 41
3.5
 42
2.1
 43
10.5
 44
2.1
 73
     0
 74
     0
 77
     1
 78
    12
 79
     3
140
3.5
141
2.5
143
0.03937
146
0.714286
147
1.4
171
     3
172
     1
179
     2
271
     2
272
     2
274
     3
278
    44
283
     0
284
    12
340
55
1001
AcadAnnotative
1000
AnnotativeData
1002
{
1070
     1
1070
     1
1002
}
  0
DIMSTYLE
105
9C
330
A
100
AcDbSymbolTableRecord
100
AcDbDimStyleTableRecord
  2
ISO-25
 70
     0
  4
in
 41
3.5
 42
2.1
 43
10.5
 44
2.1
 47
0.1
 48
0.1
 73
     0
 74
     0
 77
     1
 78
    12
 79
     3
140
3.5
141
0.0
143
0.03937
146
0.714286
147
1.4
171
     4
172
     1
176
   256
177
   256
178
   256
179
     2
271
     2
272
     2
274
     4
283
     0
284
    12
285
     8
340
55
1001
ACAD_DSTYLE_DIMJAG
1070
   388
1040
1.5
1001
ACAD_DSTYLE_DIMTALN
1070
   392
1070
     1
1001
ACAD_DSTYLE_DIMBREAK
1070
   391
1040
3.5
  0
DIMSTYLE
105
9D
330
A
100
AcDbSymbolTableRecord
100
AcDbDimStyleTableRecord
  2
Dim-ISO-25
 70
     0
 41
3.5
 42
2.1
 43
10.5
 44
2.1
 47
0.1
 48
0.1
 73
     0
 74
     0
 77
     1
 78
    12
 79
     3
140
3.5
141
0.0
143
0.03937
146
0.714286
147
1.4
172
     1
179
     2
271
     2
272
     2
283
     0
284
    12
285
    12
286
    12
340
55
1001
ACAD_DSTYLE_DIMJAG
1070
   388
1040
1.5
1001
ACAD_DSTYLE_DIMTALN
1070
   392
1070
     1
1001
ACAD_DSTYLE_DIMBREAK
1070
   391
1040
3.5
  0
ENDTAB
  0
TABLE
  2
BLOCK_RECORD
  5
1
330
0
100
AcDbSymbolTable
 70
     2
  0
BLOCK_RECORD
  5
70
102
{ACAD_XDICTIONARY
360
9E
102
}
330
1
100
AcDbSymbolTableRecord
100
AcDbBlockTableRecord
  2
*Model_Space
340
73
 70
     0
280
     1
281
     0
  0
BLOCK_RECORD
  5
6C
330
1
100
AcDbSymbolTableRecord
100
AcDbBlockTableRecord
  2
*Paper_Space
340
6F
 70
     0
280
     1
281
     0
  0
BLOCK_RECORD
  5
74
330
1
100
AcDbSymbolTableRecord
100
AcDbBlockTableRecord
  2
*Paper_Space0
340
77
 70
     0
280
     1
281
     0
  0
ENDTAB
  0
ENDSEC
  0
SECTION
  2
BLOCKS
  0
BLOCK
  5
71
330
70
100
AcDbEntity
  8
0
100
AcDbBlockBegin
  2
*Model_Space
 70
     0
 10
0.0
 20
0.0
 30
0.0
  3
*Model_Space
  1

  0
ENDBLK
  5
72
330
70
100
AcDbEntity
  8
0
100
AcDbBlockEnd
  0
BLOCK
  5
6D
330
6C
100
AcDbEntity
 67
     1
  8
0
100
AcDbBlockBegin
  2
*Paper_Space
 70
     0
 10
0.0
 20
0.0
 30
0.0
  3
*Paper_Space
  1

  0
ENDBLK
  5
6E
330
6C
100
AcDbEntity
 67
     1
  8
0
100
AcDbBlockEnd
  0
BLOCK
  5
75
330
74
100
AcDbEntity
 67
     1
  8
0
100
AcDbBlockBegin
  2
*Paper_Space0
 70
     0
 10
0.0
 20
0.0
 30
0.0
  3
*Paper_Space0
  1

  0
ENDBLK
  5
76
330
74
100
AcDbEntity
 67
     1
  8
0
100
AcDbBlockEnd
  0
ENDSEC
  0
SECTION
  2
ENTITIES
  0
LINE
  5
84E
330
70
100
AcDbEntity
  8
Visible
100
AcDbLine
 10
165.685312
 20
200.45167
 30
0.0
 11
166.197581
 21
199.984885
 31
0.0
  0
LINE
  5
84F
330
70
100
AcDbEntity
  8
Visible
100
AcDbLine
 10
165.669874
 20
200.908702
 30
0.0
 11
165.685312
 21
200.45167
 31
0.0
  0
LINE
  5
850
330
70
100
AcDbEntity
  8
Visible
100
AcDbLine
 10
166.897758
 20
200.753289
 30
0.0
 11
165.669874
 21
200.908702
 31
0.0
  0
LINE
  5
851
330
70
100
AcDbEntity
  8
Visible
100
AcDbLine
 10
167.132988
 20
201.01144
 30
0.0
 11
166.897758
 21
200.753289
 31
0.0
  0
LINE
  5
852
330
70
100
AcDbEntity
  8
Visible
100
AcDbLine
 10
165.663747
 20
201.165298
 30
0.0
 11
167.132988
 21
201.01144
 31
0.0
  0
LINE
  5
853
330
70
100
AcDbEntity
  8
Visible
100
AcDbLine
 10
165.629859
 20
202.331273
 30
0.0
 11
165.663747
 21
201.165298
 31
0.0
  0
LINE
  5
854
330
70
100
AcDbEntity
  8
Visible
100
AcDbLine
 10
165.388197
 20
202.066063
 30
0.0
 11
165.629859
 21
202.331273
 31
0.0
  0
LINE
  5
855
330
70
100
AcDbEntity
  8
Visible
100
AcDbLine
 10
165.452371
 20
200.663928
 30
0.0
 11
165.388197
 21
202.066063
 31
0.0
  0
LINE
  5
856
330
70
100
AcDbEntity
  8
Visible
100
AcDbLine
 10
164.719261
 20
201.331945
 30
0.0
 11
165.452371
 21
200.663928
 31
0.0
  0
LINE
  5
857
330
70
100
AcDbEntity
  8
Visible
100
AcDbLine
 10
164.541001
 20
201.136315
 30
0.0
 11
164.719261
 21
201.331945
 31
0.0
  0
LINE
  5
858
330
70
100
AcDbEntity
  8
Visible
100
AcDbLine
 10
166.01932
 20
199.789255
 30
0.0
 11
164.541001
 21
201.136315
 31
0.0
  0
LINE
  5
859
330
70
100
AcDbEntity
  8
Visible
100
AcDbLine
 10
166.197581
 20
199.984885
 30
0.0
 11
166.01932
 21
199.789255
 31
0.0
  0
ARC
  5
85A
330
70
100
AcDbEntity
  8
Visible
100
AcDbCircle
 10
171.79265
 20
205.841263
 30
0.0
 40
0.8075093517385976
100
AcDbArc
 50
183.729773
 51
195.718057
  0
ARC
  5
85B
330
70
100
AcDbEntity
  8
Visible
100
AcDbCircle
 10
175.255117
 20
205.921302
 30
0.0
 40
4.270324391727154
100
AcDbArc
 50
176.687989
 51
181.778985
  0
ARC
  5
85C
330
70
100
AcDbEntity
  8
Visible
100
AcDbCircle
 10
167.026043
 20
206.386729
 30
0.0
 40
3.971908602559124
100
AcDbArc
 50
356.843374
 51
4.305434
  0
SPLINE
  5
85D
330
70
100
AcDbEntity
  8
Visible
100
AcDbSpline
210
0.0
220
0.0
230
1.0
 70
     8
 71
     3
 72
     9
 73
     5
 74
     0
 42
0.000000001
 43
0.0000000001
 40
0.0
 40
0.0
 40
0.0
 40
0.0
 40
0.0135773084206909
 40
0.0294567831649851
 40
0.0294567831649851
 40
0.0294567831649851
 40
0.0294567831649851
 10
170.9160433410652
 20
206.9698939315949
 30
0.0
 10
170.9323328355949
 20
206.9274919147392
 30
0.0
 10
170.9676738688376
 20
206.8354982015826
 30
0.0
 10
170.9800638327979
 20
206.7376568294585
 30
0.0
 10
170.9867429775859
 20
206.684912794617
 30
0.0
  0
SPLINE
  5
85E
330
70
100
AcDbEntity
  8
Visible
100
AcDbSpline
210
0.0
220
0.0
230
1.0
 70
     8
 71
     3
 72
     9
 73
     5
 74
     0
 42
0.000000001
 43
0.0000000001
 40
0.0
 40
0.0
 40
0.0
 40
0.0
 40
0.0119662836557298
 40
0.0242309900526256
 40
0.0242309900526256
 40
0.0242309900526256
 40
0.0242309900526256
 10
170.7746686623959
 20
207.1651604520666
 30
0.0
 10
170.8028489540011
 20
207.1365796578284
 30
0.0
 10
170.8599123151252
 20
207.0787053034473
 30
0.0
 10
170.8971800059353
 20
207.0064609698547
 30
0.0
 10
170.9160433410652
 20
206.9698939315949
 30
0.0
  0
SPLINE
  5
85F
330
70
100
AcDbEntity
  8
Visible
100
AcDbSpline
210
0.0
220
0.0
230
1.0
 70
     8
 71
     3
 72
     9
 73
     5
 74
     0
 42
0.000000001
 43
0.0000000001
 40
0.0
 40
0.0
 40
0.0
 40
0.0
 40
0.0218583942003532
 40
0.0439520085228122
 40
0.0439520085228122
 40
0.0439520085228122
 40
0.0439520085228122
 10
170.3692106952112
 20
207.3075984241896
 30
0.0
 10
170.4440096360485
 20
207.3056543549374
 30
0.0
 10
170.594412435772
 20
207.301745296134
 30
0.0
 10
170.7143692605787
 20
207.2108508814563
 30
0.0
 10
170.7746686623959
 20
207.1651604520666
 30
0.0
  0
SPLINE
  5
860
330
70
100
AcDbEntity
  8
Visible
100
AcDbSpline
210
0.0
220
0.0
230
1.0
 70
     8
 71
     3
 72
     9
 73
     5
 74
     0
 42
0.000000001
 43
0.0000000001
 40
0.0
 40
0.0
 40
0.0
 40
0.0
 40
0.0260913894456983
 40
0.049213391301355
 40
0.049213391301355
 40
0.049213391301355
 40
0.049213391301355
 10
169.9443262143031
 20
207.0782998108661
 30
0.0
 10
170.0078906617745
 20
207.1407963676902
 30
0.0
 10
170.1277854658747
 20
207.2586769241225
 30
0.0
 10
170.2920391425723
 20
207.2919606711348
 30
0.0
 10
170.3692106952112
 20
207.3075984241896
 30
0.0
  0
SPLINE
  5
861
330
70
100
AcDbEntity
  8
Visible
100
AcDbSpline
210
0.0
220
0.0
230
1.0
 70
     8
 71
     3
 72
     9
 73
     5
 74
     0
 42
0.000000001
 43
0.0000000001
 40
0.0
 40
0.0
 40
0.0
 40
0.0
 40
0.0227137027764026
 40
0.0485936619646136
 40
0.0485936619646136
 40
0.0485936619646136
 40
0.0485936619646136
 10
169.7477544377798
 20
206.6428036343568
 30
0.0
 10
169.7589694249272
 20
206.7191380204513
 30
0.0
 10
169.7829627517658
 20
206.8824476926202
 30
0.0
 10
169.8882515967361
 20
207.0102402113898
 30
0.0
 10
169.9443262143031
 20
207.0782998108661
 30
0.0
  0
SPLINE
  5
862
330
70
100
AcDbEntity
  8
Visible
100
AcDbSpline
210
0.0
220
0.0
230
1.0
 70
     8
 71
     3
 72
     9
 73
     5
 74
     0
 42
0.000000001
 43
0.0000000001
 40
0.0
 40
0.0
 40
0.0
 40
0.0
 40
0.0256350189834194
 40
0.048166864837064
 40
0.048166864837064
 40
0.048166864837064
 40
0.048166864837064
 10
169.9345077742236
 20
206.2086993624453
 30
0.0
 10
169.8789232409817
 20
206.276388522896
 30
0.0
 10
169.7744827995102
 20
206.403572928124
 30
0.0
 10
169.7562728297071
 20
206.5665602440077
 30
0.0
 10
169.7477544377798
 20
206.6428036343568
 30
0.0
  0
LINE
  5
863
330
70
100
AcDbEntity
  8
Visible
100
AcDbLine
 10
170.123658
 20
206.377796
 30
0.0
 11
169.934508
 21
206.208699
 31
0.0
  0
SPLINE
  5
864
330
70
100
AcDbEntity
  8
Visible
100
AcDbSpline
210
0.0
220
0.0
230
1.0
 70
     8
 71
     3
 72
     9
 73
     5
 74
     0
 42
0.000000001
 43
0.0000000001
 40
0.0
 40
0.0
 40
0.0
 40
0.0
 40
0.0150071931181095
 40
0.0320134198943089
 40
0.0320134198943089
 40
0.0320134198943089
 40
0.0320134198943089
 10
169.9784332416639
 20
206.6559346635368
 30
0.0
 10
169.9875398628919
 20
206.6055966516032
 30
0.0
 10
170.0069661531306
 20
206.4982153511846
 30
0.0
 10
170.0831745089744
 20
206.4195724124165
 30
0.0
 10
170.1236580495024
 20
206.3777955683472
 30
0.0
  0
SPLINE
  5
865
330
70
100
AcDbEntity
  8
Visible
100
AcDbSpline
210
0.0
220
0.0
230
1.0
 70
     8
 71
     3
 72
     9
 73
     5
 74
     0
 42
0.000000001
 43
0.0000000001
 40
0.0
 40
0.0
 40
0.0
 40
0.0
 40
0.0161819993635139
 40
0.030940753923114
 40
0.030940753923114
 40
0.030940753923114
 40
0.030940753923114
 10
170.0909025846304
 20
206.9373546180304
 30
0.0
 10
170.0563177878721
 20
206.8941156789751
 30
0.0
 10
169.9901900083605
 20
206.8114407669855
 30
0.0
 10
169.982230114756
 20
206.7061556941244
 30
0.0
 10
169.9784332416639
 20
206.6559346635368
 30
0.0
  0
SPLINE
  5
866
330
70
100
AcDbEntity
  8
Visible
100
AcDbSpline
210
0.0
220
0.0
230
1.0
 70
     8
 71
     3
 72
     9
 73
     5
 74
     0
 42
0.000000001
 43
0.0000000001
 40
0.0
 40
0.0
 40
0.0
 40
0.0
 40
0.0141808962007153
 40
0.0295807155914065
 40
0.0295807155914065
 40
0.0295807155914065
 40
0.0295807155914065
 10
170.3483343805183
 20
207.070994244923
 30
0.0
 10
170.3007948324921
 20
207.0622245034174
 30
0.0
 10
170.2016294603217
 20
207.0439312146427
 30
0.0
 10
170.1288117355107
 20
206.9738428532128
 30
0.0
 10
170.0909025846304
 20
206.9373546180304
 30
0.0
  0
SPLINE
  5
867
330
70
100
AcDbEntity
  8
Visible
100
AcDbSpline
210
0.0
220
0.0
230
1.0
 70
     8
 71
     3
 72
     9
 73
     5
 74
     0
 42
0.000000001
 43
0.0000000001
 40
0.0
 40
0.0
 40
0.0
 40
0.0
 40
0.0137056154905828
 40
0.027345035434966
 40
0.027345035434966
 40
0.027345035434966
 40
0.027345035434966
 10
170.6006443777896
 20
206.9822812831116
 30
0.0
 10
170.5632152148064
 20
207.0105611991403
 30
0.0
 10
170.488537664658
 20
207.0669844445201
 30
0.0
 10
170.3949933260191
 20
207.0696598035829
 30
0.0
 10
170.3483343805183
 20
207.070994244923
 30
0.0
  0
SPLINE
  5
868
330
70
100
AcDbEntity
  8
Visible
100
AcDbSpline
210
0.0
220
0.0
230
1.0
 70
     8
 71
     3
 72
     9
 73
     5
 74
     0
 42
0.000000001
 43
0.0000000001
 40
0.0
 40
0.0
 40
0.0
 40
0.0
 40
0.0174568340333357
 40
0.0320819364789144
 40
0.0320819364789144
 40
0.0320819364789144
 40
0.0320819364789144
 10
170.741779278067
 20
206.6986406985397
 30
0.0
 10
170.7280894601899
 20
206.7562239358667
 30
0.0
 10
170.7029304956995
 20
206.8620496404928
 30
0.0
 10
170.6326726327952
 20
206.9446338507114
 30
0.0
 10
170.6006443777896
 20
206.9822812831116
 30
0.0
  0
ARC
  5
869
330
70
100
AcDbEntity
  8
Visible
100
AcDbCircle
 10
168.044453
 20
206.32089
 30
0.0
 40
2.723649107117891
100
AcDbArc
 50
355.086775
 51
7.972213
  0
ARC
  5
86A
330
70
100
AcDbEntity
  8
Visible
100
AcDbCircle
 10
173.28475
 20
205.909582
 30
0.0
 40
2.532920802476072
100
AcDbArc
 50
175.969432
 51
185.969759
  0
SPLINE
  5
86B
330
70
100
AcDbEntity
  8
Visible
100
AcDbSpline
210
0.0
220
0.0
230
1.0
 70
     8
 71
     3
 72
     9
 73
     5
 74
     0
 42
0.000000001
 43
0.0000000001
 40
0.0
 40
0.0
 40
0.0
 40
0.0
 40
0.0149254366152464
 40
0.0312470546752085
 40
0.0312470546752085
 40
0.0312470546752085
 40
0.0312470546752085
 10
170.8533183687086
 20
205.3474746511565
 30
0.0
 10
170.8330615991435
 20
205.39315651793
 30
0.0
 10
170.7906531656445
 20
205.4887935050101
 30
0.0
 10
170.7741736604275
 20
205.5921580889972
 30
0.0
 10
170.7655657390496
 20
205.6461496500688
 30
0.0
  0
SPLINE
  5
86C
330
70
100
AcDbEntity
  8
Visible
100
AcDbSpline
210
0.0
220
0.0
230
1.0
 70
     8
 71
     3
 72
     9
 73
     5
 74
     0
 42
0.000000001
 43
0.0000000001
 40
0.0
 40
0.0
 40
0.0
 40
0.0
 40
0.0087164513724183
 40
0.0173793378102831
 40
0.0173793378102831
 40
0.0173793378102831
 40
0.0173793378102831
 10
170.9600733323186
 20
205.2114403643536
 30
0.0
 10
170.9387993042983
 20
205.2314951880071
 30
0.0
 10
170.8963819828732
 20
205.2714815930376
 30
0.0
 10
170.8676433816399
 20
205.3221957338774
 30
0.0
 10
170.8533183687086
 20
205.3474746511565
 30
0.0
  0
LINE
  5
86D
330
70
100
AcDbEntity
  8
Visible
100
AcDbLine
 10
171.850456
 20
206.188583
 30
0.0
 11
170.960073
 21
205.21144
 31
0.0
  0
LINE
  5
86E
330
70
100
AcDbEntity
  8
Visible
100
AcDbLine
 10
171.676002
 20
206.347547
 30
0.0
 11
171.850456
 21
206.188583
 31
0.0
  0
LINE
  5
86F
330
70
100
AcDbEntity
  8
Visible
100
AcDbLine
 10
171.015336
 20
205.622505
 30
0.0
 11
171.676002
 21
206.347547
 31
0.0
  0
SPLINE
  5
870
330
70
100
AcDbEntity
  8
Visible
100
AcDbSpline
210
0.0
220
0.0
230
1.0
 70
     8
 71
     3
 72
     9
 73
     5
 74
     0
 42
0.000000001
 43
0.0000000001
 40
0.0
 40
0.0
 40
0.0
 40
0.0
 40
0.0130537024407303
 40
0.025513158670464
 40
0.025513158670464
 40
0.025513158670464
 40
0.025513158670464
 10
167.9939564761171
 20
204.6381051417047
 30
0.0
 10
167.966509660042
 20
204.6029512488294
 30
0.0
 10
167.9128654945907
 20
204.5342437805139
 30
0.0
 10
167.9064954915939
 20
204.4474224861078
 30
0.0
 10
167.9033846743659
 20
204.4050229490131
 30
0.0
  0
SPLINE
  5
871
330
70
100
AcDbEntity
  8
Visible
100
AcDbSpline
210
0.0
220
0.0
230
1.0
 70
     8
 71
     3
 72
     9
 73
     5
 74
     0
 42
0.000000001
 43
0.0000000001
 40
0.0
 40
0.0
 40
0.0
 40
0.0
 40
0.0125575905611049
 40
0.0255362611757932
 40
0.0255362611757932
 40
0.0255362611757932
 40
0.0255362611757932
 10
168.2186907705963
 20
204.7480145456447
 30
0.0
 10
168.176325974322
 20
204.7413963261115
 30
0.0
 10
168.0901758090422
 20
204.7279379654719
 30
0.0
 10
168.0263802393365
 20
204.668376794174
 30
0.0
 10
167.9939564761171
 20
204.6381051417047
 30
0.0
  0
SPLINE
  5
872
330
70
100
AcDbEntity
  8
Visible
100
AcDbSpline
210
0.0
220
0.0
230
1.0
 70
     8
 71
     3
 72
     9
 73
     5
 74
     0
 42
0.000000001
 43
0.0000000001
 40
0.0
 40
0.0
 40
0.0
 40
0.0
 40
0.0126494038477423
 40
0.0250939453097645
 40
0.0250939453097645
 40
0.0250939453097645
 40
0.0250939453097645
 10
168.4495324938689
 20
204.6640988148283
 30
0.0
 10
168.4151372252199
 20
204.6903465957421
 30
0.0
 10
168.3469037336817
 20
204.7424170637769
 30
0.0
 10
168.2611951886574
 20
204.7461589009145
 30
0.0
 10
168.2186907705963
 20
204.7480145456447
 30
0.0
  0
SPLINE
  5
873
330
70
100
AcDbEntity
  8
Visible
100
AcDbSpline
210
0.0
220
0.0
230
1.0
 70
     8
 71
     3
 72
     9
 73
     5
 74
     0
 42
0.000000001
 43
0.0000000001
 40
0.0
 40
0.0
 40
0.0
 40
0.0
 40
0.0120475185143293
 40
0.0242150834979349
 40
0.0242150834979349
 40
0.0242150834979349
 40
0.0242150834979349
 10
168.5502757482936
 20
204.4495608111738
 30
0.0
 10
168.5447634596057
 20
204.490382691838
 30
0.0
 10
168.533683955502
 20
204.5724332193113
 30
0.0
 10
168.4776755351431
 20
204.6334427978327
 30
0.0
 10
168.4495324938689
 20
204.6640988148283
 30
0.0
  0
SPLINE
  5
874
330
70
100
AcDbEntity
  8
Visible
100
AcDbSpline
210
0.0
220
0.0
230
1.0
 70
     8
 71
     3
 72
     9
 73
     5
 74
     0
 42
0.000000001
 43
0.0000000001
 40
0.0
 40
0.0
 40
0.0
 40
0.0
 40
0.0131010476081777
 40
0.0254325074205158
 40
0.0254325074205158
 40
0.0254325074205158
 40
0.0254325074205158
 10
168.4596598880216
 20
204.2174428809394
 30
0.0
 10
168.4873443977667
 20
204.2526526707407
 30
0.0
 10
168.5410871609856
 20
204.3210039405931
 30
0.0
 10
168.5472753035992
 20
204.4075818031579
 30
0.0
 10
168.5502757482936
 20
204.4495608111738
 30
0.0
  0
SPLINE
  5
875
330
70
100
AcDbEntity
  8
Visible
100
AcDbSpline
210
0.0
220
0.0
230
1.0
 70
     8
 71
     3
 72
     9
 73
     5
 74
     0
 42
0.000000001
 43
0.0000000001
 40
0.0
 40
0.0
 40
0.0
 40
0.0
 40
0.0124882137811549
 40
0.0259116063109634
 40
0.0259116063109634
 40
0.0259116063109634
 40
0.0259116063109634
 10
168.2332217329876
 20
204.1026253055825
 30
0.0
 10
168.2752335487021
 20
204.1097534101737
 30
0.0
 10
168.3624032311181
 20
204.1245434068205
 30
0.0
 10
168.4264702523232
 20
204.1857401697744
 30
0.0
 10
168.4596598880216
 20
204.2174428809394
 30
0.0
  0
SPLINE
  5
876
330
70
100
AcDbEntity
  8
Visible
100
AcDbSpline
210
0.0
220
0.0
230
1.0
 70
     8
 71
     3
 72
     9
 73
     5
 74
     0
 42
0.000000001
 43
0.0000000001
 40
0.0
 40
0.0
 40
0.0
 40
0.0
 40
0.0130931820271066
 40
0.0254660858772545
 40
0.0254660858772545
 40
0.0254660858772545
 40
0.0254660858772545
 10
168.0002291725741
 20
204.1912700240628
 30
0.0
 10
168.0355182025578
 20
204.1636584262924
 30
0.0
 10
168.1041549530637
 20
204.1099541916319
 30
0.0
 10
168.1910184165208
 20
204.1050217649772
 30
0.0
 10
168.2332217329876
 20
204.1026253055825
 30
0.0
  0
SPLINE
  5
877
330
70
100
AcDbEntity
  8
Visible
100
AcDbSpline
210
0.0
220
0.0
230
1.0
 70
     8
 71
     3
 72
     9
 73
     5
 74
     0
 42
0.000000001
 43
0.0000000001
 40
0.0
 40
0.0
 40
0.0
 40
0.0
 40
0.0120929547623178
 40
0.023985688724165
 40
0.023985688724165
 40
0.023985688724165
 40
0.023985688724165
 10
167.9033846743659
 20
204.4050229490131
 30
0.0
 10
167.9083068420641
 20
204.3639320856291
 30
0.0
 10
167.918069682044
 20
204.2824306926359
 30
0.0
 10
167.9729955070397
 20
204.2214873384801
 30
0.0
 10
168.0002291725741
 20
204.1912700240628
 30
0.0
  0
SPLINE
  5
878
330
70
100
AcDbEntity
  8
Visible
100
AcDbSpline
210
0.0
220
0.0
230
1.0
 70
     8
 71
     3
 72
     9
 73
     5
 74
     0
 42
0.000000001
 43
0.0000000001
 40
0.0
 40
0.0
 40
0.0
 40
0.0
 40
0.0160994040716549
 40
0.0315797636592301
 40
0.0315797636592301
 40
0.0315797636592301
 40
0.0315797636592301
 10
168.6033010033643
 20
204.0773273173672
 30
0.0
 10
168.5695741291147
 20
204.0337971291174
 30
0.0
 10
168.5034172258492
 20
203.9484105489155
 30
0.0
 10
168.4974903746188
 20
203.8406816724455
 30
0.0
 10
168.4945850397562
 20
203.7878731155579
 30
0.0
  0
SPLINE
  5
879
330
70
100
AcDbEntity
  8
Visible
100
AcDbSpline
210
0.0
220
0.0
230
1.0
 70
     8
 71
     3
 72
     9
 73
     5
 74
     0
 42
0.000000001
 43
0.0000000001
 40
0.0
 40
0.0
 40
0.0
 40
0.0
 40
0.0158781740385917
 40
0.032386405409953
 40
0.032386405409953
 40
0.032386405409953
 40
0.032386405409953
 10
168.8879499799386
 20
204.2175427553739
 30
0.0
 10
168.8344194272613
 20
204.209007010777
 30
0.0
 10
168.7252341911898
 20
204.1915968171143
 30
0.0
 10
168.6444691438591
 20
204.1159079770205
 30
0.0
 10
168.6033010033643
 20
204.0773273173672
 30
0.0
  0
SPLINE
  5
87A
330
70
100
AcDbEntity
  8
Visible
100
AcDbSpline
210
0.0
220
0.0
230
1.0
 70
     8
 71
     3
 72
     9
 73
     5
 74
     0
 42
0.000000001
 43
0.0000000001
 40
0.0
 40
0.0
 40
0.0
 40
0.0
 40
0.0164669731750063
 40
0.0323022140698063
 40
0.0323022140698063
 40
0.0323022140698063
 40
0.0323022140698063
 10
169.1842383741186
 20
204.1072127250991
 30
0.0
 10
169.1396787429821
 20
204.1416997554825
 30
0.0
 10
169.0522689483241
 20
204.2093507698046
 30
0.0
 10
168.9420041556295
 20
204.214847929381
 30
0.0
 10
168.8879499799386
 20
204.2175427553739
 30
0.0
  0
SPLINE
  5
87B
330
70
100
AcDbEntity
  8
Visible
100
AcDbSpline
210
0.0
220
0.0
230
1.0
 70
     8
 71
     3
 72
     9
 73
     5
 74
     0
 42
0.000000001
 43
0.0000000001
 40
0.0
 40
0.0
 40
0.0
 40
0.0
 40
0.0154661264502125
 40
0.0316494411536573
 40
0.0316494411536573
 40
0.0316494411536573
 40
0.0316494411536573
 10
169.3198270043867
 20
203.8286259605556
 30
0.0
 10
169.3120781398302
 20
203.8808992377217
 30
0.0
 10
169.2962210838595
 20
203.9878697849308
 30
0.0
 10
169.2221256210614
 20
204.0668352824068
 30
0.0
 10
169.1842383741186
 20
204.1072127250991
 30
0.0
  0
SPLINE
  5
87C
330
70
100
AcDbEntity
  8
Visible
100
AcDbSpline
210
0.0
220
0.0
230
1.0
 70
     8
 71
     3
 72
     9
 73
     5
 74
     0
 42
0.000000001
 43
0.0000000001
 40
0.0
 40
0.0
 40
0.0
 40
0.0
 40
0.0163116266425571
 40
0.0318352168051982
 40
0.0318352168051982
 40
0.0318352168051982
 40
0.0318352168051982
 10
169.2078054409176
 20
203.5375697281288
 30
0.0
 10
169.2421281099359
 20
203.5815218024345
 30
0.0
 10
169.3091152739689
 20
203.6673025676064
 30
0.0
 10
169.316315840917
 20
203.7757462873524
 30
0.0
 10
169.3198270043867
 20
203.8286259605556
 30
0.0
  0
SPLINE
  5
87D
330
70
100
AcDbEntity
  8
Visible
100
AcDbSpline
210
0.0
220
0.0
230
1.0
 70
     8
 71
     3
 72
     9
 73
     5
 74
     0
 42
0.000000001
 43
0.0000000001
 40
0.0
 40
0.0
 40
0.0
 40
0.0
 40
0.0109694645102999
 40
0.0220002204119889
 40
0.0220002204119889
 40
0.0220002204119889
 40
0.0220002204119889
 10
169.0255491223761
 20
203.4175628275916
 30
0.0
 10
169.059675877932
 20
203.4316789536915
 30
0.0
 10
169.1281200707617
 20
203.4599900791109
 30
0.0
 10
169.1811943635221
 20
203.5116618602188
 30
0.0
 10
169.2078054409176
 20
203.5375697281288
 30
0.0
  0
SPLINE
  5
87E
330
70
100
AcDbEntity
  8
Visible
100
AcDbSpline
210
0.0
220
0.0
230
1.0
 70
     8
 71
     3
 72
     9
 73
     5
 74
     0
 42
0.000000001
 43
0.0000000001
 40
0.0
 40
0.0
 40
0.0
 40
0.0
 40
0.0106891103139396
 40
0.0214770462262649
 40
0.0214770462262649
 40
0.0214770462262649
 40
0.0214770462262649
 10
168.8134147126966
 20
203.4106045910958
 30
0.0
 10
168.8488700798134
 20
203.4035841670629
 30
0.0
 10
168.9201086147495
 20
203.3894784120421
 30
0.0
 10
168.9902946339662
 20
203.4081726821459
 30
0.0
 10
169.0255491223761
 20
203.4175628275916
 30
0.0
  0
SPLINE
  5
87F
330
70
100
AcDbEntity
  8
Visible
100
AcDbSpline
210
0.0
220
0.0
230
1.0
 70
     8
 71
     3
 72
     9
 73
     5
 74
     0
 42
0.000000001
 43
0.0000000001
 40
0.0
 40
0.0
 40
0.0
 40
0.0
 40
0.0104089660394051
 40
0.0210771670835933
 40
0.0210771670835933
 40
0.0210771670835933
 40
0.0210771670835933
 10
168.6296242417593
 20
203.5107094989726
 30
0.0
 10
168.6569067343898
 20
203.4887921352183
 30
0.0
 10
168.7121511893547
 20
203.4444115563838
 30
0.0
 10
168.7793845631295
 20
203.4219656029109
 30
0.0
 10
168.8134147126966
 20
203.4106045910958
 30
0.0
  0
SPLINE
  5
880
330
70
100
AcDbEntity
  8
Visible
100
AcDbSpline
210
0.0
220
0.0
230
1.0
 70
     8
 71
     3
 72
     9
 73
     5
 74
     0
 42
0.000000001
 43
0.0000000001
 40
0.0
 40
0.0
 40
0.0
 40
0.0
 40
0.0154661736204938
 40
0.0314786113535241
 40
0.0314786113535241
 40
0.0314786113535241
 40
0.0314786113535241
 10
168.4945850397562
 20
203.7878731155579
 30
0.0
 10
168.5025647958555
 20
203.735655826049
 30
0.0
 10
168.5188061524495
 20
203.6293769362146
 30
0.0
 10
168.5922599849382
 20
203.5507203007201
 30
0.0
 10
168.6296242417593
 20
203.5107094989726
 30
0.0
  0
SPLINE
  5
881
330
70
100
AcDbEntity
  8
Visible
100
AcDbSpline
210
0.0
220
0.0
230
1.0
 70
     8
 71
     3
 72
     9
 73
     5
 74
     0
 42
0.000000001
 43
0.0000000001
 40
0.0
 40
0.0
 40
0.0
 40
0.0
 40
0.0180927040736575
 40
0.0346039322089207
 40
0.0346039322089207
 40
0.0346039322089207
 40
0.0346039322089207
 10
168.4586253755751
 20
203.3250735366782
 30
0.0
 10
168.4155644829225
 20
203.3687940863765
 30
0.0
 10
168.3332066328112
 20
203.4524135902229
 30
0.0
 10
168.2997120503805
 20
203.5646823431689
 30
0.0
 10
168.2837301472718
 20
203.6182512549658
 30
0.0
  0
SPLINE
  5
882
330
70
100
AcDbEntity
  8
Visible
100
AcDbSpline
210
0.0
220
0.0
230
1.0
 70
     8
 71
     3
 72
     9
 73
     5
 74
     0
 42
0.000000001
 43
0.0000000001
 40
0.0
 40
0.0
 40
0.0
 40
0.0
 40
0.0239403666720935
 40
0.0483927438185614
 40
0.0483927438185614
 40
0.0483927438185614
 40
0.0483927438185614
 10
168.9040280687259
 20
203.164694019817
 30
0.0
 10
168.8221885014827
 20
203.1676721598687
 30
0.0
 10
168.6567590715149
 20
203.1736921331849
 30
0.0
 10
168.5251341519251
 20
203.2742583946056
 30
0.0
 10
168.4586253755751
 20
203.3250735366782
 30
0.0
  0
SPLINE
  5
883
330
70
100
AcDbEntity
  8
Visible
100
AcDbSpline
210
0.0
220
0.0
230
1.0
 70
     8
 71
     3
 72
     9
 73
     5
 74
     0
 42
0.000000001
 43
0.0000000001
 40
0.0
 40
0.0
 40
0.0
 40
0.0
 40
0.0270961456699345
 40
0.051880656102135
 40
0.051880656102135
 40
0.051880656102135
 40
0.051880656102135
 10
169.3552112006619
 20
203.3995604120191
 30
0.0
 10
169.2885986500732
 20
203.3352339950561
 30
0.0
 10
169.1610564205857
 20
203.2120689974417
 30
0.0
 10
168.9871208493969
 20
203.1800095233266
 30
0.0
 10
168.9040280687259
 20
203.164694019817
 30
0.0
  0
SPLINE
  5
884
330
70
100
AcDbEntity
  8
Visible
100
AcDbSpline
210
0.0
220
0.0
230
1.0
 70
     8
 71
     3
 72
     9
 73
     5
 74
     0
 42
0.000000001
 43
0.0000000001
 40
0.0
 40
0.0
 40
0.0
 40
0.0
 40
0.0247574185579935
 40
0.0518509298442285
 40
0.0518509298442285
 40
0.0518509298442285
 40
0.0518509298442285
 10
169.5477397037211
 20
203.8701172568635
 30
0.0
 10
169.5400327140905
 20
203.7860813795833
 30
0.0
 10
169.5238915086702
 20
203.6100800583227
 30
0.0
 10
169.4131018103544
 20
203.4718101655344
 30
0.0
 10
169.3552112006619
 20
203.3995604120191
 30
0.0
  0
SPLINE
  5
885
330
70
100
AcDbEntity
  8
Visible
100
AcDbSpline
210
0.0
220
0.0
230
1.0
 70
     8
 71
     3
 72
     9
 73
     5
 74
     0
 42
0.000000001
 43
0.0000000001
 40
0.0
 40
0.0
 40
0.0
 40
0.0
 40
0.0240336142289908
 40
0.0478198466125661
 40
0.0478198466125661
 40
0.0478198466125661
 40
0.0478198466125661
 10
169.3512937327978
 20
204.2945970470428
 30
0.0
 10
169.4068676184433
 20
204.2339426614526
 30
0.0
 10
169.5174433588145
 20
204.1132582155915
 30
0.0
 10
169.537675810956
 20
203.9508842451869
 30
0.0
 10
169.5477397037211
 20
203.8701172568635
 30
0.0
  0
SPLINE
  5
886
330
70
100
AcDbEntity
  8
Visible
100
AcDbSpline
210
0.0
220
0.0
230
1.0
 70
     8
 71
     3
 72
     9
 73
     5
 74
     0
 42
0.000000001
 43
0.0000000001
 40
0.0
 40
0.0
 40
0.0
 40
0.0
 40
0.0163437602193963
 40
0.0337683113428429
 40
0.0337683113428429
 40
0.0337683113428429
 40
0.0337683113428429
 10
169.0505469689887
 20
204.4385193667131
 30
0.0
 10
169.104662872649
 20
204.4271492749485
 30
0.0
 10
169.2164732919736
 20
204.4036572025234
 30
0.0
 10
169.3054048031608
 20
204.3317179299775
 30
0.0
 10
169.3512937327978
 20
204.2945970470428
 30
0.0
  0
SPLINE
  5
887
330
70
100
AcDbEntity
  8
Visible
100
AcDbSpline
210
0.0
220
0.0
230
1.0
 70
     8
 71
     3
 72
     9
 73
     5
 74
     0
 42
0.000000001
 43
0.0000000001
 40
0.0
 40
0.0
 40
0.0
 40
0.0
 40
0.0180151613548658
 40
0.0345244910103513
 40
0.0345244910103513
 40
0.0345244910103513
 40
0.0345244910103513
 10
168.7185258251593
 20
204.3617714689244
 30
0.0
 10
168.7731656059713
 20
204.3890266540166
 30
0.0
 10
168.8778779970635
 20
204.4412588474533
 30
0.0
 10
168.9946889332459
 20
204.4394055827561
 30
0.0
 10
169.0505469689887
 20
204.4385193667131
 30
0.0
  0
SPLINE
  5
888
330
70
100
AcDbEntity
  8
Visible
100
AcDbSpline
210
0.0
220
0.0
230
1.0
 70
     8
 71
     3
 72
     9
 73
     5
 74
     0
 42
0.000000001
 43
0.0000000001
 40
0.0
 40
0.0
 40
0.0
 40
0.0
 40
0.0129509103796083
 40
0.0275881683427134
 40
0.0275881683427134
 40
0.0275881683427134
 40
0.0275881683427134
 10
168.7503633639189
 20
204.6326855537427
 30
0.0
 10
168.7552251079068
 20
204.5892287140523
 30
0.0
 10
168.7655816471506
 20
204.4966564875522
 30
0.0
 10
168.7348375185011
 20
204.4085287662619
 30
0.0
 10
168.7185258251593
 20
204.3617714689244
 30
0.0
  0
SPLINE
  5
889
330
70
100
AcDbEntity
  8
Visible
100
AcDbSpline
210
0.0
220
0.0
230
1.0
 70
     8
 71
     3
 72
     9
 73
     5
 74
     0
 42
0.000000001
 43
0.0000000001
 40
0.0
 40
0.0
 40
0.0
 40
0.0
 40
0.0131389165750613
 40
0.0256086027335276
 40
0.0256086027335276
 40
0.0256086027335276
 40
0.0256086027335276
 10
168.6205307774307
 20
204.8497336952478
 30
0.0
 10
168.6515262989196
 20
204.8178229206242
 30
0.0
 10
168.7119385857186
 20
204.7556267459549
 30
0.0
 10
168.7377802111878
 20
204.6729457158308
 30
0.0
 10
168.7503633639189
 20
204.6326855537427
 30
0.0
  0
SPLINE
  5
88A
330
70
100
AcDbEntity
  8
Visible
100
AcDbSpline
210
0.0
220
0.0
230
1.0
 70
     8
 71
     3
 72
     9
 73
     5
 74
     0
 42
0.000000001
 43
0.0000000001
 40
0.0
 40
0.0
 40
0.0
 40
0.0
 40
0.0206824241279502
 40
0.0412472271516114
 40
0.0412472271516114
 40
0.0412472271516114
 40
0.0412472271516114
 10
168.2392419322768
 20
204.9812233826269
 30
0.0
 10
168.3100380015494
 20
204.9796971945561
 30
0.0
 10
168.4512275223078
 20
204.9766534978553
 30
0.0
 10
168.5642037471898
 20
204.8919597915774
 30
0.0
 10
168.6205307774307
 20
204.8497336952478
 30
0.0
  0
SPLINE
  5
88B
330
70
100
AcDbEntity
  8
Visible
100
AcDbSpline
210
0.0
220
0.0
230
1.0
 70
     8
 71
     3
 72
     9
 73
     5
 74
     0
 42
0.000000001
 43
0.0000000001
 40
0.0
 40
0.0
 40
0.0
 40
0.0
 40
0.0239397207975136
 40
0.0456914464944384
 40
0.0456914464944384
 40
0.0456914464944384
 40
0.0456914464944384
 10
167.8428748817769
 20
204.7720806669495
 30
0.0
 10
167.9015726321722
 20
204.8290261892598
 30
0.0
 10
168.0136033924427
 20
204.9377126400214
 30
0.0
 10
168.1664691449696
 20
204.9671903277267
 30
0.0
 10
168.2392419322768
 20
204.9812233826269
 30
0.0
  0
SPLINE
  5
88C
330
70
100
AcDbEntity
  8
Visible
100
AcDbSpline
210
0.0
220
0.0
230
1.0
 70
     8
 71
     3
 72
     9
 73
     5
 74
     0
 42
0.000000001
 43
0.0000000001
 40
0.0
 40
0.0
 40
0.0
 40
0.0
 40
0.0214145604516651
 40
0.0451723829861349
 40
0.0451723829861349
 40
0.0451723829861349
 40
0.0451723829861349
 10
167.6716171671924
 20
204.3633525693185
 30
0.0
 10
167.6790975948188
 20
204.435909798538
 30
0.0
 10
167.6948769867122
 20
204.5889637430337
 30
0.0
 10
167.7918652017688
 20
204.708966690303
 30
0.0
 10
167.8428748817769
 20
204.7720806669495
 30
0.0
  0
SPLINE
  5
88D
330
70
100
AcDbEntity
  8
Visible
100
AcDbSpline
210
0.0
220
0.0
230
1.0
 70
     8
 71
     3
 72
     9
 73
     5
 74
     0
 42
0.000000001
 43
0.0000000001
 40
0.0
 40
0.0
 40
0.0
 40
0.0
 40
0.0204680045070648
 40
0.0408233629805513
 40
0.0408233629805513
 40
0.0408233629805513
 40
0.0408233629805513
 10
167.8372082877467
 20
204.0002110595433
 30
0.0
 10
167.7899745489176
 20
204.051996804652
 30
0.0
 10
167.6957670229985
 20
204.1552832910875
 30
0.0
 10
167.6796522970598
 20
204.2941238465683
 30
0.0
 10
167.6716171671924
 20
204.3633525693185
 30
0.0
  0
SPLINE
  5
88E
330
70
100
AcDbEntity
  8
Visible
100
AcDbSpline
210
0.0
220
0.0
230
1.0
 70
     8
 71
     3
 72
     9
 73
     5
 74
     0
 42
0.000000001
 43
0.0000000001
 40
0.0
 40
0.0
 40
0.0
 40
0.0
 40
0.0126607504414867
 40
0.026224298017597
 40
0.026224298017597
 40
0.026224298017597
 40
0.026224298017597
 10
168.0703559376852
 20
203.8874302647
 30
0.0
 10
168.0285066054657
 20
203.8965041393512
 30
0.0
 10
167.9418238005983
 20
203.9152989172835
 30
0.0
 10
167.8728713769287
 20
203.9712647855195
 30
0.0
 10
167.8372082877467
 20
204.0002110595433
 30
0.0
  0
SPLINE
  5
88F
330
70
100
AcDbEntity
  8
Visible
100
AcDbSpline
210
0.0
220
0.0
230
1.0
 70
     8
 71
     3
 72
     9
 73
     5
 74
     0
 42
0.000000001
 43
0.0000000001
 40
0.0
 40
0.0
 40
0.0
 40
0.0
 40
0.0149330205407246
 40
0.0280290651315519
 40
0.0280290651315519
 40
0.0280290651315519
 40
0.0280290651315519
 10
168.3408712323926
 20
203.9473177824894
 30
0.0
 10
168.2951149146211
 20
203.9258486873696
 30
0.0
 10
168.2092309631771
 20
203.8855515041032
 30
0.0
 10
168.1145798568122
 20
203.8868319846533
 30
0.0
 10
168.0703559376852
 20
203.8874302647
 30
0.0
  0
SPLINE
  5
890
330
70
100
AcDbEntity
  8
Visible
100
AcDbSpline
210
0.0
220
0.0
230
1.0
 70
     8
 71
     3
 72
     9
 73
     5
 74
     0
 42
0.000000001
 43
0.0000000001
 40
0.0
 40
0.0
 40
0.0
 40
0.0
 40
0.0163159902646884
 40
0.0338982666231527
 40
0.0338982666231527
 40
0.0338982666231527
 40
0.0338982666231527
 10
168.2837301472718
 20
203.6182512549658
 30
0.0
 10
168.2789586018643
 20
203.6733743911627
 30
0.0
 10
168.2690451908038
 20
203.7878987772146
 30
0.0
 10
168.3163403078961
 20
203.8928710178443
 30
0.0
 10
168.3408712323926
 20
203.9473177824894
 30
0.0
  0
SPLINE
  5
891
330
70
100
AcDbEntity
  8
Visible
100
AcDbSpline
210
0.0
220
0.0
230
1.0
 70
     8
 71
     3
 72
     9
 73
     5
 74
     0
 42
0.000000001
 43
0.0000000001
 40
0.0
 40
0.0
 40
0.0
 40
0.0
 40
0.0191357970473616
 40
0.0377715237636092
 40
0.0377715237636092
 40
0.0377715237636092
 40
0.0377715237636092
 10
259.3838107105548
 20
207.9064212277954
 30
0.0
 10
259.3675817670501
 20
207.9690210968365
 30
0.0
 10
259.3355479863931
 20
208.0925849303785
 30
0.0
 10
259.3594611887183
 20
208.2179185477999
 30
0.0
 10
259.3712594922818
 20
208.279755688849
 30
0.0
  0
SPLINE
  5
892
330
70
100
AcDbEntity
  8
Visible
100
AcDbSpline
210
0.0
220
0.0
230
1.0
 70
     8
 71
     3
 72
     9
 73
     5
 74
     0
 42
0.000000001
 43
0.0000000001
 40
0.0
 40
0.0
 40
0.0
 40
0.0
 40
0.0250271389731883
 40
0.0464160342639283
 40
0.0464160342639283
 40
0.0464160342639283
 40
0.0464160342639283
 10
259.6261416040379
 20
207.5133014066723
 30
0.0
 10
259.5720752257057
 20
207.5775917575902
 30
0.0
 10
259.4718022032157
 20
207.6968264465468
 30
0.0
 10
259.4115674066434
 20
207.8403050787329
 30
0.0
 10
259.3838107105548
 20
207.9064212277954
 30
0.0
  0
SPLINE
  5
893
330
70
100
AcDbEntity
  8
Visible
100
AcDbSpline
210
0.0
220
0.0
230
1.0
 70
     8
 71
     3
 72
     9
 73
     5
 74
     0
 42
0.000000001
 43
0.0000000001
 40
0.0
 40
0.0
 40
0.0
 40
0.0
 40
0.0191232930157148
 40
0.0395620688881959
 40
0.0395620688881959
 40
0.0395620688881959
 40
0.0395620688881959
 10
259.9403378657789
 20
207.2767228966095
 30
0.0
 10
259.8834568808397
 20
207.3064700211053
 30
0.0
 10
259.7657820932018
 20
207.368010561615
 30
0.0
 10
259.6737089453327
 20
207.4638093198482
 30
0.0
 10
259.6261416040379
 20
207.5133014066723
 30
0.0
  0
SPLINE
  5
894
330
70
100
AcDbEntity
  8
Visible
100
AcDbSpline
210
0.0
220
0.0
230
1.0
 70
     8
 71
     3
 72
     9
 73
     5
 74
     0
 42
0.000000001
 43
0.0000000001
 40
0.0
 40
0.0
 40
0.0
 40
0.0
 40
0.0167790445283972
 40
0.03459512734249
 40
0.03459512734249
 40
0.03459512734249
 40
0.03459512734249
 10
260.2788741169206
 20
207.2256729639157
 30
0.0
 10
260.2223795132431
 20
207.2218778441384
 30
0.0
 10
260.1058986251246
 20
207.2140530450706
 30
0.0
 10
259.9966167456314
 20
207.2554196055462
 30
0.0
 10
259.9403378657789
 20
207.2767228966095
 30
0.0
  0
SPLINE
  5
895
330
70
100
AcDbEntity
  8
Visible
100
AcDbSpline
210
0.0
220
0.0
230
1.0
 70
     8
 71
     3
 72
     9
 73
     5
 74
     0
 42
0.000000001
 43
0.0000000001
 40
0.0
 40
0.0
 40
0.0
 40
0.0
 40
0.015668904473846
 40
0.0317806121345527
 40
0.0317806121345527
 40
0.0317806121345527
 40
0.0317806121345527
 10
260.564702652182
 20
207.3566265459285
 30
0.0
 10
260.522537791212
 20
207.3246643036018
 30
0.0
 10
260.4370164904449
 20
207.2598365660906
 30
0.0
 10
260.3320756260964
 20
207.2371661213419
 30
0.0
 10
260.2788741169206
 20
207.2256729639157
 30
0.0
  0
SPLINE
  5
896
330
70
100
AcDbEntity
  8
Visible
100
AcDbSpline
210
0.0
220
0.0
230
1.0
 70
     8
 71
     3
 72
     9
 73
     5
 74
     0
 42
0.000000001
 43
0.0000000001
 40
0.0
 40
0.0
 40
0.0
 40
0.0
 40
0.0146776165921122
 40
0.0299800002637302
 40
0.0299800002637302
 40
0.0299800002637302
 40
0.0299800002637302
 10
260.722524777475
 20
207.6074810930641
 30
0.0
 10
260.7062231177569
 20
207.56063736754
 30
0.0
 10
260.6729259022614
 20
207.4649559675836
 30
0.0
 10
260.6012747924051
 20
207.3932345649646
 30
0.0
 10
260.564702652182
 20
207.3566265459285
 30
0.0
  0
SPLINE
  5
897
330
70
100
AcDbEntity
  8
Visible
100
AcDbSpline
210
0.0
220
0.0
230
1.0
 70
     8
 71
     3
 72
     9
 73
     5
 74
     0
 42
0.000000001
 43
0.0000000001
 40
0.0
 40
0.0
 40
0.0
 40
0.0
 40
0.0177084533938886
 40
0.0331865910910853
 40
0.0331865910910853
 40
0.0331865910910853
 40
0.0331865910910853
 10
260.7043301984449
 20
207.9357354626245
 30
0.0
 10
260.7193986207185
 20
207.8778953709807
 30
0.0
 10
260.7476376519425
 20
207.7694999381711
 30
0.0
 10
260.7305120926958
 20
207.6590122544731
 30
0.0
 10
260.722524777475
 20
207.6074810930641
 30
0.0
  0
ARC
  5
898
330
70
100
AcDbEntity
  8
Visible
100
AcDbCircle
 10
258.230991
 20
207.014119
 30
0.0
 40
2.639466345854296
100
AcDbArc
 50
20.436408
 51
30.449971
  0
SPLINE
  5
899
330
70
100
AcDbEntity
  8
Visible
100
AcDbSpline
210
0.0
220
0.0
230
1.0
 70
     8
 71
     3
 72
     9
 73
     5
 74
     0
 42
0.000000001
 43
0.0000000001
 40
0.0
 40
0.0
 40
0.0
 40
0.0
 40
0.0154898205339351
 40
0.0425764655277248
 40
0.0425764655277248
 40
0.0425764655277248
 40
0.0425764655277248
 10
260.3486457041581
 20
208.7450508937454
 30
0.0
 10
260.359768468681
 20
208.6943987873056
 30
0.0
 10
260.3903413212975
 20
208.5551726639915
 30
0.0
 10
260.4612743463531
 20
208.430853758593
 30
0.0
 10
260.5064010999304
 20
208.351763537863
 30
0.0
  0
SPLINE
  5
89A
330
70
100
AcDbEntity
  8
Visible
100
AcDbSpline
210
0.0
220
0.0
230
1.0
 70
     8
 71
     3
 72
     9
 73
     5
 74
     0
 42
0.000000001
 43
0.0000000001
 40
0.0
 40
0.0
 40
0.0
 40
0.0
 40
0.0100131851261928
 40
0.0198429874949278
 40
0.0198429874949278
 40
0.0198429874949278
 40
0.0198429874949278
 10
260.4298970538657
 20
208.9208332640737
 30
0.0
 10
260.4063383099674
 20
208.8958128857048
 30
0.0
 10
260.3596522800326
 20
208.8462303553842
 30
0.0
 10
260.3522918886283
 20
208.7785689456796
 30
0.0
 10
260.3486457041581
 20
208.7450508937454
 30
0.0
  0
SPLINE
  5
89B
330
70
100
AcDbEntity
  8
Visible
100
AcDbSpline
210
0.0
220
0.0
230
1.0
 70
     8
 71
     3
 72
     9
 73
     5
 74
     0
 42
0.000000001
 43
0.0000000001
 40
0.0
 40
0.0
 40
0.0
 40
0.0
 40
0.0127277858443899
 40
0.0245616139338761
 40
0.0245616139338761
 40
0.0245616139338761
 40
0.0245616139338761
 10
260.6615355487374
 20
208.9792181354624
 30
0.0
 10
260.6178252782502
 20
208.9832863936408
 30
0.0
 10
260.5334748027017
 20
208.9911371689431
 30
0.0
 10
260.4635749323425
 20
208.9436922892146
 30
0.0
 10
260.4298970538657
 20
208.9208332640737
 30
0.0
  0
SPLINE
  5
89C
330
70
100
AcDbEntity
  8
Visible
100
AcDbSpline
210
0.0
220
0.0
230
1.0
 70
     8
 71
     3
 72
     9
 73
     5
 74
     0
 42
0.000000001
 43
0.0000000001
 40
0.0
 40
0.0
 40
0.0
 40
0.0
 40
0.0208700144101083
 40
0.0365644730992052
 40
0.0365644730992052
 40
0.0365644730992052
 40
0.0365644730992052
 10
260.959370978504
 20
208.775528800541
 30
0.0
 10
260.9115631283512
 20
208.8279089529097
 30
0.0
 10
260.8278032987437
 20
208.9196795015305
 30
0.0
 10
260.7114692585255
 20
208.9613374287837
 30
0.0
 10
260.6615355487374
 20
208.9792181354624
 30
0.0
  0
SPLINE
  5
89D
330
70
100
AcDbEntity
  8
Visible
100
AcDbSpline
210
0.0
220
0.0
230
1.0
 70
     8
 71
     3
 72
     9
 73
     5
 74
     0
 42
0.000000001
 43
0.0000000001
 40
0.0
 40
0.0
 40
0.0
 40
0.0
 40
0.0163205983275831
 40
0.0367070832001127
 40
0.0367070832001127
 40
0.0367070832001127
 40
0.0367070832001127
 10
261.1178884358451
 20
208.4503306147872
 30
0.0
 10
261.1074660602899
 20
208.5045914119291
 30
0.0
 10
261.0840248237037
 20
208.6266307854348
 30
0.0
 10
261.0038813115461
 20
208.7223615658604
 30
0.0
 10
260.959370978504
 20
208.775528800541
 30
0.0
  0
SPLINE
  5
89E
330
70
100
AcDbEntity
  8
Visible
100
AcDbSpline
210
0.0
220
0.0
230
1.0
 70
     8
 71
     3
 72
     9
 73
     5
 74
     0
 42
0.000000001
 43
0.0000000001
 40
0.0
 40
0.0
 40
0.0
 40
0.0
 40
0.0172376325612944
 40
0.032462010660201
 40
0.032462010660201
 40
0.032462010660201
 40
0.032462010660201
 10
260.9951573344715
 20
208.1567487173197
 30
0.0
 10
261.032398152669
 20
208.2024542319432
 30
0.0
 10
261.1025302797516
 20
208.2885271249397
 30
0.0
 10
261.1129851839651
 20
208.3986731592486
 30
0.0
 10
261.1178884358451
 20
208.4503306147872
 30
0.0
  0
LINE
  5
89F
330
70
100
AcDbEntity
  8
Visible
100
AcDbLine
 10
261.177655
 20
207.979409
 30
0.0
 11
260.995157
 21
208.156749
 31
0.0
  0
SPLINE
  5
8A0
330
70
100
AcDbEntity
  8
Visible
100
AcDbSpline
210
0.0
220
0.0
230
1.0
 70
     8
 71
     3
 72
     9
 73
     5
 74
     0
 42
0.000000001
 43
0.0000000001
 40
0.0
 40
0.0
 40
0.0
 40
0.0
 40
0.0164158126321344
 40
0.033326712303486
 40
0.033326712303486
 40
0.033326712303486
 40
0.033326712303486
 10
261.3485137570733
 20
208.2618464443549
 30
0.0
 10
261.3301857071201
 20
208.2096168982716
 30
0.0
 10
261.292976848712
 20
208.103582607122
 30
0.0
 10
261.2164743679732
 20
208.0212081082227
 30
0.0
 10
261.1776548839334
 20
207.9794089990373
 30
0.0
  0
SPLINE
  5
8A1
330
70
100
AcDbEntity
  8
Visible
100
AcDbSpline
210
0.0
220
0.0
230
1.0
 70
     8
 71
     3
 72
     9
 73
     5
 74
     0
 42
0.000000001
 43
0.0000000001
 40
0.0
 40
0.0
 40
0.0
 40
0.0
 40
0.0174370352337024
 40
0.0339521618124026
 40
0.0339521618124026
 40
0.0339521618124026
 40
0.0339521618124026
 10
261.3331660480562
 20
208.597175951214
 30
0.0
 10
261.3487459529933
 20
208.5403095017009
 30
0.0
 10
261.3790820420381
 20
208.4295831729578
 30
0.0
 10
261.3585170505248
 20
208.3167373131346
 30
0.0
 10
261.3485137570733
 20
208.2618464443549
 30
0.0
  0
SPLINE
  5
8A2
330
70
100
AcDbEntity
  8
Visible
100
AcDbSpline
210
0.0
220
0.0
230
1.0
 70
     8
 71
     3
 72
     9
 73
     5
 74
     0
 42
0.000000001
 43
0.0000000001
 40
0.0
 40
0.0
 40
0.0
 40
0.0
 40
0.0210007593431377
 40
0.0400710557196247
 40
0.0400710557196247
 40
0.0400710557196247
 40
0.0400710557196247
 10
261.1268137675361
 20
208.938333075499
 30
0.0
 10
261.1717220418523
 20
208.884034587465
 30
0.0
 10
261.2574104654468
 20
208.7804289175965
 30
0.0
 10
261.308738446025
 20
208.6562663889017
 30
0.0
 10
261.3331660480562
 20
208.597175951214
 30
0.0
  0
SPLINE
  5
8A3
330
70
100
AcDbEntity
  8
Visible
100
AcDbSpline
210
0.0
220
0.0
230
1.0
 70
     8
 71
     3
 72
     9
 73
     5
 74
     0
 42
0.000000001
 43
0.0000000001
 40
0.0
 40
0.0
 40
0.0
 40
0.0
 40
0.0181637346483706
 40
0.0375091632562276
 40
0.0375091632562276
 40
0.0375091632562276
 40
0.0375091632562276
 10
260.8324867475403
 20
209.16790339414
 30
0.0
 10
260.8855313474887
 20
209.1379898429877
 30
0.0
 10
260.9950715162831
 20
209.076216628644
 30
0.0
 10
261.0819869517454
 20
208.98524953987
 30
0.0
 10
261.1268137675361
 20
208.938333075499
 30
0.0
  0
SPLINE
  5
8A4
330
70
100
AcDbEntity
  8
Visible
100
AcDbSpline
210
0.0
220
0.0
230
1.0
 70
     8
 71
     3
 72
     9
 73
     5
 74
     0
 42
0.000000001
 43
0.0000000001
 40
0.0
 40
0.0
 40
0.0
 40
0.0
 40
0.0156800589399243
 40
0.0324664554033789
 40
0.0324664554033789
 40
0.0324664554033789
 40
0.0324664554033789
 10
260.5164485101668
 20
209.2233826554257
 30
0.0
 10
260.5693548743329
 20
209.2263728119397
 30
0.0
 10
260.6789005156661
 20
209.2325641013685
 30
0.0
 10
260.7801413648504
 20
209.1899411082213
 30
0.0
 10
260.8324867475403
 20
209.16790339414
 30
0.0
  0
SPLINE
  5
8A5
330
70
100
AcDbEntity
  8
Visible
100
AcDbSpline
210
0.0
220
0.0
230
1.0
 70
     8
 71
     3
 72
     9
 73
     5
 74
     0
 42
0.000000001
 43
0.0000000001
 40
0.0
 40
0.0
 40
0.0
 40
0.0
 40
0.0148054551691372
 40
0.0299096711804187
 40
0.0299096711804187
 40
0.0299096711804187
 40
0.0299096711804187
 10
260.2475168076653
 20
209.1000988168726
 30
0.0
 10
260.287323198756
 20
209.1303662366354
 30
0.0
 10
260.3677392383033
 20
209.19151184562
 30
0.0
 10
260.4665497543556
 20
209.212688542435
 30
0.0
 10
260.5164485101668
 20
209.2233826554257
 30
0.0
  0
SPLINE
  5
8A6
330
70
100
AcDbEntity
  8
Visible
100
AcDbSpline
210
0.0
220
0.0
230
1.0
 70
     8
 71
     3
 72
     9
 73
     5
 74
     0
 42
0.000000001
 43
0.0000000001
 40
0.0
 40
0.0
 40
0.0
 40
0.0
 40
0.01290829597176
 40
0.0261393356132658
 40
0.0261393356132658
 40
0.0261393356132658
 40
0.0261393356132658
 10
260.1076628851388
 20
208.8824597575385
 30
0.0
 10
260.1228685764745
 20
208.9232875698926
 30
0.0
 10
260.153660144153
 20
209.0059640046311
 30
0.0
 10
260.2159747858404
 20
209.0684633187502
 30
0.0
 10
260.2475168076653
 20
209.1000988168726
 30
0.0
  0
SPLINE
  5
8A7
330
70
100
AcDbEntity
  8
Visible
100
AcDbSpline
210
0.0
220
0.0
230
1.0
 70
     8
 71
     3
 72
     9
 73
     5
 74
     0
 42
0.000000001
 43
0.0000000001
 40
0.0
 40
0.0
 40
0.0
 40
0.0
 40
0.0150642485430385
 40
0.0285800466879818
 40
0.0285800466879818
 40
0.0285800466879818
 40
0.0285800466879818
 10
260.1097478332249
 20
208.5991599619847
 30
0.0
 10
260.0996195705938
 20
208.6489333453592
 30
0.0
 10
260.0804041269548
 20
208.7433639182891
 30
0.0
 10
260.0989108604499
 20
208.8377999747609
 30
0.0
 10
260.1076628851388
 20
208.8824597575385
 30
0.0
  0
ARC
  5
8A8
330
70
100
AcDbEntity
  8
Visible
100
AcDbCircle
 10
261.84778
 20
209.137075
 30
0.0
 40
1.81937001238943
100
AcDbArc
 50
197.197134
 51
210.002098
  0
ARC
  5
8A9
330
70
100
AcDbEntity
  8
Visible
100
AcDbCircle
 10
257.199719
 20
206.509985
 30
0.0
 40
3.519854698290205
100
AcDbArc
 50
23.19046
 51
29.202852
  0
SPLINE
  5
8AA
330
70
100
AcDbEntity
  8
Visible
100
AcDbSpline
210
0.0
220
0.0
230
1.0
 70
     8
 71
     3
 72
     9
 73
     5
 74
     0
 42
0.000000001
 43
0.0000000001
 40
0.0
 40
0.0
 40
0.0
 40
0.0
 40
0.0096981254188203
 40
0.0217250831649888
 40
0.0217250831649888
 40
0.0217250831649888
 40
0.0217250831649888
 10
260.4661776603825
 20
207.6830053007925
 30
0.0
 10
260.4682560998153
 20
207.7155833485176
 30
0.0
 10
260.4729120789398
 20
207.7885624826886
 30
0.0
 10
260.4486203371271
 20
207.8577578384375
 30
0.0
 10
260.4351724828593
 20
207.8960642335605
 30
0.0
  0
SPLINE
  5
8AB
330
70
100
AcDbEntity
  8
Visible
100
AcDbSpline
210
0.0
220
0.0
230
1.0
 70
     8
 71
     3
 72
     9
 73
     5
 74
     0
 42
0.000000001
 43
0.0000000001
 40
0.0
 40
0.0
 40
0.0
 40
0.0
 40
0.00892143845775
 40
0.0175734613034787
 40
0.0175734613034787
 40
0.0175734613034787
 40
0.0175734613034787
 10
260.379257821176
 20
207.5331791360859
 30
0.0
 10
260.4004560362609
 20
207.5547909323159
 30
0.0
 10
260.4422123084441
 20
207.5973618771877
 30
0.0
 10
260.45827127546
 20
207.6547507658761
 30
0.0
 10
260.4661776603825
 20
207.6830053007925
 30
0.0
  0
SPLINE
  5
8AC
330
70
100
AcDbEntity
  8
Visible
100
AcDbSpline
210
0.0
220
0.0
230
1.0
 70
     8
 71
     3
 72
     9
 73
     5
 74
     0
 42
0.000000001
 43
0.0000000001
 40
0.0
 40
0.0
 40
0.0
 40
0.0
 40
0.0092365035913934
 40
0.018266969706679
 40
0.018266969706679
 40
0.018266969706679
 40
0.018266969706679
 10
260.2135312967239
 20
207.4620840119587
 30
0.0
 10
260.2443687152318
 20
207.4673295437388
 30
0.0
 10
260.3053556659888
 20
207.4777035959087
 30
0.0
 10
260.3548097040475
 20
207.5148268634002
 30
0.0
 10
260.379257821176
 20
207.5331791360859
 30
0.0
  0
SPLINE
  5
8AD
330
70
100
AcDbEntity
  8
Visible
100
AcDbSpline
210
0.0
220
0.0
230
1.0
 70
     8
 71
     3
 72
     9
 73
     5
 74
     0
 42
0.000000001
 43
0.0000000001
 40
0.0
 40
0.0
 40
0.0
 40
0.0
 40
0.0114347646646766
 40
0.0214437468047168
 40
0.0214437468047168
 40
0.0214437468047168
 40
0.0214437468047168
 10
260.0066936212079
 20
207.5094667646845
 30
0.0
 10
260.0417307830503
 20
207.4931504971901
 30
0.0
 10
260.1074363790413
 20
207.4625524115108
 30
0.0
 10
260.1797694524612
 20
207.4622330674756
 30
0.0
 10
260.2135312967239
 20
207.4620840119587
 30
0.0
  0
SPLINE
  5
8AE
330
70
100
AcDbEntity
  8
Visible
100
AcDbSpline
210
0.0
220
0.0
230
1.0
 70
     8
 71
     3
 72
     9
 73
     5
 74
     0
 42
0.000000001
 43
0.0000000001
 40
0.0
 40
0.0
 40
0.0
 40
0.0
 40
0.0143008366715743
 40
0.0272323892441196
 40
0.0272323892441196
 40
0.0272323892441196
 40
0.0272323892441196
 10
259.7957445958727
 20
207.679840035511
 30
0.0
 10
259.828605473198
 20
207.6449350781768
 30
0.0
 10
259.8911808471275
 20
207.5784672618847
 30
0.0
 10
259.9695020647214
 20
207.5316828001815
 30
0.0
 10
260.0066936212079
 20
207.5094667646845
 30
0.0
  0
SPLINE
  5
8AF
330
70
100
AcDbEntity
  8
Visible
100
AcDbSpline
210
0.0
220
0.0
230
1.0
 70
     8
 71
     3
 72
     9
 73
     5
 74
     0
 42
0.000000001
 43
0.0000000001
 40
0.0
 40
0.0
 40
0.0
 40
0.0
 40
0.015163172586576
 40
0.0314315106192585
 40
0.0314315106192585
 40
0.0314315106192585
 40
0.0314315106192585
 10
259.6367164389558
 20
207.9490144929841
 30
0.0
 10
259.6554648765068
 20
207.9017311723965
 30
0.0
 10
259.6943282285283
 20
207.803718293846
 30
0.0
 10
259.7611558960616
 20
207.7220895067039
 30
0.0
 10
259.7957445958727
 20
207.679840035511
 30
0.0
  0
SPLINE
  5
8B0
330
70
100
AcDbEntity
  8
Visible
100
AcDbSpline
210
0.0
220
0.0
230
1.0
 70
     8
 71
     3
 72
     9
 73
     5
 74
     0
 42
0.000000001
 43
0.0000000001
 40
0.0
 40
0.0
 40
0.0
 40
0.0
 40
0.0120019462201877
 40
0.025693751767702
 40
0.025693751767702
 40
0.025693751767702
 40
0.025693751767702
 10
259.6197861280889
 20
208.2027744540574
 30
0.0
 10
259.6136931672881
 20
208.1627633550233
 30
0.0
 10
259.600649364269
 20
208.0771076432193
 30
0.0
 10
259.624178254735
 20
207.9935441791058
 30
0.0
 10
259.6367164389558
 20
207.9490144929841
 30
0.0
  0
SPLINE
  5
8B1
330
70
100
AcDbEntity
  8
Visible
100
AcDbSpline
210
0.0
220
0.0
230
1.0
 70
     8
 71
     3
 72
     9
 73
     5
 74
     0
 42
0.000000001
 43
0.0000000001
 40
0.0
 40
0.0
 40
0.0
 40
0.0
 40
0.0139745583757252
 40
0.0261550269882281
 40
0.0261550269882281
 40
0.0261550269882281
 40
0.0261550269882281
 10
259.7494583953012
 20
208.4277983181564
 30
0.0
 10
259.7193143521836
 20
208.3917075556128
 30
0.0
 10
259.6628962357681
 20
208.3241594554875
 30
0.0
 10
259.6334836505866
 20
208.2413425272425
 30
0.0
 10
259.6197861280889
 20
208.2027744540574
 30
0.0
  0
LINE
  5
8B2
330
70
100
AcDbEntity
  8
Visible
100
AcDbLine
 10
259.567631
 20
208.600265
 30
0.0
 11
259.749458
 21
208.427798
 31
0.0
  0
SPLINE
  5
8B3
330
70
100
AcDbEntity
  8
Visible
100
AcDbSpline
210
0.0
220
0.0
230
1.0
 70
     8
 71
     3
 72
     9
 73
     5
 74
     0
 42
0.000000001
 43
0.0000000001
 40
0.0
 40
0.0
 40
0.0
 40
0.0
 40
0.0187130295528205
 40
0.0379654458831241
 40
0.0379654458831241
 40
0.0379654458831241
 40
0.0379654458831241
 10
259.3712594922818
 20
208.279755688849
 30
0.0
 10
259.3922373755631
 20
208.3392982963505
 30
0.0
 10
259.4347978113383
 20
208.4600997751495
 30
0.0
 10
259.5229357985063
 20
208.5531028956739
 30
0.0
 10
259.5676308938491
 20
208.6002651179188
 30
0.0
  0
LINE
  5
8B4
330
70
100
AcDbEntity
  8
Visible
100
AcDbLine
 10
262.667008
 20
205.407849
 30
0.0
 11
262.482116
 21
205.244174
 31
0.0
  0
LINE
  5
8B5
330
70
100
AcDbEntity
  8
Visible
100
AcDbLine
 10
262.16694
 20
205.97274
 30
0.0
 11
262.667008
 21
205.407849
 31
0.0
  0
LINE
  5
8B6
330
70
100
AcDbEntity
  8
Visible
100
AcDbLine
 10
261.982048
 20
205.809065
 30
0.0
 11
262.16694
 21
205.97274
 31
0.0
  0
LINE
  5
8B7
330
70
100
AcDbEntity
  8
Visible
100
AcDbLine
 10
262.482116
 20
205.244174
 30
0.0
 11
261.982048
 21
205.809065
 31
0.0
  0
SPLINE
  5
8B8
330
70
100
AcDbEntity
  8
Visible
100
AcDbSpline
210
0.0
220
0.0
230
1.0
 70
     8
 71
     3
 72
     9
 73
     5
 74
     0
 42
0.000000001
 43
0.0000000001
 40
0.0
 40
0.0
 40
0.0
 40
0.0
 40
0.0156688165040323
 40
0.0313367853906389
 40
0.0313367853906389
 40
0.0313367853906389
 40
0.0313367853906389
 10
263.4204257888868
 20
204.9087191089275
 30
0.0
 10
263.381322224488
 20
204.9453885277308
 30
0.0
 10
263.3031172110277
 20
205.018725381673
 30
0.0
 10
263.1969434890725
 20
205.0336056094839
 30
0.0
 10
263.1438580640224
 20
205.0410455221445
 30
0.0
  0
SPLINE
  5
8B9
330
70
100
AcDbEntity
  8
Visible
100
AcDbSpline
210
0.0
220
0.0
230
1.0
 70
     8
 71
     3
 72
     9
 73
     5
 74
     0
 42
0.000000001
 43
0.0000000001
 40
0.0
 40
0.0
 40
0.0
 40
0.0
 40
0.0153616165418938
 40
0.0309969646407364
 40
0.0309969646407364
 40
0.0309969646407364
 40
0.0309969646407364
 10
263.5155181731625
 20
204.6212075211006
 30
0.0
 10
263.5154278988084
 20
204.6738352555822
 30
0.0
 10
263.5152457414861
 20
204.7800285081212
 30
0.0
 10
263.4522179707128
 20
204.8655704374923
 30
0.0
 10
263.4204257888868
 20
204.9087191089275
 30
0.0
  0
SPLINE
  5
8BA
330
70
100
AcDbEntity
  8
Visible
100
AcDbSpline
210
0.0
220
0.0
230
1.0
 70
     8
 71
     3
 72
     9
 73
     5
 74
     0
 42
0.000000001
 43
0.0000000001
 40
0.0
 40
0.0
 40
0.0
 40
0.0
 40
0.0187415669278832
 40
0.0351289309967423
 40
0.0351289309967423
 40
0.0351289309967423
 40
0.0351289309967423
 10
263.34411500225
 20
204.3218903579036
 30
0.0
 10
263.3898120365211
 20
204.366666778762
 30
0.0
 10
263.4754659186019
 20
204.4505950759376
 30
0.0
 10
263.5027775271901
 20
204.5669356009257
 30
0.0
 10
263.5155181731625
 20
204.6212075211006
 30
0.0
  0
SPLINE
  5
8BB
330
70
100
AcDbEntity
  8
Visible
100
AcDbSpline
210
0.0
220
0.0
230
1.0
 70
     8
 71
     3
 72
     9
 73
     5
 74
     0
 42
0.000000001
 43
0.0000000001
 40
0.0
 40
0.0
 40
0.0
 40
0.0
 40
0.0170147259968788
 40
0.0365204859015613
 40
0.0365204859015613
 40
0.0365204859015613
 40
0.0365204859015613
 10
263.0145874764603
 20
204.1795833267624
 30
0.0
 10
263.0719482969034
 20
204.1868394442481
 30
0.0
 10
263.1950678249377
 20
204.2024140080939
 30
0.0
 10
263.2922236357426
 20
204.2802941923892
 30
0.0
 10
263.34411500225
 20
204.3218903579036
 30
0.0
  0
SPLINE
  5
8BC
330
70
100
AcDbEntity
  8
Visible
100
AcDbSpline
210
0.0
220
0.0
230
1.0
 70
     8
 71
     3
 72
     9
 73
     5
 74
     0
 42
0.000000001
 43
0.0000000001
 40
0.0
 40
0.0
 40
0.0
 40
0.0
 40
0.0147976074719422
 40
0.0302691215114168
 40
0.0302691215114168
 40
0.0302691215114168
 40
0.0302691215114168
 10
262.7433700900747
 20
204.2966037460828
 30
0.0
 10
262.7810421787344
 20
204.2626177681031
 30
0.0
 10
262.8581020028578
 20
204.1930980366815
 30
0.0
 10
262.9616571406077
 20
204.1841546017731
 30
0.0
 10
263.0145874764603
 20
204.1795833267624
 30
0.0
  0
SPLINE
  5
8BD
330
70
100
AcDbEntity
  8
Visible
100
AcDbSpline
210
0.0
220
0.0
230
1.0
 70
     8
 71
     3
 72
     9
 73
     5
 74
     0
 42
0.000000001
 43
0.0000000001
 40
0.0
 40
0.0
 40
0.0
 40
0.0
 40
0.0109195732283831
 40
0.0214321776759648
 40
0.0214321776759648
 40
0.0214321776759648
 40
0.0214321776759648
 10
262.6540887507726
 20
204.4890485262222
 30
0.0
 10
262.6622652436054
 20
204.4531010084756
 30
0.0
 10
262.6783134941634
 20
204.382545724744
 30
0.0
 10
262.7219608265259
 20
204.324886112312
 30
0.0
 10
262.7433700900747
 20
204.2966037460828
 30
0.0
  0
SPLINE
  5
8BE
330
70
100
AcDbEntity
  8
Visible
100
AcDbSpline
210
0.0
220
0.0
230
1.0
 70
     8
 71
     3
 72
     9
 73
     5
 74
     0
 42
0.000000001
 43
0.0000000001
 40
0.0
 40
0.0
 40
0.0
 40
0.0
 40
0.0120878467200111
 40
0.0234764427418455
 40
0.0234764427418455
 40
0.0234764427418455
 40
0.0234764427418455
 10
262.6864502407643
 20
204.7190291232691
 30
0.0
 10
262.6722312649981
 20
204.680737749175
 30
0.0
 10
262.6446158444742
 20
204.606370058038
 30
0.0
 10
262.650994444648
 20
204.5273713727729
 30
0.0
 10
262.6540887507726
 20
204.4890485262222
 30
0.0
  0
SPLINE
  5
8BF
330
70
100
AcDbEntity
  8
Visible
100
AcDbSpline
210
0.0
220
0.0
230
1.0
 70
     8
 71
     3
 72
     9
 73
     5
 74
     0
 42
0.000000001
 43
0.0000000001
 40
0.0
 40
0.0
 40
0.0
 40
0.0
 40
0.0124876045799258
 40
0.0250258984489878
 40
0.0250258984489878
 40
0.0250258984489878
 40
0.0250258984489878
 10
262.832558821583
 20
204.920340642906
 30
0.0
 10
262.8027038314485
 20
204.8908887703273
 30
0.0
 10
262.7428726647522
 20
204.8318654750565
 30
0.0
 10
262.7052830943175
 20
204.7566919944911
 30
0.0
 10
262.6864502407643
 20
204.7190291232691
 30
0.0
  0
SPLINE
  5
8C0
330
70
100
AcDbEntity
  8
Visible
100
AcDbSpline
210
0.0
220
0.0
230
1.0
 70
     8
 71
     3
 72
     9
 73
     5
 74
     0
 42
0.000000001
 43
0.0000000001
 40
0.0
 40
0.0
 40
0.0
 40
0.0
 40
0.016308640718244
 40
0.0340605935119238
 40
0.0340605935119238
 40
0.0340605935119238
 40
0.0340605935119238
 10
263.1438580640224
 20
205.0410455221445
 30
0.0
 10
263.0883876776697
 20
205.0370892318479
 30
0.0
 10
262.9725377847117
 20
205.028826520198
 30
0.0
 10
262.8805182469096
 20
204.9575099447411
 30
0.0
 10
262.832558821583
 20
204.920340642906
 30
0.0
  0
SPLINE
  5
8C1
330
70
100
AcDbEntity
  8
Visible
100
AcDbSpline
210
0.0
220
0.0
230
1.0
 70
     8
 71
     3
 72
     9
 73
     5
 74
     0
 42
0.000000001
 43
0.0000000001
 40
0.0
 40
0.0
 40
0.0
 40
0.0
 40
0.0217233741417854
 40
0.0415873287554876
 40
0.0415873287554876
 40
0.0415873287554876
 40
0.0415873287554876
 10
264.1394639782248
 20
205.4960504934588
 30
0.0
 10
264.1850934858667
 20
205.4377797822799
 30
0.0
 10
264.2724468280722
 20
205.3262260610791
 30
0.0
 10
264.2888889382011
 20
205.185808336475
 30
0.0
 10
264.296742419996
 20
205.118738596917
 30
0.0
  0
SPLINE
  5
8C2
330
70
100
AcDbEntity
  8
Visible
100
AcDbSpline
210
0.0
220
0.0
230
1.0
 70
     8
 71
     3
 72
     9
 73
     5
 74
     0
 42
0.000000001
 43
0.0000000001
 40
0.0
 40
0.0
 40
0.0
 40
0.0
 40
0.0278644109049069
 40
0.0568471284787506
 40
0.0568471284787506
 40
0.0568471284787506
 40
0.0568471284787506
 10
263.6341712170015
 20
205.7210658930726
 30
0.0
 10
263.7297583686941
 20
205.7139287820137
 30
0.0
 10
263.9247689544791
 20
205.699368120002
 30
0.0
 10
264.0669665251371
 20
205.5647060674673
 30
0.0
 10
264.1394639782248
 20
205.4960504934588
 30
0.0
  0
SPLINE
  5
8C3
330
70
100
AcDbEntity
  8
Visible
100
AcDbSpline
210
0.0
220
0.0
230
1.0
 70
     8
 71
     3
 72
     9
 73
     5
 74
     0
 42
0.000000001
 43
0.0000000001
 40
0.0
 40
0.0
 40
0.0
 40
0.0
 40
0.0503537413161249
 40
0.088177378687118
 40
0.088177378687118
 40
0.088177378687118
 40
0.088177378687118
 10
262.8609096701275
 20
205.3225955454327
 30
0.0
 10
262.9907850502841
 20
205.4341061611267
 30
0.0
 10
263.2182174173522
 20
205.6293789160518
 30
0.0
 10
263.50930805182
 20
205.6935428216002
 30
0.0
 10
263.6341712170015
 20
205.7210658930726
 30
0.0
  0
SPLINE
  5
8C4
330
70
100
AcDbEntity
  8
Visible
100
AcDbSpline
210
0.0
220
0.0
230
1.0
 70
     8
 71
     3
 72
     9
 73
     5
 74
     0
 42
0.000000001
 43
0.0000000001
 40
0.0
 40
0.0
 40
0.0
 40
0.0
 40
0.0332380505440873
 40
0.0780265919616802
 40
0.0780265919616802
 40
0.0780265919616802
 40
0.0780265919616802
 10
262.4320876334568
 20
204.6842561720041
 30
0.0
 10
262.4677779082558
 20
204.7909010704552
 30
0.0
 10
262.5515611164501
 20
205.0412508304435
 30
0.0
 10
262.7480956371364
 20
205.2199940249757
 30
0.0
 10
262.8609096701275
 20
205.3225955454327
 30
0.0
  0
SPLINE
  5
8C5
330
70
100
AcDbEntity
  8
Visible
100
AcDbSpline
210
0.0
220
0.0
230
1.0
 70
     8
 71
     3
 72
     9
 73
     5
 74
     0
 42
0.000000001
 43
0.0000000001
 40
0.0
 40
0.0
 40
0.0
 40
0.0
 40
0.0284309025669827
 40
0.0563547203471585
 40
0.0563547203471585
 40
0.0563547203471585
 40
0.0563547203471585
 10
262.5949003101505
 20
204.1597057688596
 30
0.0
 10
262.537190196268
 20
204.2385720609964
 30
0.0
 10
262.4227992682518
 20
204.3948980104724
 30
0.0
 10
262.4290101403822
 20
204.5883837855654
 30
0.0
 10
262.4320876334568
 20
204.6842561720041
 30
0.0
  0
SPLINE
  5
8C6
330
70
100
AcDbEntity
  8
Visible
100
AcDbSpline
210
0.0
220
0.0
230
1.0
 70
     8
 71
     3
 72
     9
 73
     5
 74
     0
 42
0.000000001
 43
0.0000000001
 40
0.0
 40
0.0
 40
0.0
 40
0.0
 40
0.0164580739124777
 40
0.0336461570990795
 40
0.0336461570990795
 40
0.0336461570990795
 40
0.0336461570990795
 10
262.8726654775619
 20
203.9756008668573
 30
0.0
 10
262.8210803505481
 20
203.9960585644676
 30
0.0
 10
262.7156220024626
 20
204.0378813750412
 30
0.0
 10
262.6357187521735
 20
204.1185144811879
 30
0.0
 10
262.5949003101505
 20
204.1597057688596
 30
0.0
  0
SPLINE
  5
8C7
330
70
100
AcDbEntity
  8
Visible
100
AcDbSpline
210
0.0
220
0.0
230
1.0
 70
     8
 71
     3
 72
     9
 73
     5
 74
     0
 42
0.000000001
 43
0.0000000001
 40
0.0
 40
0.0
 40
0.0
 40
0.0
 40
0.0172211634554401
 40
0.0336690992333647
 40
0.0336690992333647
 40
0.0336690992333647
 40
0.0336690992333647
 10
263.2059186352271
 20
203.9727122168588
 30
0.0
 10
263.1489553327228
 20
203.9610450756627
 30
0.0
 10
263.0375863715199
 20
203.9382346461771
 30
0.0
 10
262.9267909514983
 20
203.9633376274651
 30
0.0
 10
262.8726654775619
 20
203.9756008668573
 30
0.0
  0
SPLINE
  5
8C8
330
70
100
AcDbEntity
  8
Visible
100
AcDbSpline
210
0.0
220
0.0
230
1.0
 70
     8
 71
     3
 72
     9
 73
     5
 74
     0
 42
0.000000001
 43
0.0000000001
 40
0.0
 40
0.0
 40
0.0
 40
0.0
 40
0.0182746751159
 40
0.0361733884820021
 40
0.0361733884820021
 40
0.0361733884820021
 40
0.0361733884820021
 10
263.5217389568879
 20
204.1438811869793
 30
0.0
 10
263.4736469763211
 20
204.1056340595842
 30
0.0
 10
263.3784524032362
 20
204.029926656367
 30
0.0
 10
263.2630300171422
 20
203.9916510932508
 30
0.0
 10
263.2059186352271
 20
203.9727122168588
 30
0.0
  0
SPLINE
  5
8C9
330
70
100
AcDbEntity
  8
Visible
100
AcDbSpline
210
0.0
220
0.0
230
1.0
 70
     8
 71
     3
 72
     9
 73
     5
 74
     0
 42
0.000000001
 43
0.0000000001
 40
0.0
 40
0.0
 40
0.0
 40
0.0
 40
0.024430207869379
 40
0.0507917928555577
 40
0.0507917928555577
 40
0.0507917928555577
 40
0.0507917928555577
 10
263.7572123653681
 20
204.582817768709
 30
0.0
 10
263.7408792559782
 20
204.5011608332879
 30
0.0
 10
263.7069217917906
 20
204.3313914162063
 30
0.0
 10
263.5850117931113
 20
204.2079492418306
 30
0.0
 10
263.5217389568879
 20
204.1438811869793
 30
0.0
  0
SPLINE
  5
8CA
330
70
100
AcDbEntity
  8
Visible
100
AcDbSpline
210
0.0
220
0.0
230
1.0
 70
     8
 71
     3
 72
     9
 73
     5
 74
     0
 42
0.000000001
 43
0.0000000001
 40
0.0
 40
0.0
 40
0.0
 40
0.0
 40
0.0231767732278944
 40
0.0465849845507701
 40
0.0465849845507701
 40
0.0465849845507701
 40
0.0465849845507701
 10
263.615398991702
 20
205.0157261319764
 30
0.0
 10
263.6619830789332
 20
204.9515163549913
 30
0.0
 10
263.7556164317157
 20
204.8224556164914
 30
0.0
 10
263.7566786284569
 20
204.6629611785338
 30
0.0
 10
263.7572123653681
 20
204.582817768709
 30
0.0
  0
SPLINE
  5
8CB
330
70
100
AcDbEntity
  8
Visible
100
AcDbSpline
210
0.0
220
0.0
230
1.0
 70
     8
 71
     3
 72
     9
 73
     5
 74
     0
 42
0.000000001
 43
0.0000000001
 40
0.0
 40
0.0
 40
0.0
 40
0.0
 40
0.0140194104821778
 40
0.027861424420152
 40
0.027861424420152
 40
0.027861424420152
 40
0.027861424420152
 10
263.3882232931919
 20
205.1735568395943
 30
0.0
 10
263.4310973927604
 20
205.1539393757976
 30
0.0
 10
263.516303078568
 20
205.1149526804893
 30
0.0
 10
263.5825075308348
 20
205.0486609527397
 30
0.0
 10
263.615398991702
 20
205.0157261319764
 30
0.0
  0
SPLINE
  5
8CC
330
70
100
AcDbEntity
  8
Visible
100
AcDbSpline
210
0.0
220
0.0
230
1.0
 70
     8
 71
     3
 72
     9
 73
     5
 74
     0
 42
0.000000001
 43
0.0000000001
 40
0.0
 40
0.0
 40
0.0
 40
0.0
 40
0.015349625469656
 40
0.0297979548208012
 40
0.0297979548208012
 40
0.0297979548208012
 40
0.0297979548208012
 10
263.0942813259844
 20
205.2030463436331
 30
0.0
 10
263.1457858079866
 20
205.2078749376815
 30
0.0
 10
263.2457705425222
 20
205.2172486013969
 30
0.0
 10
263.3417062964054
 20
205.1878240933602
 30
0.0
 10
263.3882232931919
 20
205.1735568395943
 30
0.0
  0
SPLINE
  5
8CD
330
70
100
AcDbEntity
  8
Visible
100
AcDbSpline
210
0.0
220
0.0
230
1.0
 70
     8
 71
     3
 72
     9
 73
     5
 74
     0
 42
0.000000001
 43
0.0000000001
 40
0.0
 40
0.0
 40
0.0
 40
0.0
 40
0.0203249670841158
 40
0.0469599968658788
 40
0.0469599968658788
 40
0.0469599968658788
 40
0.0469599968658788
 10
263.4866894512288
 20
205.4575014051279
 30
0.0
 10
263.4249200286031
 20
205.4289602701174
 30
0.0
 10
263.2822043291926
 20
205.3630171566474
 30
0.0
 10
263.162293187861
 20
205.2609419320015
 30
0.0
 10
263.0942813259844
 20
205.2030463436331
 30
0.0
  0
SPLINE
  5
8CE
330
70
100
AcDbEntity
  8
Visible
100
AcDbSpline
210
0.0
220
0.0
230
1.0
 70
     8
 71
     3
 72
     9
 73
     5
 74
     0
 42
0.000000001
 43
0.0000000001
 40
0.0
 40
0.0
 40
0.0
 40
0.0
 40
0.014687195521497
 40
0.031022176393764
 40
0.031022176393764
 40
0.031022176393764
 40
0.031022176393764
 10
263.7927554369926
 20
205.4842949984395
 30
0.0
 10
263.7436273964941
 20
205.4903913114194
 30
0.0
 10
263.6398595440114
 20
205.5032678947246
 30
0.0
 10
263.5395226591372
 20
205.4732877144288
 30
0.0
 10
263.4866894512288
 20
205.4575014051279
 30
0.0
  0
SPLINE
  5
8CF
330
70
100
AcDbEntity
  8
Visible
100
AcDbSpline
210
0.0
220
0.0
230
1.0
 70
     8
 71
     3
 72
     9
 73
     5
 74
     0
 42
0.000000001
 43
0.0000000001
 40
0.0
 40
0.0
 40
0.0
 40
0.0
 40
0.0111373168499926
 40
0.0219063732529658
 40
0.0219063732529658
 40
0.0219063732529658
 40
0.0219063732529658
 10
263.9783340538051
 20
205.3734535565509
 30
0.0
 10
263.9514713220178
 20
205.3999660025638
 30
0.0
 10
263.8986340868832
 20
205.4521142485082
 30
0.0
 10
263.8276505604717
 20
205.4736889768883
 30
0.0
 10
263.7927554369926
 20
205.4842949984395
 30
0.0
  0
SPLINE
  5
8D0
330
70
100
AcDbEntity
  8
Visible
100
AcDbSpline
210
0.0
220
0.0
230
1.0
 70
     8
 71
     3
 72
     9
 73
     5
 74
     0
 42
0.000000001
 43
0.0000000001
 40
0.0
 40
0.0
 40
0.0
 40
0.0
 40
0.0136270751759461
 40
0.0273192152809864
 40
0.0273192152809864
 40
0.0273192152809864
 40
0.0273192152809864
 10
264.0624490979262
 20
205.1199533243471
 30
0.0
 10
264.0620668697648
 20
205.1666088652128
 30
0.0
 10
264.0613005884243
 20
205.2601427122409
 30
0.0
 10
264.0060334410937
 20
205.3356233521808
 30
0.0
 10
263.9783340538051
 20
205.3734535565509
 30
0.0
  0
SPLINE
  5
8D1
330
70
100
AcDbEntity
  8
Visible
100
AcDbSpline
210
0.0
220
0.0
230
1.0
 70
     8
 71
     3
 72
     9
 73
     5
 74
     0
 42
0.000000001
 43
0.0000000001
 40
0.0
 40
0.0
 40
0.0
 40
0.0
 40
0.0130948948491228
 40
0.0231453953456755
 40
0.0231453953456755
 40
0.0231453953456755
 40
0.0231453953456755
 10
263.9666290477217
 20
204.9112313031237
 30
0.0
 10
263.9918734064941
 20
204.9474436589626
 30
0.0
 10
264.0364931358417
 20
205.0114494644258
 30
0.0
 10
264.054590583999
 20
205.0871023326708
 30
0.0
 10
264.0624490979262
 20
205.1199533243471
 30
0.0
  0
LINE
  5
8D2
330
70
100
AcDbEntity
  8
Visible
100
AcDbLine
 10
264.142796
 20
204.741042
 30
0.0
 11
263.966629
 21
204.911231
 31
0.0
  0
SPLINE
  5
8D3
330
70
100
AcDbEntity
  8
Visible
100
AcDbSpline
210
0.0
220
0.0
230
1.0
 70
     8
 71
     3
 72
     9
 73
     5
 74
     0
 42
0.000000001
 43
0.0000000001
 40
0.0
 40
0.0
 40
0.0
 40
0.0
 40
0.0198405993399089
 40
0.041498883751214
 40
0.041498883751214
 40
0.041498883751214
 40
0.041498883751214
 10
264.296742419996
 20
205.118738596917
 30
0.0
 10
264.2894783938991
 20
205.0516726182632
 30
0.0
 10
264.2742848521375
 20
204.9113964499811
 30
0.0
 10
264.1878872357574
 20
204.79946142464
 30
0.0
 10
264.1427962844118
 20
204.7410424891095
 30
0.0
  0
LINE
  5
8D4
330
70
100
AcDbEntity
  8
Visible
100
AcDbLine
 10
266.239207
 20
203.12412
 30
0.0
 11
266.344104
 21
203.005625
 31
0.0
  0
SPLINE
  5
8D5
330
70
100
AcDbEntity
  8
Visible
100
AcDbSpline
210
0.0
220
0.0
230
1.0
 70
     8
 71
     3
 72
     9
 73
     5
 74
     0
 42
0.000000001
 43
0.0000000001
 40
0.0
 40
0.0
 40
0.0
 40
0.0
 40
0.0189098699419151
 40
0.0346695024286515
 40
0.0346695024286515
 40
0.0346695024286515
 40
0.0346695024286515
 10
265.8943075546758
 20
203.1103207622073
 30
0.0
 10
265.9574319643252
 20
203.1042294339313
 30
0.0
 10
266.0731647472803
 20
203.0930615453599
 30
0.0
 10
266.1873171429397
 20
203.1144138732488
 30
0.0
 10
266.2392071233862
 20
203.124119949678
 30
0.0
  0
ARC
  5
8D6
330
70
100
AcDbEntity
  8
Visible
100
AcDbCircle
 10
266.076729
 20
204.582112
 30
0.0
 40
1.483053064300401
100
AcDbArc
 50
246.268736
 51
262.934478
  0
LINE
  5
8D7
330
70
100
AcDbEntity
  8
Visible
100
AcDbLine
 10
265.302137
 20
203.067116
 30
0.0
 11
265.479879
 21
203.224461
 31
0.0
  0
ARC
  5
8D8
330
70
100
AcDbEntity
  8
Visible
100
AcDbCircle
 10
266.059738
 20
204.531617
 30
0.0
 40
1.648855278974467
100
AcDbArc
 50
242.647042
 51
252.666839
  0
ARC
  5
8D9
330
70
100
AcDbEntity
  8
Visible
100
AcDbCircle
 10
265.980906
 20
204.157964
 30
0.0
 40
1.269196714915614
100
AcDbArc
 50
251.038302
 51
264.050174
  0
LINE
  5
8DA
330
70
100
AcDbEntity
  8
Visible
100
AcDbLine
 10
264.67768
 20
201.858393
 30
0.0
 11
265.849344
 21
202.895604
 31
0.0
  0
LINE
  5
8DB
330
70
100
AcDbEntity
  8
Visible
100
AcDbLine
 10
264.840451
 20
201.674522
 30
0.0
 11
264.67768
 21
201.858393
 31
0.0
  0
LINE
  5
8DC
330
70
100
AcDbEntity
  8
Visible
100
AcDbLine
 10
266.344104
 20
203.005625
 30
0.0
 11
264.840451
 21
201.674522
 31
0.0
  0
LINE
  5
8DD
330
70
100
AcDbEntity
  8
Visible
100
AcDbLine
 10
266.000511
 20
109.224664
 30
0.0
 11
265.510292
 21
109.714555
 31
0.0
  0
LINE
  5
8DE
330
70
100
AcDbEntity
  8
Visible
100
AcDbLine
 10
265.994877
 20
108.767406
 30
0.0
 11
266.000511
 21
109.224664
 31
0.0
  0
LINE
  5
8DF
330
70
100
AcDbEntity
  8
Visible
100
AcDbLine
 10
264.775456
 20
108.979226
 30
0.0
 11
265.994877
 21
108.767406
 31
0.0
  0
LINE
  5
8E0
330
70
100
AcDbEntity
  8
Visible
100
AcDbLine
 10
264.528582
 20
108.732187
 30
0.0
 11
264.775456
 21
108.979226
 31
0.0
  0
LINE
  5
8E1
330
70
100
AcDbEntity
  8
Visible
100
AcDbLine
 10
265.989174
 20
108.510801
 30
0.0
 11
264.528582
 21
108.732187
 31
0.0
  0
LINE
  5
8E2
330
70
100
AcDbEntity
  8
Visible
100
AcDbLine
 10
265.969307
 20
107.344502
 30
0.0
 11
265.989174
 21
108.510801
 31
0.0
  0
LINE
  5
8E3
330
70
100
AcDbEntity
  8
Visible
100
AcDbLine
 10
266.222932
 20
107.598297
 30
0.0
 11
265.969307
 21
107.344502
 31
0.0
  0
LINE
  5
8E4
330
70
100
AcDbEntity
  8
Visible
100
AcDbLine
 10
266.223426
 20
109.001899
 30
0.0
 11
266.222932
 21
107.598297
 31
0.0
  0
LINE
  5
8E5
330
70
100
AcDbEntity
  8
Visible
100
AcDbLine
 10
266.92498
 20
108.300815
 30
0.0
 11
266.223426
 21
109.001899
 31
0.0
  0
LINE
  5
8E6
330
70
100
AcDbEntity
  8
Visible
100
AcDbLine
 10
267.112064
 20
108.488025
 30
0.0
 11
266.92498
 21
108.300815
 31
0.0
  0
LINE
  5
8E7
330
70
100
AcDbEntity
  8
Visible
100
AcDbLine
 10
265.697377
 20
109.901765
 30
0.0
 11
267.112064
 21
108.488025
 31
0.0
  0
LINE
  5
8E8
330
70
100
AcDbEntity
  8
Visible
100
AcDbLine
 10
265.510292
 20
109.714555
 30
0.0
 11
265.697377
 21
109.901765
 31
0.0
  0
ARC
  5
8E9
330
70
100
AcDbEntity
  8
Visible
100
AcDbCircle
 10
259.651347
 20
104.122176
 30
0.0
 40
0.8075093517357501
100
AcDbArc
 50
1.089075
 51
13.07736
  0
ARC
  5
8EA
330
70
100
AcDbEntity
  8
Visible
100
AcDbCircle
 10
256.188434
 20
104.201772
 30
0.0
 40
4.270759591151702
100
AcDbArc
 50
354.047551
 51
359.138028
  0
ARC
  5
8EB
330
70
100
AcDbEntity
  8
Visible
100
AcDbCircle
 10
264.387562
 20
103.357686
 30
0.0
 40
3.971709548111197
100
AcDbArc
 50
174.20249
 51
181.664924
  0
SPLINE
  5
8EC
330
70
100
AcDbEntity
  8
Visible
100
AcDbSpline
210
0.0
220
0.0
230
1.0
 70
     8
 71
     3
 72
     9
 73
     5
 74
     0
 42
0.000000001
 43
0.0000000001
 40
0.0
 40
0.0
 40
0.0
 40
0.0
 40
0.0135773084206909
 40
0.0294567831649851
 40
0.0294567831649851
 40
0.0294567831649851
 40
0.0294567831649851
 10
260.4750235284428
 20
102.9543552348623
 30
0.0
 10
260.4607049006627
 20
102.997462723355
 30
0.0
 10
260.4296397807848
 20
103.0909869994429
 30
0.0
 10
260.4217707749031
 20
103.1892953106507
 30
0.0
 10
260.4175287747003
 20
103.2422910616205
 30
0.0
  0
SPLINE
  5
8ED
330
70
100
AcDbEntity
  8
Visible
100
AcDbSpline
210
0.0
220
0.0
230
1.0
 70
     8
 71
     3
 72
     9
 73
     5
 74
     0
 42
0.000000001
 43
0.0000000001
 40
0.0
 40
0.0
 40
0.0
 40
0.0
 40
0.0119662836557298
 40
0.0242310079537647
 40
0.0242310079537647
 40
0.0242310079537647
 40
0.0242310079537647
 10
260.6072512337341
 20
102.7527821555923
 30
0.0
 10
260.580417617588
 20
102.7826309172651
 30
0.0
 10
260.5260811514854
 20
102.8430728725397
 30
0.0
 10
260.4921819091978
 20
102.9169577801767
 30
0.0
 10
260.4750235284428
 20
102.9543552348623
 30
0.0
  0
SPLINE
  5
8EE
330
70
100
AcDbEntity
  8
Visible
100
AcDbSpline
210
0.0
220
0.0
230
1.0
 70
     8
 71
     3
 72
     9
 73
     5
 74
     0
 42
0.000000001
 43
0.0000000001
 40
0.0
 40
0.0
 40
0.0
 40
0.0
 40
0.0218584285186322
 40
0.0439520428410911
 40
0.0439520428410911
 40
0.0439520428410911
 40
0.0439520428410911
 10
261.0057165849394
 20
102.5918153795719
 30
0.0
 10
260.9310864875533
 20
102.5972033650941
 30
0.0
 10
260.7810233101027
 20
102.6080373081822
 30
0.0
 10
260.6653815242061
 20
102.7043620630193
 30
0.0
 10
260.6072512337341
 20
102.7527821555923
 30
0.0
  0
SPLINE
  5
8EF
330
70
100
AcDbEntity
  8
Visible
100
AcDbSpline
210
0.0
220
0.0
230
1.0
 70
     8
 71
     3
 72
     9
 73
     5
 74
     0
 42
0.000000001
 43
0.0000000001
 40
0.0
 40
0.0
 40
0.0
 40
0.0
 40
0.0260913894456983
 40
0.049213391301355
 40
0.049213391301355
 40
0.049213391301355
 40
0.049213391301355
 10
261.4407142504406
 20
102.8012949900276
 30
0.0
 10
261.3743379267853
 20
102.7417933744582
 30
0.0
 10
261.249139382031
 20
102.6295618547028
 30
0.0
 10
261.0835266599297
 20
102.6038810369209
 30
0.0
 10
261.0057165849394
 20
102.5918153795719
 30
0.0
  0
SPLINE
  5
8F0
330
70
100
AcDbEntity
  8
Visible
100
AcDbSpline
210
0.0
220
0.0
230
1.0
 70
     8
 71
     3
 72
     9
 73
     5
 74
     0
 42
0.000000001
 43
0.0000000001
 40
0.0
 40
0.0
 40
0.0
 40
0.0
 40
0.0227137547764798
 40
0.0485935959803717
 40
0.0485935959803717
 40
0.0485935959803717
 40
0.0485935959803717
 10
261.6571412830508
 20
103.2272717277374
 30
0.0
 10
261.64242114839
 20
103.1515349600431
 30
0.0
 10
261.6109290290296
 20
102.989504422756
 30
0.0
 10
261.499864621459
 20
102.8666985811087
 30
0.0
 10
261.4407142504406
 20
102.8012949900276
 30
0.0
  0
SPLINE
  5
8F1
330
70
100
AcDbEntity
  8
Visible
100
AcDbSpline
210
0.0
220
0.0
230
1.0
 70
     8
 71
     3
 72
     9
 73
     5
 74
     0
 42
0.000000001
 43
0.0000000001
 40
0.0
 40
0.0
 40
0.0
 40
0.0
 40
0.0256350333370748
 40
0.0481668791907195
 40
0.0481668791907195
 40
0.0481668791907195
 40
0.0481668791907195
 10
261.4905869710656
 20
103.6695196460896
 30
0.0
 10
261.5429936893488
 20
103.5993412794651
 30
0.0
 10
261.6414631563148
 20
103.4674798200867
 30
0.0
 10
261.6521446280949
 20
103.3038265978029
 30
0.0
 10
261.6571412830508
 20
103.2272717277374
 30
0.0
  0
LINE
  5
8F2
330
70
100
AcDbEntity
  8
Visible
100
AcDbLine
 10
261.293847
 20
103.509318
 30
0.0
 11
261.490587
 21
103.66952
 31
0.0
  0
SPLINE
  5
8F3
330
70
100
AcDbEntity
  8
Visible
100
AcDbSpline
210
0.0
220
0.0
230
1.0
 70
     8
 71
     3
 72
     9
 73
     5
 74
     0
 42
0.000000001
 43
0.0000000001
 40
0.0
 40
0.0
 40
0.0
 40
0.0
 40
0.0150071931181095
 40
0.0320134295768155
 40
0.0320134295768155
 40
0.0320134295768155
 40
0.0320134295768155
 10
261.4261024578645
 20
103.2247826022794
 30
0.0
 10
261.4193246731393
 20
103.2754867011008
 30
0.0
 10
261.4048662642781
 20
103.3836489726272
 30
0.0
 10
261.3323624695476
 20
103.4657198091117
 30
0.0
 10
261.2938468623906
 20
103.5093176388382
 30
0.0
  0
SPLINE
  5
8F4
330
70
100
AcDbEntity
  8
Visible
100
AcDbSpline
210
0.0
220
0.0
230
1.0
 70
     8
 71
     3
 72
     9
 73
     5
 74
     0
 42
0.000000001
 43
0.0000000001
 40
0.0
 40
0.0
 40
0.0
 40
0.0
 40
0.0161819993635139
 40
0.0309407037849776
 40
0.0309407037849776
 40
0.0309407037849776
 40
0.0309407037849776
 10
261.3007872339858
 20
102.9488436592437
 30
0.0
 10
261.3373274715741
 20
102.9904432628045
 30
0.0
 10
261.4071940339218
 20
103.0699835583145
 30
0.0
 10
261.419995949027
 20
103.1747899782112
 30
0.0
 10
261.4261024578645
 20
103.2247826022794
 30
0.0
  0
SPLINE
  5
8F5
330
70
100
AcDbEntity
  8
Visible
100
AcDbSpline
210
0.0
220
0.0
230
1.0
 70
     8
 71
     3
 72
     9
 73
     5
 74
     0
 42
0.000000001
 43
0.0000000001
 40
0.0
 40
0.0
 40
0.0
 40
0.0
 40
0.0141808962007153
 40
0.0295807155914065
 40
0.0295807155914065
 40
0.0295807155914065
 40
0.0295807155914065
 10
261.0374716879651
 20
102.8272064830416
 30
0.0
 10
261.0853647978947
 20
102.8337766439072
 30
0.0
 10
261.1852676843937
 20
102.8474817057904
 30
0.0
 10
261.2612372330677
 20
102.9141407421502
 30
0.0
 10
261.3007872339858
 20
102.9488436592437
 30
0.0
  0
SPLINE
  5
8F6
330
70
100
AcDbEntity
  8
Visible
100
AcDbSpline
210
0.0
220
0.0
230
1.0
 70
     8
 71
     3
 72
     9
 73
     5
 74
     0
 42
0.000000001
 43
0.0000000001
 40
0.0
 40
0.0
 40
0.0
 40
0.0
 40
0.0137056154905828
 40
0.027345035434966
 40
0.027345035434966
 40
0.027345035434966
 40
0.027345035434966
 10
260.7895168516079
 20
102.9274498042323
 30
0.0
 10
260.8256033406942
 20
102.8974754619085
 30
0.0
 10
260.8976020279079
 20
102.8376715476988
 30
0.0
 10
260.9909237708744
 20
102.8306892037526
 30
0.0
 10
261.0374716879651
 20
102.8272064830416
 30
0.0
  0
SPLINE
  5
8F7
330
70
100
AcDbEntity
  8
Visible
100
AcDbSpline
210
0.0
220
0.0
230
1.0
 70
     8
 71
     3
 72
     9
 73
     5
 74
     0
 42
0.000000001
 43
0.0000000001
 40
0.0
 40
0.0
 40
0.0
 40
0.0
 40
0.0174568340333357
 40
0.0320819364789144
 40
0.0320819364789144
 40
0.0320819364789144
 40
0.0320819364789144
 10
260.661599866904
 20
103.2172916340587
 30
0.0
 10
260.6726221411573
 20
103.1591388198121
 30
0.0
 10
260.6928787295928
 20
103.052266354327
 30
0.0
 10
260.7592571205878
 20
102.9665328819446
 30
0.0
 10
260.7895168516079
 20
102.9274498042323
 30
0.0
  0
ARC
  5
8F8
330
70
100
AcDbEntity
  8
Visible
100
AcDbCircle
 10
263.373466
 20
103.470368
 30
0.0
 40
2.723649107115919
100
AcDbArc
 50
172.446078
 51
185.331515
  0
ARC
  5
8F9
330
70
100
AcDbEntity
  8
Visible
100
AcDbCircle
 10
258.157859
 20
104.122666
 30
0.0
 40
2.532745345693685
100
AcDbArc
 50
353.328445
 51
3.329457
  0
SPLINE
  5
8FA
330
70
100
AcDbEntity
  8
Visible
100
AcDbSpline
210
0.0
220
0.0
230
1.0
 70
     8
 71
     3
 72
     9
 73
     5
 74
     0
 42
0.000000001
 43
0.0000000001
 40
0.0
 40
0.0
 40
0.0
 40
0.0
 40
0.014925384176492
 40
0.0312470723593097
 40
0.0312470723593097
 40
0.0312470723593097
 40
0.0312470723593097
 10
260.6124304587538
 20
104.5721613416772
 30
0.0
 10
260.6305614533303
 20
104.5255950195987
 30
0.0
 10
260.6685196387134
 20
104.4281059889435
 30
0.0
 10
260.6802184133648
 20
104.3240916678278
 30
0.0
 10
260.6863291859136
 20
104.2697605197354
 30
0.0
  0
SPLINE
  5
8FB
330
70
100
AcDbEntity
  8
Visible
100
AcDbSpline
210
0.0
220
0.0
230
1.0
 70
     8
 71
     3
 72
     9
 73
     5
 74
     0
 42
0.000000001
 43
0.0000000001
 40
0.0
 40
0.0
 40
0.0
 40
0.0
 40
0.0087164553368139
 40
0.0173793417746787
 40
0.0173793417746787
 40
0.0173793417746787
 40
0.0173793417746787
 10
260.5120567259037
 20
104.7129700677815
 30
0.0
 10
260.5323840091332
 20
104.6919562190687
 30
0.0
 10
260.5729136497903
 20
104.6500576668877
 30
0.0
 10
260.5992852844756
 20
104.5980733724645
 30
0.0
 10
260.6124304587538
 20
104.5721613416772
 30
0.0
  0
LINE
  5
8FC
330
70
100
AcDbEntity
  8
Visible
100
AcDbLine
 10
259.5776
 20
103.777888
 30
0.0
 11
260.512057
 21
104.71297
 31
0.0
  0
LINE
  5
8FD
330
70
100
AcDbEntity
  8
Visible
100
AcDbLine
 10
259.744545
 20
103.611055
 30
0.0
 11
259.5776
 21
103.777888
 31
0.0
  0
LINE
  5
8FE
330
70
100
AcDbEntity
  8
Visible
100
AcDbLine
 10
260.437914
 20
104.304888
 30
0.0
 11
259.744545
 21
103.611055
 31
0.0
  0
SPLINE
  5
8FF
330
70
100
AcDbEntity
  8
Visible
100
AcDbSpline
210
0.0
220
0.0
230
1.0
 70
     8
 71
     3
 72
     9
 73
     5
 74
     0
 42
0.000000001
 43
0.0000000001
 40
0.0
 40
0.0
 40
0.0
 40
0.0
 40
0.0130537024407303
 40
0.025513158670464
 40
0.025513158670464
 40
0.025513158670464
 40
0.025513158670464
 10
263.5014388655127
 20
105.1490399080012
 30
0.0
 10
263.5304761650659
 20
105.1828919261333
 30
0.0
 10
263.5872288935916
 20
105.2490549104532
 30
0.0
 10
263.5975922103516
 20
105.3354905267588
 30
0.0
 10
263.6026531788211
 20
105.3777017163629
 30
0.0
  0
SPLINE
  5
900
330
70
100
AcDbEntity
  8
Visible
100
AcDbSpline
210
0.0
220
0.0
230
1.0
 70
     8
 71
     3
 72
     9
 73
     5
 74
     0
 42
0.000000001
 43
0.0000000001
 40
0.0
 40
0.0
 40
0.0
 40
0.0
 40
0.0125575905611049
 40
0.0255362611757932
 40
0.0255362611757932
 40
0.0255362611757932
 40
0.0255362611757932
 10
263.2718794110988
 20
105.0496012984003
 30
0.0
 10
263.3145041382704
 20
105.0542606359922
 30
0.0
 10
263.4011828813236
 20
105.0637355476865
 30
0.0
 10
263.4676548410989
 20
105.1202942464333
 30
0.0
 10
263.5014388655127
 20
105.1490399080012
 30
0.0
  0
SPLINE
  5
901
330
70
100
AcDbEntity
  8
Visible
100
AcDbSpline
210
0.0
220
0.0
230
1.0
 70
     8
 71
     3
 72
     9
 73
     5
 74
     0
 42
0.000000001
 43
0.0000000001
 40
0.0
 40
0.0
 40
0.0
 40
0.0
 40
0.0126494148564731
 40
0.025093922748565
 40
0.025093922748565
 40
0.025093922748565
 40
0.025093922748565
 10
263.0451490308587
 20
105.1440633847487
 30
0.0
 10
263.0782986445647
 20
105.116259010736
 30
0.0
 10
263.144060883762
 20
105.06110066377
 30
0.0
 10
263.2295058050349
 20
105.0534134967438
 30
0.0
 10
263.2718794110988
 20
105.0496012984003
 30
0.0
  0
SPLINE
  5
902
330
70
100
AcDbEntity
  8
Visible
100
AcDbSpline
210
0.0
220
0.0
230
1.0
 70
     8
 71
     3
 72
     9
 73
     5
 74
     0
 42
0.000000001
 43
0.0000000001
 40
0.0
 40
0.0
 40
0.0
 40
0.0
 40
0.0120474848501786
 40
0.0242150498337842
 40
0.0242150498337842
 40
0.0242150498337842
 40
0.0242150498337842
 10
262.9543966467991
 20
105.3630146463583
 30
0.0
 10
262.9580225103982
 20
105.3219823040453
 30
0.0
 10
262.9653103774381
 20
105.2395086403485
 30
0.0
 10
263.0184483110625
 20
105.1759834750373
 30
0.0
 10
263.0451490308587
 20
105.1440633847487
 30
0.0
  0
SPLINE
  5
903
330
70
100
AcDbEntity
  8
Visible
100
AcDbSpline
210
0.0
220
0.0
230
1.0
 70
     8
 71
     3
 72
     9
 73
     5
 74
     0
 42
0.000000001
 43
0.0000000001
 40
0.0
 40
0.0
 40
0.0
 40
0.0
 40
0.0131011063398764
 40
0.0254325661522145
 40
0.0254325661522145
 40
0.0254325661522145
 40
0.0254325661522145
 10
263.0556109671415
 20
105.5907116079397
 30
0.0
 10
263.0263334759602
 20
105.5568145798916
 30
0.0
 10
262.9694984490579
 20
105.4910118617208
 30
0.0
 10
262.9593279872188
 20
105.404810839349
 30
0.0
 10
262.9543966467991
 20
105.3630146463583
 30
0.0
  0
SPLINE
  5
904
330
70
100
AcDbEntity
  8
Visible
100
AcDbSpline
210
0.0
220
0.0
230
1.0
 70
     8
 71
     3
 72
     9
 73
     5
 74
     0
 42
0.000000001
 43
0.0000000001
 40
0.0
 40
0.0
 40
0.0
 40
0.0
 40
0.0124881636429321
 40
0.0259115561727406
 40
0.0259115561727406
 40
0.0259115561727406
 40
0.0259115561727406
 10
263.2870981834021
 20
105.6949742541492
 30
0.0
 10
263.2448027150713
 20
105.6897894536905
 30
0.0
 10
263.1570443035998
 20
105.6790315670878
 30
0.0
 10
263.0902259732829
 20
105.6208515602975
 30
0.0
 10
263.0556109671415
 20
105.5907116079397
 30
0.0
  0
SPLINE
  5
905
330
70
100
AcDbEntity
  8
Visible
100
AcDbSpline
210
0.0
220
0.0
230
1.0
 70
     8
 71
     3
 72
     9
 73
     5
 74
     0
 42
0.000000001
 43
0.0000000001
 40
0.0
 40
0.0
 40
0.0
 40
0.0
 40
0.0130931820271066
 40
0.0254660858772545
 40
0.0254660858772545
 40
0.0254660858772545
 40
0.0254660858772545
 10
263.5157592403011
 20
105.5956891073219
 30
0.0
 10
263.4817798204749
 20
105.6248972397006
 30
0.0
 10
263.415690246411
 20
105.681706715497
 30
0.0
 10
263.3291462730304
 20
105.6906359253171
 30
0.0
 10
263.2870981834021
 20
105.6949742541492
 30
0.0
  0
SPLINE
  5
906
330
70
100
AcDbEntity
  8
Visible
100
AcDbSpline
210
0.0
220
0.0
230
1.0
 70
     8
 71
     3
 72
     9
 73
     5
 74
     0
 42
0.000000001
 43
0.0000000001
 40
0.0
 40
0.0
 40
0.0
 40
0.0
 40
0.0120929204684506
 40
0.0239856544302978
 40
0.0239856544302978
 40
0.0239856544302978
 40
0.0239856544302978
 10
263.6026531788211
 20
105.3777017163629
 30
0.0
 10
263.5996292013369
 20
105.4189755678017
 30
0.0
 10
263.5936313053662
 20
105.5008400223159
 30
0.0
 10
263.5415717640626
 20
105.564249151821
 30
0.0
 10
263.5157592403011
 20
105.5956891073219
 30
0.0
  0
SPLINE
  5
907
330
70
100
AcDbEntity
  8
Visible
100
AcDbSpline
210
0.0
220
0.0
230
1.0
 70
     8
 71
     3
 72
     9
 73
     5
 74
     0
 42
0.000000001
 43
0.0000000001
 40
0.0
 40
0.0
 40
0.0
 40
0.0
 40
0.0160994040716549
 40
0.0315797636592301
 40
0.0315797636592301
 40
0.0315797636592301
 40
0.0315797636592301
 10
262.918577865581
 20
105.7372962942081
 30
0.0
 10
262.9542744717491
 20
105.779226374625
 30
0.0
 10
263.0242950999182
 20
105.8614742655354
 30
0.0
 10
263.0351790010372
 20
105.9688156791981
 30
0.0
 10
263.0405142753862
 20
106.0214343023162
 30
0.0
  0
SPLINE
  5
908
330
70
100
AcDbEntity
  8
Visible
100
AcDbSpline
210
0.0
220
0.0
230
1.0
 70
     8
 71
     3
 72
     9
 73
     5
 74
     0
 42
0.000000001
 43
0.0000000001
 40
0.0
 40
0.0
 40
0.0
 40
0.0
 40
0.0158781740385917
 40
0.032386405409953
 40
0.032386405409953
 40
0.032386405409953
 40
0.032386405409953
 10
262.6277710765353
 20
105.6103442545827
 30
0.0
 10
262.6816380484143
 20
105.6164046461854
 30
0.0
 10
262.7915094722448
 20
105.6287659100726
 30
0.0
 10
262.8756759324606
 20
105.7006533245476
 30
0.0
 10
262.918577865581
 20
105.7372962942081
 30
0.0
  0
SPLINE
  5
909
330
70
100
AcDbEntity
  8
Visible
100
AcDbSpline
210
0.0
220
0.0
230
1.0
 70
     8
 71
     3
 72
     9
 73
     5
 74
     0
 42
0.000000001
 43
0.0000000001
 40
0.0
 40
0.0
 40
0.0
 40
0.0
 40
0.0164669731750063
 40
0.0323022473838918
 40
0.0323022473838918
 40
0.0323022473838918
 40
0.0323022473838918
 10
262.3368800761436
 20
105.7342074641056
 30
0.0
 10
262.3798034779138
 20
105.6977040425481
 30
0.0
 10
262.4640036723158
 20
105.6260975280402
 30
0.0
 10
262.5738983039773
 20
105.615526436728
 30
0.0
 10
262.6277710765353
 20
105.6103442545827
 30
0.0
  0
SPLINE
  5
90A
330
70
100
AcDbEntity
  8
Visible
100
AcDbSpline
210
0.0
220
0.0
230
1.0
 70
     8
 71
     3
 72
     9
 73
     5
 74
     0
 42
0.000000001
 43
0.0000000001
 40
0.0
 40
0.0
 40
0.0
 40
0.0
 40
0.0154661595734597
 40
0.0316494742769045
 40
0.0316494742769045
 40
0.0316494742769045
 40
0.0316494742769045
 10
262.214271050816
 20
106.0187457314005
 30
0.0
 10
262.2196031285057
 20
105.9661707985633
 30
0.0
 10
262.2305145286409
 20
105.8585830695865
 30
0.0
 10
262.3008933154815
 20
105.7762875854587
 30
0.0
 10
262.3368800761436
 20
105.7342074641056
 30
0.0
  0
SPLINE
  5
90B
330
70
100
AcDbEntity
  8
Visible
100
AcDbSpline
210
0.0
220
0.0
230
1.0
 70
     8
 71
     3
 72
     9
 73
     5
 74
     0
 42
0.000000001
 43
0.0000000001
 40
0.0
 40
0.0
 40
0.0
 40
0.0
 40
0.0163116266425571
 40
0.0318351669109903
 40
0.0318351669109903
 40
0.0318351669109903
 40
0.0318351669109903
 10
262.3395829385572
 20
106.3043313499147
 30
0.0
 10
262.3032716962443
 20
106.2620072906975
 30
0.0
 10
262.2324035673264
 20
106.1794040335844
 30
0.0
 10
262.2202146431773
 20
106.0714073383569
 30
0.0
 10
262.214271050816
 20
106.0187457314005
 30
0.0
  0
SPLINE
  5
90C
330
70
100
AcDbEntity
  8
Visible
100
AcDbSpline
210
0.0
220
0.0
230
1.0
 70
     8
 71
     3
 72
     9
 73
     5
 74
     0
 42
0.000000001
 43
0.0000000001
 40
0.0
 40
0.0
 40
0.0
 40
0.0
 40
0.0109695199217581
 40
0.0220002758234471
 40
0.0220002758234471
 40
0.0220002758234471
 40
0.0220002758234471
 10
262.5271751632517
 20
106.4158142236592
 30
0.0
 10
262.4924341389796
 20
106.4032852518703
 30
0.0
 10
262.4227581529922
 20
106.3781573668675
 30
0.0
 10
262.3673594093361
 20
106.3289856440642
 30
0.0
 10
262.3395829385572
 20
106.3043313499147
 30
0.0
  0
SPLINE
  5
90D
330
70
100
AcDbEntity
  8
Visible
100
AcDbSpline
210
0.0
220
0.0
230
1.0
 70
     8
 71
     3
 72
     9
 73
     5
 74
     0
 42
0.000000001
 43
0.0000000001
 40
0.0
 40
0.0
 40
0.0
 40
0.0
 40
0.0106891103139396
 40
0.0214769986444435
 40
0.0214769986444435
 40
0.0214769986444435
 40
0.0214769986444435
 10
262.7394044689881
 20
106.4129910771917
 30
0.0
 10
262.7043102050466
 20
106.4216375420328
 30
0.0
 10
262.6337973712398
 20
106.439010373655
 30
0.0
 10
262.5628247061813
 20
106.4235699451037
 30
0.0
 10
262.5271751632517
 20
106.4158142236592
 30
0.0
  0
SPLINE
  5
90E
330
70
100
AcDbEntity
  8
Visible
100
AcDbSpline
210
0.0
220
0.0
230
1.0
 70
     8
 71
     3
 72
     9
 73
     5
 74
     0
 42
0.000000001
 43
0.0000000001
 40
0.0
 40
0.0
 40
0.0
 40
0.0
 40
0.0104089589109135
 40
0.0210772016869635
 40
0.0210772016869635
 40
0.0210772016869635
 40
0.0210772016869635
 10
262.9183881055069
 20
106.3045251977328
 30
0.0
 10
262.8921445775049
 20
106.327676516501
 30
0.0
 10
262.8390038035432
 20
106.374555846045
 30
0.0
 10
262.7728754094442
 20
106.4000746923702
 30
0.0
 10
262.7394044689881
 20
106.4129910771917
 30
0.0
  0
SPLINE
  5
90F
330
70
100
AcDbEntity
  8
Visible
100
AcDbSpline
210
0.0
220
0.0
230
1.0
 70
     8
 71
     3
 72
     9
 73
     5
 74
     0
 42
0.000000001
 43
0.0000000001
 40
0.0
 40
0.0
 40
0.0
 40
0.0
 40
0.0154661736204938
 40
0.0314786113535241
 40
0.0314786113535241
 40
0.0314786113535241
 40
0.0314786113535241
 10
263.0405142753862
 20
106.0214343023162
 30
0.0
 10
263.0349487764997
 20
106.0739637897804
 30
0.0
 10
263.0236212057152
 20
106.1808781023337
 30
0.0
 10
262.9538692855803
 20
106.262835417152
 30
0.0
 10
262.9183881055069
 20
106.3045251977328
 30
0.0
  0
SPLINE
  5
910
330
70
100
AcDbEntity
  8
Visible
100
AcDbSpline
210
0.0
220
0.0
230
1.0
 70
     8
 71
     3
 72
     9
 73
     5
 74
     0
 42
0.000000001
 43
0.0000000001
 40
0.0
 40
0.0
 40
0.0
 40
0.0
 40
0.0180927040736575
 40
0.034603958987934
 40
0.034603958987934
 40
0.034603958987934
 40
0.034603958987934
 10
263.0977581088227
 20
106.4820856793831
 30
0.0
 10
263.1387590026516
 20
106.4364276458545
 30
0.0
 10
263.217176979464
 20
106.349102461445
 30
0.0
 10
263.2454630643096
 20
106.2354095100145
 30
0.0
 10
263.2589597499791
 20
106.1811609974775
 30
0.0
  0
SPLINE
  5
911
330
70
100
AcDbEntity
  8
Visible
100
AcDbSpline
210
0.0
220
0.0
230
1.0
 70
     8
 71
     3
 72
     9
 73
     5
 74
     0
 42
0.000000001
 43
0.0000000001
 40
0.0
 40
0.0
 40
0.0
 40
0.0
 40
0.0239403666720935
 40
0.0483927438185614
 40
0.0483927438185614
 40
0.0483927438185614
 40
0.0483927438185614
 10
262.660217483075
 20
106.6628157247924
 30
0.0
 10
262.7418329340926
 20
106.6560701900016
 30
0.0
 10
262.9068093384594
 20
106.6424348542696
 30
0.0
 10
263.0336611413568
 20
106.5359110893423
 30
0.0
 10
263.0977581088227
 20
106.4820856793831
 30
0.0
  0
SPLINE
  5
912
330
70
100
AcDbEntity
  8
Visible
100
AcDbSpline
210
0.0
220
0.0
230
1.0
 70
     8
 71
     3
 72
     9
 73
     5
 74
     0
 42
0.000000001
 43
0.0000000001
 40
0.0
 40
0.0
 40
0.0
 40
0.0
 40
0.0270962044897407
 40
0.0518807149219411
 40
0.0518807149219411
 40
0.0518807149219411
 40
0.0518807149219411
 10
262.1986921500993
 20
106.448985472105
 30
0.0
 10
262.2681977696484
 20
106.5101747453245
 30
0.0
 10
262.4012791845999
 20
106.6273329709856
 30
0.0
 10
262.5765073142174
 20
106.6513447785091
 30
0.0
 10
262.660217483075
 20
106.6628157247924
 30
0.0
  0
SPLINE
  5
913
330
70
100
AcDbEntity
  8
Visible
100
AcDbSpline
210
0.0
220
0.0
230
1.0
 70
     8
 71
     3
 72
     9
 73
     5
 74
     0
 42
0.000000001
 43
0.0000000001
 40
0.0
 40
0.0
 40
0.0
 40
0.0
 40
0.0247573679765032
 40
0.0518508792627383
 40
0.0518508792627383
 40
0.0518508792627383
 40
0.0518508792627383
 10
261.9846887631283
 20
105.9877990132063
 30
0.0
 10
261.9962591725653
 20
106.071390427036
 30
0.0
 10
262.0204917930605
 20
106.2464610690385
 30
0.0
 10
262.1375342470346
 20
106.3794796191614
 30
0.0
 10
262.1986921500993
 20
106.448985472105
 30
0.0
  0
SPLINE
  5
914
330
70
100
AcDbEntity
  8
Visible
100
AcDbSpline
210
0.0
220
0.0
230
1.0
 70
     8
 71
     3
 72
     9
 73
     5
 74
     0
 42
0.000000001
 43
0.0000000001
 40
0.0
 40
0.0
 40
0.0
 40
0.0
 40
0.0240335849623148
 40
0.0478198417889728
 40
0.0478198417889728
 40
0.0478198417889728
 40
0.0478198417889728
 10
262.1613692626543
 20
105.5547192135727
 30
0.0
 10
262.1086489995887
 20
105.6178695627913
 30
0.0
 10
262.0037510144193
 20
105.7435203848927
 30
0.0
 10
261.9910208998281
 20
105.9066540506592
 30
0.0
 10
261.9846887631283
 20
105.9877990132063
 30
0.0
  0
SPLINE
  5
915
330
70
100
AcDbEntity
  8
Visible
100
AcDbSpline
210
0.0
220
0.0
230
1.0
 70
     8
 71
     3
 72
     9
 73
     5
 74
     0
 42
0.000000001
 43
0.0000000001
 40
0.0
 40
0.0
 40
0.0
 40
0.0
 40
0.0163437865265581
 40
0.0337683294247236
 40
0.0337683294247236
 40
0.0337683294247236
 40
0.0337683294247236
 10
262.4551657946886
 20
105.3970935563757
 30
0.0
 10
262.4016310194674
 20
105.4109446047168
 30
0.0
 10
262.291021405079
 20
105.4395626218756
 30
0.0
 10
262.2054990255492
 20
105.5155233083423
 30
0.0
 10
262.1613692626543
 20
105.5547192135727
 30
0.0
  0
SPLINE
  5
916
330
70
100
AcDbEntity
  8
Visible
100
AcDbSpline
210
0.0
220
0.0
230
1.0
 70
     8
 71
     3
 72
     9
 73
     5
 74
     0
 42
0.000000001
 43
0.0000000001
 40
0.0
 40
0.0
 40
0.0
 40
0.0
 40
0.0180151613548658
 40
0.034524448343399
 40
0.034524448343399
 40
0.034524448343399
 40
0.034524448343399
 10
262.7903699138114
 20
105.4584624742201
 30
0.0
 10
262.7345324409871
 20
105.4337535797131
 30
0.0
 10
262.627524909487
 20
105.3864011893965
 30
0.0
 10
262.5109235414566
 20
105.3936346021382
 30
0.0
 10
262.4551657946886
 20
105.3970935563757
 30
0.0
  0
SPLINE
  5
917
330
70
100
AcDbEntity
  8
Visible
100
AcDbSpline
210
0.0
220
0.0
230
1.0
 70
     8
 71
     3
 72
     9
 73
     5
 74
     0
 42
0.000000001
 43
0.0000000001
 40
0.0
 40
0.0
 40
0.0
 40
0.0
 40
0.0129508680760031
 40
0.0275881260391082
 40
0.0275881260391082
 40
0.0275881260391082
 40
0.0275881260391082
 10
262.7460849031031
 20
105.1893033321193
 30
0.0
 10
262.7432303307796
 20
105.232937875011
 30
0.0
 10
262.7371494796262
 20
105.3258888078635
 30
0.0
 10
262.7719212663342
 20
105.4125063509218
 30
0.0
 10
262.7903699138114
 20
105.4584624742201
 30
0.0
  0
SPLINE
  5
918
330
70
100
AcDbEntity
  8
Visible
100
AcDbSpline
210
0.0
220
0.0
230
1.0
 70
     8
 71
     3
 72
     9
 73
     5
 74
     0
 42
0.000000001
 43
0.0000000001
 40
0.0
 40
0.0
 40
0.0
 40
0.0
 40
0.0131389082972833
 40
0.0256086467869763
 40
0.0256086467869763
 40
0.0256086467869763
 40
0.0256086467869763
 10
262.8657792380654
 20
104.96650353537
 30
0.0
 10
262.8362865787512
 20
104.9998082690326
 30
0.0
 10
262.7788033329543
 20
105.0647215130702
 30
0.0
 10
262.7567993874782
 20
105.1485058378766
 30
0.0
 10
262.7460849031031
 20
105.1893033321193
 30
0.0
  0
SPLINE
  5
919
330
70
100
AcDbEntity
  8
Visible
100
AcDbSpline
210
0.0
220
0.0
230
1.0
 70
     8
 71
     3
 72
     9
 73
     5
 74
     0
 42
0.000000001
 43
0.0000000001
 40
0.0
 40
0.0
 40
0.0
 40
0.0
 40
0.0206824241279502
 40
0.0412472271516114
 40
0.0412472271516114
 40
0.0412472271516114
 40
0.0412472271516114
 10
263.2406051265425
 20
104.8175865294506
 30
0.0
 10
263.1699545512402
 20
104.8223728520261
 30
0.0
 10
263.0290551909947
 20
104.831918277323
 30
0.0
 10
262.9201009906592
 20
104.9217271493853
 30
0.0
 10
262.8657792380654
 20
104.96650353537
 30
0.0
  0
SPLINE
  5
91A
330
70
100
AcDbEntity
  8
Visible
100
AcDbSpline
210
0.0
220
0.0
230
1.0
 70
     8
 71
     3
 72
     9
 73
     5
 74
     0
 42
0.000000001
 43
0.0000000001
 40
0.0
 40
0.0
 40
0.0
 40
0.0
 40
0.0239397207975136
 40
0.0456914972427869
 40
0.0456914972427869
 40
0.0456914972427869
 40
0.0456914972427869
 10
263.6461874322013
 20
105.0082459381192
 30
0.0
 10
263.5849283772204
 20
104.9540652787382
 30
0.0
 10
263.4680089709582
 20
104.8506557415239
 30
0.0
 10
263.3139473194114
 20
104.8282519979093
 30
0.0
 10
263.2406051265425
 20
104.8175865294506
 30
0.0
  0
SPLINE
  5
91B
330
70
100
AcDbEntity
  8
Visible
100
AcDbSpline
210
0.0
220
0.0
230
1.0
 70
     8
 71
     3
 72
     9
 73
     5
 74
     0
 42
0.000000001
 43
0.0000000001
 40
0.0
 40
0.0
 40
0.0
 40
0.0
 40
0.0214145095686165
 40
0.0451723321030863
 40
0.0451723321030863
 40
0.0451723321030863
 40
0.0451723321030863
 10
263.8360940104139
 20
105.4086493053564
 30
0.0
 10
263.8252787726524
 20
105.3365139120196
 30
0.0
 10
263.8024648244555
 20
105.1843496080109
 30
0.0
 10
263.7000508040564
 20
105.0689427370598
 30
0.0
 10
263.6461874322013
 20
105.0082459381192
 30
0.0
  0
SPLINE
  5
91C
330
70
100
AcDbEntity
  8
Visible
100
AcDbSpline
210
0.0
220
0.0
230
1.0
 70
     8
 71
     3
 72
     9
 73
     5
 74
     0
 42
0.000000001
 43
0.0000000001
 40
0.0
 40
0.0
 40
0.0
 40
0.0
 40
0.0204680159290127
 40
0.0408233744024993
 40
0.0408233744024993
 40
0.0408233744024993
 40
0.0408233744024993
 10
263.6874100069544
 20
105.7790348200178
 30
0.0
 10
263.7322075115735
 20
105.7251277221476
 30
0.0
 10
263.8215559520722
 20
105.6176102350164
 30
0.0
 10
263.8312569146601
 20
105.4781746850149
 30
0.0
 10
263.8360940104139
 20
105.4086493053564
 30
0.0
  0
SPLINE
  5
91D
330
70
100
AcDbEntity
  8
Visible
100
AcDbSpline
210
0.0
220
0.0
230
1.0
 70
     8
 71
     3
 72
     9
 73
     5
 74
     0
 42
0.000000001
 43
0.0000000001
 40
0.0
 40
0.0
 40
0.0
 40
0.0
 40
0.0126607764531627
 40
0.0262243240292729
 40
0.0262243240292729
 40
0.0262243240292729
 40
0.0262243240292729
 10
263.459705614383
 20
105.9024371367795
 30
0.0
 10
263.501092609411
 20
105.891444982526
 30
0.0
 10
263.5868176810309
 20
105.8686768832722
 30
0.0
 10
263.6531184315718
 20
105.8095934887951
 30
0.0
 10
263.6874100069544
 20
105.7790348200178
 30
0.0
  0
SPLINE
  5
91E
330
70
100
AcDbEntity
  8
Visible
100
AcDbSpline
210
0.0
220
0.0
230
1.0
 70
     8
 71
     3
 72
     9
 73
     5
 74
     0
 42
0.000000001
 43
0.0000000001
 40
0.0
 40
0.0
 40
0.0
 40
0.0
 40
0.0149330205407246
 40
0.0280290651315519
 40
0.0280290651315519
 40
0.0280290651315519
 40
0.0280290651315519
 10
263.1867184104085
 20
105.855076542155
 30
0.0
 10
263.2334152752592
 20
105.8744147291054
 30
0.0
 10
263.3210646200623
 20
105.910712228333
 30
0.0
 10
263.4155562210799
 20
105.9050722900647
 30
0.0
 10
263.459705614383
 20
105.9024371367795
 30
0.0
  0
SPLINE
  5
91F
330
70
100
AcDbEntity
  8
Visible
100
AcDbSpline
210
0.0
220
0.0
230
1.0
 70
     8
 71
     3
 72
     9
 73
     5
 74
     0
 42
0.000000001
 43
0.0000000001
 40
0.0
 40
0.0
 40
0.0
 40
0.0
 40
0.0163159902646884
 40
0.0338982666231527
 40
0.0338982666231527
 40
0.0338982666231527
 40
0.0338982666231527
 10
263.2589597499791
 20
106.1811609974775
 30
0.0
 10
263.2611865652289
 20
106.1258765594903
 30
0.0
 10
263.265813019143
 20
106.0110170512034
 30
0.0
 10
263.2137317865054
 20
105.9083352874368
 30
0.0
 10
263.1867184104085
 20
105.855076542155
 30
0.0
  0
SPLINE
  5
920
330
70
100
AcDbEntity
  8
Visible
100
AcDbSpline
210
0.0
220
0.0
230
1.0
 70
     8
 71
     3
 72
     9
 73
     5
 74
     0
 42
0.000000001
 43
0.0000000001
 40
0.0
 40
0.0
 40
0.0
 40
0.0
 40
0.0191357970473616
 40
0.0377715237636092
 40
0.0377715237636092
 40
0.0377715237636092
 40
0.0377715237636092
 10
172.019411213605
 20
102.5563522991524
 30
0.0
 10
172.0396190223691
 20
102.4949213079835
 30
0.0
 10
172.07950655499
 20
102.373664684228
 30
0.0
 10
172.0636755680207
 20
102.2470560875499
 30
0.0
 10
172.0558648705046
 20
102.1845898968186
 30
0.0
  0
SPLINE
  5
921
330
70
100
AcDbEntity
  8
Visible
100
AcDbSpline
210
0.0
220
0.0
230
1.0
 70
     8
 71
     3
 72
     9
 73
     5
 74
     0
 42
0.000000001
 43
0.0000000001
 40
0.0
 40
0.0
 40
0.0
 40
0.0
 40
0.025027141328798
 40
0.0464160283506416
 40
0.0464160283506416
 40
0.0464160283506416
 40
0.0464160283506416
 10
171.7523822199109
 20
102.9331320388173
 30
0.0
 10
171.8104578995025
 20
102.872439066683
 30
0.0
 10
171.9181666607637
 20
102.759876202299
 30
0.0
 10
171.9874738785256
 20
102.6205533935244
 30
0.0
 10
172.019411213605
 20
102.5563522991524
 30
0.0
  0
SPLINE
  5
922
330
70
100
AcDbEntity
  8
Visible
100
AcDbSpline
210
0.0
220
0.0
230
1.0
 70
     8
 71
     3
 72
     9
 73
     5
 74
     0
 42
0.000000001
 43
0.0000000001
 40
0.0
 40
0.0
 40
0.0
 40
0.0
 40
0.0191232930157148
 40
0.0395620688881959
 40
0.0395620688881959
 40
0.0395620688881959
 40
0.0395620688881959
 10
171.4236688719993
 20
103.1490862404953
 30
0.0
 10
171.4823394964496
 20
103.1230459699509
 30
0.0
 10
171.6037166716196
 20
103.0691741301834
 30
0.0
 10
171.7017405692204
 20
102.9794736166022
 30
0.0
 10
171.7523822199109
 20
102.9331320388173
 30
0.0
  0
SPLINE
  5
923
330
70
100
AcDbEntity
  8
Visible
100
AcDbSpline
210
0.0
220
0.0
230
1.0
 70
     8
 71
     3
 72
     9
 73
     5
 74
     0
 42
0.000000001
 43
0.0000000001
 40
0.0
 40
0.0
 40
0.0
 40
0.0
 40
0.0167790445283972
 40
0.03459512734249
 40
0.03459512734249
 40
0.03459512734249
 40
0.03459512734249
 10
171.0825567223874
 20
103.1783332976374
 30
0.0
 10
171.1386919262167
 20
103.185741541014
 30
0.0
 10
171.2544318017262
 20
103.2010158984194
 30
0.0
 10
171.3661403079732
 20
103.1667386298086
 30
0.0
 10
171.4236688719993
 20
103.1490862404953
 30
0.0
  0
SPLINE
  5
924
330
70
100
AcDbEntity
  8
Visible
100
AcDbSpline
210
0.0
220
0.0
230
1.0
 70
     8
 71
     3
 72
     9
 73
     5
 74
     0
 42
0.000000001
 43
0.0000000001
 40
0.0
 40
0.0
 40
0.0
 40
0.0
 40
0.0156689066470096
 40
0.031780607967401
 40
0.031780607967401
 40
0.031780607967401
 40
0.031780607967401
 10
170.8057091263199
 20
103.0293292682836
 30
0.0
 10
170.8457387717462
 20
103.0639282257925
 30
0.0
 10
170.9269292783337
 20
103.1341038882947
 30
0.0
 10
171.0302012830034
 20
103.1634538515736
 30
0.0
 10
171.0825567223874
 20
103.1783332976374
 30
0.0
  0
SPLINE
  5
925
330
70
100
AcDbEntity
  8
Visible
100
AcDbSpline
210
0.0
220
0.0
230
1.0
 70
     8
 71
     3
 72
     9
 73
     5
 74
     0
 42
0.000000001
 43
0.0000000001
 40
0.0
 40
0.0
 40
0.0
 40
0.0
 40
0.0146776499021842
 40
0.0299800020222648
 40
0.0299800020222648
 40
0.0299800020222648
 40
0.0299800020222648
 10
170.6642895983696
 20
102.7688751568476
 30
0.0
 10
170.6775553837087
 20
102.8166675133507
 30
0.0
 10
170.7046515655856
 20
102.9142863388551
 30
0.0
 10
170.7715585524802
 20
102.9904525921847
 30
0.0
 10
170.8057091263199
 20
103.0293292682836
 30
0.0
  0
SPLINE
  5
926
330
70
100
AcDbEntity
  8
Visible
100
AcDbSpline
210
0.0
220
0.0
230
1.0
 70
     8
 71
     3
 72
     9
 73
     5
 74
     0
 42
0.000000001
 43
0.0000000001
 40
0.0
 40
0.0
 40
0.0
 40
0.0
 40
0.0177084687481466
 40
0.0331865847413568
 40
0.0331865847413568
 40
0.0331865847413568
 40
0.0331865847413568
 10
170.7034856800364
 20
102.4424618589801
 30
0.0
 10
170.684741180863
 20
102.4992173155151
 30
0.0
 10
170.649613021611
 20
102.6055799714049
 30
0.0
 10
170.6596216202652
 20
102.7169380898722
 30
0.0
 10
170.6642895983696
 20
102.7688751568476
 30
0.0
  0
ARC
  5
927
330
70
100
AcDbEntity
  8
Visible
100
AcDbCircle
 10
173.11267
 20
103.520707
 30
0.0
 40
2.639466345853799
100
AcDbArc
 50
204.111204
 51
214.124766
  0
SPLINE
  5
928
330
70
100
AcDbEntity
  8
Visible
100
AcDbSpline
210
0.0
220
0.0
230
1.0
 70
     8
 71
     3
 72
     9
 73
     5
 74
     0
 42
0.000000001
 43
0.0000000001
 40
0.0
 40
0.0
 40
0.0
 40
0.0
 40
0.0154898137586062
 40
0.042576458752396
 40
0.042576458752396
 40
0.042576458752396
 40
0.042576458752396
 10
171.1103106726823
 20
101.6576075595203
 30
0.0
 10
171.0959642720117
 20
101.707442587438
 30
0.0
 10
171.056530683858
 20
101.8444228664557
 30
0.0
 10
170.9777755401064
 20
101.9639398202889
 30
0.0
 10
170.9276724389383
 20
102.039975108195
 30
0.0
  0
SPLINE
  5
929
330
70
100
AcDbEntity
  8
Visible
100
AcDbSpline
210
0.0
220
0.0
230
1.0
 70
     8
 71
     3
 72
     9
 73
     5
 74
     0
 42
0.000000001
 43
0.0000000001
 40
0.0
 40
0.0
 40
0.0
 40
0.0
 40
0.0100131997438114
 40
0.0198430141075146
 40
0.0198430141075146
 40
0.0198430141075146
 40
0.0198430141075146
 10
171.0404926487899
 20
101.4769787334753
 30
0.0
 10
171.0623993496101
 20
101.5034576587131
 30
0.0
 10
171.10581154397
 20
101.5559305645274
 30
0.0
 10
171.1088202316841
 20
101.6239246908026
 30
0.0
 10
171.1103106726823
 20
101.6576075595203
 30
0.0
  0
SPLINE
  5
92A
330
70
100
AcDbEntity
  8
Visible
100
AcDbSpline
210
0.0
220
0.0
230
1.0
 70
     8
 71
     3
 72
     9
 73
     5
 74
     0
 42
0.000000001
 43
0.0000000001
 40
0.0
 40
0.0
 40
0.0
 40
0.0
 40
0.0127277858443899
 40
0.024561599439317
 40
0.024561599439317
 40
0.024561599439317
 40
0.024561599439317
 10
170.8130726089039
 20
101.4038675322208
 30
0.0
 10
170.8569537545463
 20
101.4026091749674
 30
0.0
 10
170.9416339287254
 20
101.4001808447592
 30
0.0
 10
171.0083491568512
 20
101.4520082269264
 30
0.0
 10
171.0404926487899
 20
101.4769787334753
 30
0.0
  0
SPLINE
  5
92B
330
70
100
AcDbEntity
  8
Visible
100
AcDbSpline
210
0.0
220
0.0
230
1.0
 70
     8
 71
     3
 72
     9
 73
     5
 74
     0
 42
0.000000001
 43
0.0000000001
 40
0.0
 40
0.0
 40
0.0
 40
0.0
 40
0.0208700144101083
 40
0.0365644730992052
 40
0.0365644730992052
 40
0.0365644730992052
 40
0.0365644730992052
 10
170.5027944300418
 20
101.5880488019174
 30
0.0
 10
170.5538612007913
 20
101.5388405117264
 30
0.0
 10
170.643330691737
 20
101.4526270972255
 30
0.0
 10
170.7620955334896
 20
101.4185110573089
 30
0.0
 10
170.8130726089039
 20
101.4038675322208
 30
0.0
  0
SPLINE
  5
92C
330
70
100
AcDbEntity
  8
Visible
100
AcDbSpline
210
0.0
220
0.0
230
1.0
 70
     8
 71
     3
 72
     9
 73
     5
 74
     0
 42
0.000000001
 43
0.0000000001
 40
0.0
 40
0.0
 40
0.0
 40
0.0
 40
0.0163205966596405
 40
0.0367070833816282
 40
0.0367070833816282
 40
0.0367070833816282
 40
0.0367070833816282
 10
170.3237598675805
 20
101.9024184406298
 30
0.0
 10
170.3376385640877
 20
101.8489372177628
 30
0.0
 10
170.3688535055826
 20
101.7286511921938
 30
0.0
 10
170.454967943222
 20
101.6382539083297
 30
0.0
 10
170.5027944300418
 20
101.5880488019174
 30
0.0
  0
SPLINE
  5
92D
330
70
100
AcDbEntity
  8
Visible
100
AcDbSpline
210
0.0
220
0.0
230
1.0
 70
     8
 71
     3
 72
     9
 73
     5
 74
     0
 42
0.000000001
 43
0.0000000001
 40
0.0
 40
0.0
 40
0.0
 40
0.0
 40
0.0172376037854126
 40
0.0324620053854703
 40
0.0324620053854703
 40
0.0324620053854703
 40
0.0324620053854703
 10
170.4274219841991
 20
102.203262950874
 30
0.0
 10
170.393187267111
 20
102.155264582103
 30
0.0
 10
170.3287161501084
 20
102.0648736365347
 30
0.0
 10
170.3253422144244
 20
101.9542840203794
 30
0.0
 10
170.3237598675805
 20
101.9024184406298
 30
0.0
  0
LINE
  5
92E
330
70
100
AcDbEntity
  8
Visible
100
AcDbLine
 10
170.233933
 20
102.368541
 30
0.0
 11
170.427422
 21
102.203263
 31
0.0
  0
SPLINE
  5
92F
330
70
100
AcDbEntity
  8
Visible
100
AcDbSpline
210
0.0
220
0.0
230
1.0
 70
     8
 71
     3
 72
     9
 73
     5
 74
     0
 42
0.000000001
 43
0.0000000001
 40
0.0
 40
0.0
 40
0.0
 40
0.0
 40
0.0164158126321344
 40
0.0333267269994572
 40
0.0333267269994572
 40
0.0333267269994572
 40
0.0333267269994572
 10
170.0815281566574
 20
102.0757335280268
 30
0.0
 10
170.09647095732
 20
102.1290303913847
 30
0.0
 10
170.1268072342664
 20
102.2372315541834
 30
0.0
 10
170.1978728147114
 20
102.3243400067858
 30
0.0
 10
170.2339334799362
 20
102.3685412745162
 30
0.0
  0
SPLINE
  5
930
330
70
100
AcDbEntity
  8
Visible
100
AcDbSpline
210
0.0
220
0.0
230
1.0
 70
     8
 71
     3
 72
     9
 73
     5
 74
     0
 42
0.000000001
 43
0.0000000001
 40
0.0
 40
0.0
 40
0.0
 40
0.0
 40
0.0174370244604989
 40
0.0339521645756096
 40
0.0339521645756096
 40
0.0339521645756096
 40
0.0339521645756096
 10
170.1183366907753
 20
101.7420771746347
 30
0.0
 10
170.0991440240414
 20
101.7978280882944
 30
0.0
 10
170.0617733946037
 20
101.9063824004206
 30
0.0
 10
170.0750635224703
 20
102.0203143290382
 30
0.0
 10
170.0815281566574
 20
102.0757335280268
 30
0.0
  0
SPLINE
  5
931
330
70
100
AcDbEntity
  8
Visible
100
AcDbSpline
210
0.0
220
0.0
230
1.0
 70
     8
 71
     3
 72
     9
 73
     5
 74
     0
 42
0.000000001
 43
0.0000000001
 40
0.0
 40
0.0
 40
0.0
 40
0.0
 40
0.0210007611990001
 40
0.0400710557882646
 40
0.0400710557882646
 40
0.0400710557882646
 40
0.0400710557882646
 10
170.3461305850414
 20
101.4148473030454
 30
0.0
 10
170.2978344703551
 20
101.4661558317511
 30
0.0
 10
170.2056817960983
 20
101.5640564219611
 30
0.0
 10
170.1465013653869
 20
101.6846738827789
 30
0.0
 10
170.1183366907753
 20
101.7420771746347
 30
0.0
  0
SPLINE
  5
932
330
70
100
AcDbEntity
  8
Visible
100
AcDbSpline
210
0.0
220
0.0
230
1.0
 70
     8
 71
     3
 72
     9
 73
     5
 74
     0
 42
0.000000001
 43
0.0000000001
 40
0.0
 40
0.0
 40
0.0
 40
0.0
 40
0.0181637346483706
 40
0.0375091632562276
 40
0.0375091632562276
 40
0.0375091632562276
 40
0.0375091632562276
 10
170.654566365909
 20
101.2046133976437
 30
0.0
 10
170.5997135716588
 20
101.2310656393056
 30
0.0
 10
170.4864393769821
 20
101.2856910492373
 30
0.0
 10
170.3938722647981
 20
101.3709004026204
 30
0.0
 10
170.3461305850414
 20
101.4148473030454
 30
0.0
  0
SPLINE
  5
933
330
70
100
AcDbEntity
  8
Visible
100
AcDbSpline
210
0.0
220
0.0
230
1.0
 70
     8
 71
     3
 72
     9
 73
     5
 74
     0
 42
0.000000001
 43
0.0000000001
 40
0.0
 40
0.0
 40
0.0
 40
0.0
 40
0.0156800589399243
 40
0.0324664554033789
 40
0.0324664554033789
 40
0.0324664554033789
 40
0.0324664554033789
 10
170.9735106500829
 20
101.1695041466155
 30
0.0
 10
170.9209047152526
 20
101.1631291936064
 30
0.0
 10
170.8119811299748
 20
101.1499294901896
 30
0.0
 10
170.708216592011
 20
101.1859759844592
 30
0.0
 10
170.654566365909
 20
101.2046133976437
 30
0.0
  0
SPLINE
  5
934
330
70
100
AcDbEntity
  8
Visible
100
AcDbSpline
210
0.0
220
0.0
230
1.0
 70
     8
 71
     3
 72
     9
 73
     5
 74
     0
 42
0.000000001
 43
0.0000000001
 40
0.0
 40
0.0
 40
0.0
 40
0.0
 40
0.0148054551691372
 40
0.0299096711804187
 40
0.0299096711804187
 40
0.0299096711804187
 40
0.0299096711804187
 10
171.233987734131
 20
101.3097712280887
 30
0.0
 10
171.1962031280054
 20
101.2770147171195
 30
0.0
 10
171.1198714562033
 20
101.2108406980933
 30
0.0
 10
171.022621388327
 20
101.1833744484629
 30
0.0
 10
170.9735106500829
 20
101.1695041466155
 30
0.0
  0
SPLINE
  5
935
330
70
100
AcDbEntity
  8
Visible
100
AcDbSpline
210
0.0
220
0.0
230
1.0
 70
     8
 71
     3
 72
     9
 73
     5
 74
     0
 42
0.000000001
 43
0.0000000001
 40
0.0
 40
0.0
 40
0.0
 40
0.0
 40
0.012908309574778
 40
0.0261393344470139
 40
0.0261393344470139
 40
0.0261393344470139
 40
0.0261393344470139
 10
171.3596048944546
 20
101.535926504006
 30
0.0
 10
171.3470472222161
 20
101.4942080184137
 30
0.0
 10
171.3216179285828
 20
101.409728060662
 30
0.0
 10
171.2634372312241
 20
101.3433632846718
 30
0.0
 10
171.233987734131
 20
101.3097712280887
 30
0.0
  0
SPLINE
  5
936
330
70
100
AcDbEntity
  8
Visible
100
AcDbSpline
210
0.0
220
0.0
230
1.0
 70
     8
 71
     3
 72
     9
 73
     5
 74
     0
 42
0.000000001
 43
0.0000000001
 40
0.0
 40
0.0
 40
0.0
 40
0.0
 40
0.0150642485430385
 40
0.0285800466879818
 40
0.0285800466879818
 40
0.0285800466879818
 40
0.0285800466879818
 10
171.3393666087686
 20
101.818510178271
 30
0.0
 10
171.3526641881599
 20
101.7694882874602
 30
0.0
 10
171.3778924920334
 20
101.676483453919
 30
0.0
 10
171.3654765304418
 20
101.5810554085437
 30
0.0
 10
171.3596048944546
 20
101.535926504006
 30
0.0
  0
ARC
  5
937
330
70
100
AcDbEntity
  8
Visible
100
AcDbCircle
 10
169.639385
 20
101.170304
 30
0.0
 40
1.819370519212777
100
AcDbArc
 50
20.871932
 51
33.676892
  0
ARC
  5
938
330
70
100
AcDbEntity
  8
Visible
100
AcDbCircle
 10
174.109507
 20
104.089901
 30
0.0
 40
3.519850656068394
100
AcDbArc
 50
206.865252
 51
212.877651
  0
SPLINE
  5
939
330
70
100
AcDbEntity
  8
Visible
100
AcDbSpline
210
0.0
220
0.0
230
1.0
 70
     8
 71
     3
 72
     9
 73
     5
 74
     0
 42
0.000000001
 43
0.0000000001
 40
0.0
 40
0.0
 40
0.0
 40
0.0
 40
0.0096981226413815
 40
0.0217250837258649
 40
0.0217250837258649
 40
0.0217250837258649
 40
0.0217250837258649
 10
170.9249502397779
 20
102.7099363715297
 30
0.0
 10
170.9249640985908
 20
102.6772921016854
 30
0.0
 10
170.9249951441688
 20
102.604164598375
 30
0.0
 10
170.9536719192601
 20
102.5366684558557
 30
0.0
 10
170.9695473222
 20
102.4993027319924
 30
0.0
  0
SPLINE
  5
93A
330
70
100
AcDbEntity
  8
Visible
100
AcDbSpline
210
0.0
220
0.0
230
1.0
 70
     8
 71
     3
 72
     9
 73
     5
 74
     0
 42
0.000000001
 43
0.0000000001
 40
0.0
 40
0.0
 40
0.0
 40
0.0
 40
0.0089214378880816
 40
0.0175734624960287
 40
0.0175734624960287
 40
0.0175734624960287
 40
0.0175734624960287
 10
171.0020885076082
 20
102.8650254611366
 30
0.0
 10
170.9823190361167
 20
102.8420994479129
 30
0.0
 10
170.9433770998312
 20
102.7969397507186
 30
0.0
 10
170.9310294270217
 20
102.7386395706253
 30
0.0
 10
170.9249502397779
 20
102.7099363715297
 30
0.0
  0
SPLINE
  5
93B
330
70
100
AcDbEntity
  8
Visible
100
AcDbSpline
210
0.0
220
0.0
230
1.0
 70
     8
 71
     3
 72
     9
 73
     5
 74
     0
 42
0.000000001
 43
0.0000000001
 40
0.0
 40
0.0
 40
0.0
 40
0.0
 40
0.0092365300576966
 40
0.018266966739011
 40
0.018266966739011
 40
0.018266966739011
 40
0.018266966739011
 10
171.1629175607741
 20
102.946596370406
 30
0.0
 10
171.1324796795998
 20
102.9393850796987
 30
0.0
 10
171.0722830733448
 20
102.9251234027815
 30
0.0
 10
171.0253100415939
 20
102.8849068633462
 30
0.0
 10
171.0020885076082
 20
102.8650254611366
 30
0.0
  0
SPLINE
  5
93C
330
70
100
AcDbEntity
  8
Visible
100
AcDbSpline
210
0.0
220
0.0
230
1.0
 70
     8
 71
     3
 72
     9
 73
     5
 74
     0
 42
0.000000001
 43
0.0000000001
 40
0.0
 40
0.0
 40
0.0
 40
0.0
 40
0.0114347818706378
 40
0.0214437404819062
 40
0.0214437404819062
 40
0.0214437404819062
 40
0.0214437404819062
 10
171.3723668772236
 20
102.9125679542321
 30
0.0
 10
171.3363559073423
 20
102.9266049339694
 30
0.0
 10
171.2688242393651
 20
102.9529285975095
 30
0.0
 10
171.1966194557863
 20
102.9486114279625
 30
0.0
 10
171.1629175607741
 20
102.946596370406
 30
0.0
  0
SPLINE
  5
93D
330
70
100
AcDbEntity
  8
Visible
100
AcDbSpline
210
0.0
220
0.0
230
1.0
 70
     8
 71
     3
 72
     9
 73
     5
 74
     0
 42
0.000000001
 43
0.0000000001
 40
0.0
 40
0.0
 40
0.0
 40
0.0
 40
0.0143008385284418
 40
0.0272323893029583
 40
0.0272323893029583
 40
0.0272323893029583
 40
0.0272323893029583
 10
171.5938019608147
 20
102.7560654096633
 30
0.0
 10
171.558771470085
 20
102.7887924418901
 30
0.0
 10
171.4920646151586
 20
102.8511129331364
 30
0.0
 10
171.4109058595222
 20
102.8927813316022
 30
0.0
 10
171.3723668772236
 20
102.9125679542321
 30
0.0
  0
SPLINE
  5
93E
330
70
100
AcDbEntity
  8
Visible
100
AcDbSpline
210
0.0
220
0.0
230
1.0
 70
     8
 71
     3
 72
     9
 73
     5
 74
     0
 42
0.000000001
 43
0.0000000001
 40
0.0
 40
0.0
 40
0.0
 40
0.0
 40
0.0151631638386457
 40
0.0314315045892296
 40
0.0314315045892296
 40
0.0314315045892296
 40
0.0314315045892296
 10
171.7697554260667
 20
102.4976370418026
 30
0.0
 10
171.7480148827417
 20
102.5436213970788
 30
0.0
 10
171.7029492226629
 20
102.6389417068294
 30
0.0
 10
171.6310273403742
 20
102.7161196133165
 30
0.0
 10
171.5938019608147
 20
102.7560654096633
 30
0.0
  0
SPLINE
  5
93F
330
70
100
AcDbEntity
  8
Visible
100
AcDbSpline
210
0.0
220
0.0
230
1.0
 70
     8
 71
     3
 72
     9
 73
     5
 74
     0
 42
0.000000001
 43
0.0000000001
 40
0.0
 40
0.0
 40
0.0
 40
0.0
 40
0.0120019246240968
 40
0.0256937450934005
 40
0.0256937450934005
 40
0.0256937450934005
 40
0.0256937450934005
 10
171.8029152450617
 20
102.2454839540296
 30
0.0
 10
171.8064311221915
 20
102.2858032288986
 30
0.0
 10
171.813957919232
 20
102.3721188160452
 30
0.0
 10
171.7851217815332
 20
102.4540024516136
 30
0.0
 10
171.7697554260667
 20
102.4976370418026
 30
0.0
  0
SPLINE
  5
940
330
70
100
AcDbEntity
  8
Visible
100
AcDbSpline
210
0.0
220
0.0
230
1.0
 70
     8
 71
     3
 72
     9
 73
     5
 74
     0
 42
0.000000001
 43
0.0000000001
 40
0.0
 40
0.0
 40
0.0
 40
0.0
 40
0.0139745579824975
 40
0.0261550274060222
 40
0.0261550274060222
 40
0.0261550274060222
 40
0.0261550274060222
 10
171.6879321223005
 20
102.0126116332649
 30
0.0
 10
171.7157010169412
 20
102.0505602160174
 30
0.0
 10
171.7676737663696
 20
102.121585447956
 30
0.0
 10
171.791717848675
 20
102.2061172550257
 30
0.0
 10
171.8029152450617
 20
102.2454839540296
 30
0.0
  0
LINE
  5
941
330
70
100
AcDbEntity
  8
Visible
100
AcDbLine
 10
171.88044
 20
101.852153
 30
0.0
 11
171.687932
 21
102.012612
 31
0.0
  0
SPLINE
  5
942
330
70
100
AcDbEntity
  8
Visible
100
AcDbSpline
210
0.0
220
0.0
230
1.0
 70
     8
 71
     3
 72
     9
 73
     5
 74
     0
 42
0.000000001
 43
0.0000000001
 40
0.0
 40
0.0
 40
0.0
 40
0.0
 40
0.0187130565215963
 40
0.0379654434181326
 40
0.0379654434181326
 40
0.0379654434181326
 40
0.0379654434181326
 10
172.0558648705046
 20
102.1845898968186
 30
0.0
 10
172.0387463314782
 20
102.1238251014056
 30
0.0
 10
172.004015878756
 20
102.000544203951
 30
0.0
 10
171.9220200587715
 20
101.9020832204878
 30
0.0
 10
171.8804397397216
 20
101.8521533690964
 30
0.0
  0
LINE
  5
943
330
70
100
AcDbEntity
  8
Visible
100
AcDbLine
 10
168.582823
 20
104.839356
 30
0.0
 11
168.756844
 21
105.014545
 31
0.0
  0
LINE
  5
944
330
70
100
AcDbEntity
  8
Visible
100
AcDbLine
 10
169.118068
 20
104.307677
 30
0.0
 11
168.582823
 21
104.839356
 31
0.0
  0
LINE
  5
945
330
70
100
AcDbEntity
  8
Visible
100
AcDbLine
 10
169.29209
 20
104.482866
 30
0.0
 11
169.118068
 21
104.307677
 31
0.0
  0
LINE
  5
946
330
70
100
AcDbEntity
  8
Visible
100
AcDbLine
 10
168.756844
 20
105.014545
 30
0.0
 11
169.29209
 21
104.482866
 31
0.0
  0
SPLINE
  5
947
330
70
100
AcDbEntity
  8
Visible
100
AcDbSpline
210
0.0
220
0.0
230
1.0
 70
     8
 71
     3
 72
     9
 73
     5
 74
     0
 42
0.000000001
 43
0.0000000001
 40
0.0
 40
0.0
 40
0.0
 40
0.0
 40
0.0156688165040323
 40
0.0313367853906389
 40
0.0313367853906389
 40
0.0313367853906389
 40
0.0313367853906389
 10
167.7989631004548
 20
105.2891708090956
 30
0.0
 10
167.840336529176
 20
105.2550830632044
 30
0.0
 10
167.9230811484885
 20
105.1869094154281
 30
0.0
 10
168.0299902908555
 20
105.178864809046
 30
0.0
 10
168.0834434161661
 20
105.1748426146532
 30
0.0
  0
SPLINE
  5
948
330
70
100
AcDbEntity
  8
Visible
100
AcDbSpline
210
0.0
220
0.0
230
1.0
 70
     8
 71
     3
 72
     9
 73
     5
 74
     0
 42
0.000000001
 43
0.0000000001
 40
0.0
 40
0.0
 40
0.0
 40
0.0
 40
0.0153616096934621
 40
0.03099695210397
 40
0.03099695210397
 40
0.03099695210397
 40
0.03099695210397
 10
167.6856388739798
 20
105.5699962504131
 30
0.0
 10
167.6891018573933
 20
105.5174824907826
 30
0.0
 10
167.696089532068
 20
105.4115192145018
 30
0.0
 10
167.7644706208666
 20
105.3301930069483
 30
0.0
 10
167.7989631004548
 20
105.2891708090956
 30
0.0
  0
SPLINE
  5
949
330
70
100
AcDbEntity
  8
Visible
100
AcDbSpline
210
0.0
220
0.0
230
1.0
 70
     8
 71
     3
 72
     9
 73
     5
 74
     0
 42
0.000000001
 43
0.0000000001
 40
0.0
 40
0.0
 40
0.0
 40
0.0
 40
0.0187415669278832
 40
0.0351289309967423
 40
0.0351289309967423
 40
0.0351289309967423
 40
0.0351289309967423
 10
167.8375053937325
 20
105.8796837886857
 30
0.0
 10
167.7947721861728
 20
105.8320705575643
 30
0.0
 10
167.7146736594368
 20
105.742824982899
 30
0.0
 10
167.6948748564846
 20
105.6249731729022
 30
0.0
 10
167.6856388739798
 20
105.5699962504131
 30
0.0
  0
SPLINE
  5
94A
330
70
100
AcDbEntity
  8
Visible
100
AcDbSpline
210
0.0
220
0.0
230
1.0
 70
     8
 71
     3
 72
     9
 73
     5
 74
     0
 42
0.000000001
 43
0.0000000001
 40
0.0
 40
0.0
 40
0.0
 40
0.0
 40
0.0170146853739802
 40
0.0365204704999729
 40
0.0365204704999729
 40
0.0365204704999729
 40
0.0365204704999729
 10
168.1572340281218
 20
106.0428191568862
 30
0.0
 10
168.1004563538918
 20
106.0319015045079
 30
0.0
 10
167.978588254
 20
106.0084677593113
 30
0.0
 10
167.8866240065435
 20
105.9245204894541
 30
0.0
 10
167.8375053937325
 20
105.8796837886857
 30
0.0
  0
SPLINE
  5
94B
330
70
100
AcDbEntity
  8
Visible
100
AcDbSpline
210
0.0
220
0.0
230
1.0
 70
     8
 71
     3
 72
     9
 73
     5
 74
     0
 42
0.000000001
 43
0.0000000001
 40
0.0
 40
0.0
 40
0.0
 40
0.0
 40
0.0147976074719422
 40
0.0302691451627336
 40
0.0302691451627336
 40
0.0302691451627336
 40
0.0302691451627336
 10
168.4353942056077
 20
105.9434223548469
 30
0.0
 10
168.395621296806
 20
105.9749239074608
 30
0.0
 10
168.3142640941405
 20
106.0393616938217
 30
0.0
 10
168.2103485955795
 20
106.0416496887719
 30
0.0
 10
168.1572340281218
 20
106.0428191568862
 30
0.0
  0
SPLINE
  5
94C
330
70
100
AcDbEntity
  8
Visible
100
AcDbSpline
210
0.0
220
0.0
230
1.0
 70
     8
 71
     3
 72
     9
 73
     5
 74
     0
 42
0.000000001
 43
0.0000000001
 40
0.0
 40
0.0
 40
0.0
 40
0.0
 40
0.0109195608014853
 40
0.0214321695516934
 40
0.0214321695516934
 40
0.0214321695516934
 40
0.0214321695516934
 10
168.5368263992586
 20
105.7570955960564
 30
0.0
 10
168.5263626055421
 20
105.7924450473092
 30
0.0
 10
168.5058249845551
 20
105.8618265404475
 30
0.0
 10
168.4585720538325
 20
105.9165702394766
 30
0.0
 10
168.4353942056077
 20
105.9434223548469
 30
0.0
  0
SPLINE
  5
94D
330
70
100
AcDbEntity
  8
Visible
100
AcDbSpline
210
0.0
220
0.0
230
1.0
 70
     8
 71
     3
 72
     9
 73
     5
 74
     0
 42
0.000000001
 43
0.0000000001
 40
0.0
 40
0.0
 40
0.0
 40
0.0
 40
0.0120878307852326
 40
0.0234764493430806
 40
0.0234764493430806
 40
0.0234764493430806
 40
0.0234764493430806
 10
168.5192716674155
 20
105.5255137046188
 30
0.0
 10
168.531007286856
 20
105.5646376168261
 30
0.0
 10
168.5537996869316
 20
105.6406223455487
 30
0.0
 10
168.5423706964775
 20
105.7190497954288
 30
0.0
 10
168.5368263992586
 20
105.7570955960564
 30
0.0
  0
SPLINE
  5
94E
330
70
100
AcDbEntity
  8
Visible
100
AcDbSpline
210
0.0
220
0.0
230
1.0
 70
     8
 71
     3
 72
     9
 73
     5
 74
     0
 42
0.000000001
 43
0.0000000001
 40
0.0
 40
0.0
 40
0.0
 40
0.0
 40
0.0124876045799258
 40
0.0250258984489878
 40
0.0250258984489878
 40
0.0250258984489878
 40
0.0250258984489878
 10
168.3863662227177
 20
105.3152515156798
 30
0.0
 10
168.4142721599928
 20
105.3465563379759
 30
0.0
 10
168.4701973094415
 20
105.4092930541155
 30
0.0
 10
168.5028914743725
 20
105.4867212115623
 30
0.0
 10
168.5192716674155
 20
105.5255137046188
 30
0.0
  0
SPLINE
  5
94F
330
70
100
AcDbEntity
  8
Visible
100
AcDbSpline
210
0.0
220
0.0
230
1.0
 70
     8
 71
     3
 72
     9
 73
     5
 74
     0
 42
0.000000001
 43
0.0000000001
 40
0.0
 40
0.0
 40
0.0
 40
0.0
 40
0.0163086155074035
 40
0.0340605977033101
 40
0.0340605977033101
 40
0.0340605977033101
 40
0.0340605977033101
 10
168.0834434161661
 20
105.1748426146532
 30
0.0
 10
168.1385461066875
 20
105.182345981033
 30
0.0
 10
168.2536282590226
 20
105.1980167866586
 30
0.0
 10
168.340887654138
 20
105.2750846522194
 30
0.0
 10
168.3863662227177
 20
105.3152515156798
 30
0.0
  0
SPLINE
  5
950
330
70
100
AcDbEntity
  8
Visible
100
AcDbSpline
210
0.0
220
0.0
230
1.0
 70
     8
 71
     3
 72
     9
 73
     5
 74
     0
 42
0.000000001
 43
0.0000000001
 40
0.0
 40
0.0
 40
0.0
 40
0.0
 40
0.0217233446870945
 40
0.0415872993007967
 40
0.0415872993007967
 40
0.0415872993007967
 40
0.0415872993007967
 10
167.119047337128
 20
104.6569614863547
 30
0.0
 10
167.0697769707658
 20
104.7121877794525
 30
0.0
 10
166.9754534905641
 20
104.8179133209578
 30
0.0
 10
166.9500453689525
 20
104.9569884057255
 30
0.0
 10
166.937909313403
 20
105.023416887936
 30
0.0
  0
SPLINE
  5
951
330
70
100
AcDbEntity
  8
Visible
100
AcDbSpline
210
0.0
220
0.0
230
1.0
 70
     8
 71
     3
 72
     9
 73
     5
 74
     0
 42
0.000000001
 43
0.0000000001
 40
0.0
 40
0.0
 40
0.0
 40
0.0
 40
0.0278644109049069
 40
0.0568471284787506
 40
0.0568471284787506
 40
0.0568471284787506
 40
0.0568471284787506
 10
167.6377231546666
 20
104.4647946294117
 30
0.0
 10
167.5418750976751
 20
104.4657905680251
 30
0.0
 10
167.3463322301486
 20
104.4678224161216
 30
0.0
 10
167.1957960925574
 20
104.5930936768818
 30
0.0
 10
167.119047337128
 20
104.6569614863547
 30
0.0
  0
SPLINE
  5
952
330
70
100
AcDbEntity
  8
Visible
100
AcDbSpline
210
0.0
220
0.0
230
1.0
 70
     8
 71
     3
 72
     9
 73
     5
 74
     0
 42
0.000000001
 43
0.0000000001
 40
0.0
 40
0.0
 40
0.0
 40
0.0
 40
0.0503537233302201
 40
0.0881773868490416
 40
0.0881773868490416
 40
0.0881773868490416
 40
0.0881773868490416
 10
168.3838555182628
 20
104.9120065856641
 30
0.0
 10
168.2613943842061
 20
104.7924010326496
 30
0.0
 10
168.0469454402628
 20
104.5829526657762
 30
0.0
 10
167.76056567058
 20
104.5002639353934
 30
0.0
 10
167.6377231546666
 20
104.4647946294117
 30
0.0
  0
SPLINE
  5
953
330
70
100
AcDbEntity
  8
Visible
100
AcDbSpline
210
0.0
220
0.0
230
1.0
 70
     8
 71
     3
 72
     9
 73
     5
 74
     0
 42
0.000000001
 43
0.0000000001
 40
0.0
 40
0.0
 40
0.0
 40
0.0
 40
0.0332380505440873
 40
0.0780265919616802
 40
0.0780265919616802
 40
0.0780265919616802
 40
0.0780265919616802
 10
168.7708825682693
 20
105.576518103524
 30
0.0
 10
168.742100901507
 20
105.4678049684426
 30
0.0
 10
168.6745357064501
 20
105.2126000062671
 30
0.0
 10
168.4898615233032
 20
105.0216277740164
 30
0.0
 10
168.3838555182628
 20
104.9120065856641
 30
0.0
  0
SPLINE
  5
954
330
70
100
AcDbEntity
  8
Visible
100
AcDbSpline
210
0.0
220
0.0
230
1.0
 70
     8
 71
     3
 72
     9
 73
     5
 74
     0
 42
0.000000001
 43
0.0000000001
 40
0.0
 40
0.0
 40
0.0
 40
0.0
 40
0.0284309025669827
 40
0.0563547203471585
 40
0.0563547203471585
 40
0.0563547203471585
 40
0.0563547203471585
 10
168.5747844723573
 20
106.0895547785403
 30
0.0
 10
168.6374307315145
 20
106.0145494754379
 30
0.0
 10
168.7616059105203
 20
105.8658766406279
 30
0.0
 10
168.7678089541987
 20
105.6723906143997
 30
0.0
 10
168.7708825682693
 20
105.576518103524
 30
0.0
  0
SPLINE
  5
955
330
70
100
AcDbEntity
  8
Visible
100
AcDbSpline
210
0.0
220
0.0
230
1.0
 70
     8
 71
     3
 72
     9
 73
     5
 74
     0
 42
0.000000001
 43
0.0000000001
 40
0.0
 40
0.0
 40
0.0
 40
0.0
 40
0.01645814042772
 40
0.0336461903201618
 40
0.0336461903201618
 40
0.0336461903201618
 40
0.0336461903201618
 10
168.2857903094627
 20
106.2554784624626
 30
0.0
 10
168.338580812082
 20
106.2383690621536
 30
0.0
 10
168.4465030470401
 20
106.2033914690546
 30
0.0
 10
168.5314100159012
 20
106.1280451879174
 30
0.0
 10
168.5747844723573
 20
106.0895547785403
 30
0.0
  0
SPLINE
  5
956
330
70
100
AcDbEntity
  8
Visible
100
AcDbSpline
210
0.0
220
0.0
230
1.0
 70
     8
 71
     3
 72
     9
 73
     5
 74
     0
 42
0.000000001
 43
0.0000000001
 40
0.0
 40
0.0
 40
0.0
 40
0.0
 40
0.0172211881566928
 40
0.0336691049317098
 40
0.0336691049317098
 40
0.0336691049317098
 40
0.0336691049317098
 10
167.9530372073077
 20
106.2370018718702
 30
0.0
 10
168.0091356708126
 20
106.2522961076356
 30
0.0
 10
168.1188136463988
 20
106.2821978324264
 30
0.0
 10
168.2309902003599
 20
106.2642474985805
 30
0.0
 10
168.2857903094627
 20
106.2554784624626
 30
0.0
  0
SPLINE
  5
957
330
70
100
AcDbEntity
  8
Visible
100
AcDbSpline
210
0.0
220
0.0
230
1.0
 70
     8
 71
     3
 72
     9
 73
     5
 74
     0
 42
0.000000001
 43
0.0000000001
 40
0.0
 40
0.0
 40
0.0
 40
0.0
 40
0.0182746751159
 40
0.0361733884820021
 40
0.0361733884820021
 40
0.0361733884820021
 40
0.0361733884820021
 10
167.6488370284096
 20
106.0459428677259
 30
0.0
 10
167.6943787421332
 20
106.0871937302618
 30
0.0
 10
167.7845252477345
 20
106.1688468084321
 30
0.0
 10
167.8972571070335
 20
106.2144414774466
 30
0.0
 10
167.9530372073077
 20
106.2370018718702
 30
0.0
  0
SPLINE
  5
958
330
70
100
AcDbEntity
  8
Visible
100
AcDbSpline
210
0.0
220
0.0
230
1.0
 70
     8
 71
     3
 72
     9
 73
     5
 74
     0
 42
0.000000001
 43
0.0000000001
 40
0.0
 40
0.0
 40
0.0
 40
0.0
 40
0.024430182593561
 40
0.0507918067353604
 40
0.0507918067353604
 40
0.0507918067353604
 40
0.0507918067353604
 10
167.4419811002426
 20
105.5928160867988
 30
0.0
 10
167.4530469298897
 20
105.6753518731657
 30
0.0
 10
167.4760534497381
 20
105.8469486958202
 30
0.0
 10
167.589800693835
 20
105.9779509520522
 30
0.0
 10
167.6488370284096
 20
106.0459428677259
 30
0.0
  0
SPLINE
  5
959
330
70
100
AcDbEntity
  8
Visible
100
AcDbSpline
210
0.0
220
0.0
230
1.0
 70
     8
 71
     3
 72
     9
 73
     5
 74
     0
 42
0.000000001
 43
0.0000000001
 40
0.0
 40
0.0
 40
0.0
 40
0.0
 40
0.0231767761333807
 40
0.0465849459005977
 40
0.0465849459005977
 40
0.0465849459005977
 40
0.0465849459005977
 10
167.6112493205874
 20
105.1698874280246
 30
0.0
 10
167.5606456393671
 20
105.2309794948378
 30
0.0
 10
167.4589330569724
 20
105.3537735629597
 30
0.0
 10
167.4476504332506
 20
105.5128718247633
 30
0.0
 10
167.4419811002426
 20
105.5928160867988
 30
0.0
  0
SPLINE
  5
95A
330
70
100
AcDbEntity
  8
Visible
100
AcDbSpline
210
0.0
220
0.0
230
1.0
 70
     8
 71
     3
 72
     9
 73
     5
 74
     0
 42
0.000000001
 43
0.0000000001
 40
0.0
 40
0.0
 40
0.0
 40
0.0
 40
0.0140194104821778
 40
0.0278614226577768
 40
0.0278614226577768
 40
0.0278614226577768
 40
0.0278614226577768
 10
167.8480737143145
 20
105.0269415736547
 30
0.0
 10
167.8040304115602
 20
105.0437707487326
 30
0.0
 10
167.7165011195975
 20
105.0772161464847
 30
0.0
 10
167.6461840133579
 20
105.1391284027177
 30
0.0
 10
167.6112493205874
 20
105.1698874280246
 30
0.0
  0
SPLINE
  5
95B
330
70
100
AcDbEntity
  8
Visible
100
AcDbSpline
210
0.0
220
0.0
230
1.0
 70
     8
 71
     3
 72
     9
 73
     5
 74
     0
 42
0.000000001
 43
0.0000000001
 40
0.0
 40
0.0
 40
0.0
 40
0.0
 40
0.015349625469656
 40
0.0297979548208012
 40
0.0297979548208012
 40
0.0297979548208012
 40
0.0297979548208012
 10
168.1433013904279
 20
105.0163524192649
 30
0.0
 10
168.0922122869287
 20
105.0082326599986
 30
0.0
 10
167.9930339192924
 20
104.9924699158
 30
0.0
 10
167.8954095036024
 20
105.0156850834155
 30
0.0
 10
167.8480737143145
 20
105.0269415736547
 30
0.0
  0
SPLINE
  5
95C
330
70
100
AcDbEntity
  8
Visible
100
AcDbSpline
210
0.0
220
0.0
230
1.0
 70
     8
 71
     3
 72
     9
 73
     5
 74
     0
 42
0.000000001
 43
0.0000000001
 40
0.0
 40
0.0
 40
0.0
 40
0.0
 40
0.0203249815119916
 40
0.0469600112937546
 40
0.0469600112937546
 40
0.0469600112937546
 40
0.0469600112937546
 10
167.7680088564957
 20
104.737269695177
 30
0.0
 10
167.8278220148695
 20
104.769711189545
 30
0.0
 10
167.9660177908918
 20
104.8446658920147
 30
0.0
 10
168.0791400843882
 20
104.9542167685522
 30
0.0
 10
168.1433013904279
 20
105.0163524192649
 30
0.0
  0
SPLINE
  5
95D
330
70
100
AcDbEntity
  8
Visible
100
AcDbSpline
210
0.0
220
0.0
230
1.0
 70
     8
 71
     3
 72
     9
 73
     5
 74
     0
 42
0.000000001
 43
0.0000000001
 40
0.0
 40
0.0
 40
0.0
 40
0.0
 40
0.014687195521497
 40
0.0310221633575503
 40
0.0310221633575503
 40
0.0310221633575503
 40
0.0310221633575503
 10
167.4642895654888
 20
104.6909145124828
 30
0.0
 10
167.5137073259884
 20
104.6879795168734
 30
0.0
 10
167.6180870788648
 20
104.6817802453315
 30
0.0
 10
167.7162961079866
 20
104.718129634206
 30
0.0
 10
167.7680088564957
 20
104.737269695177
 30
0.0
  0
SPLINE
  5
95E
330
70
100
AcDbEntity
  8
Visible
100
AcDbSpline
210
0.0
220
0.0
230
1.0
 70
     8
 71
     3
 72
     9
 73
     5
 74
     0
 42
0.000000001
 43
0.0000000001
 40
0.0
 40
0.0
 40
0.0
 40
0.0
 40
0.0111373485189534
 40
0.0219063716035545
 40
0.0219063716035545
 40
0.0219063716035545
 40
0.0219063716035545
 10
167.2719883191203
 20
104.7896337046586
 30
0.0
 10
167.3004951919665
 20
104.7648974485964
 30
0.0
 10
167.3565661812827
 20
104.7162429940417
 30
0.0
 10
167.4287865326296
 20
104.6992621699537
 30
0.0
 10
167.4642895654888
 20
104.6909145124828
 30
0.0
  0
SPLINE
  5
95F
330
70
100
AcDbEntity
  8
Visible
100
AcDbSpline
210
0.0
220
0.0
230
1.0
 70
     8
 71
     3
 72
     9
 73
     5
 74
     0
 42
0.000000001
 43
0.0000000001
 40
0.0
 40
0.0
 40
0.0
 40
0.0
 40
0.0136270508594776
 40
0.0273192494625256
 40
0.0273192494625256
 40
0.0273192494625256
 40
0.0273192494625256
 10
167.1717983402177
 20
105.0372217150125
 30
0.0
 10
167.1751700198529
 20
104.9906866712808
 30
0.0
 10
167.1819294983324
 20
104.8973941106578
 30
0.0
 10
167.2419210252701
 20
104.825610900054
 30
0.0
 10
167.2719883191203
 20
104.7896337046586
 30
0.0
  0
SPLINE
  5
960
330
70
100
AcDbEntity
  8
Visible
100
AcDbSpline
210
0.0
220
0.0
230
1.0
 70
     8
 71
     3
 72
     9
 73
     5
 74
     0
 42
0.000000001
 43
0.0000000001
 40
0.0
 40
0.0
 40
0.0
 40
0.0
 40
0.0130949090539202
 40
0.0231453653544656
 40
0.0231453653544656
 40
0.0231453653544656
 40
0.0231453653544656
 10
167.2540441113033
 20
105.251655589931
 30
0.0
 10
167.2311726296102
 20
105.2138996539288
 30
0.0
 10
167.1907470873011
 20
105.1471657095008
 30
0.0
 10
167.17753531388
 20
105.070508654664
 30
0.0
 10
167.1717983402177
 20
105.0372217150125
 30
0.0
  0
LINE
  5
961
330
70
100
AcDbEntity
  8
Visible
100
AcDbLine
 10
167.067331
 20
105.410204
 30
0.0
 11
167.254044
 21
105.251656
 31
0.0
  0
SPLINE
  5
962
330
70
100
AcDbEntity
  8
Visible
100
AcDbSpline
210
0.0
220
0.0
230
1.0
 70
     8
 71
     3
 72
     9
 73
     5
 74
     0
 42
0.000000001
 43
0.0000000001
 40
0.0
 40
0.0
 40
0.0
 40
0.0
 40
0.0198405993399089
 40
0.0414988860038073
 40
0.0414988860038073
 40
0.0414988860038073
 40
0.0414988860038073
 10
166.937909313403
 20
105.023416887936
 30
0.0
 10
166.9408599624003
 20
105.0908105268099
 30
0.0
 10
166.9470315827366
 20
105.2317720415885
 30
0.0
 10
167.0260768414755
 20
105.349014671845
 30
0.0
 10
167.0673305964083
 20
105.410203651596
 30
0.0
  0
LINE
  5
963
330
70
100
AcDbEntity
  8
Visible
100
AcDbLine
 10
164.871596
 20
106.889436
 30
0.0
 11
164.75932
 21
107.000964
 31
0.0
  0
SPLINE
  5
964
330
70
100
AcDbEntity
  8
Visible
100
AcDbSpline
210
0.0
220
0.0
230
1.0
 70
     8
 71
     3
 72
     9
 73
     5
 74
     0
 42
0.000000001
 43
0.0000000001
 40
0.0
 40
0.0
 40
0.0
 40
0.0
 40
0.0189098806386352
 40
0.034669533441709
 40
0.034669533441709
 40
0.034669533441709
 40
0.034669533441709
 10
165.2149027504438
 20
106.9253119802888
 30
0.0
 10
165.1515176949124
 20
106.927344825448
 30
0.0
 10
165.0353070035598
 20
106.9310718607776
 30
0.0
 10
164.9227576493031
 20
106.902447526767
 30
0.0
 10
164.8715963393515
 20
106.8894358268408
 30
0.0
  0
ARC
  5
965
330
70
100
AcDbEntity
  8
Visible
100
AcDbCircle
 10
165.127187
 20
105.444849
 30
0.0
 40
1.483059321433569
100
AcDbArc
 50
69.943582
 51
86.609257
  0
LINE
  5
966
330
70
100
AcDbEntity
  8
Visible
100
AcDbLine
 10
165.803087
 20
107.006382
 30
0.0
 11
165.635795
 21
106.837969
 31
0.0
  0
ARC
  5
967
330
70
100
AcDbEntity
  8
Visible
100
AcDbCircle
 10
165.140886
 20
105.496268
 30
0.0
 40
1.648925704700361
100
AcDbArc
 50
66.322052
 51
76.34142
  0
ARC
  5
968
330
70
100
AcDbEntity
  8
Visible
100
AcDbCircle
 10
165.195633
 20
105.874312
 30
0.0
 40
1.269156961642338
100
AcDbArc
 50
74.712813
 51
87.725115
  0
LINE
  5
969
330
70
100
AcDbEntity
  8
Visible
100
AcDbLine
 10
166.348788
 20
108.252644
 30
0.0
 11
165.246011
 21
107.142469
 31
0.0
  0
LINE
  5
96A
330
70
100
AcDbEntity
  8
Visible
100
AcDbLine
 10
166.174567
 20
108.425704
 30
0.0
 11
166.348788
 21
108.252644
 31
0.0
  0
LINE
  5
96B
330
70
100
AcDbEntity
  8
Visible
100
AcDbLine
 10
164.75932
 20
107.000964
 30
0.0
 11
166.174567
 21
108.425704
 31
0.0
  0
SPLINE
  5
96C
330
70
100
AcDbEntity
  8
Visible
100
AcDbSpline
210
0.0
220
0.0
230
1.0
 70
     8
 71
     3
 72
     9
 73
     5
 74
     0
 42
0.000000001
 43
0.0000000001
 40
0.0
 40
0.0
 40
0.0
 40
0.0
 40
0.0244133066306491
 40
0.0472983202074803
 40
0.0472983202074803
 40
0.0472983202074803
 40
0.0472983202074803
 10
277.4439552187687
 20
155.4745063404098
 30
0.0
 10
277.4505448892305
 20
155.5574735834379
 30
0.0
 10
277.4633117113662
 20
155.7182142519122
 30
0.0
 10
277.5593286104504
 20
155.8474270876067
 30
0.0
 10
277.6057858213953
 20
155.909945956906
 30
0.0
  0
SPLINE
  5
96D
330
70
100
AcDbEntity
  8
Visible
100
AcDbSpline
210
0.0
220
0.0
230
1.0
 70
     8
 71
     3
 72
     9
 73
     5
 74
     0
 42
0.000000001
 43
0.0000000001
 40
0.0
 40
0.0
 40
0.0
 40
0.0
 40
0.0255765423190771
 40
0.0526336039061834
 40
0.0526336039061834
 40
0.0526336039061834
 40
0.0526336039061834
 10
277.6206031809234
 20
154.9895283525511
 30
0.0
 10
277.5682807544399
 20
155.0592973383864
 30
0.0
 10
277.4606071746202
 20
155.2028739454017
 30
0.0
 10
277.4496089925488
 20
155.3822800502257
 30
0.0
 10
277.4439552187687
 20
155.4745063404098
 30
0.0
  0
SPLINE
  5
96E
330
70
100
AcDbEntity
  8
Visible
100
AcDbSpline
210
0.0
220
0.0
230
1.0
 70
     8
 71
     3
 72
     9
 73
     5
 74
     0
 42
0.000000001
 43
0.0000000001
 40
0.0
 40
0.0
 40
0.0
 40
0.0
 40
0.0246651001894178
 40
0.0494353046498499
 40
0.0494353046498499
 40
0.0494353046498499
 40
0.0494353046498499
 10
278.0624776108707
 20
154.7935161715231
 30
0.0
 10
277.9785226014719
 20
154.8024930210394
 30
0.0
 10
277.810254829008
 20
154.8204849727153
 30
0.0
 10
277.6839099374647
 20
154.9331007485707
 30
0.0
 10
277.6206031809234
 20
154.9895283525511
 30
0.0
  0
SPLINE
  5
96F
330
70
100
AcDbEntity
  8
Visible
100
AcDbSpline
210
0.0
220
0.0
230
1.0
 70
     8
 71
     3
 72
     9
 73
     5
 74
     0
 42
0.000000001
 43
0.0000000001
 40
0.0
 40
0.0
 40
0.0
 40
0.0
 40
0.0162751008865129
 40
0.0341965180202641
 40
0.0341965180202641
 40
0.0341965180202641
 40
0.0341965180202641
 10
278.386215686678
 20
154.8880830758044
 30
0.0
 10
278.3387968009283
 20
154.8599868027595
 30
0.0
 10
278.2391623475196
 20
154.8009521636395
 30
0.0
 10
278.123232912425
 20
154.796073132311
 30
0.0
 10
278.0624776108707
 20
154.7935161715231
 30
0.0
  0
SPLINE
  5
970
330
70
100
AcDbEntity
  8
Visible
100
AcDbSpline
210
0.0
220
0.0
230
1.0
 70
     8
 71
     3
 72
     9
 73
     5
 74
     0
 42
0.000000001
 43
0.0000000001
 40
0.0
 40
0.0
 40
0.0
 40
0.0
 40
0.0169671658349102
 40
0.0328915487640021
 40
0.0328915487640021
 40
0.0328915487640021
 40
0.0328915487640021
 10
278.5591752943601
 20
155.1617216654613
 30
0.0
 10
278.5419598658591
 20
155.1066521721077
 30
0.0
 10
278.5085870497042
 20
154.999897694448
 30
0.0
 10
278.4261347945758
 20
154.9245584383061
 30
0.0
 10
278.386215686678
 20
154.8880830758044
 30
0.0
  0
SPLINE
  5
971
330
70
100
AcDbEntity
  8
Visible
100
AcDbSpline
210
0.0
220
0.0
230
1.0
 70
     8
 71
     3
 72
     9
 73
     5
 74
     0
 42
0.000000001
 43
0.0000000001
 40
0.0
 40
0.0
 40
0.0
 40
0.0
 40
0.0128707647668321
 40
0.0269272736018397
 40
0.0269272736018397
 40
0.0269272736018397
 40
0.0269272736018397
 10
278.7259994606047
 20
154.953816721636
 30
0.0
 10
278.6922397297149
 20
154.9811055991522
 30
0.0
 10
278.6216100875117
 20
155.0381973947424
 30
0.0
 10
278.580589013869
 20
155.1193556392081
 30
0.0
 10
278.5591752943601
 20
155.1617216654613
 30
0.0
  0
SPLINE
  5
972
330
70
100
AcDbEntity
  8
Visible
100
AcDbSpline
210
0.0
220
0.0
230
1.0
 70
     8
 71
     3
 72
     9
 73
     5
 74
     0
 42
0.000000001
 43
0.0000000001
 40
0.0
 40
0.0
 40
0.0
 40
0.0
 40
0.0125022238638619
 40
0.024877251227081
 40
0.024877251227081
 40
0.024877251227081
 40
0.024877251227081
 10
278.9612128423851
 20
154.8815717189973
 30
0.0
 10
278.919104239294
 20
154.8848880558016
 30
0.0
 10
278.835315442253
 20
154.8914869892996
 30
0.0
 10
278.7623137027203
 20
154.9331110850307
 30
0.0
 10
278.7259994606047
 20
154.953816721636
 30
0.0
  0
SPLINE
  5
973
330
70
100
AcDbEntity
  8
Visible
100
AcDbSpline
210
0.0
220
0.0
230
1.0
 70
     8
 71
     3
 72
     9
 73
     5
 74
     0
 42
0.000000001
 43
0.0000000001
 40
0.0
 40
0.0
 40
0.0
 40
0.0
 40
0.013661693883671
 40
0.0270539807317213
 40
0.0270539807317213
 40
0.0270539807317213
 40
0.0270539807317213
 10
279.2198672583927
 20
154.9516348826855
 30
0.0
 10
279.1787614761743
 20
154.9308116054162
 30
0.0
 10
279.0973605130475
 20
154.8895756835172
 30
0.0
 10
279.0062931122902
 20
154.8842219360685
 30
0.0
 10
278.9612128423851
 20
154.8815717189973
 30
0.0
  0
SPLINE
  5
974
330
70
100
AcDbEntity
  8
Visible
100
AcDbSpline
210
0.0
220
0.0
230
1.0
 70
     8
 71
     3
 72
     9
 73
     5
 74
     0
 42
0.000000001
 43
0.0000000001
 40
0.0
 40
0.0
 40
0.0
 40
0.0
 40
0.0147245274055766
 40
0.0287797029731614
 40
0.0287797029731614
 40
0.0287797029731614
 40
0.0287797029731614
 10
279.4139198039229
 20
155.1602287350451
 30
0.0
 10
279.3883745543972
 20
155.1175847398062
 30
0.0
 10
279.3384452987066
 20
155.0342352724365
 30
0.0
 10
279.2587756254016
 20
154.9787380990237
 30
0.0
 10
279.2198672583927
 20
154.9516348826855
 30
0.0
  0
SPLINE
  5
975
330
70
100
AcDbEntity
  8
Visible
100
AcDbSpline
210
0.0
220
0.0
230
1.0
 70
     8
 71
     3
 72
     9
 73
     5
 74
     0
 42
0.000000001
 43
0.0000000001
 40
0.0
 40
0.0
 40
0.0
 40
0.0
 40
0.0158208562421601
 40
0.0311800712715134
 40
0.0311800712715134
 40
0.0311800712715134
 40
0.0311800712715134
 10
279.4875884436151
 20
155.4609143898833
 30
0.0
 10
279.4842367341989
 20
155.4078094478937
 30
0.0
 10
279.4776311158403
 20
155.3031491279489
 30
0.0
 10
279.4349462488317
 20
155.2073963050952
 30
0.0
 10
279.4139198039229
 20
155.1602287350451
 30
0.0
  0
SPLINE
  5
976
330
70
100
AcDbEntity
  8
Visible
100
AcDbSpline
210
0.0
220
0.0
230
1.0
 70
     8
 71
     3
 72
     9
 73
     5
 74
     0
 42
0.000000001
 43
0.0000000001
 40
0.0
 40
0.0
 40
0.0
 40
0.0
 40
0.0205977587379768
 40
0.0426543793793644
 40
0.0426543793793644
 40
0.0426543793793644
 40
0.0426543793793644
 10
279.3563490619363
 20
155.8594245436561
 30
0.0
 10
279.3952720014076
 20
155.801263002586
 30
0.0
 10
279.475874645992
 20
155.6808205568995
 30
0.0
 10
279.4835958180902
 20
155.5358689864897
 30
0.0
 10
279.4875884436151
 20
155.4609143898833
 30
0.0
  0
SPLINE
  5
977
330
70
100
AcDbEntity
  8
Visible
100
AcDbSpline
210
0.0
220
0.0
230
1.0
 70
     8
 71
     3
 72
     9
 73
     5
 74
     0
 42
0.000000001
 43
0.0000000001
 40
0.0
 40
0.0
 40
0.0
 40
0.0
 40
0.0231185642766846
 40
0.0440704637562236
 40
0.0440704637562236
 40
0.0440704637562236
 40
0.0440704637562236
 10
278.9760169165002
 20
156.068383145137
 30
0.0
 10
279.052230568288
 20
156.0491560762457
 30
0.0
 10
279.1975151516508
 20
156.0125038935002
 30
0.0
 10
279.3051686379004
 20
155.9087506983924
 30
0.0
 10
279.3563490619363
 20
155.8594245436561
 30
0.0
  0
LINE
  5
978
330
70
100
AcDbEntity
  8
Visible
100
AcDbLine
 10
278.929583
 20
155.823327
 30
0.0
 11
278.976017
 21
156.068383
 31
0.0
  0
SPLINE
  5
979
330
70
100
AcDbEntity
  8
Visible
100
AcDbSpline
210
0.0
220
0.0
230
1.0
 70
     8
 71
     3
 72
     9
 73
     5
 74
     0
 42
0.000000001
 43
0.0000000001
 40
0.0
 40
0.0
 40
0.0
 40
0.0
 40
0.0137190908281736
 40
0.0300881770120818
 40
0.0300881770120818
 40
0.0300881770120818
 40
0.0300881770120818
 10
279.1982979274308
 20
155.6974931292771
 30
0.0
 10
279.1625975253118
 20
155.7271848968394
 30
0.0
 10
279.0843007903568
 20
155.7923037279197
 30
0.0
 10
278.9840972722814
 20
155.8123961389247
 30
0.0
 10
278.9295828355098
 20
155.8233271570188
 30
0.0
  0
SPLINE
  5
97A
330
70
100
AcDbEntity
  8
Visible
100
AcDbSpline
210
0.0
220
0.0
230
1.0
 70
     8
 71
     3
 72
     9
 73
     5
 74
     0
 42
0.000000001
 43
0.0000000001
 40
0.0
 40
0.0
 40
0.0
 40
0.0
 40
0.0133225116610004
 40
0.0260121684821695
 40
0.0260121684821695
 40
0.0260121684821695
 40
0.0260121684821695
 10
279.2856297552462
 20
155.4577439481945
 30
0.0
 10
279.2827705266318
 20
155.503129681183
 30
0.0
 10
279.2771878903877
 20
155.5917452037811
 30
0.0
 10
279.2241645770973
 20
155.6628202198317
 30
0.0
 10
279.1982979274308
 20
155.6974931292771
 30
0.0
  0
SPLINE
  5
97B
330
70
100
AcDbEntity
  8
Visible
100
AcDbSpline
210
0.0
220
0.0
230
1.0
 70
     8
 71
     3
 72
     9
 73
     5
 74
     0
 42
0.000000001
 43
0.0000000001
 40
0.0
 40
0.0
 40
0.0
 40
0.0
 40
0.0124043348084583
 40
0.0257211098080432
 40
0.0257211098080432
 40
0.0257211098080432
 40
0.0257211098080432
 10
279.1942862664455
 20
155.2227469896497
 30
0.0
 10
279.2205188617372
 20
155.255939226361
 30
0.0
 10
279.2749136740695
 20
155.3247652600366
 30
0.0
 10
279.2819742384945
 20
155.4123816730953
 30
0.0
 10
279.2856297552462
 20
155.4577439481945
 30
0.0
  0
SPLINE
  5
97C
330
70
100
AcDbEntity
  8
Visible
100
AcDbSpline
210
0.0
220
0.0
230
1.0
 70
     8
 71
     3
 72
     9
 73
     5
 74
     0
 42
0.000000001
 43
0.0000000001
 40
0.0
 40
0.0
 40
0.0
 40
0.0
 40
0.0125562083382326
 40
0.0247029371147934
 40
0.0247029371147934
 40
0.0247029371147934
 40
0.0247029371147934
 10
278.9695274862352
 20
155.1338811194382
 30
0.0
 10
279.0123983716585
 20
155.1369454742889
 30
0.0
 10
279.0967420491561
 20
155.1429742501059
 30
0.0
 10
279.1621328364909
 20
155.1964515590789
 30
0.0
 10
279.1942862664455
 20
155.2227469896497
 30
0.0
  0
SPLINE
  5
97D
330
70
100
AcDbEntity
  8
Visible
100
AcDbSpline
210
0.0
220
0.0
230
1.0
 70
     8
 71
     3
 72
     9
 73
     5
 74
     0
 42
0.000000001
 43
0.0000000001
 40
0.0
 40
0.0
 40
0.0
 40
0.0
 40
0.0140293540467129
 40
0.0291938197683928
 40
0.0291938197683928
 40
0.0291938197683928
 40
0.0291938197683928
 10
278.7185773651872
 20
155.2622425514491
 30
0.0
 10
278.7501741571377
 20
155.2252901091378
 30
0.0
 10
278.8159242299061
 20
155.1483954112609
 30
0.0
 10
278.9170161844668
 20
155.1388430217848
 30
0.0
 10
278.9695274862352
 20
155.1338811194382
 30
0.0
  0
SPLINE
  5
97E
330
70
100
AcDbEntity
  8
Visible
100
AcDbSpline
210
0.0
220
0.0
230
1.0
 70
     8
 71
     3
 72
     9
 73
     5
 74
     0
 42
0.000000001
 43
0.0000000001
 40
0.0
 40
0.0
 40
0.0
 40
0.0
 40
0.0150443408922401
 40
0.0297251963266432
 40
0.0297251963266432
 40
0.0297251963266432
 40
0.0297251963266432
 10
278.639925005662
 20
155.5455524739336
 30
0.0
 10
278.642591079306
 20
155.4947924149364
 30
0.0
 10
278.6478588117425
 20
155.3944987078175
 30
0.0
 10
278.6951974694639
 20
155.3059670762595
 30
0.0
 10
278.7185773651872
 20
155.2622425514491
 30
0.0
  0
ARC
  5
97F
330
70
100
AcDbEntity
  8
Visible
100
AcDbCircle
 10
279.015115
 20
155.535296
 30
0.0
 40
0.3753301399473028
100
AcDbArc
 50
172.377396
 51
178.434101
  0
LINE
  5
980
330
70
100
AcDbEntity
  8
Visible
100
AcDbLine
 10
278.427872
 20
155.614806
 30
0.0
 11
278.643102
 21
155.585083
 31
0.0
  0
ARC
  5
981
330
70
100
AcDbEntity
  8
Visible
100
AcDbCircle
 10
277.748322
 20
155.427037
 30
0.0
 40
0.705014713057102
100
AcDbArc
 50
1.155017
 51
15.446264
  0
SPLINE
  5
982
330
70
100
AcDbEntity
  8
Visible
100
AcDbSpline
210
0.0
220
0.0
230
1.0
 70
     8
 71
     3
 72
     9
 73
     5
 74
     0
 42
0.000000001
 43
0.0000000001
 40
0.0
 40
0.0
 40
0.0
 40
0.0
 40
0.0150124962087418
 40
0.0308054878826604
 40
0.0308054878826604
 40
0.0308054878826604
 40
0.0308054878826604
 10
278.3401952616586
 20
155.1614728517015
 30
0.0
 10
278.3726722588927
 20
155.2011314277843
 30
0.0
 10
278.4393147233313
 20
155.282510418192
 30
0.0
 10
278.4484895042133
 20
155.3874492603263
 30
0.0
 10
278.4531931219117
 20
155.4412480596329
 30
0.0
  0
SPLINE
  5
983
330
70
100
AcDbEntity
  8
Visible
100
AcDbSpline
210
0.0
220
0.0
230
1.0
 70
     8
 71
     3
 72
     9
 73
     5
 74
     0
 42
0.000000001
 43
0.0000000001
 40
0.0
 40
0.0
 40
0.0
 40
0.0
 40
0.015678459385024
 40
0.0306479926894907
 40
0.0306479926894907
 40
0.0306479926894907
 40
0.0306479926894907
 10
278.0599714393174
 20
155.054134437285
 30
0.0
 10
278.113485540629
 20
155.0576919120303
 30
0.0
 10
278.2180940194048
 20
155.0646460047355
 30
0.0
 10
278.3001273585323
 20
155.1296988201466
 30
0.0
 10
278.3401952616586
 20
155.1614728517015
 30
0.0
  0
SPLINE
  5
984
330
70
100
AcDbEntity
  8
Visible
100
AcDbSpline
210
0.0
220
0.0
230
1.0
 70
     8
 71
     3
 72
     9
 73
     5
 74
     0
 42
0.000000001
 43
0.0000000001
 40
0.0
 40
0.0
 40
0.0
 40
0.0
 40
0.0161472239608192
 40
0.0327209709958506
 40
0.0327209709958506
 40
0.0327209709958506
 40
0.0327209709958506
 10
277.763934404662
 20
155.1768667684464
 30
0.0
 10
277.8063192729842
 20
155.1415692717546
 30
0.0
 10
277.8922085905779
 20
155.0700419077766
 30
0.0
 10
278.0035666331241
 20
155.0594828073008
 30
0.0
 10
278.0599714393174
 20
155.054134437285
 30
0.0
  0
SPLINE
  5
985
330
70
100
AcDbEntity
  8
Visible
100
AcDbSpline
210
0.0
220
0.0
230
1.0
 70
     8
 71
     3
 72
     9
 73
     5
 74
     0
 42
0.000000001
 43
0.0000000001
 40
0.0
 40
0.0
 40
0.0
 40
0.0
 40
0.0162582924488593
 40
0.0323066872527661
 40
0.0323066872527661
 40
0.0323066872527661
 40
0.0323066872527661
 10
277.6472009311165
 20
155.4708406147456
 30
0.0
 10
277.6514445306984
 20
155.415411960339
 30
0.0
 10
277.659876944188
 20
155.3052702459881
 30
0.0
 10
277.7293991472088
 20
155.219482138209
 30
0.0
 10
277.763934404662
 20
155.1768667684464
 30
0.0
  0
SPLINE
  5
986
330
70
100
AcDbEntity
  8
Visible
100
AcDbSpline
210
0.0
220
0.0
230
1.0
 70
     8
 71
     3
 72
     9
 73
     5
 74
     0
 42
0.000000001
 43
0.0000000001
 40
0.0
 40
0.0
 40
0.0
 40
0.0
 40
0.0132197579445488
 40
0.0269038849273729
 40
0.0269038849273729
 40
0.0269038849273729
 40
0.0269038849273729
 10
277.7420862354611
 20
155.71739429236
 30
0.0
 10
277.7148221584957
 20
155.6815675780072
 30
0.0
 10
277.6593363022203
 20
155.6086556680948
 30
0.0
 10
277.6512923352366
 20
155.5173045483407
 30
0.0
 10
277.6472009311165
 20
155.4708406147456
 30
0.0
  0
SPLINE
  5
987
330
70
100
AcDbEntity
  8
Visible
100
AcDbSpline
210
0.0
220
0.0
230
1.0
 70
     8
 71
     3
 72
     9
 73
     5
 74
     0
 42
0.000000001
 43
0.0000000001
 40
0.0
 40
0.0
 40
0.0
 40
0.0
 40
0.0188438528276848
 40
0.0337554465242955
 40
0.0337554465242955
 40
0.0337554465242955
 40
0.0337554465242955
 10
278.044515253252
 20
155.8579078914081
 30
0.0
 10
277.9820508250432
 20
155.8444620706104
 30
0.0
 10
277.870156793324
 20
155.8203762486137
 30
0.0
 10
277.7813270874758
 20
155.7489479903615
 30
0.0
 10
277.7420862354611
 20
155.71739429236
 30
0.0
  0
LINE
  5
988
330
70
100
AcDbEntity
  8
Visible
100
AcDbLine
 10
278.014556
 20
156.103829
 30
0.0
 11
278.044515
 21
155.857908
 31
0.0
  0
SPLINE
  5
989
330
70
100
AcDbEntity
  8
Visible
100
AcDbSpline
210
0.0
220
0.0
230
1.0
 70
     8
 71
     3
 72
     9
 73
     5
 74
     0
 42
0.000000001
 43
0.0000000001
 40
0.0
 40
0.0
 40
0.0
 40
0.0
 40
0.0226026473314661
 40
0.0460801144010873
 40
0.0460801144010873
 40
0.0460801144010873
 40
0.0460801144010873
 10
277.6057858213953
 20
155.909945956906
 30
0.0
 10
277.6632941130738
 20
155.9611249623158
 30
0.0
 10
277.7805365148488
 20
156.0654638209307
 30
0.0
 10
277.9355683123467
 20
156.090879848216
 30
0.0
 10
278.0145558315362
 20
156.1038291203986
 30
0.0
  0
LINE
  5
98A
330
70
100
AcDbEntity
  8
Visible
100
AcDbLine
 10
278.034033
 20
153.968411
 30
0.0
 11
277.466756
 21
154.355486
 31
0.0
  0
LINE
  5
98B
330
70
100
AcDbEntity
  8
Visible
100
AcDbLine
 10
277.911726
 20
153.890664
 30
0.0
 11
278.034033
 21
153.968411
 31
0.0
  0
LINE
  5
98C
330
70
100
AcDbEntity
  8
Visible
100
AcDbLine
 10
277.458183
 20
153.598372
 30
0.0
 11
277.911726
 21
153.890664
 31
0.0
  0
LINE
  5
98D
330
70
100
AcDbEntity
  8
Visible
100
AcDbLine
 10
277.454769
 20
153.296891
 30
0.0
 11
277.458183
 21
153.598372
 31
0.0
  0
LINE
  5
98E
330
70
100
AcDbEntity
  8
Visible
100
AcDbLine
 10
278.227534
 20
153.827056
 30
0.0
 11
277.454769
 21
153.296891
 31
0.0
  0
LINE
  5
98F
330
70
100
AcDbEntity
  8
Visible
100
AcDbLine
 10
278.903949
 20
153.318682
 30
0.0
 11
278.227534
 21
153.827056
 31
0.0
  0
LINE
  5
990
330
70
100
AcDbEntity
  8
Visible
100
AcDbLine
 10
278.90727
 20
153.611979
 30
0.0
 11
278.903949
 21
153.318682
 31
0.0
  0
LINE
  5
991
330
70
100
AcDbEntity
  8
Visible
100
AcDbLine
 10
278.567629
 20
153.860042
 30
0.0
 11
278.90727
 21
153.611979
 31
0.0
  0
ARC
  5
992
330
70
100
AcDbEntity
  8
Visible
100
AcDbCircle
 10
275.626801
 20
149.881126
 30
0.0
 40
4.947750974678074
100
AcDbArc
 50
53.531788
 51
55.780074
  0
ARC
  5
993
330
70
100
AcDbEntity
  8
Visible
100
AcDbCircle
 10
276.303629
 20
157.629933
 30
0.0
 40
4.220386750193401
100
AcDbArc
 50
299.928703
 51
302.524322
  0
LINE
  5
994
330
70
100
AcDbEntity
  8
Visible
100
AcDbLine
 10
278.914948
 20
154.28997
 30
0.0
 11
278.572752
 21
154.071457
 31
0.0
  0
LINE
  5
995
330
70
100
AcDbEntity
  8
Visible
100
AcDbLine
 10
278.918423
 20
154.596908
 30
0.0
 11
278.914948
 21
154.28997
 31
0.0
  0
LINE
  5
996
330
70
100
AcDbEntity
  8
Visible
100
AcDbLine
 10
278.217151
 20
154.11505
 30
0.0
 11
278.918423
 21
154.596908
 31
0.0
  0
LINE
  5
997
330
70
100
AcDbEntity
  8
Visible
100
AcDbLine
 10
277.470124
 20
154.652875
 30
0.0
 11
278.217151
 21
154.11505
 31
0.0
  0
LINE
  5
998
330
70
100
AcDbEntity
  8
Visible
100
AcDbLine
 10
277.466756
 20
154.355486
 30
0.0
 11
277.470124
 21
154.652875
 31
0.0
  0
LINE
  5
999
330
70
100
AcDbEntity
  8
Visible
100
AcDbLine
 10
286.149161
 20
152.482074
 30
0.0
 11
286.151731
 21
152.086448
 31
0.0
  0
SPLINE
  5
99A
330
70
100
AcDbEntity
  8
Visible
100
AcDbSpline
210
0.0
220
0.0
230
1.0
 70
     8
 71
     3
 72
     9
 73
     5
 74
     0
 42
0.000000001
 43
0.0000000001
 40
0.0
 40
0.0
 40
0.0
 40
0.0
 40
0.0472745972093173
 40
0.086673797035469
 40
0.086673797035469
 40
0.086673797035469
 40
0.086673797035469
 10
285.4771447583462
 20
153.0234226630109
 30
0.0
 10
285.5859652607833
 20
152.908122130344
 30
0.0
 10
285.7854780371672
 20
152.6967287910793
 30
0.0
 10
286.0355063136885
 20
152.5491560923001
 30
0.0
 10
286.1491613555318
 20
152.4820741546555
 30
0.0
  0
ARC
  5
99B
330
70
100
AcDbEntity
  8
Visible
100
AcDbCircle
 10
288.241477
 20
155.49416
 30
0.0
 40
3.707569566796848
100
AcDbArc
 50
205.124042
 51
221.790081
  0
LINE
  5
99C
330
70
100
AcDbEntity
  8
Visible
100
AcDbLine
 10
284.291239
 20
153.916147
 30
0.0
 11
284.884678
 21
153.920002
 31
0.0
  0
ARC
  5
99D
330
70
100
AcDbEntity
  8
Visible
100
AcDbCircle
 10
288.126496
 20
155.427091
 30
0.0
 40
4.122153941991843
100
AcDbArc
 50
201.502531
 51
211.522281
  0
ARC
  5
99E
330
70
100
AcDbEntity
  8
Visible
100
AcDbCircle
 10
287.363406
 20
154.853262
 30
0.0
 40
3.172934591244649
100
AcDbArc
 50
209.893502
 51
222.905642
  0
LINE
  5
99F
330
70
100
AcDbEntity
  8
Visible
100
AcDbLine
 10
281.127385
 20
152.667737
 30
0.0
 11
285.039308
 21
152.69315
 31
0.0
  0
LINE
  5
9A0
330
70
100
AcDbEntity
  8
Visible
100
AcDbLine
 10
281.131373
 20
152.053835
 30
0.0
 11
281.127385
 21
152.667737
 31
0.0
  0
LINE
  5
9A1
330
70
100
AcDbEntity
  8
Visible
100
AcDbLine
 10
286.151731
 20
152.086448
 30
0.0
 11
281.131373
 21
152.053835
 31
0.0
  0
LINE
  5
9A2
330
70
100
AcDbEntity
  8
Visible
100
AcDbLine
 10
218.362635
 20
225.244137
 30
0.0
 11
218.75826
 21
225.246707
 31
0.0
  0
SPLINE
  5
9A3
330
70
100
AcDbEntity
  8
Visible
100
AcDbSpline
210
0.0
220
0.0
230
1.0
 70
     8
 71
     3
 72
     9
 73
     5
 74
     0
 42
0.000000001
 43
0.0000000001
 40
0.0
 40
0.0
 40
0.0
 40
0.0
 40
0.0472745972093173
 40
0.086673797035469
 40
0.086673797035469
 40
0.086673797035469
 40
0.086673797035469
 10
217.8212861292213
 20
224.5721203609228
 30
0.0
 10
217.9365866618882
 20
224.6809408633617
 30
0.0
 10
218.147980001153
 20
224.8804536397438
 30
0.0
 10
218.2955526999322
 20
225.1304819162651
 30
0.0
 10
218.3626346375768
 20
225.2441369581102
 30
0.0
  0
ARC
  5
9A4
330
70
100
AcDbEntity
  8
Visible
100
AcDbCircle
 10
215.350549
 20
227.336452
 30
0.0
 40
3.707569566798323
100
AcDbArc
 50
295.124042
 51
311.790081
  0
LINE
  5
9A5
330
70
100
AcDbEntity
  8
Visible
100
AcDbLine
 10
216.928562
 20
223.386214
 30
0.0
 11
216.924707
 21
223.979653
 31
0.0
  0
ARC
  5
9A6
330
70
100
AcDbEntity
  8
Visible
100
AcDbCircle
 10
215.417618
 20
227.221472
 30
0.0
 40
4.122153941988256
100
AcDbArc
 50
291.502531
 51
301.522281
  0
ARC
  5
9A7
330
70
100
AcDbEntity
  8
Visible
100
AcDbCircle
 10
215.991447
 20
226.458382
 30
0.0
 40
3.172934591244648
100
AcDbArc
 50
299.893502
 51
312.905642
  0
LINE
  5
9A8
330
70
100
AcDbEntity
  8
Visible
100
AcDbLine
 10
218.176972
 20
220.222361
 30
0.0
 11
218.151559
 21
224.134284
 31
0.0
  0
LINE
  5
9A9
330
70
100
AcDbEntity
  8
Visible
100
AcDbLine
 10
218.790874
 20
220.226349
 30
0.0
 11
218.176972
 21
220.222361
 31
0.0
  0
LINE
  5
9AA
330
70
100
AcDbEntity
  8
Visible
100
AcDbLine
 10
218.75826
 20
225.246707
 30
0.0
 11
218.790874
 21
220.226349
 31
0.0
  0
SPLINE
  5
9AB
330
70
100
AcDbEntity
  8
Visible
100
AcDbSpline
210
0.0
220
0.0
230
1.0
 70
     8
 71
     3
 72
     9
 73
     5
 74
     0
 42
0.000000001
 43
0.0000000001
 40
0.0
 40
0.0
 40
0.0
 40
0.0
 40
0.0244133066306491
 40
0.0472983202074803
 40
0.0472983202074803
 40
0.0472983202074803
 40
0.0472983202074803
 10
215.3702024518225
 20
216.5389308213471
 30
0.0
 10
215.2872352087943
 20
216.5455204918071
 30
0.0
 10
215.12649454032
 20
216.5582873139428
 30
0.0
 10
214.9972817046255
 20
216.6543042130288
 30
0.0
 10
214.9347628353262
 20
216.7007614239719
 30
0.0
  0
SPLINE
  5
9AC
330
70
100
AcDbEntity
  8
Visible
100
AcDbSpline
210
0.0
220
0.0
230
1.0
 70
     8
 71
     3
 72
     9
 73
     5
 74
     0
 42
0.000000001
 43
0.0000000001
 40
0.0
 40
0.0
 40
0.0
 40
0.0
 40
0.0255765423190771
 40
0.0526336039061834
 40
0.0526336039061834
 40
0.0526336039061834
 40
0.0526336039061834
 10
215.8551804396811
 20
216.7155787835
 30
0.0
 10
215.7854114538459
 20
216.6632563570183
 30
0.0
 10
215.6418348468305
 20
216.5555827771986
 30
0.0
 10
215.4624287420065
 20
216.5445845951254
 30
0.0
 10
215.3702024518225
 20
216.5389308213471
 30
0.0
  0
SPLINE
  5
9AD
330
70
100
AcDbEntity
  8
Visible
100
AcDbSpline
210
0.0
220
0.0
230
1.0
 70
     8
 71
     3
 72
     9
 73
     5
 74
     0
 42
0.000000001
 43
0.0000000001
 40
0.0
 40
0.0
 40
0.0
 40
0.0
 40
0.0246651001894178
 40
0.0494353046498499
 40
0.0494353046498499
 40
0.0494353046498499
 40
0.0494353046498499
 10
216.0511926207091
 20
217.1574532134491
 30
0.0
 10
216.0422157711928
 20
217.0734982040503
 30
0.0
 10
216.0242238195151
 20
216.9052304315865
 30
0.0
 10
215.9116080436616
 20
216.7788855400431
 30
0.0
 10
215.8551804396811
 20
216.7155787835
 30
0.0
  0
SPLINE
  5
9AE
330
70
100
AcDbEntity
  8
Visible
100
AcDbSpline
210
0.0
220
0.0
230
1.0
 70
     8
 71
     3
 72
     9
 73
     5
 74
     0
 42
0.000000001
 43
0.0000000001
 40
0.0
 40
0.0
 40
0.0
 40
0.0
 40
0.0162751008865129
 40
0.0341965180202641
 40
0.0341965180202641
 40
0.0341965180202641
 40
0.0341965180202641
 10
215.9566257164279
 20
217.4811912892546
 30
0.0
 10
215.9847219894727
 20
217.4337724035067
 30
0.0
 10
216.0437566285927
 20
217.334137950098
 30
0.0
 10
216.0486356599213
 20
217.2182085150016
 30
0.0
 10
216.0511926207091
 20
217.1574532134491
 30
0.0
  0
SPLINE
  5
9AF
330
70
100
AcDbEntity
  8
Visible
100
AcDbSpline
210
0.0
220
0.0
230
1.0
 70
     8
 71
     3
 72
     9
 73
     5
 74
     0
 42
0.000000001
 43
0.0000000001
 40
0.0
 40
0.0
 40
0.0
 40
0.0
 40
0.0169671658349102
 40
0.0328915487640021
 40
0.0328915487640021
 40
0.0328915487640021
 40
0.0328915487640021
 10
215.682987126771
 20
217.6541508969385
 30
0.0
 10
215.7380566201246
 20
217.6369354684357
 30
0.0
 10
215.8448110977843
 20
217.6035626522826
 30
0.0
 10
215.9201503539261
 20
217.5211103971524
 30
0.0
 10
215.9566257164279
 20
217.4811912892546
 30
0.0
  0
SPLINE
  5
9B0
330
70
100
AcDbEntity
  8
Visible
100
AcDbSpline
210
0.0
220
0.0
230
1.0
 70
     8
 71
     3
 72
     9
 73
     5
 74
     0
 42
0.000000001
 43
0.0000000001
 40
0.0
 40
0.0
 40
0.0
 40
0.0
 40
0.0128707647668321
 40
0.0269272736018397
 40
0.0269272736018397
 40
0.0269272736018397
 40
0.0269272736018397
 10
215.8908920705962
 20
217.8209750631813
 30
0.0
 10
215.8636031930801
 20
217.7872153322933
 30
0.0
 10
215.8065113974899
 20
217.7165856900883
 30
0.0
 10
215.7253531530241
 20
217.6755646164474
 30
0.0
 10
215.682987126771
 20
217.6541508969385
 30
0.0
  0
SPLINE
  5
9B1
330
70
100
AcDbEntity
  8
Visible
100
AcDbSpline
210
0.0
220
0.0
230
1.0
 70
     8
 71
     3
 72
     9
 73
     5
 74
     0
 42
0.000000001
 43
0.0000000001
 40
0.0
 40
0.0
 40
0.0
 40
0.0
 40
0.0125022238638619
 40
0.024877251227081
 40
0.024877251227081
 40
0.024877251227081
 40
0.024877251227081
 10
215.963137073235
 20
218.0561884449617
 30
0.0
 10
215.9598207364306
 20
218.0140798418725
 30
0.0
 10
215.9532218029326
 20
217.9302910448314
 30
0.0
 10
215.9115977072015
 20
217.8572893052987
 30
0.0
 10
215.8908920705962
 20
217.8209750631813
 30
0.0
  0
SPLINE
  5
9B2
330
70
100
AcDbEntity
  8
Visible
100
AcDbSpline
210
0.0
220
0.0
230
1.0
 70
     8
 71
     3
 72
     9
 73
     5
 74
     0
 42
0.000000001
 43
0.0000000001
 40
0.0
 40
0.0
 40
0.0
 40
0.0
 40
0.013661693883671
 40
0.0270539807317213
 40
0.0270539807317213
 40
0.0270539807317213
 40
0.0270539807317213
 10
215.8930739095467
 20
218.3148428609711
 30
0.0
 10
215.913897186816
 20
218.2737370787527
 30
0.0
 10
215.955133108715
 20
218.1923361156241
 30
0.0
 10
215.9604868561637
 20
218.1012687148686
 30
0.0
 10
215.963137073235
 20
218.0561884449617
 30
0.0
  0
SPLINE
  5
9B3
330
70
100
AcDbEntity
  8
Visible
100
AcDbSpline
210
0.0
220
0.0
230
1.0
 70
     8
 71
     3
 72
     9
 73
     5
 74
     0
 42
0.000000001
 43
0.0000000001
 40
0.0
 40
0.0
 40
0.0
 40
0.0
 40
0.0147245274055766
 40
0.0287797029731614
 40
0.0287797029731614
 40
0.0287797029731614
 40
0.0287797029731614
 10
215.6844800571871
 20
218.5088954065013
 30
0.0
 10
215.7271240524242
 20
218.4833501569737
 30
0.0
 10
215.8104735197958
 20
218.4334209012832
 30
0.0
 10
215.8659706932085
 20
218.35375122798
 30
0.0
 10
215.8930739095467
 20
218.3148428609711
 30
0.0
  0
SPLINE
  5
9B4
330
70
100
AcDbEntity
  8
Visible
100
AcDbSpline
210
0.0
220
0.0
230
1.0
 70
     8
 71
     3
 72
     9
 73
     5
 74
     0
 42
0.000000001
 43
0.0000000001
 40
0.0
 40
0.0
 40
0.0
 40
0.0
 40
0.0158208562421601
 40
0.0311800712715134
 40
0.0311800712715134
 40
0.0311800712715134
 40
0.0311800712715134
 10
215.3837944023489
 20
218.5825640461935
 30
0.0
 10
215.4368993443386
 20
218.5792123367773
 30
0.0
 10
215.5415596642833
 20
218.5726067184169
 30
0.0
 10
215.637312487137
 20
218.5299218514101
 30
0.0
 10
215.6844800571871
 20
218.5088954065013
 30
0.0
  0
SPLINE
  5
9B5
330
70
100
AcDbEntity
  8
Visible
100
AcDbSpline
210
0.0
220
0.0
230
1.0
 70
     8
 71
     3
 72
     9
 73
     5
 74
     0
 42
0.000000001
 43
0.0000000001
 40
0.0
 40
0.0
 40
0.0
 40
0.0
 40
0.0205977587379768
 40
0.0426543793793644
 40
0.0426543793793644
 40
0.0426543793793644
 40
0.0426543793793644
 10
214.9852842485761
 20
218.4513246645147
 30
0.0
 10
215.0434457896463
 20
218.490247603986
 30
0.0
 10
215.1638882353327
 20
218.5708502485704
 30
0.0
 10
215.3088398057426
 20
218.5785714206668
 30
0.0
 10
215.3837944023489
 20
218.5825640461935
 30
0.0
  0
SPLINE
  5
9B6
330
70
100
AcDbEntity
  8
Visible
100
AcDbSpline
210
0.0
220
0.0
230
1.0
 70
     8
 71
     3
 72
     9
 73
     5
 74
     0
 42
0.000000001
 43
0.0000000001
 40
0.0
 40
0.0
 40
0.0
 40
0.0
 40
0.0231185642766846
 40
0.0440704637562236
 40
0.0440704637562236
 40
0.0440704637562236
 40
0.0440704637562236
 10
214.7763256470953
 20
218.0709925190768
 30
0.0
 10
214.7955527159866
 20
218.1472061708664
 30
0.0
 10
214.832204898732
 20
218.2924907542292
 30
0.0
 10
214.9359580938399
 20
218.4001442404788
 30
0.0
 10
214.9852842485761
 20
218.4513246645147
 30
0.0
  0
LINE
  5
9B7
330
70
100
AcDbEntity
  8
Visible
100
AcDbLine
 10
215.021382
 20
218.024558
 30
0.0
 11
214.776326
 21
218.070993
 31
0.0
  0
SPLINE
  5
9B8
330
70
100
AcDbEntity
  8
Visible
100
AcDbSpline
210
0.0
220
0.0
230
1.0
 70
     8
 71
     3
 72
     9
 73
     5
 74
     0
 42
0.000000001
 43
0.0000000001
 40
0.0
 40
0.0
 40
0.0
 40
0.0
 40
0.0137190908281736
 40
0.0300881770120818
 40
0.0300881770120818
 40
0.0300881770120818
 40
0.0300881770120818
 10
215.1472156629552
 20
218.2932735300092
 30
0.0
 10
215.1175238953929
 20
218.2575731278884
 30
0.0
 10
215.0524050643126
 20
218.1792763929352
 30
0.0
 10
215.0323126533076
 20
218.0790728748598
 30
0.0
 10
215.0213816352134
 20
218.0245584380864
 30
0.0
  0
SPLINE
  5
9B9
330
70
100
AcDbEntity
  8
Visible
100
AcDbSpline
210
0.0
220
0.0
230
1.0
 70
     8
 71
     3
 72
     9
 73
     5
 74
     0
 42
0.000000001
 43
0.0000000001
 40
0.0
 40
0.0
 40
0.0
 40
0.0
 40
0.0133225116610004
 40
0.0260121684821695
 40
0.0260121684821695
 40
0.0260121684821695
 40
0.0260121684821695
 10
215.3869648440377
 20
218.3806053578246
 30
0.0
 10
215.3415791110492
 20
218.3777461292102
 30
0.0
 10
215.2529635884512
 20
218.3721634929661
 30
0.0
 10
215.1818885724006
 20
218.3191401796739
 30
0.0
 10
215.1472156629552
 20
218.2932735300092
 30
0.0
  0
SPLINE
  5
9BA
330
70
100
AcDbEntity
  8
Visible
100
AcDbSpline
210
0.0
220
0.0
230
1.0
 70
     8
 71
     3
 72
     9
 73
     5
 74
     0
 42
0.000000001
 43
0.0000000001
 40
0.0
 40
0.0
 40
0.0
 40
0.0
 40
0.0124043348084583
 40
0.0257211098080432
 40
0.0257211098080432
 40
0.0257211098080432
 40
0.0257211098080432
 10
215.6219618025825
 20
218.2892618690239
 30
0.0
 10
215.5887695658712
 20
218.3154944643138
 30
0.0
 10
215.5199435321956
 20
218.3698892766461
 30
0.0
 10
215.432327119137
 20
218.3769498410711
 30
0.0
 10
215.3869648440377
 20
218.3806053578246
 30
0.0
  0
SPLINE
  5
9BB
330
70
100
AcDbEntity
  8
Visible
100
AcDbSpline
210
0.0
220
0.0
230
1.0
 70
     8
 71
     3
 72
     9
 73
     5
 74
     0
 42
0.000000001
 43
0.0000000001
 40
0.0
 40
0.0
 40
0.0
 40
0.0
 40
0.0125562083382326
 40
0.0247029371147934
 40
0.0247029371147934
 40
0.0247029371147934
 40
0.0247029371147934
 10
215.7108276727941
 20
218.0645030888136
 30
0.0
 10
215.7077633179433
 20
218.1073739742369
 30
0.0
 10
215.7017345421264
 20
218.1917176517345
 30
0.0
 10
215.6482572331533
 20
218.2571084390675
 30
0.0
 10
215.6219618025825
 20
218.2892618690239
 30
0.0
  0
SPLINE
  5
9BC
330
70
100
AcDbEntity
  8
Visible
100
AcDbSpline
210
0.0
220
0.0
230
1.0
 70
     8
 71
     3
 72
     9
 73
     5
 74
     0
 42
0.000000001
 43
0.0000000001
 40
0.0
 40
0.0
 40
0.0
 40
0.0
 40
0.0140293540467129
 40
0.0291938197683928
 40
0.0291938197683928
 40
0.0291938197683928
 40
0.0291938197683928
 10
215.5824662407831
 20
217.8135529677657
 30
0.0
 10
215.6194186830944
 20
217.8451497597162
 30
0.0
 10
215.6963133809695
 20
217.9108998324846
 30
0.0
 10
215.7058657704474
 20
218.0119917870434
 30
0.0
 10
215.7108276727941
 20
218.0645030888136
 30
0.0
  0
SPLINE
  5
9BD
330
70
100
AcDbEntity
  8
Visible
100
AcDbSpline
210
0.0
220
0.0
230
1.0
 70
     8
 71
     3
 72
     9
 73
     5
 74
     0
 42
0.000000001
 43
0.0000000001
 40
0.0
 40
0.0
 40
0.0
 40
0.0
 40
0.0150443408922401
 40
0.0297251963266432
 40
0.0297251963266432
 40
0.0297251963266432
 40
0.0297251963266432
 10
215.2991563182986
 20
217.7349006082404
 30
0.0
 10
215.3499163772958
 20
217.7375666818843
 30
0.0
 10
215.4502100844147
 20
217.7428344143191
 30
0.0
 10
215.5387417159727
 20
217.7901730720423
 30
0.0
 10
215.5824662407831
 20
217.8135529677657
 30
0.0
  0
ARC
  5
9BE
330
70
100
AcDbEntity
  8
Visible
100
AcDbCircle
 10
215.309413
 20
218.110091
 30
0.0
 40
0.3753301399517965
100
AcDbArc
 50
262.377396
 51
268.434101
  0
LINE
  5
9BF
330
70
100
AcDbEntity
  8
Visible
100
AcDbLine
 10
215.229902
 20
217.522847
 30
0.0
 11
215.259626
 21
217.738077
 31
0.0
  0
ARC
  5
9C0
330
70
100
AcDbEntity
  8
Visible
100
AcDbCircle
 10
215.417672
 20
216.843297
 30
0.0
 40
0.705014713057097
100
AcDbArc
 50
91.155017
 51
105.446264
  0
SPLINE
  5
9C1
330
70
100
AcDbEntity
  8
Visible
100
AcDbSpline
210
0.0
220
0.0
230
1.0
 70
     8
 71
     3
 72
     9
 73
     5
 74
     0
 42
0.000000001
 43
0.0000000001
 40
0.0
 40
0.0
 40
0.0
 40
0.0
 40
0.0150124962087418
 40
0.0308054878826604
 40
0.0308054878826604
 40
0.0308054878826604
 40
0.0308054878826604
 10
215.6832359405289
 20
217.4351708642371
 30
0.0
 10
215.643577364448
 20
217.467647861471
 30
0.0
 10
215.5621983740402
 20
217.5342903259097
 30
0.0
 10
215.4572595319059
 20
217.5434651067899
 30
0.0
 10
215.4034607325993
 20
217.5481687244901
 30
0.0
  0
SPLINE
  5
9C2
330
70
100
AcDbEntity
  8
Visible
100
AcDbSpline
210
0.0
220
0.0
230
1.0
 70
     8
 71
     3
 72
     9
 73
     5
 74
     0
 42
0.000000001
 43
0.0000000001
 40
0.0
 40
0.0
 40
0.0
 40
0.0
 40
0.015678459385024
 40
0.0306479926894907
 40
0.0306479926894907
 40
0.0306479926894907
 40
0.0306479926894907
 10
215.7905743549473
 20
217.154947041894
 30
0.0
 10
215.7870168802001
 20
217.2084611432074
 30
0.0
 10
215.7800627874967
 20
217.3130696219814
 30
0.0
 10
215.7150099720857
 20
217.3951029611089
 30
0.0
 10
215.6832359405289
 20
217.4351708642371
 30
0.0
  0
SPLINE
  5
9C3
330
70
100
AcDbEntity
  8
Visible
100
AcDbSpline
210
0.0
220
0.0
230
1.0
 70
     8
 71
     3
 72
     9
 73
     5
 74
     0
 42
0.000000001
 43
0.0000000001
 40
0.0
 40
0.0
 40
0.0
 40
0.0
 40
0.0161472239608192
 40
0.0327209709958506
 40
0.0327209709958506
 40
0.0327209709958506
 40
0.0327209709958506
 10
215.6678420237859
 20
216.8589100072386
 30
0.0
 10
215.7031395204776
 20
216.9012948755608
 30
0.0
 10
215.7746668844557
 20
216.9871841931545
 30
0.0
 10
215.7852259849296
 20
217.0985422357007
 30
0.0
 10
215.7905743549473
 20
217.154947041894
 30
0.0
  0
SPLINE
  5
9C4
330
70
100
AcDbEntity
  8
Visible
100
AcDbSpline
210
0.0
220
0.0
230
1.0
 70
     8
 71
     3
 72
     9
 73
     5
 74
     0
 42
0.000000001
 43
0.0000000001
 40
0.0
 40
0.0
 40
0.0
 40
0.0
 40
0.0162582924488593
 40
0.0323066872527661
 40
0.0323066872527661
 40
0.0323066872527661
 40
0.0323066872527661
 10
215.3738681774866
 20
216.7421765336931
 30
0.0
 10
215.4292968318932
 20
216.7464201332768
 30
0.0
 10
215.5394385462441
 20
216.7548525467664
 30
0.0
 10
215.6252266540232
 20
216.8243747497872
 30
0.0
 10
215.6678420237859
 20
216.8589100072386
 30
0.0
  0
SPLINE
  5
9C5
330
70
100
AcDbEntity
  8
Visible
100
AcDbSpline
210
0.0
220
0.0
230
1.0
 70
     8
 71
     3
 72
     9
 73
     5
 74
     0
 42
0.000000001
 43
0.0000000001
 40
0.0
 40
0.0
 40
0.0
 40
0.0
 40
0.0132197579445488
 40
0.0269038849273729
 40
0.0269038849273729
 40
0.0269038849273729
 40
0.0269038849273729
 10
215.1273144998722
 20
216.8370618380377
 30
0.0
 10
215.1631412142251
 20
216.8097977610742
 30
0.0
 10
215.2360531241375
 20
216.7543119047987
 30
0.0
 10
215.3274042438916
 20
216.746267937815
 30
0.0
 10
215.3738681774866
 20
216.7421765336931
 30
0.0
  0
SPLINE
  5
9C6
330
70
100
AcDbEntity
  8
Visible
100
AcDbSpline
210
0.0
220
0.0
230
1.0
 70
     8
 71
     3
 72
     9
 73
     5
 74
     0
 42
0.000000001
 43
0.0000000001
 40
0.0
 40
0.0
 40
0.0
 40
0.0
 40
0.0188438528276848
 40
0.0337554465242955
 40
0.0337554465242955
 40
0.0337554465242955
 40
0.0337554465242955
 10
214.9868009008224
 20
217.1394908558286
 30
0.0
 10
215.0002467216218
 20
217.0770264276216
 30
0.0
 10
215.0243325436168
 20
216.9651323959006
 30
0.0
 10
215.0957608018707
 20
216.8763026900542
 30
0.0
 10
215.1273144998722
 20
216.8370618380377
 30
0.0
  0
LINE
  5
9C7
330
70
100
AcDbEntity
  8
Visible
100
AcDbLine
 10
214.74088
 20
217.109531
 30
0.0
 11
214.986801
 21
217.139491
 31
0.0
  0
SPLINE
  5
9C8
330
70
100
AcDbEntity
  8
Visible
100
AcDbSpline
210
0.0
220
0.0
230
1.0
 70
     8
 71
     3
 72
     9
 73
     5
 74
     0
 42
0.000000001
 43
0.0000000001
 40
0.0
 40
0.0
 40
0.0
 40
0.0
 40
0.0226026473314661
 40
0.0460801144010873
 40
0.0460801144010873
 40
0.0460801144010873
 40
0.0460801144010873
 10
214.9347628353262
 20
216.7007614239719
 30
0.0
 10
214.8835838299165
 20
216.7582697156522
 30
0.0
 10
214.7792449713015
 20
216.8755121174254
 30
0.0
 10
214.7538289440163
 20
217.0305439149252
 30
0.0
 10
214.7408796718337
 20
217.1095314341146
 30
0.0
  0
LINE
  5
9C9
330
70
100
AcDbEntity
  8
Visible
100
AcDbLine
 10
216.876298
 20
217.129009
 30
0.0
 11
216.489222
 21
216.561732
 31
0.0
  0
LINE
  5
9CA
330
70
100
AcDbEntity
  8
Visible
100
AcDbLine
 10
216.954045
 20
217.006702
 30
0.0
 11
216.876298
 21
217.129009
 31
0.0
  0
LINE
  5
9CB
330
70
100
AcDbEntity
  8
Visible
100
AcDbLine
 10
217.246336
 20
216.553158
 30
0.0
 11
216.954045
 21
217.006702
 31
0.0
  0
LINE
  5
9CC
330
70
100
AcDbEntity
  8
Visible
100
AcDbLine
 10
217.547818
 20
216.549744
 30
0.0
 11
217.246336
 21
216.553158
 31
0.0
  0
LINE
  5
9CD
330
70
100
AcDbEntity
  8
Visible
100
AcDbLine
 10
217.017652
 20
217.322509
 30
0.0
 11
217.547818
 21
216.549744
 31
0.0
  0
LINE
  5
9CE
330
70
100
AcDbEntity
  8
Visible
100
AcDbLine
 10
217.526027
 20
217.998924
 30
0.0
 11
217.017652
 21
217.322509
 31
0.0
  0
LINE
  5
9CF
330
70
100
AcDbEntity
  8
Visible
100
AcDbLine
 10
217.23273
 20
218.002246
 30
0.0
 11
217.526027
 21
217.998924
 31
0.0
  0
LINE
  5
9D0
330
70
100
AcDbEntity
  8
Visible
100
AcDbLine
 10
216.984667
 20
217.662604
 30
0.0
 11
217.23273
 21
218.002246
 31
0.0
  0
ARC
  5
9D1
330
70
100
AcDbEntity
  8
Visible
100
AcDbCircle
 10
220.963583
 20
214.721776
 30
0.0
 40
4.947750974651218
100
AcDbArc
 50
143.531788
 51
145.780074
  0
ARC
  5
9D2
330
70
100
AcDbEntity
  8
Visible
100
AcDbCircle
 10
213.214776
 20
215.398604
 30
0.0
 40
4.220386750188226
100
AcDbArc
 50
29.928703
 51
32.524322
  0
LINE
  5
9D3
330
70
100
AcDbEntity
  8
Visible
100
AcDbLine
 10
216.554739
 20
218.009923
 30
0.0
 11
216.773251
 21
217.667727
 31
0.0
  0
LINE
  5
9D4
330
70
100
AcDbEntity
  8
Visible
100
AcDbLine
 10
216.2478
 20
218.013399
 30
0.0
 11
216.554739
 21
218.009923
 31
0.0
  0
LINE
  5
9D5
330
70
100
AcDbEntity
  8
Visible
100
AcDbLine
 10
216.729659
 20
217.312127
 30
0.0
 11
216.2478
 21
218.013399
 31
0.0
  0
LINE
  5
9D6
330
70
100
AcDbEntity
  8
Visible
100
AcDbLine
 10
216.191834
 20
216.5651
 30
0.0
 11
216.729659
 21
217.312127
 31
0.0
  0
LINE
  5
9D7
330
70
100
AcDbEntity
  8
Visible
100
AcDbLine
 10
216.489222
 20
216.561732
 30
0.0
 11
216.191834
 21
216.5651
 31
0.0
  0
SPLINE
  5
9D8
330
70
100
AcDbEntity
  8
Visible
100
AcDbSpline
210
0.0
220
0.0
230
1.0
 70
     8
 71
     3
 72
     9
 73
     5
 74
     0
 42
0.000000001
 43
0.0000000001
 40
0.0
 40
0.0
 40
0.0
 40
0.0
 40
0.0244133066306491
 40
0.0472983202074803
 40
0.0472983202074803
 40
0.0472983202074803
 40
0.0472983202074803
 10
154.7736187211158
 20
155.602973500916
 30
0.0
 10
154.7670290506557
 20
155.5200062578878
 30
0.0
 10
154.7542622285182
 20
155.3592655894135
 30
0.0
 10
154.658245329434
 20
155.2300527537209
 30
0.0
 10
154.6117881184891
 20
155.1675338844197
 30
0.0
  0
SPLINE
  5
9D9
330
70
100
AcDbEntity
  8
Visible
100
AcDbSpline
210
0.0
220
0.0
230
1.0
 70
     8
 71
     3
 72
     9
 73
     5
 74
     0
 42
0.000000001
 43
0.0000000001
 40
0.0
 40
0.0
 40
0.0
 40
0.0
 40
0.0255765423190771
 40
0.0526336039061834
 40
0.0526336039061834
 40
0.0526336039061834
 40
0.0526336039061834
 10
154.5969707589611
 20
156.0879514887765
 30
0.0
 10
154.6492931854445
 20
156.0181825029413
 30
0.0
 10
154.7569667652642
 20
155.8746058959241
 30
0.0
 10
154.7679649473357
 20
155.6951997911019
 30
0.0
 10
154.7736187211158
 20
155.602973500916
 30
0.0
  0
SPLINE
  5
9DA
330
70
100
AcDbEntity
  8
Visible
100
AcDbSpline
210
0.0
220
0.0
230
1.0
 70
     8
 71
     3
 72
     9
 73
     5
 74
     0
 42
0.000000001
 43
0.0000000001
 40
0.0
 40
0.0
 40
0.0
 40
0.0
 40
0.0246651001894178
 40
0.0494353046498499
 40
0.0494353046498499
 40
0.0494353046498499
 40
0.0494353046498499
 10
154.1550963290137
 20
156.2839636698045
 30
0.0
 10
154.2390513384125
 20
156.2749868202863
 30
0.0
 10
154.4073191108764
 20
156.2569948686105
 30
0.0
 10
154.5336640024197
 20
156.1443790927551
 30
0.0
 10
154.5969707589611
 20
156.0879514887765
 30
0.0
  0
SPLINE
  5
9DB
330
70
100
AcDbEntity
  8
Visible
100
AcDbSpline
210
0.0
220
0.0
230
1.0
 70
     8
 71
     3
 72
     9
 73
     5
 74
     0
 42
0.000000001
 43
0.0000000001
 40
0.0
 40
0.0
 40
0.0
 40
0.0
 40
0.0162751008865129
 40
0.0341965180202641
 40
0.0341965180202641
 40
0.0341965180202641
 40
0.0341965180202641
 10
153.8313582532064
 20
156.1893967655232
 30
0.0
 10
153.8787771389561
 20
156.2174930385663
 30
0.0
 10
153.9784115923648
 20
156.2765276776863
 30
0.0
 10
154.0943410274594
 20
156.2814067090166
 30
0.0
 10
154.1550963290137
 20
156.2839636698045
 30
0.0
  0
SPLINE
  5
9DC
330
70
100
AcDbEntity
  8
Visible
100
AcDbSpline
210
0.0
220
0.0
230
1.0
 70
     8
 71
     3
 72
     9
 73
     5
 74
     0
 42
0.000000001
 43
0.0000000001
 40
0.0
 40
0.0
 40
0.0
 40
0.0
 40
0.0169671658349102
 40
0.0328915487640021
 40
0.0328915487640021
 40
0.0328915487640021
 40
0.0328915487640021
 10
153.6583986455243
 20
155.9157581758645
 30
0.0
 10
153.6756140740253
 20
155.9708276692199
 30
0.0
 10
153.7089868901803
 20
156.0775821468796
 30
0.0
 10
153.7914391453087
 20
156.1529214030215
 30
0.0
 10
153.8313582532064
 20
156.1893967655232
 30
0.0
  0
SPLINE
  5
9DD
330
70
100
AcDbEntity
  8
Visible
100
AcDbSpline
210
0.0
220
0.0
230
1.0
 70
     8
 71
     3
 72
     9
 73
     5
 74
     0
 42
0.000000001
 43
0.0000000001
 40
0.0
 40
0.0
 40
0.0
 40
0.0
 40
0.0128707647668321
 40
0.0269272736018397
 40
0.0269272736018397
 40
0.0269272736018397
 40
0.0269272736018397
 10
153.4915744792815
 20
156.1236631196898
 30
0.0
 10
153.5253342101696
 20
156.0963742421754
 30
0.0
 10
153.5959638523727
 20
156.0392824465834
 30
0.0
 10
153.6369849260154
 20
155.9581242021195
 30
0.0
 10
153.6583986455243
 20
155.9157581758645
 30
0.0
  0
SPLINE
  5
9DE
330
70
100
AcDbEntity
  8
Visible
100
AcDbSpline
210
0.0
220
0.0
230
1.0
 70
     8
 71
     3
 72
     9
 73
     5
 74
     0
 42
0.000000001
 43
0.0000000001
 40
0.0
 40
0.0
 40
0.0
 40
0.0
 40
0.0125022238638619
 40
0.024877251227081
 40
0.024877251227081
 40
0.024877251227081
 40
0.024877251227081
 10
153.2563610975012
 20
156.1959081223285
 30
0.0
 10
153.2984697005904
 20
156.1925917855242
 30
0.0
 10
153.3822584976315
 20
156.185992852028
 30
0.0
 10
153.4552602371641
 20
156.1443687562951
 30
0.0
 10
153.4915744792815
 20
156.1236631196898
 30
0.0
  0
SPLINE
  5
9DF
330
70
100
AcDbEntity
  8
Visible
100
AcDbSpline
210
0.0
220
0.0
230
1.0
 70
     8
 71
     3
 72
     9
 73
     5
 74
     0
 42
0.000000001
 43
0.0000000001
 40
0.0
 40
0.0
 40
0.0
 40
0.0
 40
0.013661693883671
 40
0.0270539807317213
 40
0.0270539807317213
 40
0.0270539807317213
 40
0.0270539807317213
 10
152.9977066814917
 20
156.1258449586403
 30
0.0
 10
153.0388124637102
 20
156.1466682359096
 30
0.0
 10
153.1202134268369
 20
156.1879041578086
 30
0.0
 10
153.2112808275942
 20
156.1932579052591
 30
0.0
 10
153.2563610975012
 20
156.1959081223285
 30
0.0
  0
SPLINE
  5
9E0
330
70
100
AcDbEntity
  8
Visible
100
AcDbSpline
210
0.0
220
0.0
230
1.0
 70
     8
 71
     3
 72
     9
 73
     5
 74
     0
 42
0.000000001
 43
0.0000000001
 40
0.0
 40
0.0
 40
0.0
 40
0.0
 40
0.0147245274055766
 40
0.0287797029731614
 40
0.0287797029731614
 40
0.0287797029731614
 40
0.0287797029731614
 10
152.8036541359615
 20
155.9172511062806
 30
0.0
 10
152.8291993854891
 20
155.9598951015195
 30
0.0
 10
152.8791286411779
 20
156.0432445688893
 30
0.0
 10
152.9587983144829
 20
156.0987417423039
 30
0.0
 10
152.9977066814917
 20
156.1258449586403
 30
0.0
  0
SPLINE
  5
9E1
330
70
100
AcDbEntity
  8
Visible
100
AcDbSpline
210
0.0
220
0.0
230
1.0
 70
     8
 71
     3
 72
     9
 73
     5
 74
     0
 42
0.000000001
 43
0.0000000001
 40
0.0
 40
0.0
 40
0.0
 40
0.0
 40
0.0158208562421601
 40
0.0311800712715134
 40
0.0311800712715134
 40
0.0311800712715134
 40
0.0311800712715134
 10
152.7299854962693
 20
155.6165654514425
 30
0.0
 10
152.7333372056855
 20
155.6696703934322
 30
0.0
 10
152.7399428240442
 20
155.7743307133769
 30
0.0
 10
152.7826276910527
 20
155.8700835362306
 30
0.0
 10
152.8036541359615
 20
155.9172511062806
 30
0.0
  0
SPLINE
  5
9E2
330
70
100
AcDbEntity
  8
Visible
100
AcDbSpline
210
0.0
220
0.0
230
1.0
 70
     8
 71
     3
 72
     9
 73
     5
 74
     0
 42
0.000000001
 43
0.0000000001
 40
0.0
 40
0.0
 40
0.0
 40
0.0
 40
0.0205977587379768
 40
0.0426543793793644
 40
0.0426543793793644
 40
0.0426543793793644
 40
0.0426543793793644
 10
152.8612248779482
 20
155.2180552976715
 30
0.0
 10
152.8223019384768
 20
155.2762168387398
 30
0.0
 10
152.7416992938924
 20
155.3966592844262
 30
0.0
 10
152.7339781217943
 20
155.5416108548361
 30
0.0
 10
152.7299854962693
 20
155.6165654514425
 30
0.0
  0
SPLINE
  5
9E3
330
70
100
AcDbEntity
  8
Visible
100
AcDbSpline
210
0.0
220
0.0
230
1.0
 70
     8
 71
     3
 72
     9
 73
     5
 74
     0
 42
0.000000001
 43
0.0000000001
 40
0.0
 40
0.0
 40
0.0
 40
0.0
 40
0.0231185642766846
 40
0.0440704637562236
 40
0.0440704637562236
 40
0.0440704637562236
 40
0.0440704637562236
 10
153.2415570233843
 20
155.0090966961889
 30
0.0
 10
153.1653433715964
 20
155.0283237650801
 30
0.0
 10
153.0200587882336
 20
155.0649759478256
 30
0.0
 10
152.9124053019841
 20
155.1687291429334
 30
0.0
 10
152.8612248779482
 20
155.2180552976715
 30
0.0
  0
LINE
  5
9E4
330
70
100
AcDbEntity
  8
Visible
100
AcDbLine
 10
153.287991
 20
155.254153
 30
0.0
 11
153.241557
 21
155.009097
 31
0.0
  0
SPLINE
  5
9E5
330
70
100
AcDbEntity
  8
Visible
100
AcDbSpline
210
0.0
220
0.0
230
1.0
 70
     8
 71
     3
 72
     9
 73
     5
 74
     0
 42
0.000000001
 43
0.0000000001
 40
0.0
 40
0.0
 40
0.0
 40
0.0
 40
0.0137190908281736
 40
0.0300881770120818
 40
0.0300881770120818
 40
0.0300881770120818
 40
0.0300881770120818
 10
153.0192760124537
 20
155.3799867120488
 30
0.0
 10
153.0549764145726
 20
155.3502949444864
 30
0.0
 10
153.1332731495276
 20
155.2851761134079
 30
0.0
 10
153.2334766676031
 20
155.265083702403
 30
0.0
 10
153.2879911043746
 20
155.254152684307
 30
0.0
  0
SPLINE
  5
9E6
330
70
100
AcDbEntity
  8
Visible
100
AcDbSpline
210
0.0
220
0.0
230
1.0
 70
     8
 71
     3
 72
     9
 73
     5
 74
     0
 42
0.000000001
 43
0.0000000001
 40
0.0
 40
0.0
 40
0.0
 40
0.0
 40
0.0133225116610004
 40
0.0260121684821695
 40
0.0260121684821695
 40
0.0260121684821695
 40
0.0260121684821695
 10
152.9319441846382
 20
155.6197358931313
 30
0.0
 10
152.9348034132526
 20
155.5743501601446
 30
0.0
 10
152.9403860494967
 20
155.4857346375465
 30
0.0
 10
152.9934093627871
 20
155.4146596214941
 30
0.0
 10
153.0192760124537
 20
155.3799867120488
 30
0.0
  0
SPLINE
  5
9E7
330
70
100
AcDbEntity
  8
Visible
100
AcDbSpline
210
0.0
220
0.0
230
1.0
 70
     8
 71
     3
 72
     9
 73
     5
 74
     0
 42
0.000000001
 43
0.0000000001
 40
0.0
 40
0.0
 40
0.0
 40
0.0
 40
0.0124043348084583
 40
0.0257211098080432
 40
0.0257211098080432
 40
0.0257211098080432
 40
0.0257211098080432
 10
153.0232876734389
 20
155.8547328516761
 30
0.0
 10
152.9970550781472
 20
155.8215406149647
 30
0.0
 10
152.942660265815
 20
155.7527145812892
 30
0.0
 10
152.9355997013917
 20
155.6650981682305
 30
0.0
 10
152.9319441846382
 20
155.6197358931313
 30
0.0
  0
SPLINE
  5
9E8
330
70
100
AcDbEntity
  8
Visible
100
AcDbSpline
210
0.0
220
0.0
230
1.0
 70
     8
 71
     3
 72
     9
 73
     5
 74
     0
 42
0.000000001
 43
0.0000000001
 40
0.0
 40
0.0
 40
0.0
 40
0.0
 40
0.0125562083382326
 40
0.0247029371147934
 40
0.0247029371147934
 40
0.0247029371147934
 40
0.0247029371147934
 10
153.2480464536493
 20
155.9435987218876
 30
0.0
 10
153.2051755682259
 20
155.9405343670369
 30
0.0
 10
153.1208318907284
 20
155.9345055912199
 30
0.0
 10
153.0554411033954
 20
155.8810282822469
 30
0.0
 10
153.0232876734389
 20
155.8547328516761
 30
0.0
  0
SPLINE
  5
9E9
330
70
100
AcDbEntity
  8
Visible
100
AcDbSpline
210
0.0
220
0.0
230
1.0
 70
     8
 71
     3
 72
     9
 73
     5
 74
     0
 42
0.000000001
 43
0.0000000001
 40
0.0
 40
0.0
 40
0.0
 40
0.0
 40
0.0140293540467129
 40
0.0291938197683928
 40
0.0291938197683928
 40
0.0291938197683928
 40
0.0291938197683928
 10
153.4989965746972
 20
155.8152372898766
 30
0.0
 10
153.4673997827467
 20
155.8521897321879
 30
0.0
 10
153.4016497099783
 20
155.9290844300649
 30
0.0
 10
153.3005577554177
 20
155.9386368195428
 30
0.0
 10
153.2480464536493
 20
155.9435987218876
 30
0.0
  0
SPLINE
  5
9EA
330
70
100
AcDbEntity
  8
Visible
100
AcDbSpline
210
0.0
220
0.0
230
1.0
 70
     8
 71
     3
 72
     9
 73
     5
 74
     0
 42
0.000000001
 43
0.0000000001
 40
0.0
 40
0.0
 40
0.0
 40
0.0
 40
0.0150443408922401
 40
0.0297251963266432
 40
0.0297251963266432
 40
0.0297251963266432
 40
0.0297251963266432
 10
153.5776489342224
 20
155.5319273673922
 30
0.0
 10
153.5749828605785
 20
155.5826874263894
 30
0.0
 10
153.569715128142
 20
155.6829811335083
 30
0.0
 10
153.5223764704205
 20
155.7715127650663
 30
0.0
 10
153.4989965746972
 20
155.8152372898766
 30
0.0
  0
ARC
  5
9EB
330
70
100
AcDbEntity
  8
Visible
100
AcDbCircle
 10
153.202459
 20
155.542184
 30
0.0
 40
0.3753301399477756
100
AcDbArc
 50
352.377396
 51
358.434101
  0
LINE
  5
9EC
330
70
100
AcDbEntity
  8
Visible
100
AcDbLine
 10
153.789702
 20
155.462673
 30
0.0
 11
153.574472
 21
155.492397
 31
0.0
  0
ARC
  5
9ED
330
70
100
AcDbEntity
  8
Visible
100
AcDbCircle
 10
154.469252
 20
155.650443
 30
0.0
 40
0.7050147130553003
100
AcDbArc
 50
181.155017
 51
195.446264
  0
SPLINE
  5
9EE
330
70
100
AcDbEntity
  8
Visible
100
AcDbSpline
210
0.0
220
0.0
230
1.0
 70
     8
 71
     3
 72
     9
 73
     5
 74
     0
 42
0.000000001
 43
0.0000000001
 40
0.0
 40
0.0
 40
0.0
 40
0.0
 40
0.0150124962087418
 40
0.0308054878826604
 40
0.0308054878826604
 40
0.0308054878826604
 40
0.0308054878826604
 10
153.8773786782258
 20
155.9160069896243
 30
0.0
 10
153.8449016809918
 20
155.8763484135415
 30
0.0
 10
153.7782592165531
 20
155.7949694231356
 30
0.0
 10
153.769084435673
 20
155.6900305809995
 30
0.0
 10
153.7643808179728
 20
155.6362317816929
 30
0.0
  0
SPLINE
  5
9EF
330
70
100
AcDbEntity
  8
Visible
100
AcDbSpline
210
0.0
220
0.0
230
1.0
 70
     8
 71
     3
 72
     9
 73
     5
 74
     0
 42
0.000000001
 43
0.0000000001
 40
0.0
 40
0.0
 40
0.0
 40
0.0
 40
0.015678459385024
 40
0.0306479926894907
 40
0.0306479926894907
 40
0.0306479926894907
 40
0.0306479926894907
 10
154.157602500567
 20
156.0233454040408
 30
0.0
 10
154.1040883992555
 20
156.0197879292955
 30
0.0
 10
153.9994799204796
 20
156.0128338365921
 30
0.0
 10
153.9174465813539
 20
155.9477810211792
 30
0.0
 10
153.8773786782258
 20
155.9160069896243
 30
0.0
  0
SPLINE
  5
9F0
330
70
100
AcDbEntity
  8
Visible
100
AcDbSpline
210
0.0
220
0.0
230
1.0
 70
     8
 71
     3
 72
     9
 73
     5
 74
     0
 42
0.000000001
 43
0.0000000001
 40
0.0
 40
0.0
 40
0.0
 40
0.0
 40
0.0161472239608192
 40
0.0327209709958506
 40
0.0327209709958506
 40
0.0327209709958506
 40
0.0327209709958506
 10
154.4536395352224
 20
155.9006130728794
 30
0.0
 10
154.4112546669003
 20
155.9359105695712
 30
0.0
 10
154.3253653493066
 20
156.0074379335492
 30
0.0
 10
154.2140073067603
 20
156.017997034025
 30
0.0
 10
154.157602500567
 20
156.0233454040408
 30
0.0
  0
SPLINE
  5
9F1
330
70
100
AcDbEntity
  8
Visible
100
AcDbSpline
210
0.0
220
0.0
230
1.0
 70
     8
 71
     3
 72
     9
 73
     5
 74
     0
 42
0.000000001
 43
0.0000000001
 40
0.0
 40
0.0
 40
0.0
 40
0.0
 40
0.0162582924488593
 40
0.0323066872527661
 40
0.0323066872527661
 40
0.0323066872527661
 40
0.0323066872527661
 10
154.5703730087698
 20
155.606639226582
 30
0.0
 10
154.566129409186
 20
155.6620678809868
 30
0.0
 10
154.5576969956964
 20
155.7722095953377
 30
0.0
 10
154.4881747926756
 20
155.8579977031168
 30
0.0
 10
154.4536395352224
 20
155.9006130728794
 30
0.0
  0
SPLINE
  5
9F2
330
70
100
AcDbEntity
  8
Visible
100
AcDbSpline
210
0.0
220
0.0
230
1.0
 70
     8
 71
     3
 72
     9
 73
     5
 74
     0
 42
0.000000001
 43
0.0000000001
 40
0.0
 40
0.0
 40
0.0
 40
0.0
 40
0.0132197579445488
 40
0.0269038849273729
 40
0.0269038849273729
 40
0.0269038849273729
 40
0.0269038849273729
 10
154.4754877044233
 20
155.3600855489658
 30
0.0
 10
154.5027517813887
 20
155.3959122633205
 30
0.0
 10
154.5582376376642
 20
155.468824173231
 30
0.0
 10
154.5662816046479
 20
155.5601752929851
 30
0.0
 10
154.5703730087698
 20
155.606639226582
 30
0.0
  0
SPLINE
  5
9F3
330
70
100
AcDbEntity
  8
Visible
100
AcDbSpline
210
0.0
220
0.0
230
1.0
 70
     8
 71
     3
 72
     9
 73
     5
 74
     0
 42
0.000000001
 43
0.0000000001
 40
0.0
 40
0.0
 40
0.0
 40
0.0
 40
0.0188438528276848
 40
0.0337554465242955
 40
0.0337554465242955
 40
0.0337554465242955
 40
0.0337554465242955
 10
154.1730586866342
 20
155.2195719499177
 30
0.0
 10
154.2355231148412
 20
155.2330177707154
 30
0.0
 10
154.3474171465605
 20
155.2571035927121
 30
0.0
 10
154.4362468524086
 20
155.3285318509643
 30
0.0
 10
154.4754877044233
 20
155.3600855489658
 30
0.0
  0
LINE
  5
9F4
330
70
100
AcDbEntity
  8
Visible
100
AcDbLine
 10
154.203018
 20
154.973651
 30
0.0
 11
154.173059
 21
155.219572
 31
0.0
  0
SPLINE
  5
9F5
330
70
100
AcDbEntity
  8
Visible
100
AcDbSpline
210
0.0
220
0.0
230
1.0
 70
     8
 71
     3
 72
     9
 73
     5
 74
     0
 42
0.000000001
 43
0.0000000001
 40
0.0
 40
0.0
 40
0.0
 40
0.0
 40
0.0226026473314661
 40
0.0460801144010873
 40
0.0460801144010873
 40
0.0460801144010873
 40
0.0460801144010873
 10
154.6117881184891
 20
155.1675338844197
 30
0.0
 10
154.5542798268106
 20
155.11635487901
 30
0.0
 10
154.4370374250356
 20
155.0120160203951
 30
0.0
 10
154.2820056275377
 20
154.9865999931098
 30
0.0
 10
154.2030181083482
 20
154.9736507209272
 30
0.0
  0
LINE
  5
9F6
330
70
100
AcDbEntity
  8
Visible
100
AcDbLine
 10
154.183541
 20
157.109069
 30
0.0
 11
154.750818
 21
156.721993
 31
0.0
  0
LINE
  5
9F7
330
70
100
AcDbEntity
  8
Visible
100
AcDbLine
 10
154.305848
 20
157.186816
 30
0.0
 11
154.183541
 21
157.109069
 31
0.0
  0
LINE
  5
9F8
330
70
100
AcDbEntity
  8
Visible
100
AcDbLine
 10
154.759391
 20
157.479107
 30
0.0
 11
154.305848
 21
157.186816
 31
0.0
  0
LINE
  5
9F9
330
70
100
AcDbEntity
  8
Visible
100
AcDbLine
 10
154.762805
 20
157.780589
 30
0.0
 11
154.759391
 21
157.479107
 31
0.0
  0
LINE
  5
9FA
330
70
100
AcDbEntity
  8
Visible
100
AcDbLine
 10
153.99004
 20
157.250424
 30
0.0
 11
154.762805
 21
157.780589
 31
0.0
  0
LINE
  5
9FB
330
70
100
AcDbEntity
  8
Visible
100
AcDbLine
 10
153.313625
 20
157.758798
 30
0.0
 11
153.99004
 21
157.250424
 31
0.0
  0
LINE
  5
9FC
330
70
100
AcDbEntity
  8
Visible
100
AcDbLine
 10
153.310304
 20
157.465501
 30
0.0
 11
153.313625
 21
157.758798
 31
0.0
  0
LINE
  5
9FD
330
70
100
AcDbEntity
  8
Visible
100
AcDbLine
 10
153.649945
 20
157.217438
 30
0.0
 11
153.310304
 21
157.465501
 31
0.0
  0
ARC
  5
9FE
330
70
100
AcDbEntity
  8
Visible
100
AcDbCircle
 10
156.590773
 20
161.196354
 30
0.0
 40
4.947750974669705
100
AcDbArc
 50
233.531788
 51
235.780074
  0
ARC
  5
9FF
330
70
100
AcDbEntity
  8
Visible
100
AcDbCircle
 10
155.913945
 20
153.447547
 30
0.0
 40
4.220386750189089
100
AcDbArc
 50
119.928703
 51
122.524322
  0
LINE
  5
A00
330
70
100
AcDbEntity
  8
Visible
100
AcDbLine
 10
153.302626
 20
156.78751
 30
0.0
 11
153.644822
 21
157.006022
 31
0.0
  0
LINE
  5
A01
330
70
100
AcDbEntity
  8
Visible
100
AcDbLine
 10
153.299151
 20
156.480571
 30
0.0
 11
153.302626
 21
156.78751
 31
0.0
  0
LINE
  5
A02
330
70
100
AcDbEntity
  8
Visible
100
AcDbLine
 10
154.000423
 20
156.96243
 30
0.0
 11
153.299151
 21
156.480571
 31
0.0
  0
LINE
  5
A03
330
70
100
AcDbEntity
  8
Visible
100
AcDbLine
 10
154.74745
 20
156.424605
 30
0.0
 11
154.000423
 21
156.96243
 31
0.0
  0
LINE
  5
A04
330
70
100
AcDbEntity
  8
Visible
100
AcDbLine
 10
154.750818
 20
156.721993
 30
0.0
 11
154.74745
 21
156.424605
 31
0.0
  0
LINE
  5
A05
330
70
100
AcDbEntity
  8
Visible
100
AcDbLine
 10
146.068413
 20
158.595406
 30
0.0
 11
146.065843
 21
158.991032
 31
0.0
  0
SPLINE
  5
A06
330
70
100
AcDbEntity
  8
Visible
100
AcDbSpline
210
0.0
220
0.0
230
1.0
 70
     8
 71
     3
 72
     9
 73
     5
 74
     0
 42
0.000000001
 43
0.0000000001
 40
0.0
 40
0.0
 40
0.0
 40
0.0
 40
0.0472745972093173
 40
0.086673797035469
 40
0.086673797035469
 40
0.086673797035469
 40
0.086673797035469
 10
146.7404291815401
 20
158.0540571783149
 30
0.0
 10
146.6316086791012
 20
158.1693577109818
 30
0.0
 10
146.4320959027172
 20
158.3807510502465
 30
0.0
 10
146.1820676261977
 20
158.5283237490257
 30
0.0
 10
146.0684125843527
 20
158.5954056866703
 30
0.0
  0
ARC
  5
A07
330
70
100
AcDbEntity
  8
Visible
100
AcDbCircle
 10
143.976097
 20
155.58332
 30
0.0
 40
3.707569566796287
100
AcDbArc
 50
25.124042
 51
41.790081
  0
LINE
  5
A08
330
70
100
AcDbEntity
  8
Visible
100
AcDbLine
 10
147.926335
 20
157.161333
 30
0.0
 11
147.332896
 21
157.157478
 31
0.0
  0
ARC
  5
A09
330
70
100
AcDbEntity
  8
Visible
100
AcDbCircle
 10
144.091078
 20
155.650389
 30
0.0
 40
4.122153941992168
100
AcDbArc
 50
21.502531
 51
31.522281
  0
ARC
  5
A0A
330
70
100
AcDbEntity
  8
Visible
100
AcDbCircle
 10
144.854168
 20
156.224218
 30
0.0
 40
3.17293459124354
100
AcDbArc
 50
29.893502
 51
42.905642
  0
LINE
  5
A0B
330
70
100
AcDbEntity
  8
Visible
100
AcDbLine
 10
151.090189
 20
158.409743
 30
0.0
 11
147.178266
 21
158.38433
 31
0.0
  0
LINE
  5
A0C
330
70
100
AcDbEntity
  8
Visible
100
AcDbLine
 10
151.086201
 20
159.023645
 30
0.0
 11
151.090189
 21
158.409743
 31
0.0
  0
LINE
  5
A0D
330
70
100
AcDbEntity
  8
Visible
100
AcDbLine
 10
146.065843
 20
158.991032
 30
0.0
 11
151.086201
 21
159.023645
 31
0.0
  0
SPLINE
  5
A0E
330
70
100
AcDbEntity
  8
Visible
100
AcDbSpline
210
0.0
220
0.0
230
1.0
 70
     8
 71
     3
 72
     9
 73
     5
 74
     0
 42
0.000000001
 43
0.0000000001
 40
0.0
 40
0.0
 40
0.0
 40
0.0
 40
0.0244133066306491
 40
0.0472983202074803
 40
0.0472983202074803
 40
0.0472983202074803
 40
0.0472983202074803
 10
215.2417352913144
 20
93.86859432369419
 30
0.0
 10
215.3247025343444
 20
93.86200465323236
 30
0.0
 10
215.4854432028187
 20
93.84923783109661
 30
0.0
 10
215.6146560385114
 20
93.75322093201067
 30
0.0
 10
215.6771749078107
 20
93.70676372106755
 30
0.0
  0
SPLINE
  5
A0F
330
70
100
AcDbEntity
  8
Visible
100
AcDbSpline
210
0.0
220
0.0
230
1.0
 70
     8
 71
     3
 72
     9
 73
     5
 74
     0
 42
0.000000001
 43
0.0000000001
 40
0.0
 40
0.0
 40
0.0
 40
0.0
 40
0.0255765423190771
 40
0.0526336039061834
 40
0.0526336039061834
 40
0.0526336039061834
 40
0.0526336039061834
 10
214.7567573034558
 20
93.69194636153952
 30
0.0
 10
214.826526289291
 20
93.74426878802296
 30
0.0
 10
214.9701028963082
 20
93.85194236784082
 30
0.0
 10
215.1495090011303
 20
93.86294054991413
 30
0.0
 10
215.2417352913144
 20
93.86859432369419
 30
0.0
  0
SPLINE
  5
A10
330
70
100
AcDbEntity
  8
Visible
100
AcDbSpline
210
0.0
220
0.0
230
1.0
 70
     8
 71
     3
 72
     9
 73
     5
 74
     0
 42
0.000000001
 43
0.0000000001
 40
0.0
 40
0.0
 40
0.0
 40
0.0
 40
0.0246651001894178
 40
0.0494353046498499
 40
0.0494353046498499
 40
0.0494353046498499
 40
0.0494353046498499
 10
214.5607451224277
 20
93.25007193159217
 30
0.0
 10
214.5697219719459
 20
93.33402694098912
 30
0.0
 10
214.5877139236218
 20
93.50229471345484
 30
0.0
 10
214.7003296994772
 20
93.62863960499817
 30
0.0
 10
214.7567573034558
 20
93.69194636153952
 30
0.0
  0
SPLINE
  5
A11
330
70
100
AcDbEntity
  8
Visible
100
AcDbSpline
210
0.0
220
0.0
230
1.0
 70
     8
 71
     3
 72
     9
 73
     5
 74
     0
 42
0.000000001
 43
0.0000000001
 40
0.0
 40
0.0
 40
0.0
 40
0.0
 40
0.0162751008865129
 40
0.0341965180202641
 40
0.0341965180202641
 40
0.0341965180202641
 40
0.0341965180202641
 10
214.655312026709
 20
92.92633385578483
 30
0.0
 10
214.6272157536641
 20
92.97375274153273
 30
0.0
 10
214.5681811145441
 20
93.07338719494328
 30
0.0
 10
214.5633020832156
 20
93.18931663003786
 30
0.0
 10
214.5607451224277
 20
93.25007193159217
 30
0.0
  0
SPLINE
  5
A12
330
70
100
AcDbEntity
  8
Visible
100
AcDbSpline
210
0.0
220
0.0
230
1.0
 70
     8
 71
     3
 72
     9
 73
     5
 74
     0
 42
0.000000001
 43
0.0000000001
 40
0.0
 40
0.0
 40
0.0
 40
0.0
 40
0.0169671658349102
 40
0.0328915487640021
 40
0.0328915487640021
 40
0.0328915487640021
 40
0.0328915487640021
 10
214.9289506163677
 20
92.75337424810095
 30
0.0
 10
214.8738811230123
 20
92.77058967660378
 30
0.0
 10
214.7671266453526
 20
92.80396249275691
 30
0.0
 10
214.6917873892107
 20
92.88641474788709
 30
0.0
 10
214.655312026709
 20
92.92633385578483
 30
0.0
  0
SPLINE
  5
A13
330
70
100
AcDbEntity
  8
Visible
100
AcDbSpline
210
0.0
220
0.0
230
1.0
 70
     8
 71
     3
 72
     9
 73
     5
 74
     0
 42
0.000000001
 43
0.0000000001
 40
0.0
 40
0.0
 40
0.0
 40
0.0
 40
0.0128707647668321
 40
0.0269272736018397
 40
0.0269272736018397
 40
0.0269272736018397
 40
0.0269272736018397
 10
214.7210456725407
 20
92.58655008185815
 30
0.0
 10
214.7483345500568
 20
92.62030981274802
 30
0.0
 10
214.8054263456488
 20
92.69093945495114
 30
0.0
 10
214.8865845901128
 20
92.73196052859203
 30
0.0
 10
214.9289506163677
 20
92.75337424810095
 30
0.0
  0
SPLINE
  5
A14
330
70
100
AcDbEntity
  8
Visible
100
AcDbSpline
210
0.0
220
0.0
230
1.0
 70
     8
 71
     3
 72
     9
 73
     5
 74
     0
 42
0.000000001
 43
0.0000000001
 40
0.0
 40
0.0
 40
0.0
 40
0.0
 40
0.0125022238638619
 40
0.024877251227081
 40
0.024877251227081
 40
0.024877251227081
 40
0.024877251227081
 10
214.6488006699037
 20
92.35133670007781
 30
0.0
 10
214.6521170067081
 20
92.39344530316703
 30
0.0
 10
214.6587159402043
 20
92.47723410020808
 30
0.0
 10
214.7003400359354
 20
92.5502358397407
 30
0.0
 10
214.7210456725407
 20
92.58655008185815
 30
0.0
  0
SPLINE
  5
A15
330
70
100
AcDbEntity
  8
Visible
100
AcDbSpline
210
0.0
220
0.0
230
1.0
 70
     8
 71
     3
 72
     9
 73
     5
 74
     0
 42
0.000000001
 43
0.0000000001
 40
0.0
 40
0.0
 40
0.0
 40
0.0
 40
0.013661693883671
 40
0.0270539807317213
 40
0.0270539807317213
 40
0.0270539807317213
 40
0.0270539807317213
 10
214.7188638335901
 20
92.09268228407017
 30
0.0
 10
214.6980405563227
 20
92.1337880662868
 30
0.0
 10
214.6568046344237
 20
92.21518902941534
 30
0.0
 10
214.6514508869732
 20
92.30625643017082
 30
0.0
 10
214.6488006699037
 20
92.35133670007781
 30
0.0
  0
SPLINE
  5
A16
330
70
100
AcDbEntity
  8
Visible
100
AcDbSpline
210
0.0
220
0.0
230
1.0
 70
     8
 71
     3
 72
     9
 73
     5
 74
     0
 42
0.000000001
 43
0.0000000001
 40
0.0
 40
0.0
 40
0.0
 40
0.0
 40
0.0147245274055766
 40
0.0287797029731614
 40
0.0287797029731614
 40
0.0287797029731614
 40
0.0287797029731614
 10
214.9274576859498
 20
91.89862973853996
 30
0.0
 10
214.8848136907127
 20
91.92417498806571
 30
0.0
 10
214.8014642233429
 20
91.97410424375631
 30
0.0
 10
214.7459670499284
 20
92.05377391705951
 30
0.0
 10
214.7188638335901
 20
92.09268228407017
 30
0.0
  0
SPLINE
  5
A17
330
70
100
AcDbEntity
  8
Visible
100
AcDbSpline
210
0.0
220
0.0
230
1.0
 70
     8
 71
     3
 72
     9
 73
     5
 74
     0
 42
0.000000001
 43
0.0000000001
 40
0.0
 40
0.0
 40
0.0
 40
0.0
 40
0.0158208562421601
 40
0.0311800712715134
 40
0.0311800712715134
 40
0.0311800712715134
 40
0.0311800712715134
 10
215.2281433407897
 20
91.82496109884779
 30
0.0
 10
215.1750383988001
 20
91.82831280826212
 30
0.0
 10
215.0703780788553
 20
91.83491842662261
 30
0.0
 10
214.9746252560017
 20
91.87760329362935
 30
0.0
 10
214.9274576859498
 20
91.89862973853996
 30
0.0
  0
SPLINE
  5
A18
330
70
100
AcDbEntity
  8
Visible
100
AcDbSpline
210
0.0
220
0.0
230
1.0
 70
     8
 71
     3
 72
     9
 73
     5
 74
     0
 42
0.000000001
 43
0.0000000001
 40
0.0
 40
0.0
 40
0.0
 40
0.0
 40
0.0205977587379768
 40
0.0426543793793644
 40
0.0426543793793644
 40
0.0426543793793644
 40
0.0426543793793644
 10
215.6266534945607
 20
91.9562004805266
 30
0.0
 10
215.5684919534924
 20
91.91727754105341
 30
0.0
 10
215.4480495078042
 20
91.83667489647087
 30
0.0
 10
215.3030979373962
 20
91.8289537243727
 30
0.0
 10
215.2281433407897
 20
91.82496109884779
 30
0.0
  0
SPLINE
  5
A19
330
70
100
AcDbEntity
  8
Visible
100
AcDbSpline
210
0.0
220
0.0
230
1.0
 70
     8
 71
     3
 72
     9
 73
     5
 74
     0
 42
0.000000001
 43
0.0000000001
 40
0.0
 40
0.0
 40
0.0
 40
0.0
 40
0.0231185642766846
 40
0.0440704637562236
 40
0.0440704637562236
 40
0.0440704637562236
 40
0.0440704637562236
 10
215.8356120960434
 20
92.33653262596272
 30
0.0
 10
215.8163850271521
 20
92.26031897417305
 30
0.0
 10
215.7797328444049
 20
92.11503439081026
 30
0.0
 10
215.6759796492988
 20
92.00738090456253
 30
0.0
 10
215.6266534945607
 20
91.9562004805266
 30
0.0
  0
LINE
  5
A1A
330
70
100
AcDbEntity
  8
Visible
100
AcDbLine
 10
215.590556
 20
92.382967
 30
0.0
 11
215.835612
 21
92.336533
 31
0.0
  0
SPLINE
  5
A1B
330
70
100
AcDbEntity
  8
Visible
100
AcDbSpline
210
0.0
220
0.0
230
1.0
 70
     8
 71
     3
 72
     9
 73
     5
 74
     0
 42
0.000000001
 43
0.0000000001
 40
0.0
 40
0.0
 40
0.0
 40
0.0
 40
0.0137190908281736
 40
0.0300881770120818
 40
0.0300881770120818
 40
0.0300881770120818
 40
0.0300881770120818
 10
215.4647220801835
 20
92.11425161503212
 30
0.0
 10
215.4944138477458
 20
92.14995201715101
 30
0.0
 10
215.5595326788243
 20
92.22824875210426
 30
0.0
 10
215.5796250898293
 20
92.32845227018151
 30
0.0
 10
215.5905561079253
 20
92.38296670695309
 30
0.0
  0
SPLINE
  5
A1C
330
70
100
AcDbEntity
  8
Visible
100
AcDbSpline
210
0.0
220
0.0
230
1.0
 70
     8
 71
     3
 72
     9
 73
     5
 74
     0
 42
0.000000001
 43
0.0000000001
 40
0.0
 40
0.0
 40
0.0
 40
0.0
 40
0.0133225116610004
 40
0.0260121684821695
 40
0.0260121684821695
 40
0.0260121684821695
 40
0.0260121684821695
 10
215.224972899101
 20
92.02691978721487
 30
0.0
 10
215.2703586320876
 20
92.02977901583109
 30
0.0
 10
215.3589741546857
 20
92.03536165207333
 30
0.0
 10
215.4300491707381
 20
92.08838496536555
 30
0.0
 10
215.4647220801835
 20
92.11425161503212
 30
0.0
  0
SPLINE
  5
A1D
330
70
100
AcDbEntity
  8
Visible
100
AcDbSpline
210
0.0
220
0.0
230
1.0
 70
     8
 71
     3
 72
     9
 73
     5
 74
     0
 42
0.000000001
 43
0.0000000001
 40
0.0
 40
0.0
 40
0.0
 40
0.0
 40
0.0124043348084583
 40
0.0257211098080432
 40
0.0257211098080432
 40
0.0257211098080432
 40
0.0257211098080432
 10
214.9899759405544
 20
92.11826327601556
 30
0.0
 10
215.0231681772675
 20
92.09203068072566
 30
0.0
 10
215.0919942109431
 20
92.03763586839341
 30
0.0
 10
215.1796106240017
 20
92.03057530396836
 30
0.0
 10
215.224972899101
 20
92.02691978721487
 30
0.0
  0
SPLINE
  5
A1E
330
70
100
AcDbEntity
  8
Visible
100
AcDbSpline
210
0.0
220
0.0
230
1.0
 70
     8
 71
     3
 72
     9
 73
     5
 74
     0
 42
0.000000001
 43
0.0000000001
 40
0.0
 40
0.0
 40
0.0
 40
0.0
 40
0.0125562083382326
 40
0.0247029371147934
 40
0.0247029371147934
 40
0.0247029371147934
 40
0.0247029371147934
 10
214.9011100703447
 20
92.34302205622588
 30
0.0
 10
214.9041744251954
 20
92.30015117080256
 30
0.0
 10
214.9102032010123
 20
92.21580749330678
 30
0.0
 10
214.9636805099853
 20
92.15041670597202
 30
0.0
 10
214.9899759405544
 20
92.11826327601556
 30
0.0
  0
SPLINE
  5
A1F
330
70
100
AcDbEntity
  8
Visible
100
AcDbSpline
210
0.0
220
0.0
230
1.0
 70
     8
 71
     3
 72
     9
 73
     5
 74
     0
 42
0.000000001
 43
0.0000000001
 40
0.0
 40
0.0
 40
0.0
 40
0.0
 40
0.0140293540467129
 40
0.0291938197683928
 40
0.0291938197683928
 40
0.0291938197683928
 40
0.0291938197683928
 10
215.0294715023556
 20
92.59397217727565
 30
0.0
 10
214.9925190600443
 20
92.56237538532515
 30
0.0
 10
214.9156243621674
 20
92.4966253125549
 30
0.0
 10
214.9060719726894
 20
92.39553335799611
 30
0.0
 10
214.9011100703447
 20
92.34302205622588
 30
0.0
  0
SPLINE
  5
A20
330
70
100
AcDbEntity
  8
Visible
100
AcDbSpline
210
0.0
220
0.0
230
1.0
 70
     8
 71
     3
 72
     9
 73
     5
 74
     0
 42
0.000000001
 43
0.0000000001
 40
0.0
 40
0.0
 40
0.0
 40
0.0
 40
0.0150443408922401
 40
0.0297251963266432
 40
0.0297251963266432
 40
0.0297251963266432
 40
0.0297251963266432
 10
215.3127814248382
 20
92.67262453680087
 30
0.0
 10
215.2620213658411
 20
92.66995846315694
 30
0.0
 10
215.161727658724
 20
92.66469073072039
 30
0.0
 10
215.0731960271642
 20
92.61735207299897
 30
0.0
 10
215.0294715023556
 20
92.59397217727565
 30
0.0
  0
ARC
  5
A21
330
70
100
AcDbEntity
  8
Visible
100
AcDbCircle
 10
215.302525
 20
92.297435
 30
0.0
 40
0.3753301399460014
100
AcDbArc
 50
82.377396
 51
88.434101
  0
LINE
  5
A22
330
70
100
AcDbEntity
  8
Visible
100
AcDbLine
 10
215.382035
 20
92.884678
 30
0.0
 11
215.352311
 21
92.669448
 31
0.0
  0
ARC
  5
A23
330
70
100
AcDbEntity
  8
Visible
100
AcDbCircle
 10
215.194266
 20
93.564228
 30
0.0
 40
0.7050147130557938
100
AcDbArc
 50
271.155017
 51
285.446264
  0
SPLINE
  5
A24
330
70
100
AcDbEntity
  8
Visible
100
AcDbSpline
210
0.0
220
0.0
230
1.0
 70
     8
 71
     3
 72
     9
 73
     5
 74
     0
 42
0.000000001
 43
0.0000000001
 40
0.0
 40
0.0
 40
0.0
 40
0.0
 40
0.0150124962087418
 40
0.0308054878826604
 40
0.0308054878826604
 40
0.0308054878826604
 40
0.0308054878826604
 10
214.928701802608
 20
92.9723542808024
 30
0.0
 10
214.9683603786907
 20
92.93987728357024
 30
0.0
 10
215.0497393690967
 20
92.87323481912972
 30
0.0
 10
215.1546782112327
 20
92.86406003824959
 30
0.0
 10
215.2084770105375
 20
92.85935642054937
 30
0.0
  0
SPLINE
  5
A25
330
70
100
AcDbEntity
  8
Visible
100
AcDbSpline
210
0.0
220
0.0
230
1.0
 70
     8
 71
     3
 72
     9
 73
     5
 74
     0
 42
0.000000001
 43
0.0000000001
 40
0.0
 40
0.0
 40
0.0
 40
0.0
 40
0.015678459385024
 40
0.0306479926894907
 40
0.0306479926894907
 40
0.0306479926894907
 40
0.0306479926894907
 10
214.8213633881915
 20
93.25257810314543
 30
0.0
 10
214.8249208629368
 20
93.19906400183208
 30
0.0
 10
214.8318749556402
 20
93.09445552305806
 30
0.0
 10
214.8969277710512
 20
93.01242218393054
 30
0.0
 10
214.928701802608
 20
92.9723542808024
 30
0.0
  0
SPLINE
  5
A26
330
70
100
AcDbEntity
  8
Visible
100
AcDbSpline
210
0.0
220
0.0
230
1.0
 70
     8
 71
     3
 72
     9
 73
     5
 74
     0
 42
0.000000001
 43
0.0000000001
 40
0.0
 40
0.0
 40
0.0
 40
0.0
 40
0.0161472239608192
 40
0.0327209709958506
 40
0.0327209709958506
 40
0.0327209709958506
 40
0.0327209709958506
 10
214.944095719351
 20
93.54861513780088
 30
0.0
 10
214.9087982226593
 20
93.5062302694787
 30
0.0
 10
214.837270858683
 20
93.420340951885
 30
0.0
 10
214.8267117582072
 20
93.30898290933873
 30
0.0
 10
214.8213633881915
 20
93.25257810314543
 30
0.0
  0
SPLINE
  5
A27
330
70
100
AcDbEntity
  8
Visible
100
AcDbSpline
210
0.0
220
0.0
230
1.0
 70
     8
 71
     3
 72
     9
 73
     5
 74
     0
 42
0.000000001
 43
0.0000000001
 40
0.0
 40
0.0
 40
0.0
 40
0.0
 40
0.0162582924488593
 40
0.0323066872527661
 40
0.0323066872527661
 40
0.0323066872527661
 40
0.0323066872527661
 10
215.2380695656502
 20
93.66534861134642
 30
0.0
 10
215.1826409112455
 20
93.66110501176263
 30
0.0
 10
215.0724991968928
 20
93.65267259827305
 30
0.0
 10
214.9867110891155
 20
93.58315039525223
 30
0.0
 10
214.944095719351
 20
93.54861513780088
 30
0.0
  0
SPLINE
  5
A28
330
70
100
AcDbEntity
  8
Visible
100
AcDbSpline
210
0.0
220
0.0
230
1.0
 70
     8
 71
     3
 72
     9
 73
     5
 74
     0
 42
0.000000001
 43
0.0000000001
 40
0.0
 40
0.0
 40
0.0
 40
0.0
 40
0.0132197579445488
 40
0.0269038849273729
 40
0.0269038849273729
 40
0.0269038849273729
 40
0.0269038849273729
 10
215.4846232432665
 20
93.57046330700176
 30
0.0
 10
215.4487965289118
 20
93.59772738396713
 30
0.0
 10
215.3758846190012
 20
93.6532132402408
 30
0.0
 10
215.2845334992471
 20
93.6612572072263
 30
0.0
 10
215.2380695656502
 20
93.66534861134642
 30
0.0
  0
SPLINE
  5
A29
330
70
100
AcDbEntity
  8
Visible
100
AcDbSpline
210
0.0
220
0.0
230
1.0
 70
     8
 71
     3
 72
     9
 73
     5
 74
     0
 42
0.000000001
 43
0.0000000001
 40
0.0
 40
0.0
 40
0.0
 40
0.0
 40
0.0188438528276848
 40
0.0337554465242955
 40
0.0337554465242955
 40
0.0337554465242955
 40
0.0337554465242955
 10
215.6251368423145
 20
93.26803428921085
 30
0.0
 10
215.6116910215169
 20
93.33049871741787
 30
0.0
 10
215.5876051995201
 20
93.44239274913888
 30
0.0
 10
215.516176941268
 20
93.53122245498525
 30
0.0
 10
215.4846232432665
 20
93.57046330700176
 30
0.0
  0
LINE
  5
A2A
330
70
100
AcDbEntity
  8
Visible
100
AcDbLine
 10
215.871058
 20
93.297994
 30
0.0
 11
215.625137
 21
93.268034
 31
0.0
  0
SPLINE
  5
A2B
330
70
100
AcDbEntity
  8
Visible
100
AcDbSpline
210
0.0
220
0.0
230
1.0
 70
     8
 71
     3
 72
     9
 73
     5
 74
     0
 42
0.000000001
 43
0.0000000001
 40
0.0
 40
0.0
 40
0.0
 40
0.0
 40
0.0226026473314661
 40
0.0460801144010873
 40
0.0460801144010873
 40
0.0460801144010873
 40
0.0460801144010873
 10
215.6771749078107
 20
93.70676372106755
 30
0.0
 10
215.7283539132222
 20
93.64925542938726
 30
0.0
 10
215.8326927718372
 20
93.53201302761409
 30
0.0
 10
215.8581087991206
 20
93.37698123011614
 30
0.0
 10
215.871058071305
 20
93.29799371092667
 30
0.0
  0
LINE
  5
A2C
330
70
100
AcDbEntity
  8
Visible
100
AcDbLine
 10
213.73564
 20
93.278516
 30
0.0
 11
214.122715
 21
93.845793
 31
0.0
  0
LINE
  5
A2D
330
70
100
AcDbEntity
  8
Visible
100
AcDbLine
 10
213.657893
 20
93.400824
 30
0.0
 11
213.73564
 21
93.278516
 31
0.0
  0
LINE
  5
A2E
330
70
100
AcDbEntity
  8
Visible
100
AcDbLine
 10
213.365601
 20
93.854367
 30
0.0
 11
213.657893
 21
93.400824
 31
0.0
  0
LINE
  5
A2F
330
70
100
AcDbEntity
  8
Visible
100
AcDbLine
 10
213.06412
 20
93.857781
 30
0.0
 11
213.365601
 21
93.854367
 31
0.0
  0
LINE
  5
A30
330
70
100
AcDbEntity
  8
Visible
100
AcDbLine
 10
213.594285
 20
93.085016
 30
0.0
 11
213.06412
 21
93.857781
 31
0.0
  0
LINE
  5
A31
330
70
100
AcDbEntity
  8
Visible
100
AcDbLine
 10
213.085911
 20
92.408601
 30
0.0
 11
213.594285
 21
93.085016
 31
0.0
  0
LINE
  5
A32
330
70
100
AcDbEntity
  8
Visible
100
AcDbLine
 10
213.379208
 20
92.40528
 30
0.0
 11
213.085911
 21
92.408601
 31
0.0
  0
LINE
  5
A33
330
70
100
AcDbEntity
  8
Visible
100
AcDbLine
 10
213.627271
 20
92.744921
 30
0.0
 11
213.379208
 21
92.40528
 31
0.0
  0
ARC
  5
A34
330
70
100
AcDbEntity
  8
Visible
100
AcDbCircle
 10
209.648355
 20
95.685749
 30
0.0
 40
4.947750974694117
100
AcDbArc
 50
323.531788
 51
325.780074
  0
ARC
  5
A35
330
70
100
AcDbEntity
  8
Visible
100
AcDbCircle
 10
217.397162
 20
95.008921
 30
0.0
 40
4.220386750179452
100
AcDbArc
 50
209.928703
 51
212.524322
  0
LINE
  5
A36
330
70
100
AcDbEntity
  8
Visible
100
AcDbLine
 10
214.057199
 20
92.397602
 30
0.0
 11
213.838686
 21
92.739798
 31
0.0
  0
LINE
  5
A37
330
70
100
AcDbEntity
  8
Visible
100
AcDbLine
 10
214.364137
 20
92.394126
 30
0.0
 11
214.057199
 21
92.397602
 31
0.0
  0
LINE
  5
A38
330
70
100
AcDbEntity
  8
Visible
100
AcDbLine
 10
213.882279
 20
93.095398
 30
0.0
 11
214.364137
 21
92.394126
 31
0.0
  0
LINE
  5
A39
330
70
100
AcDbEntity
  8
Visible
100
AcDbLine
 10
214.420104
 20
93.842426
 30
0.0
 11
213.882279
 21
93.095398
 31
0.0
  0
LINE
  5
A3A
330
70
100
AcDbEntity
  8
Visible
100
AcDbLine
 10
214.122715
 20
93.845793
 30
0.0
 11
214.420104
 21
93.842426
 31
0.0
  0
LINE
  5
A3B
330
70
100
AcDbEntity
  8
Visible
100
AcDbLine
 10
212.249303
 20
85.163388
 30
0.0
 11
211.853677
 21
85.160818
 31
0.0
  0
SPLINE
  5
A3C
330
70
100
AcDbEntity
  8
Visible
100
AcDbSpline
210
0.0
220
0.0
230
1.0
 70
     8
 71
     3
 72
     9
 73
     5
 74
     0
 42
0.000000001
 43
0.0000000001
 40
0.0
 40
0.0
 40
0.0
 40
0.0
 40
0.0472745972093173
 40
0.086673797035469
 40
0.086673797035469
 40
0.086673797035469
 40
0.086673797035469
 10
212.7906516139173
 20
85.83540478411668
 30
0.0
 10
212.6753510812505
 20
85.7265842816796
 30
0.0
 10
212.4639577419857
 20
85.52707150529569
 30
0.0
 10
212.3163850432066
 20
85.27704322877434
 30
0.0
 10
212.2493031055619
 20
85.16338818693112
 30
0.0
  0
ARC
  5
A3D
330
70
100
AcDbEntity
  8
Visible
100
AcDbCircle
 10
215.261389
 20
83.071073
 30
0.0
 40
3.707569566795845
100
AcDbArc
 50
115.124042
 51
131.790081
  0
LINE
  5
A3E
330
70
100
AcDbEntity
  8
Visible
100
AcDbLine
 10
213.683376
 20
87.021311
 30
0.0
 11
213.687231
 21
86.427872
 31
0.0
  0
ARC
  5
A3F
330
70
100
AcDbEntity
  8
Visible
100
AcDbCircle
 10
215.19432
 20
83.186053
 30
0.0
 40
4.122153941991313
100
AcDbArc
 50
111.502531
 51
121.522281
  0
ARC
  5
A40
330
70
100
AcDbEntity
  8
Visible
100
AcDbCircle
 10
214.620491
 20
83.949143
 30
0.0
 40
3.172934591243771
100
AcDbArc
 50
119.893502
 51
132.905642
  0
LINE
  5
A41
330
70
100
AcDbEntity
  8
Visible
100
AcDbLine
 10
212.434966
 20
90.185164
 30
0.0
 11
212.460379
 21
86.273241
 31
0.0
  0
LINE
  5
A42
330
70
100
AcDbEntity
  8
Visible
100
AcDbLine
 10
211.821064
 20
90.181176
 30
0.0
 11
212.434966
 21
90.185164
 31
0.0
  0
LINE
  5
A43
330
70
100
AcDbEntity
  8
Visible
100
AcDbLine
 10
211.853677
 20
85.160818
 30
0.0
 11
211.821064
 21
90.181176
 31
0.0
  0
LINE
  5
A44
330
70
100
AcDbEntity
  8
Visible
100
AcDbLine
 10
272.159772
 20
71.597809
 30
0.0
 11
272.072202
 21
72.692178
 31
0.0
  0
LINE
  5
A45
330
70
100
AcDbEntity
  8
Visible
100
AcDbLine
 10
271.587983
 20
72.295127
 30
0.0
 11
272.159772
 21
71.597809
 31
0.0
  0
LINE
  5
A46
330
70
100
AcDbEntity
  8
Visible
100
AcDbLine
 10
272.072202
 20
72.692178
 30
0.0
 11
271.587983
 21
72.295127
 31
0.0
  0
LINE
  5
A47
330
70
100
AcDbEntity
  8
Visible
100
AcDbLine
 10
271.255362
 20
72.313485
 30
0.0
 11
270.951734
 21
72.683771
 31
0.0
  0
LINE
  5
A48
330
70
100
AcDbEntity
  8
Visible
100
AcDbLine
 10
271.046483
 20
72.142208
 30
0.0
 11
271.255362
 21
72.313485
 31
0.0
  0
LINE
  5
A49
330
70
100
AcDbEntity
  8
Visible
100
AcDbLine
 10
271.189214
 20
71.968143
 30
0.0
 11
271.046483
 21
72.142208
 31
0.0
  0
LINE
  5
A4A
330
70
100
AcDbEntity
  8
Visible
100
AcDbLine
 10
271.398093
 20
72.13942
 30
0.0
 11
271.189214
 21
71.968143
 31
0.0
  0
LINE
  5
A4B
330
70
100
AcDbEntity
  8
Visible
100
AcDbLine
 10
272.219878
 20
71.137223
 30
0.0
 11
271.398093
 21
72.13942
 31
0.0
  0
LINE
  5
A4C
330
70
100
AcDbEntity
  8
Visible
100
AcDbLine
 10
272.374955
 20
71.264383
 30
0.0
 11
272.219878
 21
71.137223
 31
0.0
  0
LINE
  5
A4D
330
70
100
AcDbEntity
  8
Visible
100
AcDbLine
 10
272.258927
 20
72.84529
 30
0.0
 11
272.374955
 21
71.264383
 31
0.0
  0
LINE
  5
A4E
330
70
100
AcDbEntity
  8
Visible
100
AcDbLine
 10
272.116196
 20
73.019356
 30
0.0
 11
272.258927
 21
72.84529
 31
0.0
  0
LINE
  5
A4F
330
70
100
AcDbEntity
  8
Visible
100
AcDbLine
 10
271.445252
 20
72.469192
 30
0.0
 11
272.116196
 21
73.019356
 31
0.0
  0
LINE
  5
A50
330
70
100
AcDbEntity
  8
Visible
100
AcDbLine
 10
271.141624
 20
72.839478
 30
0.0
 11
271.445252
 21
72.469192
 31
0.0
  0
LINE
  5
A51
330
70
100
AcDbEntity
  8
Visible
100
AcDbLine
 10
270.951734
 20
72.683771
 30
0.0
 11
271.141624
 21
72.839478
 31
0.0
  0
LINE
  5
A52
330
70
100
AcDbEntity
  8
Visible
100
AcDbLine
 10
270.460735
 20
71.541935
 30
0.0
 11
270.392614
 21
72.225301
 31
0.0
  0
LINE
  5
A53
330
70
100
AcDbEntity
  8
Visible
100
AcDbLine
 10
270.32256
 20
71.585652
 30
0.0
 11
270.460735
 21
71.541935
 31
0.0
  0
LINE
  5
A54
330
70
100
AcDbEntity
  8
Visible
100
AcDbLine
 10
269.80712
 20
71.745206
 30
0.0
 11
270.32256
 21
71.585652
 31
0.0
  0
LINE
  5
A55
330
70
100
AcDbEntity
  8
Visible
100
AcDbLine
 10
269.573977
 20
71.554033
 30
0.0
 11
269.80712
 21
71.745206
 31
0.0
  0
LINE
  5
A56
330
70
100
AcDbEntity
  8
Visible
100
AcDbLine
 10
270.476831
 20
71.302844
 30
0.0
 11
269.573977
 21
71.554033
 31
0.0
  0
LINE
  5
A57
330
70
100
AcDbEntity
  8
Visible
100
AcDbLine
 10
270.522184
 20
70.457903
 30
0.0
 11
270.476831
 21
71.302844
 31
0.0
  0
LINE
  5
A58
330
70
100
AcDbEntity
  8
Visible
100
AcDbLine
 10
270.748998
 20
70.643886
 30
0.0
 11
270.522184
 21
70.457903
 31
0.0
  0
LINE
  5
A59
330
70
100
AcDbEntity
  8
Visible
100
AcDbLine
 10
270.720708
 20
71.063519
 30
0.0
 11
270.748998
 21
70.643886
 31
0.0
  0
ARC
  5
A5A
330
70
100
AcDbEntity
  8
Visible
100
AcDbCircle
 10
265.782963
 20
70.758769
 30
0.0
 40
4.947140938976997
100
AcDbArc
 50
3.531722
 51
5.780284
  0
ARC
  5
A5B
330
70
100
AcDbEntity
  8
Visible
100
AcDbCircle
 10
272.153341
 20
75.221082
 30
0.0
 40
4.220386750182951
100
AcDbArc
 50
249.928703
 51
252.524322
  0
LINE
  5
A5C
330
70
100
AcDbEntity
  8
Visible
100
AcDbLine
 10
271.273305
 20
71.07381
 30
0.0
 11
270.885955
 21
71.195489
 31
0.0
  0
LINE
  5
A5D
330
70
100
AcDbEntity
  8
Visible
100
AcDbLine
 10
271.510667
 20
71.268443
 30
0.0
 11
271.273305
 21
71.07381
 31
0.0
  0
LINE
  5
A5E
330
70
100
AcDbEntity
  8
Visible
100
AcDbLine
 10
270.690773
 20
71.495916
 30
0.0
 11
271.510667
 21
71.268443
 31
0.0
  0
LINE
  5
A5F
330
70
100
AcDbEntity
  8
Visible
100
AcDbLine
 10
270.622591
 20
72.413879
 30
0.0
 11
270.690773
 21
71.495916
 31
0.0
  0
LINE
  5
A60
330
70
100
AcDbEntity
  8
Visible
100
AcDbLine
 10
270.392614
 20
72.225301
 30
0.0
 11
270.622591
 21
72.413879
 31
0.0
  0
SPLINE
  5
A61
330
70
100
AcDbEntity
  8
Visible
100
AcDbSpline
210
0.0
220
0.0
230
1.0
 70
     8
 71
     3
 72
     9
 73
     5
 74
     0
 42
0.000000001
 43
0.0000000001
 40
0.0
 40
0.0
 40
0.0
 40
0.0
 40
0.0478395048620328
 40
0.0944287747182992
 40
0.0944287747182992
 40
0.0944287747182992
 40
0.0944287747182992
 10
275.3429453317894
 20
71.51418670658313
 30
0.0
 10
275.5002242570099
 20
71.5516248014519
 30
0.0
 10
275.8106717886167
 20
71.6255225860641
 30
0.0
 10
276.1227490874607
 20
71.55949313077872
 30
0.0
 10
276.2767217884229
 20
71.52691551744101
 30
0.0
  0
SPLINE
  5
A62
330
70
100
AcDbEntity
  8
Visible
100
AcDbSpline
210
0.0
220
0.0
230
1.0
 70
     8
 71
     3
 72
     9
 73
     5
 74
     0
 42
0.000000001
 43
0.0000000001
 40
0.0
 40
0.0
 40
0.0
 40
0.0
 40
0.0625678577146357
 40
0.1160400823040377
 40
0.1160400823040377
 40
0.1160400823040377
 40
0.1160400823040377
 10
274.3482404238166
 20
70.92811174374947
 30
0.0
 10
274.5116343229765
 20
71.06004005852082
 30
0.0
 10
274.8146691750426
 20
71.30471796605161
 30
0.0
 10
275.1763019663813
 20
71.44811032697726
 30
0.0
 10
275.3429453317894
 20
71.51418670658313
 30
0.0
  0
SPLINE
  5
A63
330
70
100
AcDbEntity
  8
Visible
100
AcDbSpline
210
0.0
220
0.0
230
1.0
 70
     8
 71
     3
 72
     9
 73
     5
 74
     0
 42
0.000000001
 43
0.0000000001
 40
0.0
 40
0.0
 40
0.0
 40
0.0
 40
0.0478082173210592
 40
0.0989051644184665
 40
0.0989051644184665
 40
0.0989051644184665
 40
0.0989051644184665
 10
273.7412221061695
 20
70.1545919338605
 30
0.0
 10
273.8184155524978
 20
70.29528047747226
 30
0.0
 10
273.9781125863719
 20
70.58633553698746
 30
0.0
 10
274.2221595151004
 20
70.81168857757075
 30
0.0
 10
274.3482404238166
 20
70.92811174374947
 30
0.0
  0
SPLINE
  5
A64
330
70
100
AcDbEntity
  8
Visible
100
AcDbSpline
210
0.0
220
0.0
230
1.0
 70
     8
 71
     3
 72
     9
 73
     5
 74
     0
 42
0.000000001
 43
0.0000000001
 40
0.0
 40
0.0
 40
0.0
 40
0.0
 40
0.0419476274121707
 40
0.0864878849173591
 40
0.0864878849173591
 40
0.0864878849173591
 40
0.0864878849173591
 10
273.5967175534406
 20
69.31096867680389
 30
0.0
 10
273.5900528218626
 20
69.45236656857014
 30
0.0
 10
273.5763114359197
 20
69.74390164087527
 30
0.0
 10
273.6851641969115
 20
70.01498641808211
 30
0.0
 10
273.7412221061695
 20
70.1545919338605
 30
0.0
  0
SPLINE
  5
A65
330
70
100
AcDbEntity
  8
Visible
100
AcDbSpline
210
0.0
220
0.0
230
1.0
 70
     8
 71
     3
 72
     9
 73
     5
 74
     0
 42
0.000000001
 43
0.0000000001
 40
0.0
 40
0.0
 40
0.0
 40
0.0
 40
0.0391722022172357
 40
0.0794514650286839
 40
0.0794514650286839
 40
0.0794514650286839
 40
0.0794514650286839
 10
273.9097625363811
 20
68.59000104551523
 30
0.0
 10
273.831978618
 20
68.69698812432943
 30
0.0
 10
273.6742125001601
 20
68.91398588472657
 30
0.0
 10
273.6227880483057
 20
69.17741754500821
 30
0.0
 10
273.5967175534406
 20
69.31096867680389
 30
0.0
  0
SPLINE
  5
A66
330
70
100
AcDbEntity
  8
Visible
100
AcDbSpline
210
0.0
220
0.0
230
1.0
 70
     8
 71
     3
 72
     9
 73
     5
 74
     0
 42
0.000000001
 43
0.0000000001
 40
0.0
 40
0.0
 40
0.0
 40
0.0
 40
0.036694047816813
 40
0.074950017706766
 40
0.074950017706766
 40
0.074950017706766
 40
0.074950017706766
 10
274.5288926215708
 20
68.18299735191977
 30
0.0
 10
274.4126206672081
 20
68.22608253753242
 30
0.0
 10
274.1751275162278
 20
68.31408687656585
 30
0.0
 10
273.9994379581003
 20
68.49676071111571
 30
0.0
 10
273.9097625363811
 20
68.59000104551523
 30
0.0
  0
SPLINE
  5
A67
330
70
100
AcDbEntity
  8
Visible
100
AcDbSpline
210
0.0
220
0.0
230
1.0
 70
     8
 71
     3
 72
     9
 73
     5
 74
     0
 42
0.000000001
 43
0.0000000001
 40
0.0
 40
0.0
 40
0.0
 40
0.0
 40
0.0442711578075782
 40
0.0829664586425915
 40
0.0829664586425915
 40
0.0829664586425915
 40
0.0829664586425915
 10
275.3502733396745
 20
68.21208268129703
 30
0.0
 10
275.2049493779741
 20
68.17730773715084
 30
0.0
 10
274.9326046945407
 20
68.11213767817026
 30
0.0
 10
274.6572958288016
 20
68.16045997941547
 30
0.0
 10
274.5288926215708
 20
68.18299735191977
 30
0.0
  0
ARC
  5
A68
330
70
100
AcDbEntity
  8
Visible
100
AcDbCircle
 10
273.170165
 20
74.44031
 30
0.0
 40
6.598764011689896
100
AcDbArc
 50
289.291919
 51
299.305337
  0
SPLINE
  5
A69
330
70
100
AcDbEntity
  8
Visible
100
AcDbSpline
210
0.0
220
0.0
230
1.0
 70
     8
 71
     3
 72
     9
 73
     5
 74
     0
 42
0.000000001
 43
0.0000000001
 40
0.0
 40
0.0
 40
0.0
 40
0.0
 40
0.0387245386833866
 40
0.1064411355295369
 40
0.1064411355295369
 40
0.1064411355295369
 40
0.1064411355295369
 10
277.3909202284703
 20
69.06070191711115
 30
0.0
 10
277.2637598479541
 20
69.03542990123423
 30
0.0
 10
276.9142374067142
 20
68.96596536637662
 30
0.0
 10
276.5999600826544
 20
68.79487630869153
 30
0.0
 10
276.4000205503944
 20
68.68603146514033
 30
0.0
  0
SPLINE
  5
A6A
330
70
100
AcDbEntity
  8
Visible
100
AcDbSpline
210
0.0
220
0.0
230
1.0
 70
     8
 71
     3
 72
     9
 73
     5
 74
     0
 42
0.000000001
 43
0.0000000001
 40
0.0
 40
0.0
 40
0.0
 40
0.0
 40
0.0250329262714377
 40
0.0496074501857249
 40
0.0496074501857249
 40
0.0496074501857249
 40
0.0496074501857249
 10
277.8262309418315
 20
68.8488361627642
 30
0.0
 10
277.7648689894868
 20
68.9089705795177
 30
0.0
 10
277.6432687434244
 20
69.02813823299948
 30
0.0
 10
277.4745166100802
 20
69.04991443074869
 30
0.0
 10
277.3909202284703
 20
69.06070191711115
 30
0.0
  0
SPLINE
  5
A6B
330
70
100
AcDbEntity
  8
Visible
100
AcDbSpline
210
0.0
220
0.0
230
1.0
 70
     8
 71
     3
 72
     9
 73
     5
 74
     0
 42
0.000000001
 43
0.0000000001
 40
0.0
 40
0.0
 40
0.0
 40
0.0
 40
0.0318194727018591
 40
0.0614040343818387
 40
0.0614040343818387
 40
0.0614040343818387
 40
0.0614040343818387
 10
277.9605967121843
 20
68.26693991858519
 30
0.0
 10
277.9729480835304
 20
68.37599066664734
 30
0.0
 10
277.9967833003448
 20
68.58643274235873
 30
0.0
 10
277.8816853282988
 20
68.76351678745777
 30
0.0
 10
277.8262309418315
 20
68.8488361627642
 30
0.0
  0
SPLINE
  5
A6C
330
70
100
AcDbEntity
  8
Visible
100
AcDbSpline
210
0.0
220
0.0
230
1.0
 70
     8
 71
     3
 72
     9
 73
     5
 74
     0
 42
0.000000001
 43
0.0000000001
 40
0.0
 40
0.0
 40
0.0
 40
0.0
 40
0.052175046394244
 40
0.0914111776275274
 40
0.0914111776275274
 40
0.0914111776275274
 40
0.0914111776275274
 10
277.4366018654073
 20
67.532671585368
 30
0.0
 10
277.569913451307
 20
67.64955173960697
 30
0.0
 10
277.8034766180062
 20
67.85432688172296
 30
0.0
 10
277.9134102474309
 20
68.14302355624931
 30
0.0
 10
277.9605967121843
 20
68.26693991858519
 30
0.0
  0
SPLINE
  5
A6D
330
70
100
AcDbEntity
  8
Visible
100
AcDbSpline
210
0.0
220
0.0
230
1.0
 70
     8
 71
     3
 72
     9
 73
     5
 74
     0
 42
0.000000001
 43
0.0000000001
 40
0.0
 40
0.0
 40
0.0
 40
0.0
 40
0.0408014957994914
 40
0.0917677153786479
 40
0.0917677153786479
 40
0.0917677153786479
 40
0.0917677153786479
 10
276.6158526641575
 20
67.1526964196928
 30
0.0
 10
276.7519980612269
 20
67.17603751320348
 30
0.0
 10
277.0582062480498
 20
67.22853457940255
 30
0.0
 10
277.3014875765184
 20
67.42407292988537
 30
0.0
 10
277.4366018654073
 20
67.532671585368
 30
0.0
  0
SPLINE
  5
A6E
330
70
100
AcDbEntity
  8
Visible
100
AcDbSpline
210
0.0
220
0.0
230
1.0
 70
     8
 71
     3
 72
     9
 73
     5
 74
     0
 42
0.000000001
 43
0.0000000001
 40
0.0
 40
0.0
 40
0.0
 40
0.0
 40
0.0430940487502746
 40
0.0811550174986856
 40
0.0811550174986856
 40
0.0811550174986856
 40
0.0811550174986856
 10
275.8881732757564
 20
67.474123612943
 30
0.0
 10
276.0005544817086
 20
67.3787578286865
 30
0.0
 10
276.21219156386
 20
67.1991643090605
 30
0.0
 10
276.4869795741706
 20
67.16753178649742
 30
0.0
 10
276.6158526641575
 20
67.1526964196928
 30
0.0
  0
LINE
  5
A6F
330
70
100
AcDbEntity
  8
Visible
100
AcDbLine
 10
275.435799
 20
67.026826
 30
0.0
 11
275.888173
 21
67.474124
 31
0.0
  0
SPLINE
  5
A70
330
70
100
AcDbEntity
  8
Visible
100
AcDbSpline
210
0.0
220
0.0
230
1.0
 70
     8
 71
     3
 72
     9
 73
     5
 74
     0
 42
0.000000001
 43
0.0000000001
 40
0.0
 40
0.0
 40
0.0
 40
0.0
 40
0.0410395386700506
 40
0.0833167866162533
 40
0.0833167866162533
 40
0.0833167866162533
 40
0.0833167866162533
 10
276.1332195770319
 20
66.58566019182217
 30
0.0
 10
276.00358701591
 20
66.63407943300445
 30
0.0
 10
275.7404123121105
 20
66.73237818870439
 30
0.0
 10
275.5383374561879
 20
66.92770978373665
 30
0.0
 10
275.435799070654
 20
67.02682645170352
 30
0.0
  0
SPLINE
  5
A71
330
70
100
AcDbEntity
  8
Visible
100
AcDbSpline
210
0.0
220
0.0
230
1.0
 70
     8
 71
     3
 72
     9
 73
     5
 74
     0
 42
0.000000001
 43
0.0000000001
 40
0.0
 40
0.0
 40
0.0
 40
0.0
 40
0.0435925805207873
 40
0.0848804175087196
 40
0.0848804175087196
 40
0.0848804175087196
 40
0.0848804175087196
 10
276.9721426244087
 20
66.6072767057758
 30
0.0
 10
276.8292268885616
 20
66.57117441407717
 30
0.0
 10
276.5509513842826
 20
66.50087856198843
 30
0.0
 10
276.2699199128747
 20
66.55791589016553
 30
0.0
 10
276.1332195770319
 20
66.58566019182217
 30
0.0
  0
SPLINE
  5
A72
330
70
100
AcDbEntity
  8
Visible
100
AcDbSpline
210
0.0
220
0.0
230
1.0
 70
     8
 71
     3
 72
     9
 73
     5
 74
     0
 42
0.000000001
 43
0.0000000001
 40
0.0
 40
0.0
 40
0.0
 40
0.0
 40
0.0525018952813774
 40
0.1001776248763139
 40
0.1001776248763139
 40
0.1001776248763139
 40
0.1001776248763139
 10
277.8351697229991
 20
67.10601814758774
 30
0.0
 10
277.6972079926309
 20
66.99648140083446
 30
0.0
 10
277.4339664772888
 20
66.78747692456636
 30
0.0
 10
277.1210590234259
 20
66.66538277266045
 30
0.0
 10
276.9721426244087
 20
66.6072767057758
 30
0.0
  0
SPLINE
  5
A73
330
70
100
AcDbEntity
  8
Visible
100
AcDbSpline
210
0.0
220
0.0
230
1.0
 70
     8
 71
     3
 72
     9
 73
     5
 74
     0
 42
0.000000001
 43
0.0000000001
 40
0.0
 40
0.0
 40
0.0
 40
0.0
 40
0.0454093495783866
 40
0.093772928055757
 40
0.093772928055757
 40
0.093772928055757
 40
0.093772928055757
 10
278.4236789379702
 20
67.83022500113839
 30
0.0
 10
278.3462610649749
 20
67.69913371886286
 30
0.0
 10
278.1863886884257
 20
67.42842265394575
 30
0.0
 10
277.9546760089725
 20
67.2157199829926
 30
0.0
 10
277.8351697229991
 20
67.10601814758774
 30
0.0
  0
SPLINE
  5
A74
330
70
100
AcDbEntity
  8
Visible
100
AcDbSpline
210
0.0
220
0.0
230
1.0
 70
     8
 71
     3
 72
     9
 73
     5
 74
     0
 42
0.000000001
 43
0.0000000001
 40
0.0
 40
0.0
 40
0.0
 40
0.0
 40
0.0392001405918682
 40
0.0811661215701934
 40
0.0811661215701934
 40
0.0811661215701934
 40
0.0811661215701934
 10
278.5781314037013
 20
68.61739232420041
 30
0.0
 10
278.5829633118265
 20
68.48500350640097
 30
0.0
 10
278.5929680525351
 20
68.21088492626768
 30
0.0
 10
278.4813761884397
 20
67.9599618191296
 30
0.0
 10
278.4236789379702
 20
67.83022500113839
 30
0.0
  0
SPLINE
  5
A75
330
70
100
AcDbEntity
  8
Visible
100
AcDbSpline
210
0.0
220
0.0
230
1.0
 70
     8
 71
     3
 72
     9
 73
     5
 74
     0
 42
0.000000001
 43
0.0000000001
 40
0.0
 40
0.0
 40
0.0
 40
0.0
 40
0.037013624260742
 40
0.0747741837079815
 40
0.0747741837079815
 40
0.0747741837079815
 40
0.0747741837079815
 10
278.2834129006951
 20
69.29574394214796
 30
0.0
 10
278.3570784733965
 20
69.1947363715517
 30
0.0
 10
278.5058961905524
 20
68.99068289690331
 30
0.0
 10
278.553893181941
 20
68.74264840482465
 30
0.0
 10
278.5781314037013
 20
68.61739232420041
 30
0.0
  0
SPLINE
  5
A76
330
70
100
AcDbEntity
  8
Visible
100
AcDbSpline
210
0.0
220
0.0
230
1.0
 70
     8
 71
     3
 72
     9
 73
     5
 74
     0
 42
0.000000001
 43
0.0000000001
 40
0.0
 40
0.0
 40
0.0
 40
0.0
 40
0.0322707490120228
 40
0.0653483097089642
 40
0.0653483097089642
 40
0.0653483097089642
 40
0.0653483097089642
 10
277.746407910392
 20
69.65617701286283
 30
0.0
 10
277.8476977908594
 20
69.61613156064595
 30
0.0
 10
278.0528099336425
 20
69.53503946660021
 30
0.0
 10
278.2059151492595
 20
69.37616296411761
 30
0.0
 10
278.2834129006951
 20
69.29574394214796
 30
0.0
  0
SPLINE
  5
A77
330
70
100
AcDbEntity
  8
Visible
100
AcDbSpline
210
0.0
220
0.0
230
1.0
 70
     8
 71
     3
 72
     9
 73
     5
 74
     0
 42
0.000000001
 43
0.0000000001
 40
0.0
 40
0.0
 40
0.0
 40
0.0
 40
0.0376606062707543
 40
0.0714501314752291
 40
0.0714501314752291
 40
0.0714501314752291
 40
0.0714501314752291
 10
277.0381955129069
 20
69.66511270226693
 30
0.0
 10
277.1631098579928
 20
69.68794288429126
 30
0.0
 10
277.4000987772724
 20
69.73125656584852
 30
0.0
 10
277.6352176846613
 20
69.68028296805096
 30
0.0
 10
277.746407910392
 20
69.65617701286283
 30
0.0
  0
ARC
  5
A78
330
70
100
AcDbEntity
  8
Visible
100
AcDbCircle
 10
278.295893
 20
65.294109
 30
0.0
 40
4.548349291080871
100
AcDbArc
 50
106.052465
 51
118.857643
  0
ARC
  5
A79
330
70
100
AcDbEntity
  8
Visible
100
AcDbCircle
 10
271.961727
 20
77.04283
 30
0.0
 40
8.799381351418089
100
AcDbArc
 50
292.045813
 51
298.058381
  0
SPLINE
  5
A7A
330
70
100
AcDbEntity
  8
Visible
100
AcDbSpline
210
0.0
220
0.0
230
1.0
 70
     8
 71
     3
 72
     9
 73
     5
 74
     0
 42
0.000000001
 43
0.0000000001
 40
0.0
 40
0.0
 40
0.0
 40
0.0
 40
0.0242452770211066
 40
0.0543126847397881
 40
0.0543126847397881
 40
0.0543126847397881
 40
0.0543126847397881
 10
274.7304666023901
 20
68.81996600130332
 30
0.0
 10
274.8117915600214
 20
68.81314413528162
 30
0.0
 10
274.9939704141325
 20
68.797862236941
 30
0.0
 10
275.1681372548755
 20
68.85512409721195
 30
0.0
 10
275.2645557147043
 20
68.88682416336997
 30
0.0
  0
SPLINE
  5
A7B
330
70
100
AcDbEntity
  8
Visible
100
AcDbSpline
210
0.0
220
0.0
230
1.0
 70
     8
 71
     3
 72
     9
 73
     5
 74
     0
 42
0.000000001
 43
0.0000000001
 40
0.0
 40
0.0
 40
0.0
 40
0.0
 40
0.0223035802791337
 40
0.0439336706993653
 40
0.0439336706993653
 40
0.0439336706993653
 40
0.0439336706993653
 10
274.3603162732398
 20
69.04470415923788
 30
0.0
 10
274.4132763640628
 20
68.99063999876307
 30
0.0
 10
274.5175973368132
 20
68.88414422573987
 30
0.0
 10
274.6602390653552
 20
68.84113899037402
 30
0.0
 10
274.7304666023901
 20
68.81996600130332
 30
0.0
  0
SPLINE
  5
A7C
330
70
100
AcDbEntity
  8
Visible
100
AcDbSpline
210
0.0
220
0.0
230
1.0
 70
     8
 71
     3
 72
     9
 73
     5
 74
     0
 42
0.000000001
 43
0.0000000001
 40
0.0
 40
0.0
 40
0.0
 40
0.0
 40
0.023091272211631
 40
0.0456673639149169
 40
0.0456673639149169
 40
0.0456673639149169
 40
0.0456673639149169
 10
274.1908901737606
 20
69.46248762162213
 30
0.0
 10
274.2024614949569
 20
69.38514747417684
 30
0.0
 10
274.2253459740477
 20
69.23219268562025
 30
0.0
 10
274.3156658108
 20
69.10672854130644
 30
0.0
 10
274.3603162732398
 20
69.04470415923788
 30
0.0
  0
SPLINE
  5
A7D
330
70
100
AcDbEntity
  8
Visible
100
AcDbSpline
210
0.0
220
0.0
230
1.0
 70
     8
 71
     3
 72
     9
 73
     5
 74
     0
 42
0.000000001
 43
0.0000000001
 40
0.0
 40
0.0
 40
0.0
 40
0.0
 40
0.0285869424124087
 40
0.0536093975594186
 40
0.0536093975594186
 40
0.0536093975594186
 40
0.0536093975594186
 10
274.3196518325894
 20
69.97711292604617
 30
0.0
 10
274.2771197199854
 20
69.8903521364864
 30
0.0
 10
274.1973587962493
 20
69.72764870381252
 30
0.0
 10
274.1929486374811
 20
69.54686794661211
 30
0.0
 10
274.1908901737606
 20
69.46248762162213
 30
0.0
  0
SPLINE
  5
A7E
330
70
100
AcDbEntity
  8
Visible
100
AcDbSpline
210
0.0
220
0.0
230
1.0
 70
     8
 71
     3
 72
     9
 73
     5
 74
     0
 42
0.000000001
 43
0.0000000001
 40
0.0
 40
0.0
 40
0.0
 40
0.0
 40
0.0357521153295711
 40
0.0680809889792955
 40
0.0680809889792955
 40
0.0680809889792955
 40
0.0680809889792955
 10
274.7560347476501
 20
70.49587207806325
 30
0.0
 10
274.6671486631421
 20
70.41547934690789
 30
0.0
 10
274.497887278636
 20
70.26239143607018
 30
0.0
 10
274.3770381397135
 20
70.06896379272439
 30
0.0
 10
274.3196518325894
 20
69.97711292604617
 30
0.0
  0
SPLINE
  5
A7F
330
70
100
AcDbEntity
  8
Visible
100
AcDbSpline
210
0.0
220
0.0
230
1.0
 70
     8
 71
     3
 72
     9
 73
     5
 74
     0
 42
0.000000001
 43
0.0000000001
 40
0.0
 40
0.0
 40
0.0
 40
0.0
 40
0.0379079343698787
 40
0.0785787803145869
 40
0.0785787803145869
 40
0.0785787803145869
 40
0.0785787803145869
 10
275.4367780152516
 20
70.87992163008312
 30
0.0
 10
275.3176571415624
 20
70.83542086594935
 30
0.0
 10
275.0707332951424
 20
70.74317590914143
 30
0.0
 10
274.8633646953022
 20
70.58021662765168
 30
0.0
 10
274.7560347476501
 20
70.49587207806325
 30
0.0
  0
SPLINE
  5
A80
330
70
100
AcDbEntity
  8
Visible
100
AcDbSpline
210
0.0
220
0.0
230
1.0
 70
     8
 71
     3
 72
     9
 73
     5
 74
     0
 42
0.000000001
 43
0.0000000001
 40
0.0
 40
0.0
 40
0.0
 40
0.0
 40
0.0300048413871858
 40
0.064234365751313
 40
0.064234365751313
 40
0.064234365751313
 40
0.064234365751313
 10
276.0718967865923
 20
70.90956658930008
 30
0.0
 10
275.9721933397977
 20
70.92679384821895
 30
0.0
 10
275.7587481965475
 20
70.9636739648613
 30
0.0
 10
275.548706217076
 20
70.90903689843617
 30
0.0
 10
275.4367780152516
 20
70.87992163008312
 30
0.0
  0
SPLINE
  5
A81
330
70
100
AcDbEntity
  8
Visible
100
AcDbSpline
210
0.0
220
0.0
230
1.0
 70
     8
 71
     3
 72
     9
 73
     5
 74
     0
 42
0.000000001
 43
0.0000000001
 40
0.0
 40
0.0
 40
0.0
 40
0.0
 40
0.0349364244801029
 40
0.0653875744540532
 40
0.0653875744540532
 40
0.0653875744540532
 40
0.0653875744540532
 10
276.6278688518923
 20
70.57421367384268
 30
0.0
 10
276.5391652094531
 20
70.65136112586333
 30
0.0
 10
276.3731460443359
 20
70.79575153896076
 30
0.0
 10
276.1676136941569
 20
70.87340376276188
 30
0.0
 10
276.0718967865923
 20
70.90956658930008
 30
0.0
  0
LINE
  5
A82
330
70
100
AcDbEntity
  8
Visible
100
AcDbLine
 10
277.068029
 20
71.02008
 30
0.0
 11
276.627869
 21
70.574214
 31
0.0
  0
SPLINE
  5
A83
330
70
100
AcDbEntity
  8
Visible
100
AcDbSpline
210
0.0
220
0.0
230
1.0
 70
     8
 71
     3
 72
     9
 73
     5
 74
     0
 42
0.000000001
 43
0.0000000001
 40
0.0
 40
0.0
 40
0.0
 40
0.0
 40
0.0467825841956367
 40
0.0949136120566798
 40
0.0949136120566798
 40
0.0949136120566798
 40
0.0949136120566798
 10
276.2767217884229
 20
71.52691551744101
 30
0.0
 10
276.4245010428622
 20
71.47150783395045
 30
0.0
 10
276.7243190855588
 20
71.35909541667752
 30
0.0
 10
276.952379240689
 20
71.13415024144888
 30
0.0
 10
277.0680293507503
 20
71.02007974869593
 30
0.0
  0
LINE
  5
A84
330
70
100
AcDbEntity
  8
Visible
100
AcDbLine
 10
311.220318
 20
158.846832
 30
0.0
 11
309.517835
 21
158.866112
 31
0.0
  0
LINE
  5
A85
330
70
100
AcDbEntity
  8
Visible
100
AcDbLine
 10
309.511285
 20
158.287704
 30
0.0
 11
311.220318
 21
158.846832
 31
0.0
  0
LINE
  5
A86
330
70
100
AcDbEntity
  8
Visible
100
AcDbLine
 10
309.508582
 20
158.048974
 30
0.0
 11
309.511285
 21
158.287704
 31
0.0
  0
LINE
  5
A87
330
70
100
AcDbEntity
  8
Visible
100
AcDbLine
 10
311.175836
 20
157.448883
 30
0.0
 11
309.508582
 21
158.048974
 31
0.0
  0
LINE
  5
A88
330
70
100
AcDbEntity
  8
Visible
100
AcDbLine
 10
309.502001
 20
157.467838
 30
0.0
 11
311.175836
 21
157.448883
 31
0.0
  0
LINE
  5
A89
330
70
100
AcDbEntity
  8
Visible
100
AcDbLine
 10
309.499112
 20
157.212739
 30
0.0
 11
309.502001
 21
157.467838
 31
0.0
  0
LINE
  5
A8A
330
70
100
AcDbEntity
  8
Visible
100
AcDbLine
 10
311.498984
 20
157.190092
 30
0.0
 11
309.499112
 21
157.212739
 31
0.0
  0
LINE
  5
A8B
330
70
100
AcDbEntity
  8
Visible
100
AcDbLine
 10
311.503016
 20
157.54614
 30
0.0
 11
311.498984
 21
157.190092
 31
0.0
  0
LINE
  5
A8C
330
70
100
AcDbEntity
  8
Visible
100
AcDbLine
 10
310.116986
 20
158.04072
 30
0.0
 11
311.503016
 21
157.54614
 31
0.0
  0
ARC
  5
A8D
330
70
100
AcDbEntity
  8
Visible
100
AcDbCircle
 10
305.457458
 20
145.035091
 30
0.0
 40
13.81512180852003
100
AcDbArc
 50
70.288919
 51
71.689914
  0
ARC
  5
A8E
330
70
100
AcDbEntity
  8
Visible
100
AcDbCircle
 10
305.573975
 20
172.295027
 30
0.0
 40
14.76141931247953
100
AcDbArc
 50
286.626208
 51
287.833616
  0
LINE
  5
A8F
330
70
100
AcDbEntity
  8
Visible
100
AcDbLine
 10
311.516085
 20
158.700227
 30
0.0
 11
310.094717
 21
158.242895
 31
0.0
  0
LINE
  5
A90
330
70
100
AcDbEntity
  8
Visible
100
AcDbLine
 10
311.520596
 20
159.098564
 30
0.0
 11
311.516085
 21
158.700227
 31
0.0
  0
LINE
  5
A91
330
70
100
AcDbEntity
  8
Visible
100
AcDbLine
 10
309.520724
 20
159.121211
 30
0.0
 11
311.520596
 21
159.098564
 31
0.0
  0
LINE
  5
A92
330
70
100
AcDbEntity
  8
Visible
100
AcDbLine
 10
309.517835
 20
158.866112
 30
0.0
 11
309.520724
 21
159.121211
 31
0.0
  0
SPLINE
  5
A93
330
70
100
AcDbEntity
  8
Visible
100
AcDbSpline
210
0.0
220
0.0
230
1.0
 70
     8
 71
     3
 72
     9
 73
     5
 74
     0
 42
0.000000001
 43
0.0000000001
 40
0.0
 40
0.0
 40
0.0
 40
0.0
 40
0.0156273306865913
 40
0.0315861079404347
 40
0.0315861079404347
 40
0.0315861079404347
 40
0.0315861079404347
 10
311.2418375410452
 20
151.7110698543456
 30
0.0
 10
311.2362309439668
 20
151.7648561373989
 30
0.0
 10
311.2248988371557
 20
151.8735694791921
 30
0.0
 10
311.1430249871501
 20
151.9461343207586
 30
0.0
 10
311.1016584934477
 20
151.982797468534
 30
0.0
  0
SPLINE
  5
A94
330
70
100
AcDbEntity
  8
Visible
100
AcDbSpline
210
0.0
220
0.0
230
1.0
 70
     8
 71
     3
 72
     9
 73
     5
 74
     0
 42
0.000000001
 43
0.0000000001
 40
0.0
 40
0.0
 40
0.0
 40
0.0
 40
0.0177703700644777
 40
0.0340583348573086
 40
0.0340583348573086
 40
0.0340583348573086
 40
0.0340583348573086
 10
311.0762496229036
 20
151.4257508103746
 30
0.0
 10
311.1240174114791
 20
151.4646469089566
 30
0.0
 10
311.2155681970144
 20
151.5391943913837
 30
0.0
 10
311.2333389194264
 20
151.6554649437767
 30
0.0
 10
311.2418375410452
 20
151.7110698543456
 30
0.0
  0
SPLINE
  5
A95
330
70
100
AcDbEntity
  8
Visible
100
AcDbSpline
210
0.0
220
0.0
230
1.0
 70
     8
 71
     3
 72
     9
 73
     5
 74
     0
 42
0.000000001
 43
0.0000000001
 40
0.0
 40
0.0
 40
0.0
 40
0.0
 40
0.0411991481537291
 40
0.0672012089097054
 40
0.0672012089097054
 40
0.0672012089097054
 40
0.0672012089097054
 10
310.4187789742555
 20
151.3179085670927
 30
0.0
 10
310.5580399690643
 20
151.3148852478771
 30
0.0
 10
310.7851928987821
 20
151.3099538180959
 30
0.0
 10
310.9950499541446
 20
151.3934455013514
 30
0.0
 10
311.0762496229036
 20
151.4257508103746
 30
0.0
  0
SPLINE
  5
A96
330
70
100
AcDbEntity
  8
Visible
100
AcDbSpline
210
0.0
220
0.0
230
1.0
 70
     8
 71
     3
 72
     9
 73
     5
 74
     0
 42
0.000000001
 43
0.0000000001
 40
0.0
 40
0.0
 40
0.0
 40
0.0
 40
0.0260342171008199
 40
0.0670632558465381
 40
0.0670632558465381
 40
0.0670632558465381
 40
0.0670632558465381
 10
309.7652833216271
 20
151.4405963957215
 30
0.0
 10
309.8458427853257
 20
151.4064511290435
 30
0.0
 10
310.0533612178551
 20
151.3184940859628
 30
0.0
 10
310.2800758470603
 20
151.3181308149087
 30
0.0
 10
310.4187789742555
 20
151.3179085670927
 30
0.0
  0
SPLINE
  5
A97
330
70
100
AcDbEntity
  8
Visible
100
AcDbSpline
210
0.0
220
0.0
230
1.0
 70
     8
 71
     3
 72
     9
 73
     5
 74
     0
 42
0.000000001
 43
0.0000000001
 40
0.0
 40
0.0
 40
0.0
 40
0.0
 40
0.016098518822424
 40
0.0338897055589784
 40
0.0338897055589784
 40
0.0338897055589784
 40
0.0338897055589784
 10
309.604803722259
 20
151.7268790031448
 30
0.0
 10
309.6122672777328
 20
151.671789382257
 30
0.0
 10
309.6279791391935
 20
151.55581777941
 30
0.0
 10
309.7180162517125
 20
151.4802614452619
 30
0.0
 10
309.7652833216271
 20
151.4405963957215
 30
0.0
  0
SPLINE
  5
A98
330
70
100
AcDbEntity
  8
Visible
100
AcDbSpline
210
0.0
220
0.0
230
1.0
 70
     8
 71
     3
 72
     9
 73
     5
 74
     0
 42
0.000000001
 43
0.0000000001
 40
0.0
 40
0.0
 40
0.0
 40
0.0
 40
0.0177559312677788
 40
0.0338501747490336
 40
0.0338501747490336
 40
0.0338501747490336
 40
0.0338501747490336
 10
309.7710430293282
 20
152.0094623911791
 30
0.0
 10
309.7230869683081
 20
151.9708468047956
 30
0.0
 10
309.6316628114273
 20
151.8972294694158
 30
0.0
 10
309.6134588780515
 20
151.7817732631738
 30
0.0
 10
309.604803722259
 20
151.7268790031448
 30
0.0
  0
SPLINE
  5
A99
330
70
100
AcDbEntity
  8
Visible
100
AcDbSpline
210
0.0
220
0.0
230
1.0
 70
     8
 71
     3
 72
     9
 73
     5
 74
     0
 42
0.000000001
 43
0.0000000001
 40
0.0
 40
0.0
 40
0.0
 40
0.0
 40
0.0411140930152887
 40
0.0671322115200147
 40
0.0671322115200147
 40
0.0671322115200147
 40
0.0671322115200147
 10
310.4278315398024
 20
152.1173117630151
 30
0.0
 10
310.2888647895779
 20
152.1202826885765
 30
0.0
 10
310.0619560926807
 20
152.125133696798
 30
0.0
 10
309.8522988934237
 20
152.0417709158664
 30
0.0
 10
309.7710430293282
 20
152.0094623911791
 30
0.0
  0
SPLINE
  5
A9A
330
70
100
AcDbEntity
  8
Visible
100
AcDbSpline
210
0.0
220
0.0
230
1.0
 70
     8
 71
     3
 72
     9
 73
     5
 74
     0
 42
0.000000001
 43
0.0000000001
 40
0.0
 40
0.0
 40
0.0
 40
0.0
 40
0.0277083759905545
 40
0.0693368929506909
 40
0.0693368929506909
 40
0.0693368929506909
 40
0.0693368929506909
 10
311.1016584934477
 20
151.982797468534
 30
0.0
 10
311.0164037491959
 20
152.0204156243926
 30
0.0
 10
310.803063960615
 20
152.1145505548047
 30
0.0
 10
310.5685994530322
 20
152.1162758996506
 30
0.0
 10
310.4278315398024
 20
152.1173117630151
 30
0.0
  0
SPLINE
  5
A9B
330
70
100
AcDbEntity
  8
Visible
100
AcDbSpline
210
0.0
220
0.0
230
1.0
 70
     8
 71
     3
 72
     9
 73
     5
 74
     0
 42
0.000000001
 43
0.0000000001
 40
0.0
 40
0.0
 40
0.0
 40
0.0
 40
0.026333914574837
 40
0.0513634826096901
 40
0.0513634826096901
 40
0.0513634826096901
 40
0.0513634826096901
 10
309.4029068270101
 20
151.7291653148422
 30
0.0
 10
309.4116593468097
 20
151.8195648774854
 30
0.0
 10
309.4287308648818
 20
151.9958864171676
 30
0.0
 10
309.554242509239
 20
152.1204066767641
 30
0.0
 10
309.6154046828687
 20
152.1810857458404
 30
0.0
  0
SPLINE
  5
A9C
330
70
100
AcDbEntity
  8
Visible
100
AcDbSpline
210
0.0
220
0.0
230
1.0
 70
     8
 71
     3
 72
     9
 73
     5
 74
     0
 42
0.000000001
 43
0.0000000001
 40
0.0
 40
0.0
 40
0.0
 40
0.0
 40
0.0185354309592938
 40
0.0388226534349467
 40
0.0388226534349467
 40
0.0388226534349467
 40
0.0388226534349467
 10
309.5167906125971
 20
151.3642783382293
 30
0.0
 10
309.4829890400415
 20
151.4173173255058
 30
0.0
 10
309.4121912938354
 20
151.5284080374567
 30
0.0
 10
309.4060933680266
 20
151.6602629954377
 30
0.0
 10
309.4029068270101
 20
151.7291653148422
 30
0.0
  0
SPLINE
  5
A9D
330
70
100
AcDbEntity
  8
Visible
100
AcDbSpline
210
0.0
220
0.0
230
1.0
 70
     8
 71
     3
 72
     9
 73
     5
 74
     0
 42
0.000000001
 43
0.0000000001
 40
0.0
 40
0.0
 40
0.0
 40
0.0
 40
0.021184564583552
 40
0.0402125925746742
 40
0.0402125925746742
 40
0.0402125925746742
 40
0.0402125925746742
 10
309.8485633941873
 20
151.144272505322
 30
0.0
 10
309.7820721365279
 20
151.170699238075
 30
0.0
 10
309.6558582677717
 20
151.220862527156
 30
0.0
 10
309.5614590041514
 20
151.3182133233567
 30
0.0
 10
309.5167906125971
 20
151.3642783382293
 30
0.0
  0
SPLINE
  5
A9E
330
70
100
AcDbEntity
  8
Visible
100
AcDbSpline
210
0.0
220
0.0
230
1.0
 70
     8
 71
     3
 72
     9
 73
     5
 74
     0
 42
0.000000001
 43
0.0000000001
 40
0.0
 40
0.0
 40
0.0
 40
0.0
 40
0.0318555617337857
 40
0.0574536216840496
 40
0.0574536216840496
 40
0.0574536216840496
 40
0.0574536216840496
 10
310.4159210888538
 20
151.0655378205374
 30
0.0
 10
310.309309618613
 20
151.0682047739192
 30
0.0
 10
310.1170287500608
 20
151.0730148015045
 30
0.0
 10
309.9313093680085
 20
151.1223095668429
 30
0.0
 10
309.8485633941873
 20
151.144272505322
 30
0.0
  0
ARC
  5
A9F
330
70
100
AcDbEntity
  8
Visible
100
AcDbCircle
 10
310.488657
 20
153.040224
 30
0.0
 40
1.976025335528832
100
AcDbArc
 50
267.890497
 51
281.692454
  0
SPLINE
  5
AA0
330
70
100
AcDbEntity
  8
Visible
100
AcDbSpline
210
0.0
220
0.0
230
1.0
 70
     8
 71
     3
 72
     9
 73
     5
 74
     0
 42
0.000000001
 43
0.0000000001
 40
0.0
 40
0.0
 40
0.0
 40
0.0
 40
0.0152703100348924
 40
0.0323328542251258
 40
0.0323328542251258
 40
0.0323328542251258
 40
0.0323328542251258
 10
311.1879099779289
 20
151.2259740638383
 30
0.0
 10
311.1432465673388
 20
151.2011596329594
 30
0.0
 10
311.048677724888
 20
151.1486183699162
 30
0.0
 10
310.944232705775
 20
151.1201993294453
 30
0.0
 10
310.8891154636767
 20
151.1052021649357
 30
0.0
  0
SPLINE
  5
AA1
330
70
100
AcDbEntity
  8
Visible
100
AcDbSpline
210
0.0
220
0.0
230
1.0
 70
     8
 71
     3
 72
     9
 73
     5
 74
     0
 42
0.000000001
 43
0.0000000001
 40
0.0
 40
0.0
 40
0.0
 40
0.0
 40
0.0136190759140628
 40
0.0276411191356048
 40
0.0276411191356048
 40
0.0276411191356048
 40
0.0276411191356048
 10
311.3770720398188
 20
151.424390609407
 30
0.0
 10
311.3523558615252
 20
151.3857710789398
 30
0.0
 10
311.3021921916025
 20
151.307389326068
 30
0.0
 10
311.2263724961085
 20
151.2533749681697
 30
0.0
 10
311.1879099779289
 20
151.2259740638383
 30
0.0
  0
SPLINE
  5
AA2
330
70
100
AcDbEntity
  8
Visible
100
AcDbSpline
210
0.0
220
0.0
230
1.0
 70
     8
 71
     3
 72
     9
 73
     5
 74
     0
 42
0.000000001
 43
0.0000000001
 40
0.0
 40
0.0
 40
0.0
 40
0.0
 40
0.0151957276004776
 40
0.0291972763413675
 40
0.0291972763413675
 40
0.0291972763413675
 40
0.0291972763413675
 10
311.4450678008943
 20
151.706039567829
 30
0.0
 10
311.4422591287657
 20
151.6549599128811
 30
0.0
 10
311.4368625081843
 20
151.5568147736594
 30
0.0
 10
311.3964512510702
 20
151.4673117626262
 30
0.0
 10
311.3770720398188
 20
151.424390609407
 30
0.0
  0
SPLINE
  5
AA3
330
70
100
AcDbEntity
  8
Visible
100
AcDbSpline
210
0.0
220
0.0
230
1.0
 70
     8
 71
     3
 72
     9
 73
     5
 74
     0
 42
0.000000001
 43
0.0000000001
 40
0.0
 40
0.0
 40
0.0
 40
0.0
 40
0.0184810038635591
 40
0.0386646142894838
 40
0.0386646142894838
 40
0.0386646142894838
 40
0.0386646142894838
 10
311.3318507043568
 20
152.0695551530407
 30
0.0
 10
311.3654553472334
 20
152.0166186282658
 30
0.0
 10
311.4357605408677
 20
151.905868675105
 30
0.0
 10
311.4418756211562
 20
151.7745764331721
 30
0.0
 10
311.4450678008943
 20
151.706039567829
 30
0.0
  0
SPLINE
  5
AA4
330
70
100
AcDbEntity
  8
Visible
100
AcDbSpline
210
0.0
220
0.0
230
1.0
 70
     8
 71
     3
 72
     9
 73
     5
 74
     0
 42
0.000000001
 43
0.0000000001
 40
0.0
 40
0.0
 40
0.0
 40
0.0
 40
0.0211909857535031
 40
0.0401920335923215
 40
0.0401920335923215
 40
0.0401920335923215
 40
0.0401920335923215
 10
311.0007676263758
 20
152.2902350964941
 30
0.0
 10
311.0672135680543
 20
152.263634996123
 30
0.0
 10
311.193238735128
 20
152.2131837268862
 30
0.0
 10
311.2873561013621
 20
152.1156600919403
 30
0.0
 10
311.3318507043568
 20
152.0695551530407
 30
0.0
  0
SPLINE
  5
AA5
330
70
100
AcDbEntity
  8
Visible
100
AcDbSpline
210
0.0
220
0.0
230
1.0
 70
     8
 71
     3
 72
     9
 73
     5
 74
     0
 42
0.000000001
 43
0.0000000001
 40
0.0
 40
0.0
 40
0.0
 40
0.0
 40
0.0320608374303245
 40
0.0577364233305481
 40
0.0577364233305481
 40
0.0577364233305481
 40
0.0577364233305481
 10
310.4306894319543
 20
152.3696831055786
 30
0.0
 10
310.5379965526335
 20
152.3670230263633
 30
0.0
 10
310.73123945714
 20
152.3622326505665
 30
0.0
 10
310.9178024307694
 20
152.3123971256937
 30
0.0
 10
311.0007676263758
 20
152.2902350964941
 30
0.0
  0
SPLINE
  5
AA6
330
70
100
AcDbEntity
  8
Visible
100
AcDbSpline
210
0.0
220
0.0
230
1.0
 70
     8
 71
     3
 72
     9
 73
     5
 74
     0
 42
0.000000001
 43
0.0000000001
 40
0.0
 40
0.0
 40
0.0
 40
0.0
 40
0.0360088304475199
 40
0.0847596463469006
 40
0.0847596463469006
 40
0.0847596463469006
 40
0.0847596463469006
 10
309.6154046828687
 20
152.1810857458404
 30
0.0
 10
309.7232821568868
 20
152.2372407307793
 30
0.0
 10
309.9772103304185
 20
152.3694215487885
 30
0.0
 10
310.2651033361435
 20
152.3695875991543
 30
0.0
 10
310.4306894319543
 20
152.3696831055786
 30
0.0
  0
LINE
  5
AA7
330
70
100
AcDbEntity
  8
Visible
100
AcDbLine
 10
311.461366
 20
153.145238
 30
0.0
 11
311.459574
 21
152.986994
 31
0.0
  0
SPLINE
  5
AA8
330
70
100
AcDbEntity
  8
Visible
100
AcDbSpline
210
0.0
220
0.0
230
1.0
 70
     8
 71
     3
 72
     9
 73
     5
 74
     0
 42
0.000000001
 43
0.0000000001
 40
0.0
 40
0.0
 40
0.0
 40
0.0
 40
0.0189098806386352
 40
0.034669533441709
 40
0.034669533441709
 40
0.034669533441709
 40
0.034669533441709
 10
311.1964600061874
 20
153.3665329107662
 30
0.0
 10
311.239159483679
 20
153.3196441877517
 30
0.0
 10
311.3174450631159
 20
153.2336780105106
 30
0.0
 10
311.4163888490293
 20
153.1728763915325
 30
0.0
 10
311.461365506002
 20
153.1452379346574
 30
0.0
  0
ARC
  5
AA9
330
70
100
AcDbEntity
  8
Visible
100
AcDbCircle
 10
312.319623
 20
154.334965
 30
0.0
 40
1.483022385943803
100
AcDbArc
 50
204.103017
 51
220.769107
  0
LINE
  5
AAA
330
70
100
AcDbEntity
  8
Visible
100
AcDbLine
 10
310.728536
 20
153.732018
 30
0.0
 11
310.965901
 21
153.72933
 31
0.0
  0
ARC
  5
AAB
330
70
100
AcDbEntity
  8
Visible
100
AcDbCircle
 10
312.273129
 20
154.308947
 30
0.0
 40
1.648822556515791
100
AcDbArc
 50
200.481397
 51
210.501394
  0
ARC
  5
AAC
330
70
100
AcDbEntity
  8
Visible
100
AcDbCircle
 10
311.963888
 20
154.08491
 30
0.0
 40
1.269175545457582
100
AcDbArc
 50
208.872567
 51
221.884678
  0
LINE
  5
AAD
330
70
100
AcDbEntity
  8
Visible
100
AcDbLine
 10
309.454297
 20
153.255284
 30
0.0
 11
311.018999
 21
153.237565
 31
0.0
  0
LINE
  5
AAE
330
70
100
AcDbEntity
  8
Visible
100
AcDbLine
 10
309.451517
 20
153.009734
 30
0.0
 11
309.454297
 21
153.255284
 31
0.0
  0
LINE
  5
AAF
330
70
100
AcDbEntity
  8
Visible
100
AcDbLine
 10
311.459574
 20
152.986994
 30
0.0
 11
309.451517
 21
153.009734
 31
0.0
  0
ARC
  5
AB0
330
70
100
AcDbEntity
  8
Visible
100
AcDbCircle
 10
312.651596
 20
152.332912
 30
0.0
 40
2.018690709044011
100
AcDbArc
 50
46.441885
 51
58.430676
  0
ARC
  5
AB1
330
70
100
AcDbEntity
  8
Visible
100
AcDbCircle
 10
306.426823
 20
146.314028
 30
0.0
 40
10.67604420945903
100
AcDbArc
 50
39.400404
 51
44.491284
  0
ARC
  5
AB2
330
70
100
AcDbEntity
  8
Visible
100
AcDbCircle
 10
322.331856
 20
159.413517
 30
0.0
 40
9.928989995083476
100
AcDbArc
 50
219.555401
 51
227.018047
  0
SPLINE
  5
AB3
330
70
100
AcDbEntity
  8
Visible
100
AcDbSpline
210
0.0
220
0.0
230
1.0
 70
     8
 71
     3
 72
     9
 73
     5
 74
     0
 42
0.000000001
 43
0.0000000001
 40
0.0
 40
0.0
 40
0.0
 40
0.0
 40
0.0339433127882931
 40
0.0736420598186291
 40
0.0736420598186291
 40
0.0736420598186291
 40
0.0736420598186291
 10
316.1757280773782
 20
151.7461832465833
 30
0.0
 10
316.073900409312
 20
151.7964490268423
 30
0.0
 10
315.8529791554065
 20
151.9055036621321
 30
0.0
 10
315.6643007748262
 20
152.064220126882
 30
0.0
 10
315.5625885831905
 20
152.149780536236
 30
0.0
  0
SPLINE
  5
AB4
330
70
100
AcDbEntity
  8
Visible
100
AcDbSpline
210
0.0
220
0.0
230
1.0
 70
     8
 71
     3
 72
     9
 73
     5
 74
     0
 42
0.000000001
 43
0.0000000001
 40
0.0
 40
0.0
 40
0.0
 40
0.0
 40
0.0299157400796529
 40
0.0605775134476348
 40
0.0605775134476348
 40
0.0605775134476348
 40
0.0605775134476348
 10
316.7665542218456
 20
151.6272356216941
 30
0.0
 10
316.6663219243164
 20
151.6319479882731
 30
0.0
 10
316.4633577544409
 20
151.6414902375727
 30
0.0
 10
316.2723885871201
 20
151.7110002302797
 30
0.0
 10
316.1757280773782
 20
151.7461832465833
 30
0.0
  0
SPLINE
  5
AB5
330
70
100
AcDbEntity
  8
Visible
100
AcDbSpline
210
0.0
220
0.0
230
1.0
 70
     8
 71
     3
 72
     9
 73
     5
 74
     0
 42
0.000000001
 43
0.0000000001
 40
0.0
 40
0.0
 40
0.0
 40
0.0
 40
0.0546459489506171
 40
0.1098799847567644
 40
0.1098799847567644
 40
0.1098799847567644
 40
0.1098799847567644
 10
317.7528939087352
 20
152.0531613861803
 30
0.0
 10
317.6121975003062
 20
151.9298888909998
 30
0.0
 10
317.3292905417802
 20
151.6820172710231
 30
0.0
 10
316.9548010947565
 20
151.6455612100981
 30
0.0
 10
316.7665542218456
 20
151.6272356216941
 30
0.0
  0
SPLINE
  5
AB6
330
70
100
AcDbEntity
  8
Visible
100
AcDbSpline
210
0.0
220
0.0
230
1.0
 70
     8
 71
     3
 72
     9
 73
     5
 74
     0
 42
0.000000001
 43
0.0000000001
 40
0.0
 40
0.0
 40
0.0
 40
0.0
 40
0.06522853707566
 40
0.1230336769143121
 40
0.1230336769143121
 40
0.1230336769143121
 40
0.1230336769143121
 10
318.1445307716676
 20
153.1948837269719
 30
0.0
 10
318.1337489648377
 20
152.9722900468278
 30
0.0
 10
318.1134123852116
 20
152.5524351772583
 30
0.0
 10
317.8681336637892
 20
152.2127542868038
 30
0.0
 10
317.7528939087352
 20
152.0531613861803
 30
0.0
  0
SPLINE
  5
AB7
330
70
100
AcDbEntity
  8
Visible
100
AcDbSpline
210
0.0
220
0.0
230
1.0
 70
     8
 71
     3
 72
     9
 73
     5
 74
     0
 42
0.000000001
 43
0.0000000001
 40
0.0
 40
0.0
 40
0.0
 40
0.0
 40
0.0567842975073301
 40
0.1214839278824264
 40
0.1214839278824264
 40
0.1214839278824264
 40
0.1214839278824264
 10
317.7671058307514
 20
154.328199107993
 30
0.0
 10
317.8759523149165
 20
154.1689604057465
 30
0.0
 10
318.1088177198471
 20
153.828286242835
 30
0.0
 10
318.1321203242896
 20
153.4149939721446
 30
0.0
 10
318.1445307716676
 20
153.1948837269719
 30
0.0
  0
SPLINE
  5
AB8
330
70
100
AcDbEntity
  8
Visible
100
AcDbSpline
210
0.0
220
0.0
230
1.0
 70
     8
 71
     3
 72
     9
 73
     5
 74
     0
 42
0.000000001
 43
0.0000000001
 40
0.0
 40
0.0
 40
0.0
 40
0.0
 40
0.0640875690979905
 40
0.1204171953652634
 40
0.1204171953652634
 40
0.1204171953652634
 40
0.1204171953652634
 10
316.6879029894935
 20
154.8089201980783
 30
0.0
 10
316.9047943844053
 20
154.7788403209633
 30
0.0
 10
317.3123219883073
 20
154.7223218027866
 30
0.0
 10
317.6221651543601
 20
154.4538069344653
 30
0.0
 10
317.7671058307514
 20
154.328199107993
 30
0.0
  0
LINE
  5
AB9
330
70
100
AcDbEntity
  8
Visible
100
AcDbLine
 10
316.627201
 20
154.177544
 30
0.0
 11
316.687903
 21
154.80892
 31
0.0
  0
SPLINE
  5
ABA
330
70
100
AcDbEntity
  8
Visible
100
AcDbSpline
210
0.0
220
0.0
230
1.0
 70
     8
 71
     3
 72
     9
 73
     5
 74
     0
 42
0.000000001
 43
0.0000000001
 40
0.0
 40
0.0
 40
0.0
 40
0.0
 40
0.0375179224469414
 40
0.080033528296939
 40
0.080033528296939
 40
0.080033528296939
 40
0.080033528296939
 10
317.3656343042658
 20
153.9128946844648
 30
0.0
 10
317.2635432455008
 20
153.989918259329
 30
0.0
 10
317.0457617931279
 20
154.1542255571858
 30
0.0
 10
316.7724110660292
 20
154.1694540327334
 30
0.0
 10
316.6272010269422
 20
154.1775437406086
 30
0.0
  0
SPLINE
  5
ABB
330
70
100
AcDbEntity
  8
Visible
100
AcDbSpline
210
0.0
220
0.0
230
1.0
 70
     8
 71
     3
 72
     9
 73
     5
 74
     0
 42
0.000000001
 43
0.0000000001
 40
0.0
 40
0.0
 40
0.0
 40
0.0
 40
0.0404549371653898
 40
0.0773517855131119
 40
0.0773517855131119
 40
0.0773517855131119
 40
0.0773517855131119
 10
317.6362672473733
 20
153.2052245228005
 30
0.0
 10
317.6264725586607
 20
153.3432995948715
 30
0.0
 10
317.6077446427716
 20
153.607305773301
 30
0.0
 10
317.4438243722016
 20
153.8142040714483
 30
0.0
 10
317.3656343042658
 20
153.9128946844648
 30
0.0
  0
SPLINE
  5
ABC
330
70
100
AcDbEntity
  8
Visible
100
AcDbSpline
210
0.0
220
0.0
230
1.0
 70
     8
 71
     3
 72
     9
 73
     5
 74
     0
 42
0.000000001
 43
0.0000000001
 40
0.0
 40
0.0
 40
0.0
 40
0.0
 40
0.0354522657680567
 40
0.073951784839967
 40
0.073951784839967
 40
0.073951784839967
 40
0.073951784839967
 10
317.3900104001423
 20
152.5231876385314
 30
0.0
 10
317.4624651674549
 20
152.6199143539434
 30
0.0
 10
317.6136024571824
 20
152.8216818035434
 30
0.0
 10
317.6285075905998
 20
153.0739124817537
 30
0.0
 10
317.6362672473733
 20
153.2052245228005
 30
0.0
  0
SPLINE
  5
ABD
330
70
100
AcDbEntity
  8
Visible
100
AcDbSpline
210
0.0
220
0.0
230
1.0
 70
     8
 71
     3
 72
     9
 73
     5
 74
     0
 42
0.000000001
 43
0.0000000001
 40
0.0
 40
0.0
 40
0.0
 40
0.0
 40
0.034264038726457
 40
0.0683626398964349
 40
0.0683626398964349
 40
0.0683626398964349
 40
0.0683626398964349
 10
316.7760977031776
 20
152.2582797412597
 30
0.0
 10
316.8928091024755
 20
152.2698038514609
 30
0.0
 10
317.1256683817264
 20
152.2927964298323
 30
0.0
 10
317.3020386660064
 20
152.4465145682388
 30
0.0
 10
317.3900104001423
 20
152.5231876385314
 30
0.0
  0
SPLINE
  5
ABE
330
70
100
AcDbEntity
  8
Visible
100
AcDbSpline
210
0.0
220
0.0
230
1.0
 70
     8
 71
     3
 72
     9
 73
     5
 74
     0
 42
0.000000001
 43
0.0000000001
 40
0.0
 40
0.0
 40
0.0
 40
0.0
 40
0.0436421144295078
 40
0.0802048661387144
 40
0.0802048661387144
 40
0.0802048661387144
 40
0.0802048661387144
 10
316.0358480917603
 20
152.539971140839
 30
0.0
 10
316.1586445245284
 20
152.4574101822836
 30
0.0
 10
316.3843180873537
 20
152.3056808099627
 30
0.0
 10
316.6534220754475
 20
152.273122156801
 30
0.0
 10
316.7760977031776
 20
152.2582797412597
 30
0.0
  0
ARC
  5
ABF
330
70
100
AcDbEntity
  8
Visible
100
AcDbCircle
 10
320.349885
 20
157.807829
 30
0.0
 40
6.808908598418106
100
AcDbArc
 50
217.798884
 51
230.684727
  0
ARC
  5
AC0
330
70
100
AcDbEntity
  8
Visible
100
AcDbCircle
 10
310.026724
 20
149.677226
 30
0.0
 40
6.332041840266962
100
AcDbArc
 50
38.681645
 51
48.68237
  0
SPLINE
  5
AC1
330
70
100
AcDbEntity
  8
Visible
100
AcDbSpline
210
0.0
220
0.0
230
1.0
 70
     8
 71
     3
 72
     9
 73
     5
 74
     0
 42
0.000000001
 43
0.0000000001
 40
0.0
 40
0.0
 40
0.0
 40
0.0
 40
0.0373135268065793
 40
0.0781177067217637
 40
0.0781177067217637
 40
0.0781177067217637
 40
0.0781177067217637
 10
313.5396593895148
 20
154.8328077847782
 30
0.0
 10
313.6543368150615
 20
154.7832461062298
 30
0.0
 10
313.8944196553402
 20
154.6794862903989
 30
0.0
 10
314.099975503761
 20
154.5175578583384
 30
0.0
 10
314.2073460113388
 20
154.432975794265
 30
0.0
  0
SPLINE
  5
AC2
330
70
100
AcDbEntity
  8
Visible
100
AcDbSpline
210
0.0
220
0.0
230
1.0
 70
     8
 71
     3
 72
     9
 73
     5
 74
     0
 42
0.000000001
 43
0.0000000001
 40
0.0
 40
0.0
 40
0.0
 40
0.0
 40
0.0217910858077039
 40
0.0434483202064348
 40
0.0434483202064348
 40
0.0434483202064348
 40
0.0434483202064348
 10
313.1128731400695
 20
154.9016604124463
 30
0.0
 10
313.1859605156515
 20
154.9008965723569
 30
0.0
 10
313.3316863287346
 20
154.899373584054
 30
0.0
 10
313.470477560817
 20
154.8549507666885
 30
0.0
 10
313.5396593895148
 20
154.8328077847782
 30
0.0
  0
LINE
  5
AC3
330
70
100
AcDbEntity
  8
Visible
100
AcDbLine
 10
313.134342
 20
151.596819
 30
0.0
 11
313.112873
 21
154.90166
 31
0.0
  0
LINE
  5
AC4
330
70
100
AcDbEntity
  8
Visible
100
AcDbLine
 10
313.72437
 20
151.600652
 30
0.0
 11
313.134342
 21
151.596819
 31
0.0
  0
LINE
  5
AC5
330
70
100
AcDbEntity
  8
Visible
100
AcDbLine
 10
313.70844
 20
154.052851
 30
0.0
 11
313.72437
 21
151.600652
 31
0.0
  0
LINE
  5
AC6
330
70
100
AcDbEntity
  8
Visible
100
AcDbLine
 10
271.463746
 20
239.490982
 30
0.0
 11
270.429331
 21
239.123152
 31
0.0
  0
LINE
  5
AC7
330
70
100
AcDbEntity
  8
Visible
100
AcDbLine
 10
270.938179
 20
238.758197
 30
0.0
 11
271.463746
 21
239.490982
 31
0.0
  0
LINE
  5
AC8
330
70
100
AcDbEntity
  8
Visible
100
AcDbLine
 10
270.429331
 20
239.123152
 30
0.0
 11
270.938179
 21
238.758197
 31
0.0
  0
LINE
  5
AC9
330
70
100
AcDbEntity
  8
Visible
100
AcDbLine
 10
271.006534
 20
238.432158
 30
0.0
 11
270.72745
 21
238.043039
 31
0.0
  0
LINE
  5
ACA
330
70
100
AcDbEntity
  8
Visible
100
AcDbLine
 10
271.226037
 20
238.274726
 30
0.0
 11
271.006534
 21
238.432158
 31
0.0
  0
LINE
  5
ACB
330
70
100
AcDbEntity
  8
Visible
100
AcDbLine
 10
271.35723
 20
238.457646
 30
0.0
 11
271.226037
 21
238.274726
 31
0.0
  0
LINE
  5
ACC
330
70
100
AcDbEntity
  8
Visible
100
AcDbLine
 10
271.137727
 20
238.615077
 30
0.0
 11
271.35723
 21
238.457646
 31
0.0
  0
LINE
  5
ACD
330
70
100
AcDbEntity
  8
Visible
100
AcDbLine
 10
271.893081
 20
239.668248
 30
0.0
 11
271.137727
 21
238.615077
 31
0.0
  0
LINE
  5
ACE
330
70
100
AcDbEntity
  8
Visible
100
AcDbLine
 10
271.730117
 20
239.785129
 30
0.0
 11
271.893081
 21
239.668248
 31
0.0
  0
LINE
  5
ACF
330
70
100
AcDbEntity
  8
Visible
100
AcDbLine
 10
270.233108
 20
239.263887
 30
0.0
 11
271.730117
 21
239.785129
 31
0.0
  0
LINE
  5
AD0
330
70
100
AcDbEntity
  8
Visible
100
AcDbLine
 10
270.101915
 20
239.080967
 30
0.0
 11
270.233108
 21
239.263887
 31
0.0
  0
LINE
  5
AD1
330
70
100
AcDbEntity
  8
Visible
100
AcDbLine
 10
270.806986
 20
238.575278
 30
0.0
 11
270.101915
 21
239.080967
 31
0.0
  0
LINE
  5
AD2
330
70
100
AcDbEntity
  8
Visible
100
AcDbLine
 10
270.527902
 20
238.186159
 30
0.0
 11
270.806986
 21
238.575278
 31
0.0
  0
LINE
  5
AD3
330
70
100
AcDbEntity
  8
Visible
100
AcDbLine
 10
270.72745
 20
238.043039
 30
0.0
 11
270.527902
 21
238.186159
 31
0.0
  0
LINE
  5
AD4
330
70
100
AcDbEntity
  8
Visible
100
AcDbLine
 10
271.957459
 20
237.864299
 30
0.0
 11
271.315009
 21
237.621631
 31
0.0
  0
LINE
  5
AD5
330
70
100
AcDbEntity
  8
Visible
100
AcDbLine
 10
271.950994
 20
237.719517
 30
0.0
 11
271.957459
 21
237.864299
 31
0.0
  0
LINE
  5
AD6
330
70
100
AcDbEntity
  8
Visible
100
AcDbLine
 10
271.930283
 20
237.180345
 30
0.0
 11
271.950994
 21
237.719517
 31
0.0
  0
LINE
  5
AD7
330
70
100
AcDbEntity
  8
Visible
100
AcDbLine
 10
272.175283
 20
237.004626
 30
0.0
 11
271.930283
 21
237.180345
 31
0.0
  0
LINE
  5
AD8
330
70
100
AcDbEntity
  8
Visible
100
AcDbLine
 10
272.184237
 20
237.941728
 30
0.0
 11
272.175283
 21
237.004626
 31
0.0
  0
LINE
  5
AD9
330
70
100
AcDbEntity
  8
Visible
100
AcDbLine
 10
272.988649
 20
238.204223
 30
0.0
 11
272.184237
 21
237.941728
 31
0.0
  0
LINE
  5
ADA
330
70
100
AcDbEntity
  8
Visible
100
AcDbLine
 10
272.7503
 20
238.375172
 30
0.0
 11
272.988649
 21
238.204223
 31
0.0
  0
LINE
  5
ADB
330
70
100
AcDbEntity
  8
Visible
100
AcDbLine
 10
272.352288
 20
238.239238
 30
0.0
 11
272.7503
 21
238.375172
 31
0.0
  0
ARC
  5
ADC
330
70
100
AcDbEntity
  8
Visible
100
AcDbCircle
 10
273.924636
 20
233.548617
 30
0.0
 40
4.947140939081411
100
AcDbArc
 50
108.531722
 51
110.780284
  0
ARC
  5
ADD
330
70
100
AcDbEntity
  8
Visible
100
AcDbCircle
 10
267.965597
 20
238.546998
 30
0.0
 40
4.220386750156679
100
AcDbArc
 50
354.928703
 51
357.524322
  0
LINE
  5
ADE
330
70
100
AcDbEntity
  8
Visible
100
AcDbLine
 10
272.199325
 20
238.770341
 30
0.0
 11
272.182045
 21
238.364697
 31
0.0
  0
LINE
  5
ADF
330
70
100
AcDbEntity
  8
Visible
100
AcDbLine
 10
271.94989
 20
238.949241
 30
0.0
 11
272.199325
 21
238.770341
 31
0.0
  0
LINE
  5
AE0
330
70
100
AcDbEntity
  8
Visible
100
AcDbLine
 10
271.942372
 20
238.09841
 30
0.0
 11
271.94989
 21
238.949241
 31
0.0
  0
LINE
  5
AE1
330
70
100
AcDbEntity
  8
Visible
100
AcDbLine
 10
271.073334
 20
237.794965
 30
0.0
 11
271.942372
 21
238.09841
 31
0.0
  0
LINE
  5
AE2
330
70
100
AcDbEntity
  8
Visible
100
AcDbLine
 10
271.315009
 20
237.621631
 30
0.0
 11
271.073334
 21
237.794965
 31
0.0
  0
SPLINE
  5
AE3
330
70
100
AcDbEntity
  8
Visible
100
AcDbSpline
210
0.0
220
0.0
230
1.0
 70
     8
 71
     3
 72
     9
 73
     5
 74
     0
 42
0.000000001
 43
0.0000000001
 40
0.0
 40
0.0
 40
0.0
 40
0.0
 40
0.0478395048620328
 40
0.0944287747182992
 40
0.0944287747182992
 40
0.0944287747182992
 40
0.0944287747182992
 10
270.7206527460348
 20
242.5873343464009
 30
0.0
 10
270.6437835420729
 20
242.7295644302394
 30
0.0
 10
270.4920540297262
 20
243.0103075646766
 30
0.0
 10
270.4750620373979
 20
243.3288407679957
 30
0.0
 10
270.4666785280442
 20
243.4859986831743
 30
0.0
  0
SPLINE
  5
AE4
330
70
100
AcDbEntity
  8
Visible
100
AcDbSpline
210
0.0
220
0.0
230
1.0
 70
     8
 71
     3
 72
     9
 73
     5
 74
     0
 42
0.000000001
 43
0.0000000001
 40
0.0
 40
0.0
 40
0.0
 40
0.0
 40
0.0625678577146357
 40
0.1160400823040377
 40
0.1160400823040377
 40
0.1160400823040377
 40
0.1160400823040377
 10
271.5442062632174
 20
241.778210548493
 30
0.0
 10
271.3744838438052
 20
241.9018913751006
 30
0.0
 10
271.0597119427548
 20
242.1312732625902
 30
0.0
 10
270.8276081043114
 20
242.443471041448
 30
0.0
 10
270.7206527460348
 20
242.5873343464009
 30
0.0
  0
SPLINE
  5
AE5
330
70
100
AcDbEntity
  8
Visible
100
AcDbSpline
210
0.0
220
0.0
230
1.0
 70
     8
 71
     3
 72
     9
 73
     5
 74
     0
 42
0.000000001
 43
0.0000000001
 40
0.0
 40
0.0
 40
0.0
 40
0.0
 40
0.0478082173210592
 40
0.0989051644184665
 40
0.0989051644184665
 40
0.0989051644184665
 40
0.0989051644184665
 10
272.4484769260689
 20
241.3920775370116
 30
0.0
 10
272.2926030942635
 20
241.430227805924
 30
0.0
 10
271.9701328615938
 20
241.5091527027507
 30
0.0
 10
271.6892945466061
 20
241.6865582752616
 30
0.0
 10
271.5442062632174
 20
241.778210548493
 30
0.0
  0
SPLINE
  5
AE6
330
70
100
AcDbEntity
  8
Visible
100
AcDbSpline
210
0.0
220
0.0
230
1.0
 70
     8
 71
     3
 72
     9
 73
     5
 74
     0
 42
0.000000001
 43
0.0000000001
 40
0.0
 40
0.0
 40
0.0
 40
0.0
 40
0.0419476274121707
 40
0.0864878849173591
 40
0.0864878849173591
 40
0.0864878849173591
 40
0.0864878849173591
 10
273.3007549480681
 20
241.4708426233301
 30
0.0
 10
273.1659000320906
 20
241.4278085196492
 30
0.0
 10
272.8878553088707
 20
241.3390805310501
 30
0.0
 10
272.5978343537954
 20
241.374062320976
 30
0.0
 10
272.4484769260689
 20
241.3920775370116
 30
0.0
  0
SPLINE
  5
AE7
330
70
100
AcDbEntity
  8
Visible
100
AcDbSpline
210
0.0
220
0.0
230
1.0
 70
     8
 71
     3
 72
     9
 73
     5
 74
     0
 42
0.000000001
 43
0.0000000001
 40
0.0
 40
0.0
 40
0.0
 40
0.0
 40
0.0391722022172357
 40
0.0794514650286839
 40
0.0794514650286839
 40
0.0794514650286839
 40
0.0794514650286839
 10
273.9161341994895
 20
241.9598210110235
 30
0.0
 10
273.8329245764635
 20
241.856997221812
 30
0.0
 10
273.6641537114192
 20
241.6484437009422
 30
0.0
 10
273.423007894813
 20
241.5305903640292
 30
0.0
 10
273.3007549480681
 20
241.4708426233301
 30
0.0
  0
SPLINE
  5
AE8
330
70
100
AcDbEntity
  8
Visible
100
AcDbSpline
210
0.0
220
0.0
230
1.0
 70
     8
 71
     3
 72
     9
 73
     5
 74
     0
 42
0.000000001
 43
0.0000000001
 40
0.0
 40
0.0
 40
0.0
 40
0.0
 40
0.036694047816813
 40
0.074950017706766
 40
0.074950017706766
 40
0.074950017706766
 40
0.074950017706766
 10
274.1490269210863
 20
242.6631950574702
 30
0.0
 10
274.137503223772
 20
242.5397337072809
 30
0.0
 10
274.1139653104292
 20
242.2875557401876
 30
0.0
 10
273.9829877395187
 20
242.0705731911585
 30
0.0
 10
273.9161341994895
 20
241.9598210110235
 30
0.0
  0
SPLINE
  5
AE9
330
70
100
AcDbEntity
  8
Visible
100
AcDbSpline
210
0.0
220
0.0
230
1.0
 70
     8
 71
     3
 72
     9
 73
     5
 74
     0
 42
0.000000001
 43
0.0000000001
 40
0.0
 40
0.0
 40
0.0
 40
0.0
 40
0.0442711578075782
 40
0.0829664586425915
 40
0.0829664586425915
 40
0.0829664586425915
 40
0.0829664586425915
 10
273.9083436771489
 20
243.4490600691279
 30
0.0
 10
273.9795463028058
 20
243.3176883191791
 30
0.0
 10
274.1129837367789
 20
243.0714908082336
 30
0.0
 10
274.1375631557603
 20
242.7930561327448
 30
0.0
 10
274.1490269210863
 20
242.6631950574702
 30
0.0
  0
ARC
  5
AEA
330
70
100
AcDbEntity
  8
Visible
100
AcDbCircle
 10
268.456592
 20
239.731253
 30
0.0
 40
6.598764011684508
100
AcDbArc
 50
34.291919
 51
44.305337
  0
SPLINE
  5
AEB
330
70
100
AcDbEntity
  8
Visible
100
AcDbSpline
210
0.0
220
0.0
230
1.0
 70
     8
 71
     3
 72
     9
 73
     5
 74
     0
 42
0.000000001
 43
0.0000000001
 40
0.0
 40
0.0
 40
0.0
 40
0.0
 40
0.0387245386833866
 40
0.1064411355295369
 40
0.1064411355295369
 40
0.1064411355295369
 40
0.1064411355295369
 10
272.5604821614397
 20
245.2005347810827
 30
0.0
 10
272.61780458252
 20
245.0842481644777
 30
0.0
 10
272.775365235233
 20
244.7646141561963
 30
0.0
 10
273.0219655315559
 20
244.5053266788091
 30
0.0
 10
273.1788497358175
 20
244.3403710393741
 30
0.0
  0
SPLINE
  5
AEC
330
70
100
AcDbEntity
  8
Visible
100
AcDbSpline
210
0.0
220
0.0
230
1.0
 70
     8
 71
     3
 72
     9
 73
     5
 74
     0
 42
0.000000001
 43
0.0000000001
 40
0.0
 40
0.0
 40
0.0
 40
0.0
 40
0.0250329262714377
 40
0.0496074501857249
 40
0.0496074501857249
 40
0.0496074501857249
 40
0.0496074501857249
 10
272.6524620621149
 20
245.6758475338083
 30
0.0
 10
272.6102583178363
 20
245.6010125069643
 30
0.0
 10
272.5266236632488
 20
245.452712830529
 30
0.0
 10
272.5492657374561
 20
245.2840746919828
 30
0.0
 10
272.5604821614397
 20
245.2005347810827
 30
0.0
  0
SPLINE
  5
AED
330
70
100
AcDbEntity
  8
Visible
100
AcDbSpline
210
0.0
220
0.0
230
1.0
 70
     8
 71
     3
 72
     9
 73
     5
 74
     0
 42
0.000000001
 43
0.0000000001
 40
0.0
 40
0.0
 40
0.0
 40
0.0
 40
0.0318194727018591
 40
0.0614040343818387
 40
0.0614040343818387
 40
0.0614040343818387
 40
0.0614040343818387
 10
273.1797542522108
 20
245.9562407318281
 30
0.0
 10
273.0712225481438
 20
245.9399468299198
 30
0.0
 10
272.8617821042208
 20
245.9085034643322
 30
0.0
 10
272.7205215988543
 20
245.751494637123
 30
0.0
 10
272.6524620621149
 20
245.6758475338083
 30
0.0
  0
SPLINE
  5
AEE
330
70
100
AcDbEntity
  8
Visible
100
AcDbSpline
210
0.0
220
0.0
230
1.0
 70
     8
 71
     3
 72
     9
 73
     5
 74
     0
 42
0.000000001
 43
0.0000000001
 40
0.0
 40
0.0
 40
0.0
 40
0.0
 40
0.052175046394244
 40
0.0914111776275274
 40
0.0914111776275274
 40
0.0914111776275274
 40
0.0914111776275274
 10
274.024622844574
 20
245.6401432053354
 30
0.0
 10
273.8772217076494
 20
245.7386614991883
 30
0.0
 10
273.6189735135213
 20
245.91126648723
 30
0.0
 10
273.3116610226389
 20
245.9427340214443
 30
0.0
 10
273.1797542522108
 20
245.9562407318281
 30
0.0
  0
SPLINE
  5
AEF
330
70
100
AcDbEntity
  8
Visible
100
AcDbSpline
210
0.0
220
0.0
230
1.0
 70
     8
 71
     3
 72
     9
 73
     5
 74
     0
 42
0.000000001
 43
0.0000000001
 40
0.0
 40
0.0
 40
0.0
 40
0.0
 40
0.0408014957994914
 40
0.0917677153786479
 40
0.0917677153786479
 40
0.0917677153786479
 40
0.0917677153786479
 10
274.6040761949844
 20
244.9457051644858
 30
0.0
 10
274.5462934082825
 20
245.0711704001114
 30
0.0
 10
274.4163326257203
 20
245.3533575554393
 30
0.0
 10
274.1644912418342
 20
245.5377402245085
 30
0.0
 10
274.024622844574
 20
245.6401432053354
 30
0.0
  0
SPLINE
  5
AF0
330
70
100
AcDbEntity
  8
Visible
100
AcDbSpline
210
0.0
220
0.0
230
1.0
 70
     8
 71
     3
 72
     9
 73
     5
 74
     0
 42
0.000000001
 43
0.0000000001
 40
0.0
 40
0.0
 40
0.0
 40
0.0
 40
0.0430940487502746
 40
0.0811550174986856
 40
0.0811550174986856
 40
0.0811550174986856
 40
0.0811550174986856
 10
274.4819386521994
 20
244.1596293707426
 30
0.0
 10
274.5449685297426
 20
244.2928637611785
 30
0.0
 10
274.6636668410738
 20
244.5437717078858
 30
0.0
 10
274.6231011411328
 20
244.8173836430833
 30
0.0
 10
274.6040761949844
 20
244.9457051644858
 30
0.0
  0
LINE
  5
AF1
330
70
100
AcDbEntity
  8
Visible
100
AcDbLine
 10
275.031078
 20
243.838438
 30
0.0
 11
274.481939
 21
244.159629
 31
0.0
  0
SPLINE
  5
AF2
330
70
100
AcDbEntity
  8
Visible
100
AcDbSpline
210
0.0
220
0.0
230
1.0
 70
     8
 71
     3
 72
     9
 73
     5
 74
     0
 42
0.000000001
 43
0.0000000001
 40
0.0
 40
0.0
 40
0.0
 40
0.0
 40
0.0410395386700506
 40
0.0833167866162533
 40
0.0833167866162533
 40
0.0833167866162533
 40
0.0833167866162533
 10
275.2767057666697
 20
244.6262771760448
 30
0.0
 10
275.2634877468063
 20
244.4885299155612
 30
0.0
 10
275.2366530655163
 20
244.2088810822515
 30
0.0
 10
275.1002780544332
 20
243.9631362231685
 30
0.0
 10
275.0310775920588
 20
243.8384384670371
 30
0.0
  0
SPLINE
  5
AF3
330
70
100
AcDbEntity
  8
Visible
100
AcDbSpline
210
0.0
220
0.0
230
1.0
 70
     8
 71
     3
 72
     9
 73
     5
 74
     0
 42
0.000000001
 43
0.0000000001
 40
0.0
 40
0.0
 40
0.0
 40
0.0
 40
0.0435925805207873
 40
0.0848804175087196
 40
0.0848804175087196
 40
0.0848804175087196
 40
0.0848804175087196
 10
275.0386965555317
 20
245.4310198482763
 30
0.0
 10
275.1105580057538
 20
245.3023178087024
 30
0.0
 10
275.2504815850607
 20
245.0517182176081
 30
0.0
 10
275.2681240537841
 20
244.765500314561
 30
0.0
 10
275.2767057666697
 20
244.6262771760448
 30
0.0
  0
SPLINE
  5
AF4
330
70
100
AcDbEntity
  8
Visible
100
AcDbSpline
210
0.0
220
0.0
230
1.0
 70
     8
 71
     3
 72
     9
 73
     5
 74
     0
 42
0.000000001
 43
0.0000000001
 40
0.0
 40
0.0
 40
0.0
 40
0.0
 40
0.0525018952813774
 40
0.1001776248763139
 40
0.1001776248763139
 40
0.1001776248763139
 40
0.1001776248763139
 10
274.3335814666898
 20
246.1355562278677
 30
0.0
 10
274.4750929626207
 20
246.030645625664
 30
0.0
 10
274.7451077016904
 20
245.8304681864138
 30
0.0
 10
274.9440280046692
 20
245.5598230872984
 30
0.0
 10
275.0386965555317
 20
245.4310198482763
 30
0.0
  0
SPLINE
  5
AF5
330
70
100
AcDbEntity
  8
Visible
100
AcDbSpline
210
0.0
220
0.0
230
1.0
 70
     8
 71
     3
 72
     9
 73
     5
 74
     0
 42
0.000000001
 43
0.0000000001
 40
0.0
 40
0.0
 40
0.0
 40
0.0
 40
0.0454093495783866
 40
0.093772928055757
 40
0.093772928055757
 40
0.093772928055757
 40
0.093772928055757
 10
273.4817339702167
 20
246.516573951325
 30
0.0
 10
273.6283956453299
 20
246.4757229488823
 30
0.0
 10
273.9312604702318
 20
246.3913632707845
 30
0.0
 10
274.1966871278619
 20
246.2225975116089
 30
0.0
 10
274.3335814666898
 20
246.1355562278677
 30
0.0
  0
SPLINE
  5
AF6
330
70
100
AcDbEntity
  8
Visible
100
AcDbSpline
210
0.0
220
0.0
230
1.0
 70
     8
 71
     3
 72
     9
 73
     5
 74
     0
 42
0.000000001
 43
0.0000000001
 40
0.0
 40
0.0
 40
0.0
 40
0.0
 40
0.0392001405918682
 40
0.0811661215701934
 40
0.0811661215701934
 40
0.0811661215701934
 40
0.0811661215701934
 10
272.6814134835677
 20
246.4620296820176
 30
0.0
 10
272.8080406719437
 20
246.5009616942716
 30
0.0
 10
273.0702294705225
 20
246.5815726408619
 30
0.0
 10
273.341484679826
 20
246.5387268563136
 30
0.0
 10
273.4817339702167
 20
246.516573951325
 30
0.0
  0
SPLINE
  5
AF7
330
70
100
AcDbEntity
  8
Visible
100
AcDbSpline
210
0.0
220
0.0
230
1.0
 70
     8
 71
     3
 72
     9
 73
     5
 74
     0
 42
0.000000001
 43
0.0000000001
 40
0.0
 40
0.0
 40
0.0
 40
0.0
 40
0.037013624260742
 40
0.0747741837079815
 40
0.0747741837079815
 40
0.0747741837079815
 40
0.0747741837079815
 10
272.1024548980076
 20
246.0017831504792
 30
0.0
 10
272.1809546659151
 20
246.09908131263
 30
0.0
 10
272.3395383275729
 20
246.2956411144987
 30
0.0
 10
272.5666987138029
 20
246.4061986984561
 30
0.0
 10
272.6814134835677
 20
246.4620296820176
 30
0.0
  0
SPLINE
  5
AF8
330
70
100
AcDbEntity
  8
Visible
100
AcDbSpline
210
0.0
220
0.0
230
1.0
 70
     8
 71
     3
 72
     9
 73
     5
 74
     0
 42
0.000000001
 43
0.0000000001
 40
0.0
 40
0.0
 40
0.0
 40
0.0
 40
0.0322707490120228
 40
0.0653483097089642
 40
0.0653483097089642
 40
0.0653483097089642
 40
0.0653483097089642
 10
271.8932904051617
 20
245.389789218314
 30
0.0
 10
271.9057555915406
 20
245.4979922555012
 30
0.0
 10
271.9309976105542
 20
245.7171035498486
 30
0.0
 10
272.0448339817867
 20
245.9061120964125
 30
0.0
 10
272.1024548980076
 20
246.0017831504792
 30
0.0
  0
SPLINE
  5
AF9
330
70
100
AcDbEntity
  8
Visible
100
AcDbSpline
210
0.0
220
0.0
230
1.0
 70
     8
 71
     3
 72
     9
 73
     5
 74
     0
 42
0.000000001
 43
0.0000000001
 40
0.0
 40
0.0
 40
0.0
 40
0.0
 40
0.0376606062707543
 40
0.0714501314752291
 40
0.0714501314752291
 40
0.0714501314752291
 40
0.0714501314752291
 10
272.0679580484357
 20
244.7033958464853
 30
0.0
 10
272.013575574485
 20
244.8181449525655
 30
0.0
 10
271.9104005250501
 20
245.0358482645424
 30
0.0
 10
271.8987839885267
 20
245.2761486273466
 30
0.0
 10
271.8932904051617
 20
245.389789218314
 30
0.0
  0
ARC
  5
AFA
330
70
100
AcDbEntity
  8
Visible
100
AcDbCircle
 10
275.964508
 20
247.049538
 30
0.0
 40
4.548349291082284
100
AcDbArc
 50
211.052465
 51
223.857643
  0
ARC
  5
AFB
330
70
100
AcDbEntity
  8
Visible
100
AcDbCircle
 10
266.255517
 20
237.89041
 30
0.0
 40
8.799381351436112
100
AcDbArc
 50
37.045813
 51
43.058381
  0
SPLINE
  5
AFC
330
70
100
AcDbEntity
  8
Visible
100
AcDbSpline
210
0.0
220
0.0
230
1.0
 70
     8
 71
     3
 72
     9
 73
     5
 74
     0
 42
0.000000001
 43
0.0000000001
 40
0.0
 40
0.0
 40
0.0
 40
0.0
 40
0.0242452770211066
 40
0.0543126847397881
 40
0.0543126847397881
 40
0.0543126847397881
 40
0.0543126847397881
 10
273.4815912668764
 20
242.6930409538581
 30
0.0
 10
273.4671322355735
 20
242.7733604596051
 30
0.0
 10
273.4347420587947
 20
242.9532869661307
 30
0.0
 10
273.3343536536886
 20
243.1066987556933
 30
0.0
 10
273.2787788073892
 20
243.1916272553189
 30
0.0
  0
SPLINE
  5
AFD
330
70
100
AcDbEntity
  8
Visible
100
AcDbSpline
210
0.0
220
0.0
230
1.0
 70
     8
 71
     3
 72
     9
 73
     5
 74
     0
 42
0.000000001
 43
0.0000000001
 40
0.0
 40
0.0
 40
0.0
 40
0.0
 40
0.0223035802791337
 40
0.0439336706993653
 40
0.0439336706993653
 40
0.0439336706993653
 40
0.0439336706993653
 10
273.3603128307095
 20
242.2773366758865
 30
0.0
 10
273.398827719453
 20
242.3424850297652
 30
0.0
 10
273.4746944824565
 20
242.4708144858487
 30
0.0
 10
273.4793159539877
 20
242.6197263893064
 30
0.0
 10
273.4815912668764
 20
242.6930409538581
 30
0.0
  0
SPLINE
  5
AFE
330
70
100
AcDbEntity
  8
Visible
100
AcDbSpline
210
0.0
220
0.0
230
1.0
 70
     8
 71
     3
 72
     9
 73
     5
 74
     0
 42
0.000000001
 43
0.0000000001
 40
0.0
 40
0.0
 40
0.0
 40
0.0
 40
0.023091272211631
 40
0.0456673639149169
 40
0.0456673639149169
 40
0.0456673639149169
 40
0.0456673639149169
 10
273.0006156958789
 20
242.0055533139584
 30
0.0
 10
273.0723256634028
 20
242.0367474550585
 30
0.0
 10
273.2141457048983
 20
242.0984397767516
 30
0.0
 10
273.3119582682611
 20
242.2181545497224
 30
0.0
 10
273.3603128307095
 20
242.2773366758865
 30
0.0
  0
SPLINE
  5
AFF
330
70
100
AcDbEntity
  8
Visible
100
AcDbSpline
210
0.0
220
0.0
230
1.0
 70
     8
 71
     3
 72
     9
 73
     5
 74
     0
 42
0.000000001
 43
0.0000000001
 40
0.0
 40
0.0
 40
0.0
 40
0.0
 40
0.0285869424124087
 40
0.0536093975594186
 40
0.0536093975594186
 40
0.0536093975594186
 40
0.0536093975594186
 10
272.4701998538894
 20
241.9967326957831
 30
0.0
 10
272.565012462006
 20
241.9781051744776
 30
0.0
 10
272.7428155557682
 20
241.9431727853917
 30
0.0
 10
272.9185777911261
 20
241.9857024020912
 30
0.0
 10
273.0006156958789
 20
242.0055533139584
 30
0.0
  0
SPLINE
  5
B00
330
70
100
AcDbEntity
  8
Visible
100
AcDbSpline
210
0.0
220
0.0
230
1.0
 70
     8
 71
     3
 72
     9
 73
     5
 74
     0
 42
0.000000001
 43
0.0000000001
 40
0.0
 40
0.0
 40
0.0
 40
0.0
 40
0.0357521153295711
 40
0.0680809889792955
 40
0.0680809889792955
 40
0.0680809889792955
 40
0.0680809889792955
 10
271.8561727819579
 20
242.283981475226
 30
0.0
 10
271.9568316087425
 20
242.2189312805149
 30
0.0
 10
272.1485112454229
 20
242.0950594047263
 30
0.0
 10
272.3666260603859
 20
242.0283908583024
 30
0.0
 10
272.4701998538894
 20
241.9967326957831
 30
0.0
  0
SPLINE
  5
B01
330
70
100
AcDbEntity
  8
Visible
100
AcDbSpline
210
0.0
220
0.0
230
1.0
 70
     8
 71
     3
 72
     9
 73
     5
 74
     0
 42
0.000000001
 43
0.0000000001
 40
0.0
 40
0.0
 40
0.0
 40
0.0
 40
0.0379079343698787
 40
0.0785787803145869
 40
0.0785787803145869
 40
0.0785787803145869
 40
0.0785787803145869
 10
271.3090200786064
 20
242.8421296401484
 30
0.0
 10
271.3828352667515
 20
242.7385853570831
 30
0.0
 10
271.5358456470221
 20
242.5239499883355
 30
0.0
 10
271.7469231686409
 20
242.3658242678157
 30
0.0
 10
271.8561727819579
 20
242.283981475226
 30
0.0
  0
SPLINE
  5
B02
330
70
100
AcDbEntity
  8
Visible
100
AcDbSpline
210
0.0
220
0.0
230
1.0
 70
     8
 71
     3
 72
     9
 73
     5
 74
     0
 42
0.000000001
 43
0.0000000001
 40
0.0
 40
0.0
 40
0.0
 40
0.0
 40
0.0300048413871858
 40
0.064234365751313
 40
0.064234365751313
 40
0.064234365751313
 40
0.064234365751313
 10
271.1160044129538
 20
243.4479345841118
 30
0.0
 10
271.1251693095419
 20
243.34716970718
 30
0.0
 10
271.1447895205565
 20
243.1314522542452
 30
0.0
 10
271.2519277386491
 20
242.9427083950286
 30
0.0
 10
271.3090200786064
 20
242.8421296401484
 30
0.0
  0
SPLINE
  5
B03
330
70
100
AcDbEntity
  8
Visible
100
AcDbSpline
210
0.0
220
0.0
230
1.0
 70
     8
 71
     3
 72
     9
 73
     5
 74
     0
 42
0.000000001
 43
0.0000000001
 40
0.0
 40
0.0
 40
0.0
 40
0.0
 40
0.0349364244801029
 40
0.0653875744540532
 40
0.0653875744540532
 40
0.0653875744540532
 40
0.0653875744540532
 10
271.2960342958704
 20
244.071758082031
 30
0.0
 10
271.2444737715669
 20
243.9661097130484
 30
0.0
 10
271.1479722642707
 20
243.768376524964
 30
0.0
 10
271.1261616624433
 20
243.5497496453736
 30
0.0
 10
271.1160044129538
 20
243.4479345841118
 30
0.0
  0
LINE
  5
B04
330
70
100
AcDbEntity
  8
Visible
100
AcDbLine
 10
270.751439
 20
244.381522
 30
0.0
 11
271.296034
 21
244.071758
 31
0.0
  0
SPLINE
  5
B05
330
70
100
AcDbEntity
  8
Visible
100
AcDbSpline
210
0.0
220
0.0
230
1.0
 70
     8
 71
     3
 72
     9
 73
     5
 74
     0
 42
0.000000001
 43
0.0000000001
 40
0.0
 40
0.0
 40
0.0
 40
0.0
 40
0.0467825841956367
 40
0.0949136120566798
 40
0.0949136120566798
 40
0.0949136120566798
 40
0.0949136120566798
 10
270.4666785280442
 20
243.4859986831743
 30
0.0
 10
270.4819501549827
 20
243.6430830453592
 30
0.0
 10
270.5129335925067
 20
243.9617795104823
 30
0.0
 10
270.6711876351838
 20
244.2402887997232
 30
0.0
 10
270.7514388190976
 20
244.3815218438522
 30
0.0
  0
LINE
  5
B06
330
70
100
AcDbEntity
  8
Visible
100
AcDbLine
 10
154.935086
 20
237.301742
 30
0.0
 11
156.014653
 21
235.985172
 31
0.0
  0
LINE
  5
B07
330
70
100
AcDbEntity
  8
Visible
100
AcDbLine
 10
156.461949
 20
236.351948
 30
0.0
 11
154.935086
 21
237.301742
 31
0.0
  0
LINE
  5
B08
330
70
100
AcDbEntity
  8
Visible
100
AcDbLine
 10
156.646564
 20
236.503329
 30
0.0
 11
156.461949
 21
236.351948
 31
0.0
  0
LINE
  5
B09
330
70
100
AcDbEntity
  8
Visible
100
AcDbLine
 10
156.03457
 20
238.166251
 30
0.0
 11
156.646564
 21
236.503329
 31
0.0
  0
LINE
  5
B0A
330
70
100
AcDbEntity
  8
Visible
100
AcDbLine
 10
157.09597
 20
236.871835
 30
0.0
 11
156.03457
 21
238.166251
 31
0.0
  0
LINE
  5
B0B
330
70
100
AcDbEntity
  8
Visible
100
AcDbLine
 10
157.293245
 20
237.033597
 30
0.0
 11
157.09597
 21
236.871835
 31
0.0
  0
LINE
  5
B0C
330
70
100
AcDbEntity
  8
Visible
100
AcDbLine
 10
156.0251
 20
238.580145
 30
0.0
 11
157.293245
 21
237.033597
 31
0.0
  0
LINE
  5
B0D
330
70
100
AcDbEntity
  8
Visible
100
AcDbLine
 10
155.74976
 20
238.35437
 30
0.0
 11
156.0251
 21
238.580145
 31
0.0
  0
LINE
  5
B0E
330
70
100
AcDbEntity
  8
Visible
100
AcDbLine
 10
156.261813
 20
236.974699
 30
0.0
 11
155.74976
 21
238.35437
 31
0.0
  0
ARC
  5
B0F
330
70
100
AcDbEntity
  8
Visible
100
AcDbCircle
 10
169.219789
 20
241.765152
 30
0.0
 40
13.81512180851452
100
AcDbArc
 50
200.288919
 51
201.689914
  0
ARC
  5
B10
330
70
100
AcDbEntity
  8
Visible
100
AcDbCircle
 10
148.262571
 20
224.33206
 30
0.0
 40
14.76141931247174
100
AcDbArc
 50
56.626208
 51
57.833616
  0
LINE
  5
B11
330
70
100
AcDbEntity
  8
Visible
100
AcDbLine
 10
154.857277
 20
237.622549
 30
0.0
 11
156.121252
 21
236.827685
 31
0.0
  0
LINE
  5
B12
330
70
100
AcDbEntity
  8
Visible
100
AcDbLine
 10
154.549234
 20
237.369958
 30
0.0
 11
154.857277
 21
237.622549
 31
0.0
  0
LINE
  5
B13
330
70
100
AcDbEntity
  8
Visible
100
AcDbLine
 10
155.817378
 20
235.82341
 30
0.0
 11
154.549234
 21
237.369958
 31
0.0
  0
LINE
  5
B14
330
70
100
AcDbEntity
  8
Visible
100
AcDbLine
 10
156.014653
 20
235.985172
 30
0.0
 11
155.817378
 21
235.82341
 31
0.0
  0
SPLINE
  5
B15
330
70
100
AcDbEntity
  8
Visible
100
AcDbSpline
210
0.0
220
0.0
230
1.0
 70
     8
 71
     3
 72
     9
 73
     5
 74
     0
 42
0.000000001
 43
0.0000000001
 40
0.0
 40
0.0
 40
0.0
 40
0.0
 40
0.0156273306865913
 40
0.0315861079404347
 40
0.0315861079404347
 40
0.0315861079404347
 40
0.0315861079404347
 10
160.3875653013583
 20
241.9050066232539
 30
0.0
 10
160.3499664692426
 20
241.8661385643991
 30
0.0
 10
160.2739713557203
 20
241.7875780778359
 30
0.0
 10
160.2710109584132
 20
241.6782152889427
 30
0.0
 10
160.2695152274009
 20
241.6229600991901
 30
0.0
  0
SPLINE
  5
B16
330
70
100
AcDbEntity
  8
Visible
100
AcDbSpline
210
0.0
220
0.0
230
1.0
 70
     8
 71
     3
 72
     9
 73
     5
 74
     0
 42
0.000000001
 43
0.0000000001
 40
0.0
 40
0.0
 40
0.0
 40
0.0
 40
0.0177703700644777
 40
0.0340583348573086
 40
0.0340583348573086
 40
0.0340583348573086
 40
0.0340583348573086
 10
160.7125702316025
 20
241.9615584649855
 30
0.0
 10
160.652069548787
 20
241.9731487837507
 30
0.0
 10
160.5361151535253
 20
241.9953625562357
 30
0.0
 10
160.4356239427852
 20
241.9342384489391
 30
0.0
 10
160.3875653013583
 20
241.9050066232539
 30
0.0
  0
SPLINE
  5
B17
330
70
100
AcDbEntity
  8
Visible
100
AcDbSpline
210
0.0
220
0.0
230
1.0
 70
     8
 71
     3
 72
     9
 73
     5
 74
     0
 42
0.000000001
 43
0.0000000001
 40
0.0
 40
0.0
 40
0.0
 40
0.0
 40
0.0411991481537291
 40
0.0672012089097054
 40
0.0672012089097054
 40
0.0672012089097054
 40
0.0672012089097054
 10
161.2177961694851
 20
241.5272263858587
 30
0.0
 10
161.1305969243949
 20
241.6358498492063
 30
0.0
 10
160.9883635300484
 20
241.8130289507153
 30
0.0
 10
160.7895116750514
 20
241.9201213623182
 30
0.0
 10
160.7125702316025
 20
241.9615584649855
 30
0.0
  0
SPLINE
  5
B18
330
70
100
AcDbEntity
  8
Visible
100
AcDbSpline
210
0.0
220
0.0
230
1.0
 70
     8
 71
     3
 72
     9
 73
     5
 74
     0
 42
0.000000001
 43
0.0000000001
 40
0.0
 40
0.0
 40
0.0
 40
0.0
 40
0.0260342171008199
 40
0.0670632558465381
 40
0.0670632558465381
 40
0.0670632558465381
 40
0.0670632558465381
 10
161.543870748621
 20
240.9477574564589
 30
0.0
 10
161.5182449153089
 20
241.0314177403143
 30
0.0
 10
161.4522336421833
 20
241.2469237798759
 30
0.0
 10
161.306782569367
 20
241.4208307678837
 30
0.0
 10
161.2177961694851
 20
241.5272263858587
 30
0.0
  0
SPLINE
  5
B19
330
70
100
AcDbEntity
  8
Visible
100
AcDbSpline
210
0.0
220
0.0
230
1.0
 70
     8
 71
     3
 72
     9
 73
     5
 74
     0
 42
0.000000001
 43
0.0000000001
 40
0.0
 40
0.0
 40
0.0
 40
0.0
 40
0.016098518822424
 40
0.0338897055589784
 40
0.0338897055589784
 40
0.0338897055589784
 40
0.0338897055589784
 10
161.4277198461241
 20
240.6408040382048
 30
0.0
 10
161.4651234630964
 20
240.6819323791333
 30
0.0
 10
161.5438634751444
 20
240.7685134726798
 30
0.0
 10
161.5438682447202
 20
240.8860525778237
 30
0.0
 10
161.543870748621
 20
240.9477574564589
 30
0.0
  0
SPLINE
  5
B1A
330
70
100
AcDbEntity
  8
Visible
100
AcDbSpline
210
0.0
220
0.0
230
1.0
 70
     8
 71
     3
 72
     9
 73
     5
 74
     0
 42
0.000000001
 43
0.0000000001
 40
0.0
 40
0.0
 40
0.0
 40
0.0
 40
0.0177559312677788
 40
0.0338501747490336
 40
0.0338501747490336
 40
0.0338501747490336
 40
0.0338501747490336
 10
161.1043918451741
 20
240.5865096350826
 30
0.0
 10
161.1647986623738
 20
240.5745947814939
 30
0.0
 10
161.2799591283292
 20
240.5518801251874
 30
0.0
 10
161.380104976366
 20
240.612148922015
 30
0.0
 10
161.4277198461241
 20
240.6408040382048
 30
0.0
  0
SPLINE
  5
B1B
330
70
100
AcDbEntity
  8
Visible
100
AcDbSpline
210
0.0
220
0.0
230
1.0
 70
     8
 71
     3
 72
     9
 73
     5
 74
     0
 42
0.000000001
 43
0.0000000001
 40
0.0
 40
0.0
 40
0.0
 40
0.0
 40
0.0411140930152887
 40
0.0671322115200147
 40
0.0671322115200147
 40
0.0671322115200147
 40
0.0671322115200147
 10
160.5995989164676
 20
241.0203145839077
 30
0.0
 10
160.6866491606524
 20
240.9119502029807
 30
0.0
 10
160.8287871716584
 20
240.7350098886472
 30
0.0
 10
161.0274118167181
 20
240.6279877188881
 30
0.0
 10
161.1043918451741
 20
240.5865096350826
 30
0.0
  0
SPLINE
  5
B1C
330
70
100
AcDbEntity
  8
Visible
100
AcDbSpline
210
0.0
220
0.0
230
1.0
 70
     8
 71
     3
 72
     9
 73
     5
 74
     0
 42
0.000000001
 43
0.0000000001
 40
0.0
 40
0.0
 40
0.0
 40
0.0
 40
0.0277083759905545
 40
0.0693368929506909
 40
0.0693368929506909
 40
0.0693368929506909
 40
0.0693368929506909
 10
160.2695152274009
 20
241.6229600991901
 30
0.0
 10
160.2954987414177
 20
241.5334706916219
 30
0.0
 10
160.360519373824
 20
241.3095341651751
 30
0.0
 10
160.5099085633774
 20
241.1288149017419
 30
0.0
 10
160.5995989164676
 20
241.0203145839077
 30
0.0
  0
SPLINE
  5
B1D
330
70
100
AcDbEntity
  8
Visible
100
AcDbSpline
210
0.0
220
0.0
230
1.0
 70
     8
 71
     3
 72
     9
 73
     5
 74
     0
 42
0.000000001
 43
0.0000000001
 40
0.0
 40
0.0
 40
0.0
 40
0.0
 40
0.026333914574837
 40
0.0513634826096901
 40
0.0513634826096901
 40
0.0513634826096901
 40
0.0513634826096901
 10
161.5557452524517
 20
240.4846724306862
 30
0.0
 10
161.4808691585476
 20
240.433269531055
 30
0.0
 10
161.3348256625777
 20
240.3330097715825
 30
0.0
 10
161.1587602797935
 20
240.3491171892638
 30
0.0
 10
161.0729631287231
 20
240.356966378733
 30
0.0
  0
SPLINE
  5
B1E
330
70
100
AcDbEntity
  8
Visible
100
AcDbSpline
210
0.0
220
0.0
230
1.0
 70
     8
 71
     3
 72
     9
 73
     5
 74
     0
 42
0.000000001
 43
0.0000000001
 40
0.0
 40
0.0
 40
0.0
 40
0.0
 40
0.0185354309592938
 40
0.0388226534349467
 40
0.0388226534349467
 40
0.0388226534349467
 40
0.0388226534349467
 10
161.762061806934
 20
240.8064572992989
 30
0.0
 10
161.7431588174895
 20
240.7464709886226
 30
0.0
 10
161.7035663089718
 20
240.6208290353643
 30
0.0
 10
161.6064792222678
 20
240.531403019917
 30
0.0
 10
161.5557452524517
 20
240.4846724306862
 30
0.0
  0
SPLINE
  5
B1F
330
70
100
AcDbEntity
  8
Visible
100
AcDbSpline
210
0.0
220
0.0
230
1.0
 70
     8
 71
     3
 72
     9
 73
     5
 74
     0
 42
0.000000001
 43
0.0000000001
 40
0.0
 40
0.0
 40
0.0
 40
0.0
 40
0.021184564583552
 40
0.0402125925746742
 40
0.0402125925746742
 40
0.0402125925746742
 40
0.0402125925746742
 10
161.7173366194492
 20
241.2020270184676
 30
0.0
 10
161.7398323242487
 20
241.1341049836447
 30
0.0
 10
161.7825337264075
 20
241.0051752101572
 30
0.0
 10
161.7686373669639
 20
240.8702852932329
 30
0.0
 10
161.762061806934
 20
240.8064572992989
 30
0.0
  0
SPLINE
  5
B20
330
70
100
AcDbEntity
  8
Visible
100
AcDbSpline
210
0.0
220
0.0
230
1.0
 70
     8
 71
     3
 72
     9
 73
     5
 74
     0
 42
0.000000001
 43
0.0000000001
 40
0.0
 40
0.0
 40
0.0
 40
0.0
 40
0.0318555617337857
 40
0.0574536216840496
 40
0.0574536216840496
 40
0.0574536216840496
 40
0.0574536216840496
 10
161.4129603908168
 20
241.6872579075589
 30
0.0
 10
161.4794459181194
 20
241.6038744986181
 30
0.0
 10
161.5993569831025
 20
241.4534869816125
 30
0.0
 10
161.6809731197008
 20
241.2795316166285
 30
0.0
 10
161.7173366194492
 20
241.2020270184676
 30
0.0
  0
ARC
  5
B21
330
70
100
AcDbEntity
  8
Visible
100
AcDbCircle
 10
159.853509
 20
240.473673
 30
0.0
 40
1.976025335529806
100
AcDbArc
 50
37.890497
 51
51.692454
  0
SPLINE
  5
B22
330
70
100
AcDbEntity
  8
Visible
100
AcDbSpline
210
0.0
220
0.0
230
1.0
 70
     8
 71
     3
 72
     9
 73
     5
 74
     0
 42
0.000000001
 43
0.0000000001
 40
0.0
 40
0.0
 40
0.0
 40
0.0
 40
0.0152703100348924
 40
0.0323328542251258
 40
0.0323328542251258
 40
0.0323328542251258
 40
0.0323328542251258
 10
160.7938342054476
 20
242.1755092768472
 30
0.0
 10
160.8415522492669
 20
242.1572455280639
 30
0.0
 10
160.9425888720452
 20
242.1185744646937
 30
0.0
 10
161.0314950842548
 20
242.0568323452844
 30
0.0
 10
161.0784122590903
 20
242.0242500797813
 30
0.0
  0
SPLINE
  5
B23
330
70
100
AcDbEntity
  8
Visible
100
AcDbSpline
210
0.0
220
0.0
230
1.0
 70
     8
 71
     3
 72
     9
 73
     5
 74
     0
 42
0.000000001
 43
0.0000000001
 40
0.0
 40
0.0
 40
0.0
 40
0.0
 40
0.0136190759140628
 40
0.0276411191356048
 40
0.0276411191356048
 40
0.0276411191356048
 40
0.0276411191356048
 10
160.5202472836863
 20
242.1928761261588
 30
0.0
 10
160.5657188135646
 20
242.1987665907982
 30
0.0
 10
160.6580073052755
 20
242.2107218097772
 30
0.0
 10
160.7481206648263
 20
242.1873603133681
 30
0.0
 10
160.7938342054476
 20
242.1755092768472
 30
0.0
  0
SPLINE
  5
B24
330
70
100
AcDbEntity
  8
Visible
100
AcDbSpline
210
0.0
220
0.0
230
1.0
 70
     8
 71
     3
 72
     9
 73
     5
 74
     0
 42
0.000000001
 43
0.0000000001
 40
0.0
 40
0.0
 40
0.0
 40
0.0
 40
0.0151957276004776
 40
0.0291972763413675
 40
0.0291972763413675
 40
0.0291972763413675
 40
0.0291972763413675
 10
160.2607848314474
 20
242.0639234403316
 30
0.0
 10
160.3017194969197
 20
242.0946052419622
 30
0.0
 10
160.3803719162842
 20
242.1535576701972
 30
0.0
 10
160.4749110558932
 20
242.1801322777664
 30
0.0
 10
160.5202472836863
 20
242.1928761261588
 30
0.0
  0
SPLINE
  5
B25
330
70
100
AcDbEntity
  8
Visible
100
AcDbSpline
210
0.0
220
0.0
230
1.0
 70
     8
 71
     3
 72
     9
 73
     5
 74
     0
 42
0.000000001
 43
0.0000000001
 40
0.0
 40
0.0
 40
0.0
 40
0.0
 40
0.0184810038635591
 40
0.0386646142894838
 40
0.0386646142894838
 40
0.0386646142894838
 40
0.0386646142894838
 10
160.0550902842678
 20
241.7435307985597
 30
0.0
 10
160.0740413668391
 20
241.803300390724
 30
0.0
 10
160.1136894456704
 20
241.9283459912949
 30
0.0
 10
160.2103344401857
 20
242.0174234409314
 30
0.0
 10
160.2607848314474
 20
242.0639234403316
 30
0.0
  0
SPLINE
  5
B26
330
70
100
AcDbEntity
  8
Visible
100
AcDbSpline
210
0.0
220
0.0
230
1.0
 70
     8
 71
     3
 72
     9
 73
     5
 74
     0
 42
0.000000001
 43
0.0000000001
 40
0.0
 40
0.0
 40
0.0
 40
0.0
 40
0.0211909857535031
 40
0.0401920335923215
 40
0.0401920335923215
 40
0.0401920335923215
 40
0.0401920335923215
 10
160.0988557401815
 20
241.3480561131037
 30
0.0
 10
160.0765219712302
 20
241.4160548724285
 30
0.0
 10
160.0341624697739
 20
241.5450252021165
 30
0.0
 10
160.0483724315254
 20
241.6798102717166
 30
0.0
 10
160.0550902842678
 20
241.7435307985597
 30
0.0
  0
SPLINE
  5
B27
330
70
100
AcDbEntity
  8
Visible
100
AcDbSpline
210
0.0
220
0.0
230
1.0
 70
     8
 71
     3
 72
     9
 73
     5
 74
     0
 42
0.000000001
 43
0.0000000001
 40
0.0
 40
0.0
 40
0.0
 40
0.0
 40
0.0320608374303245
 40
0.0577364233305481
 40
0.0577364233305481
 40
0.0577364233305481
 40
0.0577364233305481
 10
160.4044342342295
 20
240.8602826842707
 30
0.0
 10
160.3374962855268
 20
240.9441945737344
 30
0.0
 10
160.216951781611
 20
241.0953064211117
 30
0.0
 10
160.1352076406347
 20
241.2702556082622
 30
0.0
 10
160.0988557401815
 20
241.3480561131037
 30
0.0
  0
SPLINE
  5
B28
330
70
100
AcDbEntity
  8
Visible
100
AcDbSpline
210
0.0
220
0.0
230
1.0
 70
     8
 71
     3
 72
     9
 73
     5
 74
     0
 42
0.000000001
 43
0.0000000001
 40
0.0
 40
0.0
 40
0.0
 40
0.0
 40
0.0360088304475199
 40
0.0847596463469006
 40
0.0847596463469006
 40
0.0847596463469006
 40
0.0847596463469006
 10
161.0729631287231
 20
240.356966378733
 30
0.0
 10
160.9606036108944
 20
240.4035095896997
 30
0.0
 10
160.6961253460758
 20
240.5130656639321
 30
0.0
 10
160.5109440871201
 20
240.733497766063
 30
0.0
 10
160.4044342342295
 20
240.8602826842707
 30
0.0
  0
LINE
  5
B29
330
70
100
AcDbEntity
  8
Visible
100
AcDbLine
 10
159.147819
 20
241.151309
 30
0.0
 11
159.270193
 21
241.251654
 31
0.0
  0
SPLINE
  5
B2A
330
70
100
AcDbEntity
  8
Visible
100
AcDbSpline
210
0.0
220
0.0
230
1.0
 70
     8
 71
     3
 72
     9
 73
     5
 74
     0
 42
0.000000001
 43
0.0000000001
 40
0.0
 40
0.0
 40
0.0
 40
0.0
 40
0.0189098806386352
 40
0.034669533441709
 40
0.034669533441709
 40
0.034669533441709
 40
0.034669533441709
 10
159.1485751433629
 20
240.8061342738729
 30
0.0
 10
159.1570472940002
 20
240.8689834615179
 30
0.0
 10
159.1725802058936
 20
240.9842116882028
 30
0.0
 10
159.1555571086028
 20
241.0990895529103
 30
0.0
 10
159.1478189570825
 20
241.1513093286849
 30
0.0
  0
ARC
  5
B2B
330
70
100
AcDbEntity
  8
Visible
100
AcDbCircle
 10
157.684758
 20
241.044031
 30
0.0
 40
1.483022385942384
100
AcDbArc
 50
334.103017
 51
350.769107
  0
LINE
  5
B2C
330
70
100
AcDbEntity
  8
Visible
100
AcDbLine
 10
159.169373
 20
240.212754
 30
0.0
 11
159.018856
 21
240.396314
 31
0.0
  0
ARC
  5
B2D
330
70
100
AcDbEntity
  8
Visible
100
AcDbCircle
 10
157.734575
 20
241.025139
 30
0.0
 40
1.648822556511423
100
AcDbArc
 50
330.481397
 51
340.501394
  0
ARC
  5
B2E
330
70
100
AcDbEntity
  8
Visible
100
AcDbCircle
 10
158.104974
 20
240.932255
 30
0.0
 40
1.269175545458945
100
AcDbArc
 50
338.872567
 51
351.884678
  0
LINE
  5
B2F
330
70
100
AcDbEntity
  8
Visible
100
AcDbLine
 10
160.353637
 20
239.543069
 30
0.0
 11
159.36144
 21
240.75309
 31
0.0
  0
LINE
  5
B30
330
70
100
AcDbEntity
  8
Visible
100
AcDbLine
 10
160.543527
 20
239.698776
 30
0.0
 11
160.353637
 21
239.543069
 31
0.0
  0
LINE
  5
B31
330
70
100
AcDbEntity
  8
Visible
100
AcDbLine
 10
159.270193
 20
241.251654
 30
0.0
 11
160.543527
 21
239.698776
 31
0.0
  0
ARC
  5
B32
330
70
100
AcDbEntity
  8
Visible
100
AcDbCircle
 10
159.005032
 20
242.585232
 30
0.0
 40
2.018690709043426
100
AcDbArc
 50
176.441885
 51
188.430676
  0
ARC
  5
B33
330
70
100
AcDbEntity
  8
Visible
100
AcDbCircle
 10
167.616971
 20
241.685643
 30
0.0
 40
10.67604420943746
100
AcDbArc
 50
169.400404
 51
174.491284
  0
ARC
  5
B34
330
70
100
AcDbEntity
  8
Visible
100
AcDbCircle
 10
147.358622
 20
245.449416
 30
0.0
 40
9.928989995079753
100
AcDbArc
 50
349.555401
 51
357.018047
  0
SPLINE
  5
B35
330
70
100
AcDbEntity
  8
Visible
100
AcDbSpline
210
0.0
220
0.0
230
1.0
 70
     8
 71
     3
 72
     9
 73
     5
 74
     0
 42
0.000000001
 43
0.0000000001
 40
0.0
 40
0.0
 40
0.0
 40
0.0
 40
0.0339433127882931
 40
0.0736420598186291
 40
0.0736420598186291
 40
0.0736420598186291
 40
0.0736420598186291
 10
157.1892231780493
 20
245.6620155981054
 30
0.0
 10
157.2161709197607
 20
245.5517008580846
 30
0.0
 10
157.2746356671268
 20
245.3123663908209
 30
0.0
 10
157.2743319265264
 20
245.0658093888451
 30
0.0
 10
157.2741681869283
 20
244.9328961586343
 30
0.0
  0
SPLINE
  5
B36
330
70
100
AcDbEntity
  8
Visible
100
AcDbSpline
210
0.0
220
0.0
230
1.0
 70
     8
 71
     3
 72
     9
 73
     5
 74
     0
 42
0.000000001
 43
0.0000000001
 40
0.0
 40
0.0
 40
0.0
 40
0.0
 40
0.0299157400796529
 40
0.0605775134476348
 40
0.0605775134476348
 40
0.0605775134476348
 40
0.0605775134476348
 10
156.9005666199773
 20
246.1910727424038
 30
0.0
 10
156.9613848166864
 20
246.1112612970119
 30
0.0
 10
157.0845378832418
 20
245.9496480829075
 30
0.0
 10
157.1540427541731
 20
245.7586770514117
 30
0.0
 10
157.1892231780493
 20
245.6620155981054
 30
0.0
  0
SPLINE
  5
B37
330
70
100
AcDbEntity
  8
Visible
100
AcDbSpline
210
0.0
220
0.0
230
1.0
 70
     8
 71
     3
 72
     9
 73
     5
 74
     0
 42
0.000000001
 43
0.0000000001
 40
0.0
 40
0.0
 40
0.0
 40
0.0
 40
0.0546459489506171
 40
0.1098799847567644
 40
0.1098799847567644
 40
0.1098799847567644
 40
0.1098799847567644
 10
155.9402816252368
 20
246.6728729745137
 30
0.0
 10
156.1251517432247
 20
246.6443313051895
 30
0.0
 10
156.4968815079482
 20
246.5869408078033
 30
0.0
 10
156.7655256473426
 20
246.3234987521664
 30
0.0
 10
156.9005666199773
 20
246.1910727424038
 30
0.0
  0
SPLINE
  5
B38
330
70
100
AcDbEntity
  8
Visible
100
AcDbSpline
210
0.0
220
0.0
230
1.0
 70
     8
 71
     3
 72
     9
 73
     5
 74
     0
 42
0.000000001
 43
0.0000000001
 40
0.0
 40
0.0
 40
0.0
 40
0.0
 40
0.06522853707566
 40
0.1230336769143121
 40
0.1230336769143121
 40
0.1230336769143121
 40
0.1230336769143121
 10
154.8139322474981
 20
246.2389992427215
 30
0.0
 10
154.9913793110863
 20
246.3738203591038
 30
0.0
 10
155.3260789022442
 20
246.6281191433154
 30
0.0
 10
155.7439516838585
 20
246.6585674093858
 30
0.0
 10
155.9402816252368
 20
246.6728729745137
 30
0.0
  0
SPLINE
  5
B39
330
70
100
AcDbEntity
  8
Visible
100
AcDbSpline
210
0.0
220
0.0
230
1.0
 70
     8
 71
     3
 72
     9
 73
     5
 74
     0
 42
0.000000001
 43
0.0000000001
 40
0.0
 40
0.0
 40
0.0
 40
0.0
 40
0.0567842975073301
 40
0.1214839278824264
 40
0.1214839278824264
 40
0.1214839278824264
 40
0.1214839278824264
 10
154.1883663731733
 20
245.2213938792502
 30
0.0
 10
154.2403851247781
 20
245.4071317883845
 30
0.0
 10
154.351673677178
 20
245.8044981686853
 30
0.0
 10
154.6532952991147
 20
246.0880081501091
 30
0.0
 10
154.8139322474981
 20
246.2389992427215
 30
0.0
  0
SPLINE
  5
B3A
330
70
100
AcDbEntity
  8
Visible
100
AcDbSpline
210
0.0
220
0.0
230
1.0
 70
     8
 71
     3
 72
     9
 73
     5
 74
     0
 42
0.000000001
 43
0.0000000001
 40
0.0
 40
0.0
 40
0.0
 40
0.0
 40
0.0640875690979905
 40
0.1204171953652634
 40
0.1204171953652634
 40
0.1204171953652634
 40
0.1204171953652634
 10
154.513810868124
 20
244.0856749792856
 30
0.0
 10
154.3974382895394
 20
244.2711583994278
 30
0.0
 10
154.1787802919298
 20
244.619672059016
 30
0.0
 10
154.1853112666158
 20
245.029623724984
 30
0.0
 10
154.1883663731733
 20
245.2213938792502
 30
0.0
  0
LINE
  5
B3B
330
70
100
AcDbEntity
  8
Visible
100
AcDbLine
 10
155.036492
 20
244.445016
 30
0.0
 11
154.513811
 21
244.085675
 31
0.0
  0
SPLINE
  5
B3C
330
70
100
AcDbEntity
  8
Visible
100
AcDbSpline
210
0.0
220
0.0
230
1.0
 70
     8
 71
     3
 72
     9
 73
     5
 74
     0
 42
0.000000001
 43
0.0000000001
 40
0.0
 40
0.0
 40
0.0
 40
0.0
 40
0.0375179224469414
 40
0.080033528296939
 40
0.080033528296939
 40
0.080033528296939
 40
0.080033528296939
 10
154.7645689418877
 20
245.1808013850077
 30
0.0
 10
154.7711883280062
 20
245.0530852971733
 30
0.0
 10
154.7853088547253
 20
244.780640330524
 30
0.0
 10
154.9493496261311
 20
244.5614528496098
 30
0.0
 10
155.0364917642946
 20
244.4450155420964
 30
0.0
  0
SPLINE
  5
B3D
330
70
100
AcDbEntity
  8
Visible
100
AcDbSpline
210
0.0
220
0.0
230
1.0
 70
     8
 71
     3
 72
     9
 73
     5
 74
     0
 42
0.000000001
 43
0.0000000001
 40
0.0
 40
0.0
 40
0.0
 40
0.0
 40
0.0404549371653898
 40
0.0773517855131119
 40
0.0773517855131119
 40
0.0773517855131119
 40
0.0773517855131119
 10
155.1327162341877
 20
245.8429998588635
 30
0.0
 10
155.0332404970395
 20
245.7467437464675
 30
0.0
 10
154.843038103394
 20
245.5626974301958
 30
0.0
 10
154.7899107307057
 20
245.3041355552977
 30
0.0
 10
154.7645689418877
 20
245.1808013850077
 30
0.0
  0
SPLINE
  5
B3E
330
70
100
AcDbEntity
  8
Visible
100
AcDbSpline
210
0.0
220
0.0
230
1.0
 70
     8
 71
     3
 72
     9
 73
     5
 74
     0
 42
0.000000001
 43
0.0000000001
 40
0.0
 40
0.0
 40
0.0
 40
0.0
 40
0.0354522657680567
 40
0.073951784839967
 40
0.073951784839967
 40
0.073951784839967
 40
0.073951784839967
 10
155.8134776495863
 20
246.0927610280196
 30
0.0
 10
155.6928076600506
 20
246.0860898657029
 30
0.0
 10
155.4410956492866
 20
246.0721741300076
 30
0.0
 10
155.2382949047769
 20
245.9214613698969
 30
0.0
 10
155.1327162341877
 20
245.8429998588635
 30
0.0
  0
SPLINE
  5
B3F
330
70
100
AcDbEntity
  8
Visible
100
AcDbSpline
210
0.0
220
0.0
230
1.0
 70
     8
 71
     3
 72
     9
 73
     5
 74
     0
 42
0.000000001
 43
0.0000000001
 40
0.0
 40
0.0
 40
0.0
 40
0.0
 40
0.034264038726457
 40
0.0683626398964349
 40
0.0683626398964349
 40
0.0683626398964349
 40
0.0683626398964349
 10
156.411024347266
 20
245.792756132023
 30
0.0
 10
156.3271757253078
 20
245.8747546956547
 30
0.0
 10
156.1598833289099
 20
246.0383559080601
 30
0.0
 10
155.9287597697257
 20
246.0746552695127
 30
0.0
 10
155.8134776495863
 20
246.0927610280196
 30
0.0
  0
SPLINE
  5
B40
330
70
100
AcDbEntity
  8
Visible
100
AcDbSpline
210
0.0
220
0.0
230
1.0
 70
     8
 71
     3
 72
     9
 73
     5
 74
     0
 42
0.000000001
 43
0.0000000001
 40
0.0
 40
0.0
 40
0.0
 40
0.0
 40
0.0436421144295078
 40
0.0802048661387144
 40
0.0802048661387144
 40
0.0802048661387144
 40
0.0802048661387144
 10
156.6710594942396
 20
245.0446242892704
 30
0.0
 10
156.6553728322615
 20
245.191760975431
 30
0.0
 10
156.626544104769
 20
245.4621667147476
 30
0.0
 10
156.4785087708351
 20
245.6892406282877
 30
0.0
 10
156.411024347266
 20
245.792756132023
 30
0.0
  0
ARC
  5
B41
330
70
100
AcDbEntity
  8
Visible
100
AcDbCircle
 10
149.862637
 20
244.963255
 30
0.0
 40
6.808908598419251
100
AcDbArc
 50
347.798884
 51
0.684727
  0
ARC
  5
B42
330
70
100
AcDbEntity
  8
Visible
100
AcDbCircle
 10
162.72664
 20
242.281505
 30
0.0
 40
6.332041840265821
100
AcDbArc
 50
168.681645
 51
178.68237
  0
SPLINE
  5
B43
330
70
100
AcDbEntity
  8
Visible
100
AcDbSpline
210
0.0
220
0.0
230
1.0
 70
     8
 71
     3
 72
     9
 73
     5
 74
     0
 42
0.000000001
 43
0.0000000001
 40
0.0
 40
0.0
 40
0.0
 40
0.0
 40
0.0373135268065793
 40
0.0781177067217637
 40
0.0781177067217637
 40
0.0781177067217637
 40
0.0781177067217637
 10
156.5191638934138
 20
241.6586258191801
 30
0.0
 10
156.4834171136044
 20
241.7783314566587
 30
0.0
 10
156.4085794689108
 20
242.0289411063404
 30
0.0
 10
156.4004950920116
 20
242.2904916115586
 30
0.0
 10
156.3962722802644
 20
242.4271104950331
 30
0.0
  0
SPLINE
  5
B44
330
70
100
AcDbEntity
  8
Visible
100
AcDbSpline
210
0.0
220
0.0
230
1.0
 70
     8
 71
     3
 72
     9
 73
     5
 74
     0
 42
0.000000001
 43
0.0000000001
 40
0.0
 40
0.0
 40
0.0
 40
0.0
 40
0.0217910858077039
 40
0.0434483202064348
 40
0.0434483202064348
 40
0.0434483202064348
 40
0.0434483202064348
 10
156.740752633721
 20
241.2874309684339
 30
0.0
 10
156.6943581097293
 20
241.343910133306
 30
0.0
 10
156.6018540393943
 20
241.4565215406474
 30
0.0
 10
156.5466706074694
 20
241.5913962293289
 30
0.0
 10
156.5191638934138
 20
241.6586258191801
 30
0.0
  0
LINE
  5
B45
330
70
100
AcDbEntity
  8
Visible
100
AcDbLine
 10
159.258608
 20
243.428189
 30
0.0
 11
156.740753
 21
241.287431
 31
0.0
  0
LINE
  5
B46
330
70
100
AcDbEntity
  8
Visible
100
AcDbLine
 10
158.876409
 20
243.877713
 30
0.0
 11
159.258608
 21
243.428189
 31
0.0
  0
LINE
  5
B47
330
70
100
AcDbEntity
  8
Visible
100
AcDbLine
 10
157.008155
 20
242.289266
 30
0.0
 11
158.876409
 21
243.877713
 31
0.0
  0
LINE
  5
B48
330
70
100
AcDbEntity
  8
Visible
100
AcDbLine
 10
120.125456
 20
154.99745
 30
0.0
 11
121.020081
 21
154.361085
 31
0.0
  0
LINE
  5
B49
330
70
100
AcDbEntity
  8
Visible
100
AcDbLine
 10
121.027172
 20
154.987239
 30
0.0
 11
120.125456
 21
154.99745
 31
0.0
  0
LINE
  5
B4A
330
70
100
AcDbEntity
  8
Visible
100
AcDbLine
 10
121.020081
 20
154.361085
 30
0.0
 11
121.027172
 21
154.987239
 31
0.0
  0
LINE
  5
B4B
330
70
100
AcDbEntity
  8
Visible
100
AcDbLine
 10
121.25504
 20
155.230241
 30
0.0
 11
121.733863
 21
155.224818
 31
0.0
  0
LINE
  5
B4C
330
70
100
AcDbEntity
  8
Visible
100
AcDbLine
 10
121.258099
 20
155.500346
 30
0.0
 11
121.25504
 21
155.230241
 31
0.0
  0
LINE
  5
B4D
330
70
100
AcDbEntity
  8
Visible
100
AcDbLine
 10
121.033011
 20
155.502895
 30
0.0
 11
121.258099
 21
155.500346
 31
0.0
  0
LINE
  5
B4E
330
70
100
AcDbEntity
  8
Visible
100
AcDbLine
 10
121.029952
 20
155.232789
 30
0.0
 11
121.033011
 21
155.502895
 31
0.0
  0
LINE
  5
B4F
330
70
100
AcDbEntity
  8
Visible
100
AcDbLine
 10
119.733992
 20
155.247465
 30
0.0
 11
121.029952
 21
155.232789
 31
0.0
  0
LINE
  5
B50
330
70
100
AcDbEntity
  8
Visible
100
AcDbLine
 10
119.731721
 20
155.046932
 30
0.0
 11
119.733992
 21
155.247465
 31
0.0
  0
LINE
  5
B51
330
70
100
AcDbEntity
  8
Visible
100
AcDbLine
 10
121.017347
 20
154.119627
 30
0.0
 11
119.731721
 21
155.046932
 31
0.0
  0
LINE
  5
B52
330
70
100
AcDbEntity
  8
Visible
100
AcDbLine
 10
121.242434
 20
154.117079
 30
0.0
 11
121.017347
 21
154.119627
 31
0.0
  0
LINE
  5
B53
330
70
100
AcDbEntity
  8
Visible
100
AcDbLine
 10
121.252259
 20
154.98469
 30
0.0
 11
121.242434
 21
154.117079
 31
0.0
  0
LINE
  5
B54
330
70
100
AcDbEntity
  8
Visible
100
AcDbLine
 10
121.731083
 20
154.979268
 30
0.0
 11
121.252259
 21
154.98469
 31
0.0
  0
LINE
  5
B55
330
70
100
AcDbEntity
  8
Visible
100
AcDbLine
 10
121.733863
 20
155.224818
 30
0.0
 11
121.731083
 21
154.979268
 31
0.0
  0
LINE
  5
B56
330
70
100
AcDbEntity
  8
Visible
100
AcDbLine
 10
121.174774
 20
156.334903
 30
0.0
 11
121.742051
 21
155.947828
 31
0.0
  0
LINE
  5
B57
330
70
100
AcDbEntity
  8
Visible
100
AcDbLine
 10
121.297081
 20
156.41265
 30
0.0
 11
121.174774
 21
156.334903
 31
0.0
  0
LINE
  5
B58
330
70
100
AcDbEntity
  8
Visible
100
AcDbLine
 10
121.750625
 20
156.704942
 30
0.0
 11
121.297081
 21
156.41265
 31
0.0
  0
LINE
  5
B59
330
70
100
AcDbEntity
  8
Visible
100
AcDbLine
 10
121.754039
 20
157.006423
 30
0.0
 11
121.750625
 21
156.704942
 31
0.0
  0
LINE
  5
B5A
330
70
100
AcDbEntity
  8
Visible
100
AcDbLine
 10
120.981274
 20
156.476258
 30
0.0
 11
121.754039
 21
157.006423
 31
0.0
  0
LINE
  5
B5B
330
70
100
AcDbEntity
  8
Visible
100
AcDbLine
 10
120.304859
 20
156.984632
 30
0.0
 11
120.981274
 21
156.476258
 31
0.0
  0
LINE
  5
B5C
330
70
100
AcDbEntity
  8
Visible
100
AcDbLine
 10
120.301537
 20
156.691335
 30
0.0
 11
120.304859
 21
156.984632
 31
0.0
  0
LINE
  5
B5D
330
70
100
AcDbEntity
  8
Visible
100
AcDbLine
 10
120.641178
 20
156.443272
 30
0.0
 11
120.301537
 21
156.691335
 31
0.0
  0
ARC
  5
B5E
330
70
100
AcDbEntity
  8
Visible
100
AcDbCircle
 10
123.581648
 20
160.421694
 30
0.0
 40
4.947140938987916
100
AcDbArc
 50
233.531722
 51
235.780284
  0
ARC
  5
B5F
330
70
100
AcDbEntity
  8
Visible
100
AcDbCircle
 10
122.905179
 20
152.673381
 30
0.0
 40
4.220386750193892
100
AcDbArc
 50
119.928703
 51
122.524322
  0
LINE
  5
B60
330
70
100
AcDbEntity
  8
Visible
100
AcDbLine
 10
120.29386
 20
156.013344
 30
0.0
 11
120.636056
 21
156.231857
 31
0.0
  0
LINE
  5
B61
330
70
100
AcDbEntity
  8
Visible
100
AcDbLine
 10
120.290384
 20
155.706406
 30
0.0
 11
120.29386
 21
156.013344
 31
0.0
  0
LINE
  5
B62
330
70
100
AcDbEntity
  8
Visible
100
AcDbLine
 10
120.991656
 20
156.188264
 30
0.0
 11
120.290384
 21
155.706406
 31
0.0
  0
LINE
  5
B63
330
70
100
AcDbEntity
  8
Visible
100
AcDbLine
 10
121.738683
 20
155.650439
 30
0.0
 11
120.991656
 21
156.188264
 31
0.0
  0
LINE
  5
B64
330
70
100
AcDbEntity
  8
Visible
100
AcDbLine
 10
121.742051
 20
155.947828
 30
0.0
 11
121.738683
 21
155.650439
 31
0.0
  0
SPLINE
  5
B65
330
70
100
AcDbEntity
  8
Visible
100
AcDbSpline
210
0.0
220
0.0
230
1.0
 70
     8
 71
     3
 72
     9
 73
     5
 74
     0
 42
0.000000001
 43
0.0000000001
 40
0.0
 40
0.0
 40
0.0
 40
0.0
 40
0.0478395048620328
 40
0.0944287747182992
 40
0.0944287747182992
 40
0.0944287747182992
 40
0.0944287747182992
 10
118.0152935432306
 20
152.612749101303
 30
0.0
 10
117.9428758433696
 20
152.4682017111045
 30
0.0
 10
117.7999330038565
 20
152.1828845243071
 30
0.0
 10
117.5487520855895
 20
151.9862623594345
 30
0.0
 10
117.4248244415139
 20
151.8892529136774
 30
0.0
  0
SPLINE
  5
B66
330
70
100
AcDbEntity
  8
Visible
100
AcDbSpline
210
0.0
220
0.0
230
1.0
 70
     8
 71
     3
 72
     9
 73
     5
 74
     0
 42
0.000000001
 43
0.0000000001
 40
0.0
 40
0.0
 40
0.0
 40
0.0
 40
0.0625678577146357
 40
0.1160400823040377
 40
0.1160400823040377
 40
0.1160400823040377
 40
0.1160400823040377
 10
118.2057180648389
 20
153.7514589930542
 30
0.0
 10
118.2017534433817
 20
153.5414901184613
 30
0.0
 10
118.1944005465884
 20
153.1520760266412
 30
0.0
 10
118.0717923903321
 20
152.7828784034591
 30
0.0
 10
118.0152935432306
 20
152.612749101303
 30
0.0
  0
SPLINE
  5
B67
330
70
100
AcDbEntity
  8
Visible
100
AcDbSpline
210
0.0
220
0.0
230
1.0
 70
     8
 71
     3
 72
     9
 73
     5
 74
     0
 42
0.000000001
 43
0.0000000001
 40
0.0
 40
0.0
 40
0.0
 40
0.0
 40
0.0478082173210592
 40
0.0989051644184665
 40
0.0989051644184665
 40
0.0989051644184665
 40
0.0989051644184665
 10
118.0033513662692
 20
154.7136709518035
 30
0.0
 10
118.0615060524633
 20
154.5641044885415
 30
0.0
 10
118.181815888769
 20
154.2546828771665
 30
0.0
 10
118.1975759912784
 20
153.9228779412606
 30
0.0
 10
118.2057180648389
 20
153.7514589930542
 30
0.0
  0
SPLINE
  5
B68
330
70
100
AcDbEntity
  8
Visible
100
AcDbSpline
210
0.0
220
0.0
230
1.0
 70
     8
 71
     3
 72
     9
 73
     5
 74
     0
 42
0.000000001
 43
0.0000000001
 40
0.0
 40
0.0
 40
0.0
 40
0.0
 40
0.0419476274121707
 40
0.0864878849173591
 40
0.0864878849173591
 40
0.0864878849173591
 40
0.0864878849173591
 10
117.4499841941524
 20
155.3666384383068
 30
0.0
 10
117.5625852702869
 20
155.2808551060334
 30
0.0
 10
117.7947468850252
 20
155.1039864861086
 30
0.0
 10
117.9324406661744
 20
154.8463504974697
 30
0.0
 10
118.0033513662692
 20
154.7136709518035
 30
0.0
  0
SPLINE
  5
B69
330
70
100
AcDbEntity
  8
Visible
100
AcDbSpline
210
0.0
220
0.0
230
1.0
 70
     8
 71
     3
 72
     9
 73
     5
 74
     0
 42
0.000000001
 43
0.0000000001
 40
0.0
 40
0.0
 40
0.0
 40
0.0
 40
0.0391722022172357
 40
0.0794514650286839
 40
0.0794514650286839
 40
0.0794514650286839
 40
0.0794514650286839
 10
116.6964695102269
 20
155.5902611290566
 30
0.0
 10
116.8284249064054
 20
155.5810770988373
 30
0.0
 10
117.0960649407007
 20
155.562449485009
 30
0.0
 10
117.3309203006883
 20
155.4325122933624
 30
0.0
 10
117.4499841941524
 20
155.3666384383068
 30
0.0
  0
SPLINE
  5
B6A
330
70
100
AcDbEntity
  8
Visible
100
AcDbSpline
210
0.0
220
0.0
230
1.0
 70
     8
 71
     3
 72
     9
 73
     5
 74
     0
 42
0.000000001
 43
0.0000000001
 40
0.0
 40
0.0
 40
0.0
 40
0.0
 40
0.036694047816813
 40
0.074950017706766
 40
0.074950017706766
 40
0.074950017706766
 40
0.074950017706766
 10
115.9867174448736
 20
155.3775968990685
 30
0.0
 10
116.0944607835117
 20
155.4389717601261
 30
0.0
 10
116.3145336732341
 20
155.5643339699836
 30
0.0
 10
116.567401020211
 20
155.5814995022392
 30
0.0
 10
116.6964695102269
 20
155.5902611290566
 30
0.0
  0
SPLINE
  5
B6B
330
70
100
AcDbEntity
  8
Visible
100
AcDbSpline
210
0.0
220
0.0
230
1.0
 70
     8
 71
     3
 72
     9
 73
     5
 74
     0
 42
0.000000001
 43
0.0000000001
 40
0.0
 40
0.0
 40
0.0
 40
0.0
 40
0.0442711578075782
 40
0.0829664586425915
 40
0.0829664586425915
 40
0.0829664586425915
 40
0.0829664586425915
 10
115.4810247513869
 20
154.7296870749323
 30
0.0
 10
115.5477980406358
 20
154.8633645914706
 30
0.0
 10
115.6729346671709
 20
155.1138832292618
 30
0.0
 10
115.8869168252531
 20
155.2937210794916
 30
0.0
 10
115.9867174448736
 20
155.3775968990685
 30
0.0
  0
ARC
  5
B6C
330
70
100
AcDbEntity
  8
Visible
100
AcDbCircle
 10
121.65347
 20
152.396319
 30
0.0
 40
6.598764011683009
100
AcDbArc
 50
159.291919
 51
169.305337
  0
SPLINE
  5
B6D
330
70
100
AcDbEntity
  8
Visible
100
AcDbSpline
210
0.0
220
0.0
230
1.0
 70
     8
 71
     3
 72
     9
 73
     5
 74
     0
 42
0.000000001
 43
0.0000000001
 40
0.0
 40
0.0
 40
0.0
 40
0.0
 40
0.0387245386833866
 40
0.1064411355295369
 40
0.1064411355295369
 40
0.1064411355295369
 40
0.1064411355295369
 10
114.8194022654424
 20
152.6209789352797
 30
0.0
 10
114.8817798951513
 20
152.7346339768373
 30
0.0
 10
115.0532356687672
 20
153.0470346430138
 30
0.0
 10
115.124187416759
 20
153.3977589671394
 30
0.0
 10
115.1693260832198
 20
153.6208856516005
 30
0.0
  0
SPLINE
  5
B6E
330
70
100
AcDbEntity
  8
Visible
100
AcDbSpline
210
0.0
220
0.0
230
1.0
 70
     8
 71
     3
 72
     9
 73
     5
 74
     0
 42
0.000000001
 43
0.0000000001
 40
0.0
 40
0.0
 40
0.0
 40
0.0
 40
0.0250329262714377
 40
0.0496074501857249
 40
0.0496074501857249
 40
0.0496074501857249
 40
0.0496074501857249
 10
114.3772913487264
 20
152.4236962640898
 30
0.0
 10
114.4627996871932
 20
152.4320485886983
 30
0.0
 10
114.6322505374464
 20
152.4486002903431
 30
0.0
 10
114.7574038531456
 20
152.5638744542557
 30
0.0
 10
114.8194022654424
 20
152.6209789352797
 30
0.0
  0
SPLINE
  5
B6F
330
70
100
AcDbEntity
  8
Visible
100
AcDbSpline
210
0.0
220
0.0
230
1.0
 70
     8
 71
     3
 72
     9
 73
     5
 74
     0
 42
0.000000001
 43
0.0000000001
 40
0.0
 40
0.0
 40
0.0
 40
0.0
 40
0.0318194727018591
 40
0.0614040343818387
 40
0.0614040343818387
 40
0.0614040343818387
 40
0.0614040343818387
 10
113.8451643120515
 20
152.6948018082475
 30
0.0
 10
113.920762723159
 20
152.6152436391821
 30
0.0
 10
114.0666497238144
 20
152.4617152449664
 30
0.0
 10
114.2762875228582
 20
152.4360579768035
 30
0.0
 10
114.3772913487264
 20
152.4236962640898
 30
0.0
  0
SPLINE
  5
B70
330
70
100
AcDbEntity
  8
Visible
100
AcDbSpline
210
0.0
220
0.0
230
1.0
 70
     8
 71
     3
 72
     9
 73
     5
 74
     0
 42
0.000000001
 43
0.0000000001
 40
0.0
 40
0.0
 40
0.0
 40
0.0
 40
0.052175046394244
 40
0.0914111776275274
 40
0.0914111776275274
 40
0.0914111776275274
 40
0.0914111776275274
 10
113.6194995306814
 20
153.5681837356223
 30
0.0
 10
113.6233438877025
 20
153.3909320210768
 30
0.0
 10
113.6300792377751
 20
153.0803853309862
 30
0.0
 10
113.7805697461608
 20
152.8106006397083
 30
0.0
 10
113.8451643120515
 20
152.6948018082475
 30
0.0
  0
SPLINE
  5
B71
330
70
100
AcDbEntity
  8
Visible
100
AcDbSpline
210
0.0
220
0.0
230
1.0
 70
     8
 71
     3
 72
     9
 73
     5
 74
     0
 42
0.000000001
 43
0.0000000001
 40
0.0
 40
0.0
 40
0.0
 40
0.0
 40
0.0408014957994914
 40
0.0917677153786479
 40
0.0917677153786479
 40
0.0917677153786479
 40
0.0917677153786479
 10
113.855989083715
 20
154.4411574289188
 30
0.0
 10
113.7863568243447
 20
154.3218606383307
 30
0.0
 10
113.6297450817128
 20
154.0535470946797
 30
0.0
 10
113.623157924907
 20
153.7414931559833
 30
0.0
 10
113.6194995306814
 20
153.5681837356223
 30
0.0
  0
SPLINE
  5
B72
330
70
100
AcDbEntity
  8
Visible
100
AcDbSpline
210
0.0
220
0.0
230
1.0
 70
     8
 71
     3
 72
     9
 73
     5
 74
     0
 42
0.000000001
 43
0.0000000001
 40
0.0
 40
0.0
 40
0.0
 40
0.0
 40
0.0430940487502746
 40
0.0811550174986856
 40
0.0811550174986856
 40
0.0811550174986856
 40
0.0811550174986856
 10
114.5699598936608
 20
154.7919827635378
 30
0.0
 10
114.42466821782
 20
154.7671937097147
 30
0.0
 10
114.1510539059327
 20
154.7205107881709
 30
0.0
 10
113.9501916594836
 20
154.5303439534018
 30
0.0
 10
113.855989083715
 20
154.4411574289188
 30
0.0
  0
LINE
  5
B73
330
70
100
AcDbEntity
  8
Visible
100
AcDbLine
 10
114.518091
 20
155.426039
 30
0.0
 11
114.56996
 21
154.791983
 31
0.0
  0
SPLINE
  5
B74
330
70
100
AcDbEntity
  8
Visible
100
AcDbSpline
210
0.0
220
0.0
230
1.0
 70
     8
 71
     3
 72
     9
 73
     5
 74
     0
 42
0.000000001
 43
0.0000000001
 40
0.0
 40
0.0
 40
0.0
 40
0.0
 40
0.0410395386700506
 40
0.0833167866162533
 40
0.0833167866162533
 40
0.0833167866162533
 40
0.0833167866162533
 10
113.7318447007364
 20
155.1753596848939
 30
0.0
 10
113.8522621954853
 20
155.2435406996865
 30
0.0
 10
114.0967288498395
 20
155.3819589968898
 30
0.0
 10
114.3762527463968
 20
155.4112005882962
 30
0.0
 10
114.5180909228511
 20
155.4260385826583
 30
0.0
  0
SPLINE
  5
B75
330
70
100
AcDbEntity
  8
Visible
100
AcDbSpline
210
0.0
220
0.0
230
1.0
 70
     8
 71
     3
 72
     9
 73
     5
 74
     0
 42
0.000000001
 43
0.0000000001
 40
0.0
 40
0.0
 40
0.0
 40
0.0
 40
0.0435925805207873
 40
0.0848804175087196
 40
0.0848804175087196
 40
0.0848804175087196
 40
0.0848804175087196
 10
113.2091545707953
 20
154.5188125189124
 30
0.0
 10
113.2733630750881
 20
154.6514984299774
 30
0.0
 10
113.3983853744503
 20
154.9098551364222
 30
0.0
 10
113.6227220505043
 20
155.0884748455937
 30
0.0
 10
113.7318447007364
 20
155.1753596848939
 30
0.0
  0
SPLINE
  5
B76
330
70
100
AcDbEntity
  8
Visible
100
AcDbSpline
210
0.0
220
0.0
230
1.0
 70
     8
 71
     3
 72
     9
 73
     5
 74
     0
 42
0.000000001
 43
0.0000000001
 40
0.0
 40
0.0
 40
0.0
 40
0.0
 40
0.0525018952813774
 40
0.1001776248763139
 40
0.1001776248763139
 40
0.1001776248763139
 40
0.1001776248763139
 10
113.0364695550524
 20
153.5371105865433
 30
0.0
 10
113.0412396297779
 20
153.7132042670728
 30
0.0
 10
113.0503412965609
 20
154.0492044548118
 30
0.0
 10
113.1579447842778
 20
154.367386079115
 30
0.0
 10
113.2091545707953
 20
154.5188125189124
 30
0.0
  0
SPLINE
  5
B77
330
70
100
AcDbEntity
  8
Visible
100
AcDbSpline
210
0.0
220
0.0
230
1.0
 70
     8
 71
     3
 72
     9
 73
     5
 74
     0
 42
0.000000001
 43
0.0000000001
 40
0.0
 40
0.0
 40
0.0
 40
0.0
 40
0.0454093495783866
 40
0.093772928055757
 40
0.093772928055757
 40
0.093772928055757
 40
0.093772928055757
 10
113.2129577593132
 20
152.6207751803777
 30
0.0
 10
113.1622992605153
 20
152.7643445637677
 30
0.0
 10
113.0576865363218
 20
153.0608236277658
 30
0.0
 10
113.0436888765598
 20
153.3750484796965
 30
0.0
 10
113.0364695550524
 20
153.5371105865433
 30
0.0
  0
SPLINE
  5
B78
330
70
100
AcDbEntity
  8
Visible
100
AcDbSpline
210
0.0
220
0.0
230
1.0
 70
     8
 71
     3
 72
     9
 73
     5
 74
     0
 42
0.000000001
 43
0.0000000001
 40
0.0
 40
0.0
 40
0.0
 40
0.0
 40
0.0392001405918682
 40
0.0811661215701934
 40
0.0811661215701934
 40
0.0811661215701934
 40
0.0811661215701934
 10
113.7166827816927
 20
151.9964763252646
 30
0.0
 10
113.6121611728122
 20
152.0778727606375
 30
0.0
 10
113.3957432343813
 20
152.2464087115077
 30
0.0
 10
113.2752548500884
 20
152.493183303146
 30
0.0
 10
113.2129577593132
 20
152.6207751803777
 30
0.0
  0
SPLINE
  5
B79
330
70
100
AcDbEntity
  8
Visible
100
AcDbSpline
210
0.0
220
0.0
230
1.0
 70
     8
 71
     3
 72
     9
 73
     5
 74
     0
 42
0.000000001
 43
0.0000000001
 40
0.0
 40
0.0
 40
0.0
 40
0.0
 40
0.037013624260742
 40
0.0747741837079815
 40
0.0747741837079815
 40
0.0747741837079815
 40
0.0747741837079815
 10
114.4257716711799
 20
151.7862077817481
 30
0.0
 10
114.301044065618
 20
151.7947030939958
 30
0.0
 10
114.0490718505752
 20
151.811865153948
 30
0.0
 10
113.8282145348494
 20
151.9345308236916
 30
0.0
 10
113.7166827816927
 20
151.9964763252646
 30
0.0
  0
SPLINE
  5
B7A
330
70
100
AcDbEntity
  8
Visible
100
AcDbSpline
210
0.0
220
0.0
230
1.0
 70
     8
 71
     3
 72
     9
 73
     5
 74
     0
 42
0.000000001
 43
0.0000000001
 40
0.0
 40
0.0
 40
0.0
 40
0.0
 40
0.0322707490120228
 40
0.0653483097089642
 40
0.0653483097089642
 40
0.0653483097089642
 40
0.0653483097089642
 10
115.0470595762235
 20
151.96589555852
 30
0.0
 10
114.9512750999311
 20
151.9140437289534
 30
0.0
 10
114.7573114079277
 20
151.8090437050541
 30
0.0
 10
114.5371908104825
 20
151.7938821526841
 30
0.0
 10
114.4257716711799
 20
151.7862077817481
 30
0.0
  0
SPLINE
  5
B7B
330
70
100
AcDbEntity
  8
Visible
100
AcDbSpline
210
0.0
220
0.0
230
1.0
 70
     8
 71
     3
 72
     9
 73
     5
 74
     0
 42
0.000000001
 43
0.0000000001
 40
0.0
 40
0.0
 40
0.0
 40
0.0
 40
0.0376606062707543
 40
0.0714501314752291
 40
0.0714501314752291
 40
0.0714501314752291
 40
0.0714501314752291
 10
115.5091348655678
 20
152.5026739797285
 30
0.0
 10
115.4463304063501
 20
152.392309081677
 30
0.0
 10
115.3271770704705
 20
152.1829235391487
 30
0.0
 10
115.13699750866
 20
152.0355772037565
 30
0.0
 10
115.0470595762235
 20
151.96589555852
 30
0.0
  0
ARC
  5
B7C
330
70
100
AcDbEntity
  8
Visible
100
AcDbCircle
 10
111.352319
 20
154.348849
 30
0.0
 40
4.548349291084154
100
AcDbArc
 50
336.052465
 51
348.857643
  0
ARC
  5
B7D
330
70
100
AcDbEntity
  8
Visible
100
AcDbCircle
 10
124.423885
 20
151.649169
 30
0.0
 40
8.799381351434497
100
AcDbArc
 50
162.045813
 51
168.058381
  0
SPLINE
  5
B7E
330
70
100
AcDbEntity
  8
Visible
100
AcDbSpline
210
0.0
220
0.0
230
1.0
 70
     8
 71
     3
 72
     9
 73
     5
 74
     0
 42
0.000000001
 43
0.0000000001
 40
0.0
 40
0.0
 40
0.0
 40
0.0
 40
0.0242452770211066
 40
0.0543126847397881
 40
0.0543126847397881
 40
0.0543126847397881
 40
0.0543126847397881
 10
116.3450944818687
 20
154.8137467156011
 30
0.0
 10
116.2875939541863
 20
154.7558331946766
 30
0.0
 10
116.1587850307151
 20
154.6260991107356
 30
0.0
 10
116.0906978733292
 20
154.4558723559184
 30
0.0
 10
116.0530049415338
 20
154.361635120802
 30
0.0
  0
SPLINE
  5
B7F
330
70
100
AcDbEntity
  8
Visible
100
AcDbSpline
210
0.0
220
0.0
230
1.0
 70
     8
 71
     3
 72
     9
 73
     5
 74
     0
 42
0.000000001
 43
0.0000000001
 40
0.0
 40
0.0
 40
0.0
 40
0.0
 40
0.0223035802791337
 40
0.0439336706993653
 40
0.0439336706993653
 40
0.0439336706993653
 40
0.0439336706993653
 10
116.7551819442124
 20
154.952839415022
 30
0.0
 10
116.6797243043165
 20
154.9470214042212
 30
0.0
 10
116.5310875804643
 20
154.9355610661296
 30
0.0
 10
116.4064553231546
 20
154.853934395067
 30
0.0
 10
116.3450944818687
 20
154.8137467156011
 30
0.0
  0
SPLINE
  5
B80
330
70
100
AcDbEntity
  8
Visible
100
AcDbSpline
210
0.0
220
0.0
230
1.0
 70
     8
 71
     3
 72
     9
 73
     5
 74
     0
 42
0.000000001
 43
0.0000000001
 40
0.0
 40
0.0
 40
0.0
 40
0.0
 40
0.023091272211631
 40
0.0456673639149169
 40
0.0456673639149169
 40
0.0456673639149169
 40
0.0456673639149169
 10
117.1841276415016
 20
154.8140813038953
 30
0.0
 10
117.1174437494264
 20
154.8549304461012
 30
0.0
 10
116.9855637239907
 20
154.9357173609878
 30
0.0
 10
116.8313961414551
 20
154.9471751493638
 30
0.0
 10
116.7551819442124
 20
154.952839415022
 30
0.0
  0
SPLINE
  5
B81
330
70
100
AcDbEntity
  8
Visible
100
AcDbSpline
210
0.0
220
0.0
230
1.0
 70
     8
 71
     3
 72
     9
 73
     5
 74
     0
 42
0.000000001
 43
0.0000000001
 40
0.0
 40
0.0
 40
0.0
 40
0.0
 40
0.0285869424124087
 40
0.0536093975594186
 40
0.0536093975594186
 40
0.0536093975594186
 40
0.0536093975594186
 10
117.4955870973444
 20
154.3846493813471
 30
0.0
 10
117.4564635916158
 20
154.4729996303977
 30
0.0
 10
117.3830948646555
 20
154.6386837933805
 30
0.0
 10
117.2474435655913
 20
154.7582658017963
 30
0.0
 10
117.1841276415016
 20
154.8140813038953
 30
0.0
  0
SPLINE
  5
B82
330
70
100
AcDbEntity
  8
Visible
100
AcDbSpline
210
0.0
220
0.0
230
1.0
 70
     8
 71
     3
 72
     9
 73
     5
 74
     0
 42
0.000000001
 43
0.0000000001
 40
0.0
 40
0.0
 40
0.0
 40
0.0
 40
0.0357521153295711
 40
0.0680809889792955
 40
0.0680809889792955
 40
0.0680809889792955
 40
0.0680809889792955
 10
117.612478132185
 20
153.7169087188649
 30
0.0
 10
117.608028601011
 20
153.836674861468
 30
0.0
 10
117.5995555783629
 20
154.0647396167842
 30
0.0
 10
117.5290617361734
 20
154.2816483206243
 30
0.0
 10
117.4955870973444
 20
154.3846493813471
 30
0.0
  0
SPLINE
  5
B83
330
70
100
AcDbEntity
  8
Visible
100
AcDbSpline
210
0.0
220
0.0
230
1.0
 70
     8
 71
     3
 72
     9
 73
     5
 74
     0
 42
0.000000001
 43
0.0000000001
 40
0.0
 40
0.0
 40
0.0
 40
0.0
 40
0.0379079343698787
 40
0.0785787803145869
 40
0.0785787803145869
 40
0.0785787803145869
 40
0.0785787803145869
 10
117.4691038195997
 20
152.9485668279849
 30
0.0
 10
117.5115836781824
 20
153.0684232511394
 30
0.0
 10
117.5996395306301
 20
153.3168718068555
 30
0.0
 10
117.608099445204
 20
153.5804735774654
 30
0.0
 10
117.612478132185
 20
153.7169087188649
 30
0.0
  0
SPLINE
  5
B84
330
70
100
AcDbEntity
  8
Visible
100
AcDbSpline
210
0.0
220
0.0
230
1.0
 70
     8
 71
     3
 72
     9
 73
     5
 74
     0
 42
0.000000001
 43
0.0000000001
 40
0.0
 40
0.0
 40
0.0
 40
0.0
 40
0.0300048413871858
 40
0.064234365751313
 40
0.064234365751313
 40
0.064234365751313
 40
0.064234365751313
 10
117.0835666989769
 20
152.4429822100028
 30
0.0
 10
117.1608516851847
 20
152.5082860127986
 30
0.0
 10
117.3263033870298
 20
152.6480883966742
 30
0.0
 10
117.4194613478248
 20
152.8441099171996
 30
0.0
 10
117.4691038195997
 20
152.9485668279849
 30
0.0
  0
SPLINE
  5
B85
330
70
100
AcDbEntity
  8
Visible
100
AcDbSpline
210
0.0
220
0.0
230
1.0
 70
     8
 71
     3
 72
     9
 73
     5
 74
     0
 42
0.000000001
 43
0.0000000001
 40
0.0
 40
0.0
 40
0.0
 40
0.0
 40
0.0349364244801029
 40
0.0653875744540532
 40
0.0653875744540532
 40
0.0653875744540532
 40
0.0653875744540532
 10
116.4692995067016
 20
152.2326435977793
 30
0.0
 10
116.5854154859153
 20
152.2510051038771
 30
0.0
 10
116.8027400218161
 20
152.2853707942686
 30
0.0
 10
116.9943387244402
 20
152.3929038216829
 30
0.0
 10
117.0835666989769
 20
152.4429822100028
 30
0.0
  0
LINE
  5
B86
330
70
100
AcDbEntity
  8
Visible
100
AcDbLine
 10
116.527923
 20
151.608864
 30
0.0
 11
116.4693
 21
152.232644
 31
0.0
  0
SPLINE
  5
B87
330
70
100
AcDbEntity
  8
Visible
100
AcDbSpline
210
0.0
220
0.0
230
1.0
 70
     8
 71
     3
 72
     9
 73
     5
 74
     0
 42
0.000000001
 43
0.0000000001
 40
0.0
 40
0.0
 40
0.0
 40
0.0
 40
0.0467825841956367
 40
0.0949136120566798
 40
0.0949136120566798
 40
0.0949136120566798
 40
0.0949136120566798
 10
117.4248244415139
 20
151.8892529136774
 30
0.0
 10
117.2873890197479
 20
151.8116628094358
 30
0.0
 10
117.0085567891528
 20
151.6542461728786
 30
0.0
 10
116.6896445456805
 20
151.6241339298394
 30
0.0
 10
116.5279230207779
 20
151.608863905054
 30
0.0
  0
SPLINE
  5
B88
330
70
100
AcDbEntity
  8
Visible
100
AcDbSpline
210
0.0
220
0.0
230
1.0
 70
     8
 71
     3
 72
     9
 73
     5
 74
     0
 42
0.000000001
 43
0.0000000001
 40
0.0
 40
0.0
 40
0.0
 40
0.0
 40
0.0478395048620328
 40
0.0944287747182992
 40
0.0944287747182992
 40
0.0944287747182992
 40
0.0944287747182992
 10
160.5761047772703
 20
67.99247551212102
 30
0.0
 10
160.6529739812304
 20
67.85024542828432
 30
0.0
 10
160.8047034935789
 20
67.56950229384711
 30
0.0
 10
160.8216954859072
 20
67.25096909052808
 30
0.0
 10
160.8300789952591
 20
67.0938111753494
 30
0.0
  0
SPLINE
  5
B89
330
70
100
AcDbEntity
  8
Visible
100
AcDbSpline
210
0.0
220
0.0
230
1.0
 70
     8
 71
     3
 72
     9
 73
     5
 74
     0
 42
0.000000001
 43
0.0000000001
 40
0.0
 40
0.0
 40
0.0
 40
0.0
 40
0.0625678577146357
 40
0.1160400823040377
 40
0.1160400823040377
 40
0.1160400823040377
 40
0.1160400823040377
 10
159.7525512600878
 20
68.8015993100289
 30
0.0
 10
159.9222736795
 20
68.67791848342313
 30
0.0
 10
160.2370455805503
 20
68.44853659593173
 30
0.0
 10
160.4691494189919
 20
68.13633881707573
 30
0.0
 10
160.5761047772703
 20
67.99247551212102
 30
0.0
  0
SPLINE
  5
B8A
330
70
100
AcDbEntity
  8
Visible
100
AcDbSpline
210
0.0
220
0.0
230
1.0
 70
     8
 71
     3
 72
     9
 73
     5
 74
     0
 42
0.000000001
 43
0.0000000001
 40
0.0
 40
0.0
 40
0.0
 40
0.0
 40
0.0478082173210592
 40
0.0989051644184665
 40
0.0989051644184665
 40
0.0989051644184665
 40
0.0989051644184665
 10
158.8482805972362
 20
69.18773232151216
 30
0.0
 10
159.0041544290397
 20
69.1495820525979
 30
0.0
 10
159.3266246617095
 20
69.070657155773
 30
0.0
 10
159.6074629766972
 20
68.8932515832621
 30
0.0
 10
159.7525512600878
 20
68.8015993100289
 30
0.0
  0
SPLINE
  5
B8B
330
70
100
AcDbEntity
  8
Visible
100
AcDbSpline
210
0.0
220
0.0
230
1.0
 70
     8
 71
     3
 72
     9
 73
     5
 74
     0
 42
0.000000001
 43
0.0000000001
 40
0.0
 40
0.0
 40
0.0
 40
0.0
 40
0.0419476274121707
 40
0.0864878849173591
 40
0.0864878849173591
 40
0.0864878849173591
 40
0.0864878849173591
 10
157.996002575237
 20
69.10896723519181
 30
0.0
 10
158.1308574912127
 20
69.15200133887447
 30
0.0
 10
158.4089022144344
 20
69.24072932747185
 30
0.0
 10
158.6989231695079
 20
69.20574753754772
 30
0.0
 10
158.8482805972362
 20
69.18773232151216
 30
0.0
  0
SPLINE
  5
B8C
330
70
100
AcDbEntity
  8
Visible
100
AcDbSpline
210
0.0
220
0.0
230
1.0
 70
     8
 71
     3
 72
     9
 73
     5
 74
     0
 42
0.000000001
 43
0.0000000001
 40
0.0
 40
0.0
 40
0.0
 40
0.0
 40
0.0391722022172357
 40
0.0794514650286839
 40
0.0794514650286839
 40
0.0794514650286839
 40
0.0794514650286839
 10
157.3806233238156
 20
68.61998884750028
 30
0.0
 10
157.4638329468416
 20
68.72281263670993
 30
0.0
 10
157.6326038118859
 20
68.93136615757976
 30
0.0
 10
157.873749628492
 20
69.04921949449271
 30
0.0
 10
157.996002575237
 20
69.10896723519181
 30
0.0
  0
SPLINE
  5
B8D
330
70
100
AcDbEntity
  8
Visible
100
AcDbSpline
210
0.0
220
0.0
230
1.0
 70
     8
 71
     3
 72
     9
 73
     5
 74
     0
 42
0.000000001
 43
0.0000000001
 40
0.0
 40
0.0
 40
0.0
 40
0.0
 40
0.036694047816813
 40
0.074950017706766
 40
0.074950017706766
 40
0.074950017706766
 40
0.074950017706766
 10
157.1477306022188
 20
67.91661480105176
 30
0.0
 10
157.1592542995331
 20
68.04007615124283
 30
0.0
 10
157.1827922128759
 20
68.29225411833613
 30
0.0
 10
157.3137697837846
 20
68.50923666736344
 30
0.0
 10
157.3806233238156
 20
68.61998884750028
 30
0.0
  0
SPLINE
  5
B8E
330
70
100
AcDbEntity
  8
Visible
100
AcDbSpline
210
0.0
220
0.0
230
1.0
 70
     8
 71
     3
 72
     9
 73
     5
 74
     0
 42
0.000000001
 43
0.0000000001
 40
0.0
 40
0.0
 40
0.0
 40
0.0
 40
0.0442711578075782
 40
0.0829664586425915
 40
0.0829664586425915
 40
0.0829664586425915
 40
0.0829664586425915
 10
157.3884138461562
 20
67.13074978939585
 30
0.0
 10
157.3172112204993
 20
67.26212153934466
 30
0.0
 10
157.1837737865244
 20
67.50831905029008
 30
0.0
 10
157.1591943675448
 20
67.7867537257789
 30
0.0
 10
157.1477306022188
 20
67.91661480105176
 30
0.0
  0
ARC
  5
B8F
330
70
100
AcDbEntity
  8
Visible
100
AcDbCircle
 10
162.840166
 20
70.848556
 30
0.0
 40
6.598764011684903
100
AcDbArc
 50
214.291919
 51
224.305337
  0
SPLINE
  5
B90
330
70
100
AcDbEntity
  8
Visible
100
AcDbSpline
210
0.0
220
0.0
230
1.0
 70
     8
 71
     3
 72
     9
 73
     5
 74
     0
 42
0.000000001
 43
0.0000000001
 40
0.0
 40
0.0
 40
0.0
 40
0.0
 40
0.0387245386833866
 40
0.1064411355295369
 40
0.1064411355295369
 40
0.1064411355295369
 40
0.1064411355295369
 10
158.7362753618654
 20
65.37927507744098
 30
0.0
 10
158.6789529407852
 20
65.49556169404422
 30
0.0
 10
158.5213922880721
 20
65.81519570232558
 30
0.0
 10
158.2747919917474
 20
66.07448317971284
 30
0.0
 10
158.1179077874858
 20
66.23943881914965
 30
0.0
  0
SPLINE
  5
B91
330
70
100
AcDbEntity
  8
Visible
100
AcDbSpline
210
0.0
220
0.0
230
1.0
 70
     8
 71
     3
 72
     9
 73
     5
 74
     0
 42
0.000000001
 43
0.0000000001
 40
0.0
 40
0.0
 40
0.0
 40
0.0
 40
0.0250329262714377
 40
0.0496074501857249
 40
0.0496074501857249
 40
0.0496074501857249
 40
0.0496074501857249
 10
158.6442954611903
 20
64.90396232471358
 30
0.0
 10
158.6864992054688
 20
64.97879735155766
 30
0.0
 10
158.7701338600545
 20
65.12709702799475
 30
0.0
 10
158.747491785849
 20
65.29573516653909
 30
0.0
 10
158.7362753618654
 20
65.37927507744098
 30
0.0
  0
SPLINE
  5
B92
330
70
100
AcDbEntity
  8
Visible
100
AcDbSpline
210
0.0
220
0.0
230
1.0
 70
     8
 71
     3
 72
     9
 73
     5
 74
     0
 42
0.000000001
 43
0.0000000001
 40
0.0
 40
0.0
 40
0.0
 40
0.0
 40
0.0318194727018591
 40
0.0614040343818387
 40
0.0614040343818387
 40
0.0614040343818387
 40
0.0614040343818387
 10
158.1170032710924
 20
64.62356912669384
 30
0.0
 10
158.2255349751612
 20
64.63986302860212
 30
0.0
 10
158.4349754190844
 20
64.67130639419156
 30
0.0
 10
158.5762359244509
 20
64.82831522139895
 30
0.0
 10
158.6442954611903
 20
64.90396232471358
 30
0.0
  0
SPLINE
  5
B93
330
70
100
AcDbEntity
  8
Visible
100
AcDbSpline
210
0.0
220
0.0
230
1.0
 70
     8
 71
     3
 72
     9
 73
     5
 74
     0
 42
0.000000001
 43
0.0000000001
 40
0.0
 40
0.0
 40
0.0
 40
0.0
 40
0.052175046394244
 40
0.0914111776275274
 40
0.0914111776275274
 40
0.0914111776275274
 40
0.0914111776275274
 10
157.2721346787311
 20
64.93966665318658
 30
0.0
 10
157.4195358156539
 20
64.8411483593336
 30
0.0
 10
157.677784009782
 20
64.66854337129189
 30
0.0
 10
157.9850965006644
 20
64.63707583707765
 30
0.0
 10
158.1170032710924
 20
64.62356912669384
 30
0.0
  0
SPLINE
  5
B94
330
70
100
AcDbEntity
  8
Visible
100
AcDbSpline
210
0.0
220
0.0
230
1.0
 70
     8
 71
     3
 72
     9
 73
     5
 74
     0
 42
0.000000001
 43
0.0000000001
 40
0.0
 40
0.0
 40
0.0
 40
0.0
 40
0.0408014957994914
 40
0.0917677153786479
 40
0.0917677153786479
 40
0.0917677153786479
 40
0.0917677153786479
 10
156.6926813283207
 20
65.63410469403788
 30
0.0
 10
156.7504641150226
 20
65.50863945841228
 30
0.0
 10
156.8804248975848
 20
65.22645230308262
 30
0.0
 10
157.1322662814709
 20
65.04206963401339
 30
0.0
 10
157.2721346787311
 20
64.93966665318658
 30
0.0
  0
SPLINE
  5
B95
330
70
100
AcDbEntity
  8
Visible
100
AcDbSpline
210
0.0
220
0.0
230
1.0
 70
     8
 71
     3
 72
     9
 73
     5
 74
     0
 42
0.000000001
 43
0.0000000001
 40
0.0
 40
0.0
 40
0.0
 40
0.0
 40
0.0430940487502746
 40
0.0811550174986856
 40
0.0811550174986856
 40
0.0811550174986856
 40
0.0811550174986856
 10
156.8148188711056
 20
66.42018048777936
 30
0.0
 10
156.7517889935607
 20
66.28694609734338
 30
0.0
 10
156.6330906822313
 20
66.03603815063798
 30
0.0
 10
156.6736563821705
 20
65.76242621543861
 30
0.0
 10
156.6926813283207
 20
65.63410469403788
 30
0.0
  0
LINE
  5
B96
330
70
100
AcDbEntity
  8
Visible
100
AcDbLine
 10
156.26568
 20
66.741371
 30
0.0
 11
156.814819
 21
66.42018
 31
0.0
  0
SPLINE
  5
B97
330
70
100
AcDbEntity
  8
Visible
100
AcDbSpline
210
0.0
220
0.0
230
1.0
 70
     8
 71
     3
 72
     9
 73
     5
 74
     0
 42
0.000000001
 43
0.0000000001
 40
0.0
 40
0.0
 40
0.0
 40
0.0
 40
0.0410395386700506
 40
0.0833167866162533
 40
0.0833167866162533
 40
0.0833167866162533
 40
0.0833167866162533
 10
156.0200517566336
 20
65.95353268247709
 30
0.0
 10
156.0332697764988
 20
66.09127994296068
 30
0.0
 10
156.060104457787
 20
66.37092877627037
 30
0.0
 10
156.196479468872
 20
66.61667363535525
 30
0.0
 10
156.2656799312444
 20
66.74137139148479
 30
0.0
  0
SPLINE
  5
B98
330
70
100
AcDbEntity
  8
Visible
100
AcDbSpline
210
0.0
220
0.0
230
1.0
 70
     8
 71
     3
 72
     9
 73
     5
 74
     0
 42
0.000000001
 43
0.0000000001
 40
0.0
 40
0.0
 40
0.0
 40
0.0
 40
0.0435925805207873
 40
0.0848804175087196
 40
0.0848804175087196
 40
0.0848804175087196
 40
0.0848804175087196
 10
156.2580609677734
 20
65.14879001024564
 30
0.0
 10
156.1861995175513
 20
65.27749204981955
 30
0.0
 10
156.0462759382444
 20
65.52809164091559
 30
0.0
 10
156.0286334695211
 20
65.81430954396274
 30
0.0
 10
156.0200517566336
 20
65.95353268247709
 30
0.0
  0
SPLINE
  5
B99
330
70
100
AcDbEntity
  8
Visible
100
AcDbSpline
210
0.0
220
0.0
230
1.0
 70
     8
 71
     3
 72
     9
 73
     5
 74
     0
 42
0.000000001
 43
0.0000000001
 40
0.0
 40
0.0
 40
0.0
 40
0.0
 40
0.0525018952813774
 40
0.1001776248763139
 40
0.1001776248763139
 40
0.1001776248763139
 40
0.1001776248763139
 10
156.9631760566153
 20
64.4442536306542
 30
0.0
 10
156.8216645606844
 20
64.54916423285794
 30
0.0
 10
156.5516498216148
 20
64.74934167210813
 30
0.0
 10
156.3527295186359
 20
65.01998677122355
 30
0.0
 10
156.2580609677734
 20
65.14879001024564
 30
0.0
  0
SPLINE
  5
B9A
330
70
100
AcDbEntity
  8
Visible
100
AcDbSpline
210
0.0
220
0.0
230
1.0
 70
     8
 71
     3
 72
     9
 73
     5
 74
     0
 42
0.000000001
 43
0.0000000001
 40
0.0
 40
0.0
 40
0.0
 40
0.0
 40
0.0454093495783866
 40
0.093772928055757
 40
0.093772928055757
 40
0.093772928055757
 40
0.093772928055757
 10
157.8150235530884
 20
64.06323590719694
 30
0.0
 10
157.6683618779752
 20
64.10408690963959
 30
0.0
 10
157.3654970530715
 20
64.18844658773924
 30
0.0
 10
157.1000703954432
 20
64.357212346913
 30
0.0
 10
156.9631760566153
 20
64.4442536306542
 30
0.0
  0
SPLINE
  5
B9B
330
70
100
AcDbEntity
  8
Visible
100
AcDbSpline
210
0.0
220
0.0
230
1.0
 70
     8
 71
     3
 72
     9
 73
     5
 74
     0
 42
0.000000001
 43
0.0000000001
 40
0.0
 40
0.0
 40
0.0
 40
0.0
 40
0.0392001405918682
 40
0.0811661215701934
 40
0.0811661215701934
 40
0.0811661215701934
 40
0.0811661215701934
 10
158.6153440397374
 20
64.11778017650431
 30
0.0
 10
158.4887168513614
 20
64.0788481642503
 30
0.0
 10
158.2265280527808
 20
63.99823721766006
 30
0.0
 10
157.9552728434773
 20
64.04108300221015
 30
0.0
 10
157.8150235530884
 20
64.06323590719694
 30
0.0
  0
SPLINE
  5
B9C
330
70
100
AcDbEntity
  8
Visible
100
AcDbSpline
210
0.0
220
0.0
230
1.0
 70
     8
 71
     3
 72
     9
 73
     5
 74
     0
 42
0.000000001
 43
0.0000000001
 40
0.0
 40
0.0
 40
0.0
 40
0.0
 40
0.037013624260742
 40
0.0747741837079815
 40
0.0747741837079815
 40
0.0747741837079815
 40
0.0747741837079815
 10
159.1943026252975
 20
64.57802670804449
 30
0.0
 10
159.11580285739
 20
64.48072854589373
 30
0.0
 10
158.9572191957322
 20
64.284168744025
 30
0.0
 10
158.7300588095004
 20
64.17361116006578
 30
0.0
 10
158.6153440397374
 20
64.11778017650431
 30
0.0
  0
SPLINE
  5
B9D
330
70
100
AcDbEntity
  8
Visible
100
AcDbSpline
210
0.0
220
0.0
230
1.0
 70
     8
 71
     3
 72
     9
 73
     5
 74
     0
 42
0.000000001
 43
0.0000000001
 40
0.0
 40
0.0
 40
0.0
 40
0.0
 40
0.0322707490120228
 40
0.0653483097089642
 40
0.0653483097089642
 40
0.0653483097089642
 40
0.0653483097089642
 10
159.4034671181434
 20
65.19002064020788
 30
0.0
 10
159.3910019317627
 20
65.08181760302068
 30
0.0
 10
159.3657599127509
 20
64.86270630867512
 30
0.0
 10
159.2519235415184
 20
64.67369776210944
 30
0.0
 10
159.1943026252975
 20
64.57802670804449
 30
0.0
  0
SPLINE
  5
B9E
330
70
100
AcDbEntity
  8
Visible
100
AcDbSpline
210
0.0
220
0.0
230
1.0
 70
     8
 71
     3
 72
     9
 73
     5
 74
     0
 42
0.000000001
 43
0.0000000001
 40
0.0
 40
0.0
 40
0.0
 40
0.0
 40
0.0376606062707543
 40
0.0714501314752291
 40
0.0714501314752291
 40
0.0714501314752291
 40
0.0714501314752291
 10
159.2287994748676
 20
65.87641401203836
 30
0.0
 10
159.2831819488183
 20
65.76166490595642
 30
0.0
 10
159.3863569982532
 20
65.54396159397947
 30
0.0
 10
159.3979735347784
 20
65.3036612311771
 30
0.0
 10
159.4034671181434
 20
65.19002064020788
 30
0.0
  0
ARC
  5
B9F
330
70
100
AcDbEntity
  8
Visible
100
AcDbCircle
 10
155.33225
 20
63.530272
 30
0.0
 40
4.548349291084751
100
AcDbArc
 50
31.052465
 51
43.857643
  0
ARC
  5
BA0
330
70
100
AcDbEntity
  8
Visible
100
AcDbCircle
 10
165.041241
 20
72.6894
 30
0.0
 40
8.799381351418162
100
AcDbArc
 50
217.045813
 51
223.058381
  0
SPLINE
  5
BA1
330
70
100
AcDbEntity
  8
Visible
100
AcDbSpline
210
0.0
220
0.0
230
1.0
 70
     8
 71
     3
 72
     9
 73
     5
 74
     0
 42
0.000000001
 43
0.0000000001
 40
0.0
 40
0.0
 40
0.0
 40
0.0
 40
0.0242452770211066
 40
0.0543126847397881
 40
0.0543126847397881
 40
0.0543126847397881
 40
0.0543126847397881
 10
157.8151662564287
 20
67.88676890466376
 30
0.0
 10
157.8296252877317
 20
67.80644939891681
 30
0.0
 10
157.8620154645086
 20
67.62652289239122
 30
0.0
 10
157.9624038696147
 20
67.47311110283044
 30
0.0
 10
158.0179787159159
 20
67.38818260320477
 30
0.0
  0
SPLINE
  5
BA2
330
70
100
AcDbEntity
  8
Visible
100
AcDbSpline
210
0.0
220
0.0
230
1.0
 70
     8
 71
     3
 72
     9
 73
     5
 74
     0
 42
0.000000001
 43
0.0000000001
 40
0.0
 40
0.0
 40
0.0
 40
0.0
 40
0.0223035802791337
 40
0.0439336706993653
 40
0.0439336706993653
 40
0.0439336706993653
 40
0.0439336706993653
 10
157.9364446925956
 20
68.30247318263537
 30
0.0
 10
157.8979298038502
 20
68.23732482875676
 30
0.0
 10
157.8220630408486
 20
68.10899537267323
 30
0.0
 10
157.8174415693156
 20
67.96008346921553
 30
0.0
 10
157.8151662564287
 20
67.88676890466376
 30
0.0
  0
SPLINE
  5
BA3
330
70
100
AcDbEntity
  8
Visible
100
AcDbSpline
210
0.0
220
0.0
230
1.0
 70
     8
 71
     3
 72
     9
 73
     5
 74
     0
 42
0.000000001
 43
0.0000000001
 40
0.0
 40
0.0
 40
0.0
 40
0.0
 40
0.023091272211631
 40
0.0456673639149169
 40
0.0456673639149169
 40
0.0456673639149169
 40
0.0456673639149169
 10
158.2961418274262
 20
68.57425654456346
 30
0.0
 10
158.2244318599023
 20
68.54306240346523
 30
0.0
 10
158.0826118184068
 20
68.48137008177218
 30
0.0
 10
157.9847992550421
 20
68.36165530880134
 30
0.0
 10
157.9364446925956
 20
68.30247318263537
 30
0.0
  0
SPLINE
  5
BA4
330
70
100
AcDbEntity
  8
Visible
100
AcDbSpline
210
0.0
220
0.0
230
1.0
 70
     8
 71
     3
 72
     9
 73
     5
 74
     0
 42
0.000000001
 43
0.0000000001
 40
0.0
 40
0.0
 40
0.0
 40
0.0
 40
0.0285869424124087
 40
0.0536093975594186
 40
0.0536093975594186
 40
0.0536093975594186
 40
0.0536093975594186
 10
158.8265576694157
 20
68.58307716274066
 30
0.0
 10
158.7317450612991
 20
68.6017046840443
 30
0.0
 10
158.5539419675369
 20
68.63663707313207
 30
0.0
 10
158.378179732179
 20
68.59410745643254
 30
0.0
 10
158.2961418274262
 20
68.57425654456346
 30
0.0
  0
SPLINE
  5
BA5
330
70
100
AcDbEntity
  8
Visible
100
AcDbSpline
210
0.0
220
0.0
230
1.0
 70
     8
 71
     3
 72
     9
 73
     5
 74
     0
 42
0.000000001
 43
0.0000000001
 40
0.0
 40
0.0
 40
0.0
 40
0.0
 40
0.0357521153295711
 40
0.0680809889792955
 40
0.0680809889792955
 40
0.0680809889792955
 40
0.0680809889792955
 10
159.4405847413472
 20
68.2958283832977
 30
0.0
 10
159.3399259145626
 20
68.36087857800885
 30
0.0
 10
159.1482462778804
 20
68.48475045379746
 30
0.0
 10
158.9301314629192
 20
68.55141900021954
 30
0.0
 10
158.8265576694157
 20
68.58307716274066
 30
0.0
  0
SPLINE
  5
BA6
330
70
100
AcDbEntity
  8
Visible
100
AcDbSpline
210
0.0
220
0.0
230
1.0
 70
     8
 71
     3
 72
     9
 73
     5
 74
     0
 42
0.000000001
 43
0.0000000001
 40
0.0
 40
0.0
 40
0.0
 40
0.0
 40
0.0379079343698787
 40
0.0785787803145869
 40
0.0785787803145869
 40
0.0785787803145869
 40
0.0785787803145869
 10
159.9877374446969
 20
67.7376802183735
 30
0.0
 10
159.9139222565518
 20
67.84122450144059
 30
0.0
 10
159.760911876283
 20
68.05585987018822
 30
0.0
 10
159.5498343546624
 20
68.21398559070804
 30
0.0
 10
159.4405847413472
 20
68.2958283832977
 30
0.0
  0
SPLINE
  5
BA7
330
70
100
AcDbEntity
  8
Visible
100
AcDbSpline
210
0.0
220
0.0
230
1.0
 70
     8
 71
     3
 72
     9
 73
     5
 74
     0
 42
0.000000001
 43
0.0000000001
 40
0.0
 40
0.0
 40
0.0
 40
0.0
 40
0.0300048413871858
 40
0.064234365751313
 40
0.064234365751313
 40
0.064234365751313
 40
0.064234365751313
 10
160.1807531103513
 20
67.13187527441005
 30
0.0
 10
160.1715882137632
 20
67.23264015134191
 30
0.0
 10
160.1519680027486
 20
67.44835760427668
 30
0.0
 10
160.044829784656
 20
67.63710146349513
 30
0.0
 10
159.9877374446969
 20
67.7376802183735
 30
0.0
  0
SPLINE
  5
BA8
330
70
100
AcDbEntity
  8
Visible
100
AcDbSpline
210
0.0
220
0.0
230
1.0
 70
     8
 71
     3
 72
     9
 73
     5
 74
     0
 42
0.000000001
 43
0.0000000001
 40
0.0
 40
0.0
 40
0.0
 40
0.0
 40
0.0349364244801029
 40
0.0653875744540532
 40
0.0653875744540532
 40
0.0653875744540532
 40
0.0653875744540532
 10
160.0007232274347
 20
66.50805177649272
 30
0.0
 10
160.0522837517383
 20
66.61370014547355
 30
0.0
 10
160.1487852590344
 20
66.81143333355795
 30
0.0
 10
160.1705958608618
 20
67.03006021315013
 30
0.0
 10
160.1807531103513
 20
67.13187527441005
 30
0.0
  0
LINE
  5
BA9
330
70
100
AcDbEntity
  8
Visible
100
AcDbLine
 10
160.545319
 20
66.198288
 30
0.0
 11
160.000723
 21
66.508052
 31
0.0
  0
SPLINE
  5
BAA
330
70
100
AcDbEntity
  8
Visible
100
AcDbSpline
210
0.0
220
0.0
230
1.0
 70
     8
 71
     3
 72
     9
 73
     5
 74
     0
 42
0.000000001
 43
0.0000000001
 40
0.0
 40
0.0
 40
0.0
 40
0.0
 40
0.0467825841956367
 40
0.0949136120566798
 40
0.0949136120566798
 40
0.0949136120566798
 40
0.0949136120566798
 10
160.8300789952591
 20
67.0938111753494
 30
0.0
 10
160.8148073683223
 20
66.93672681316456
 30
0.0
 10
160.7838239307984
 20
66.61803034803961
 30
0.0
 10
160.6255698881214
 20
66.3395210587987
 30
0.0
 10
160.5453187042058
 20
66.19828801466974
 30
0.0
  0
LINE
  5
BAB
330
70
100
AcDbEntity
  8
Visible
100
AcDbLine
 10
162.025911
 20
69.39684
 30
0.0
 11
163.018207
 21
70.780374
 31
0.0
  0
LINE
  5
BAC
330
70
100
AcDbEntity
  8
Visible
100
AcDbLine
 10
162.54816
 20
71.1175
 30
0.0
 11
162.025911
 21
69.39684
 31
0.0
  0
LINE
  5
BAD
330
70
100
AcDbEntity
  8
Visible
100
AcDbLine
 10
162.354155
 20
71.256645
 30
0.0
 11
162.54816
 21
71.1175
 31
0.0
  0
LINE
  5
BAE
330
70
100
AcDbEntity
  8
Visible
100
AcDbLine
 10
160.906292
 20
70.235108
 30
0.0
 11
162.354155
 21
71.256645
 31
0.0
  0
LINE
  5
BAF
330
70
100
AcDbEntity
  8
Visible
100
AcDbLine
 10
161.881891
 20
71.595361
 30
0.0
 11
160.906292
 21
70.235108
 31
0.0
  0
LINE
  5
BB0
330
70
100
AcDbEntity
  8
Visible
100
AcDbLine
 10
161.674583
 20
71.744047
 30
0.0
 11
161.881891
 21
71.595361
 31
0.0
  0
LINE
  5
BB1
330
70
100
AcDbEntity
  8
Visible
100
AcDbLine
 10
160.508952
 20
70.118837
 30
0.0
 11
161.674583
 21
71.744047
 31
0.0
  0
LINE
  5
BB2
330
70
100
AcDbEntity
  8
Visible
100
AcDbLine
 10
160.798297
 20
69.911314
 30
0.0
 11
160.508952
 21
70.118837
 31
0.0
  0
LINE
  5
BB3
330
70
100
AcDbEntity
  8
Visible
100
AcDbLine
 10
161.998428
 20
70.763004
 30
0.0
 11
160.798297
 21
69.911314
 31
0.0
  0
ARC
  5
BB4
330
70
100
AcDbEntity
  8
Visible
100
AcDbCircle
 10
154.017435
 20
82.039588
 30
0.0
 40
13.81512180847084
100
AcDbArc
 50
305.288919
 51
306.689914
  0
ARC
  5
BB5
330
70
100
AcDbEntity
  8
Visible
100
AcDbCircle
 10
176.280636
 20
66.308486
 30
0.0
 40
14.76141931251263
100
AcDbArc
 50
161.626208
 51
162.833616
  0
LINE
  5
BB6
330
70
100
AcDbEntity
  8
Visible
100
AcDbLine
 10
161.736173
 20
69.238651
 30
0.0
 11
162.176813
 21
70.665282
 31
0.0
  0
LINE
  5
BB7
330
70
100
AcDbEntity
  8
Visible
100
AcDbLine
 10
162.059885
 20
69.006479
 30
0.0
 11
161.736173
 21
69.238651
 31
0.0
  0
LINE
  5
BB8
330
70
100
AcDbEntity
  8
Visible
100
AcDbLine
 10
163.225516
 20
70.631689
 30
0.0
 11
162.059885
 21
69.006479
 31
0.0
  0
LINE
  5
BB9
330
70
100
AcDbEntity
  8
Visible
100
AcDbLine
 10
163.018207
 20
70.780374
 30
0.0
 11
163.225516
 21
70.631689
 31
0.0
  0
SPLINE
  5
BBA
330
70
100
AcDbEntity
  8
Visible
100
AcDbSpline
210
0.0
220
0.0
230
1.0
 70
     8
 71
     3
 72
     9
 73
     5
 74
     0
 42
0.000000001
 43
0.0000000001
 40
0.0
 40
0.0
 40
0.0
 40
0.0
 40
0.0156273306865913
 40
0.0315861079404347
 40
0.0315861079404347
 40
0.0315861079404347
 40
0.0315861079404347
 10
156.1682931152736
 20
73.47211728216098
 30
0.0
 10
156.2155680709638
 20
73.44585939305943
 30
0.0
 10
156.3111206565754
 20
73.39278670035128
 30
0.0
 10
156.4175232060079
 20
73.41823234872754
 30
0.0
 10
156.4712827444982
 20
73.43108867896081
 30
0.0
  0
SPLINE
  5
BBB
330
70
100
AcDbEntity
  8
Visible
100
AcDbSpline
210
0.0
220
0.0
230
1.0
 70
     8
 71
     3
 72
     9
 73
     5
 74
     0
 42
0.000000001
 43
0.0000000001
 40
0.0
 40
0.0
 40
0.0
 40
0.0
 40
0.0177703700644777
 40
0.0340583348573086
 40
0.0340583348573086
 40
0.0340583348573086
 40
0.0340583348573086
 10
156.0295507651226
 20
73.77141124427907
 30
0.0
 10
156.0340141058459
 20
73.70997227700536
 30
0.0
 10
156.0425684551592
 20
73.59221958456692
 30
0.0
 10
156.1276188482116
 20
73.51097261188079
 30
0.0
 10
156.1682931152736
 20
73.47211728216098
 30
0.0
  0
SPLINE
  5
BBC
330
70
100
AcDbEntity
  8
Visible
100
AcDbSpline
210
0.0
220
0.0
230
1.0
 70
     8
 71
     3
 72
     9
 73
     5
 74
     0
 42
0.000000001
 43
0.0000000001
 40
0.0
 40
0.0
 40
0.0
 40
0.0
 40
0.0411991481537291
 40
0.0672012089097054
 40
0.0672012089097054
 40
0.0672012089097054
 40
0.0672012089097054
 10
156.318321242732
 20
74.37183543976971
 30
0.0
 10
156.235967859493
 20
74.2594936158439
 30
0.0
 10
156.1016387007712
 20
74.07624938101799
 30
0.0
 10
156.0496620218327
 20
73.85645568296422
 30
0.0
 10
156.0295507651226
 20
73.77141124427907
 30
0.0
  0
SPLINE
  5
BBD
330
70
100
AcDbEntity
  8
Visible
100
AcDbSpline
210
0.0
220
0.0
230
1.0
 70
     8
 71
     3
 72
     9
 73
     5
 74
     0
 42
0.000000001
 43
0.0000000001
 40
0.0
 40
0.0
 40
0.0
 40
0.0
 40
0.0260342171008199
 40
0.0670632558465381
 40
0.0670632558465381
 40
0.0670632558465381
 40
0.0670632558465381
 10
156.7936509359679
 20
74.83677689202522
 30
0.0
 10
156.7194737608643
 20
74.79037136302759
 30
0.0
 10
156.5283958862073
 20
74.67083230211756
 30
0.0
 10
156.3980601428939
 20
74.48532691385117
 30
0.0
 10
156.318321242732
 20
74.37183543976971
 30
0.0
  0
SPLINE
  5
BBE
330
70
100
AcDbEntity
  8
Visible
100
AcDbSpline
210
0.0
220
0.0
230
1.0
 70
     8
 71
     3
 72
     9
 73
     5
 74
     0
 42
0.000000001
 43
0.0000000001
 40
0.0
 40
0.0
 40
0.0
 40
0.0
 40
0.016098518822424
 40
0.0338897055589784
 40
0.0338897055589784
 40
0.0338897055589784
 40
0.0338897055589784
 10
157.1202072357992
 20
74.80402912615864
 30
0.0
 10
157.0707995406755
 20
74.82951344786489
 30
0.0
 10
156.9667892116213
 20
74.8831616231073
 30
0.0
 10
156.8532539199059
 20
74.85274487121023
 30
0.0
 10
156.7936509359679
 20
74.83677689202522
 30
0.0
  0
SPLINE
  5
BBF
330
70
100
AcDbEntity
  8
Visible
100
AcDbSpline
210
0.0
220
0.0
230
1.0
 70
     8
 71
     3
 72
     9
 73
     5
 74
     0
 42
0.000000001
 43
0.0000000001
 40
0.0
 40
0.0
 40
0.0
 40
0.0
 40
0.0177559312677788
 40
0.0338501747490336
 40
0.0338501747490336
 40
0.0338501747490336
 40
0.0338501747490336
 10
157.256335046457
 20
74.50577068525126
 30
0.0
 10
157.2522094765117
 20
74.56720298109758
 30
0.0
 10
157.2443444278415
 20
74.68431843498547
 30
0.0
 10
157.1602095877042
 20
74.7654531835542
 30
0.0
 10
157.1202072357992
 20
74.80402912615864
 30
0.0
  0
SPLINE
  5
BC0
330
70
100
AcDbEntity
  8
Visible
100
AcDbSpline
210
0.0
220
0.0
230
1.0
 70
     8
 71
     3
 72
     9
 73
     5
 74
     0
 42
0.000000001
 43
0.0000000001
 40
0.0
 40
0.0
 40
0.0
 40
0.0
 40
0.0411140930152887
 40
0.0671322115200147
 40
0.0671322115200147
 40
0.0671322115200147
 40
0.0671322115200147
 10
156.967961666598
 20
73.90590117587089
 30
0.0
 10
157.0501033597102
 20
74.01803202050723
 30
0.0
 10
157.1842265547548
 20
74.2011223194313
 30
0.0
 10
157.2361941915423
 20
74.4206783696136
 30
0.0
 10
157.256335046457
 20
74.50577068525126
 30
0.0
  0
SPLINE
  5
BC1
330
70
100
AcDbEntity
  8
Visible
100
AcDbSpline
210
0.0
220
0.0
230
1.0
 70
     8
 71
     3
 72
     9
 73
     5
 74
     0
 42
0.000000001
 43
0.0000000001
 40
0.0
 40
0.0
 40
0.0
 40
0.0
 40
0.0277083759905545
 40
0.0693368929506909
 40
0.0693368929506909
 40
0.0693368929506909
 40
0.0693368929506909
 10
156.4712827444982
 20
73.43108867896081
 30
0.0
 10
156.5509978461614
 20
73.47934838922265
 30
0.0
 10
156.7504753425146
 20
73.60011253524317
 30
0.0
 10
156.8863719789842
 20
73.79118499879587
 30
0.0
 10
156.967961666598
 20
73.90590117587089
 30
0.0
  0
SPLINE
  5
BC2
330
70
100
AcDbEntity
  8
Visible
100
AcDbSpline
210
0.0
220
0.0
230
1.0
 70
     8
 71
     3
 72
     9
 73
     5
 74
     0
 42
0.000000001
 43
0.0000000001
 40
0.0
 40
0.0
 40
0.0
 40
0.0
 40
0.026333914574837
 40
0.0513634826096901
 40
0.0513634826096901
 40
0.0513634826096901
 40
0.0513634826096901
 10
157.237883374386
 20
74.96810200612163
 30
0.0
 10
157.3069141218111
 20
74.90908130264688
 30
0.0
 10
157.4415564509945
 20
74.79396325333619
 30
0.0
 10
157.4715669545076
 20
74.61972824652548
 30
0.0
 10
157.4861911563985
 20
74.53482304276076
 30
0.0
  0
SPLINE
  5
BC3
330
70
100
AcDbEntity
  8
Visible
100
AcDbSpline
210
0.0
220
0.0
230
1.0
 70
     8
 71
     3
 72
     9
 73
     5
 74
     0
 42
0.000000001
 43
0.0000000001
 40
0.0
 40
0.0
 40
0.0
 40
0.0
 40
0.0185354309592938
 40
0.0388226534349467
 40
0.0388226534349467
 40
0.0388226534349467
 40
0.0388226534349467
 10
156.8736644056644
 20
75.08410444206311
 30
0.0
 10
156.9364991860475
 20
75.08137115601312
 30
0.0
 10
157.0681072888146
 20
75.07564625987834
 30
0.0
 10
157.1796141737486
 20
75.00501249135414
 30
0.0
 10
157.237883374386
 20
74.96810200612163
 30
0.0
  0
SPLINE
  5
BC4
330
70
100
AcDbEntity
  8
Visible
100
AcDbSpline
210
0.0
220
0.0
230
1.0
 70
     8
 71
     3
 72
     9
 73
     5
 74
     0
 42
0.000000001
 43
0.0000000001
 40
0.0
 40
0.0
 40
0.0
 40
0.0
 40
0.021184564583552
 40
0.0402125925746742
 40
0.0402125925746742
 40
0.0402125925746742
 40
0.0402125925746742
 10
156.5031491281388
 20
74.93852225139926
 30
0.0
 10
156.5629344589142
 20
74.97783094984152
 30
0.0
 10
156.6764191207712
 20
75.05244681786462
 30
0.0
 10
156.8103094177149
 20
75.07393604487879
 30
0.0
 10
156.8736644056644
 20
75.08410444206311
 30
0.0
  0
SPLINE
  5
BC5
330
70
100
AcDbEntity
  8
Visible
100
AcDbSpline
210
0.0
220
0.0
230
1.0
 70
     8
 71
     3
 72
     9
 73
     5
 74
     0
 42
0.000000001
 43
0.0000000001
 40
0.0
 40
0.0
 40
0.0
 40
0.0
 40
0.0318555617337857
 40
0.0574536216840496
 40
0.0574536216840496
 40
0.0574536216840496
 40
0.0574536216840496
 10
156.1132304454986
 20
74.51893039588686
 30
0.0
 10
156.1765649129884
 20
74.6047316980621
 30
0.0
 10
156.2907928322802
 20
74.75948004613383
 30
0.0
 10
156.4376970014
 20
74.88333814177349
 30
0.0
 10
156.5031491281388
 20
74.93852225139926
 30
0.0
  0
ARC
  5
BC6
330
70
100
AcDbEntity
  8
Visible
100
AcDbCircle
 10
157.689079
 20
73.326715
 30
0.0
 40
1.976025335528225
100
AcDbArc
 50
142.890497
 51
156.692454
  0
SPLINE
  5
BC7
330
70
100
AcDbEntity
  8
Visible
100
AcDbSpline
210
0.0
220
0.0
230
1.0
 70
     8
 71
     3
 72
     9
 73
     5
 74
     0
 42
0.000000001
 43
0.0000000001
 40
0.0
 40
0.0
 40
0.0
 40
0.0
 40
0.0152703100348924
 40
0.0323328542251258
 40
0.0323328542251258
 40
0.0323328542251258
 40
0.0323328542251258
 10
155.8018574862763
 20
73.79453167053907
 30
0.0
 10
155.8071485743767
 20
73.84535076746215
 30
0.0
 10
155.8183517509878
 20
73.95295345849991
 30
0.0
 10
155.8549794377486
 20
74.05481030137889
 30
0.0
 10
155.8743084310863
 20
74.10856172309468
 30
0.0
  0
SPLINE
  5
BC8
330
70
100
AcDbEntity
  8
Visible
100
AcDbSpline
210
0.0
220
0.0
230
1.0
 70
     8
 71
     3
 72
     9
 73
     5
 74
     0
 42
0.000000001
 43
0.0000000001
 40
0.0
 40
0.0
 40
0.0
 40
0.0
 40
0.0136190759140628
 40
0.0276411191356048
 40
0.0276411191356048
 40
0.0276411191356048
 40
0.0276411191356048
 10
155.8558919038496
 20
73.5257721257185
 30
0.0
 10
155.8384332539826
 20
73.56816968635576
 30
0.0
 10
155.8029993799118
 20
73.65421928560863
 30
0.0
 10
155.802241798965
 20
73.74730850708329
 30
0.0
 10
155.8018574862763
 20
73.79453167053907
 30
0.0
  0
SPLINE
  5
BC9
330
70
100
AcDbEntity
  8
Visible
100
AcDbSpline
210
0.0
220
0.0
230
1.0
 70
     8
 71
     3
 72
     9
 73
     5
 74
     0
 42
0.000000001
 43
0.0000000001
 40
0.0
 40
0.0
 40
0.0
 40
0.0
 40
0.0151957276004776
 40
0.0291972763413675
 40
0.0291972763413675
 40
0.0291972763413675
 40
0.0291972763413675
 10
156.047604457588
 20
73.30852605315704
 30
0.0
 10
156.0073734419657
 20
73.34012486912797
 30
0.0
 10
155.930073024936
 20
73.40083926110856
 30
0.0
 10
155.8799353953236
 20
73.48527904309776
 30
0.0
 10
155.8558919038496
 20
73.5257721257185
 30
0.0
  0
SPLINE
  5
BCA
330
70
100
AcDbEntity
  8
Visible
100
AcDbSpline
210
0.0
220
0.0
230
1.0
 70
     8
 71
     3
 72
     9
 73
     5
 74
     0
 42
0.000000001
 43
0.0000000001
 40
0.0
 40
0.0
 40
0.0
 40
0.0
 40
0.0184810038635591
 40
0.0386646142894838
 40
0.0386646142894838
 40
0.0386646142894838
 40
0.0386646142894838
 10
156.4103176511107
 20
73.19276409531084
 30
0.0
 10
156.3476797573184
 20
73.1955999266338
 30
0.0
 10
156.2166333043606
 20
73.20153284700428
 30
0.0
 10
156.105577530021
 20
73.27182980273391
 30
0.0
 10
156.047604457588
 20
73.30852605315704
 30
0.0
  0
SPLINE
  5
BCB
330
70
100
AcDbEntity
  8
Visible
100
AcDbSpline
210
0.0
220
0.0
230
1.0
 70
     8
 71
     3
 72
     9
 73
     5
 74
     0
 42
0.000000001
 43
0.0000000001
 40
0.0
 40
0.0
 40
0.0
 40
0.0
 40
0.0211909857535031
 40
0.0401920335923215
 40
0.0401920335923215
 40
0.0401920335923215
 40
0.0401920335923215
 10
156.7809895299288
 20
73.33739465992948
 30
0.0
 10
156.7210881768951
 20
73.29822252174563
 30
0.0
 10
156.6074758503418
 20
73.22392640772341
 30
0.0
 10
156.4736056618858
 20
73.20276723376264
 30
0.0
 10
156.4103176511107
 20
73.19276409531084
 30
0.0
  0
SPLINE
  5
BCC
330
70
100
AcDbEntity
  8
Visible
100
AcDbSpline
210
0.0
220
0.0
230
1.0
 70
     8
 71
     3
 72
     9
 73
     5
 74
     0
 42
0.000000001
 43
0.0000000001
 40
0.0
 40
0.0
 40
0.0
 40
0.0
 40
0.0320608374303245
 40
0.0577364233305481
 40
0.0577364233305481
 40
0.0577364233305481
 40
0.0577364233305481
 10
157.1730529481829
 20
73.75880587236679
 30
0.0
 10
157.1093251029815
 20
73.67243078385218
 30
0.0
 10
156.9945614803382
 20
73.51688311026191
 30
0.0
 10
156.8467304826899
 20
73.39264415178331
 30
0.0
 10
156.7809895299288
 20
73.33739465992948
 30
0.0
  0
SPLINE
  5
BCD
330
70
100
AcDbEntity
  8
Visible
100
AcDbSpline
210
0.0
220
0.0
230
1.0
 70
     8
 71
     3
 72
     9
 73
     5
 74
     0
 42
0.000000001
 43
0.0000000001
 40
0.0
 40
0.0
 40
0.0
 40
0.0
 40
0.0360088304475199
 40
0.0847596463469006
 40
0.0847596463469006
 40
0.0847596463469006
 40
0.0847596463469006
 10
157.4861911563985
 20
74.53482304276076
 30
0.0
 10
157.4703146499978
 20
74.41424581324281
 30
0.0
 10
157.4329436204225
 20
74.13042422824583
 30
0.0
 10
157.2679509966438
 20
73.8945008414903
 30
0.0
 10
157.1730529481829
 20
73.75880587236679
 30
0.0
  0
LINE
  5
BCE
330
70
100
AcDbEntity
  8
Visible
100
AcDbLine
 10
157.217179
 20
72.469685
 30
0.0
 11
157.088581
 21
72.561918
 31
0.0
  0
SPLINE
  5
BCF
330
70
100
AcDbEntity
  8
Visible
100
AcDbSpline
210
0.0
220
0.0
230
1.0
 70
     8
 71
     3
 72
     9
 73
     5
 74
     0
 42
0.000000001
 43
0.0000000001
 40
0.0
 40
0.0
 40
0.0
 40
0.0
 40
0.0189098806386352
 40
0.034669533441709
 40
0.034669533441709
 40
0.034669533441709
 40
0.034669533441709
 10
157.5503965469197
 20
72.55975378219045
 30
0.0
 10
157.4874961394744
 20
72.55167068456467
 30
0.0
 10
157.3721740059773
 20
72.53685106572084
 30
0.0
 10
157.2656164113723
 20
72.49067543715682
 30
0.0
 10
157.2171787622956
 20
72.46968548425321
 30
0.0
  0
ARC
  5
BD0
330
70
100
AcDbEntity
  8
Visible
100
AcDbCircle
 10
157.69947
 20
71.084243
 30
0.0
 40
1.483022385942594
100
AcDbArc
 50
79.103017
 51
95.769107
  0
LINE
  5
BD1
330
70
100
AcDbEntity
  8
Visible
100
AcDbLine
 10
158.118175
 20
72.733421
 30
0.0
 11
157.979826
 21
72.540524
 31
0.0
  0
ARC
  5
BD2
330
70
100
AcDbEntity
  8
Visible
100
AcDbCircle
 10
157.704824
 20
71.137251
 30
0.0
 40
1.64882255650964
100
AcDbArc
 50
75.481397
 51
85.501394
  0
ARC
  5
BD3
330
70
100
AcDbEntity
  8
Visible
100
AcDbCircle
 10
157.698678
 20
71.51907
 30
0.0
 40
1.269175545459406
100
AcDbArc
 50
83.872567
 51
96.884678
  0
LINE
  5
BD4
330
70
100
AcDbEntity
  8
Visible
100
AcDbLine
 10
158.45853
 20
74.050659
 30
0.0
 11
157.54654
 21
72.779094
 31
0.0
  0
LINE
  5
BD5
330
70
100
AcDbEntity
  8
Visible
100
AcDbLine
 10
158.258982
 20
74.193779
 30
0.0
 11
158.45853
 21
74.050659
 31
0.0
  0
LINE
  5
BD6
330
70
100
AcDbEntity
  8
Visible
100
AcDbLine
 10
157.088581
 20
72.561918
 30
0.0
 11
158.258982
 21
74.193779
 31
0.0
  0
LINE
  5
BD7
330
70
100
AcDbEntity
  8
Visible
100
AcDbLine
 10
159.339298
 20
72.71551
 30
0.0
 11
159.981749
 21
72.958179
 31
0.0
  0
LINE
  5
BD8
330
70
100
AcDbEntity
  8
Visible
100
AcDbLine
 10
159.345764
 20
72.860292
 30
0.0
 11
159.339298
 21
72.71551
 31
0.0
  0
LINE
  5
BD9
330
70
100
AcDbEntity
  8
Visible
100
AcDbLine
 10
159.366475
 20
73.399465
 30
0.0
 11
159.345764
 21
72.860292
 31
0.0
  0
LINE
  5
BDA
330
70
100
AcDbEntity
  8
Visible
100
AcDbLine
 10
159.121474
 20
73.575184
 30
0.0
 11
159.366475
 21
73.399465
 31
0.0
  0
LINE
  5
BDB
330
70
100
AcDbEntity
  8
Visible
100
AcDbLine
 10
159.11252
 20
72.638082
 30
0.0
 11
159.121474
 21
73.575184
 31
0.0
  0
LINE
  5
BDC
330
70
100
AcDbEntity
  8
Visible
100
AcDbLine
 10
158.308108
 20
72.375587
 30
0.0
 11
159.11252
 21
72.638082
 31
0.0
  0
LINE
  5
BDD
330
70
100
AcDbEntity
  8
Visible
100
AcDbLine
 10
158.546458
 20
72.204638
 30
0.0
 11
158.308108
 21
72.375587
 31
0.0
  0
LINE
  5
BDE
330
70
100
AcDbEntity
  8
Visible
100
AcDbLine
 10
158.94447
 20
72.340572
 30
0.0
 11
158.546458
 21
72.204638
 31
0.0
  0
ARC
  5
BDF
330
70
100
AcDbEntity
  8
Visible
100
AcDbCircle
 10
157.372122
 20
77.031193
 30
0.0
 40
4.947140938978535
100
AcDbArc
 50
288.531722
 51
290.780284
  0
ARC
  5
BE0
330
70
100
AcDbEntity
  8
Visible
100
AcDbCircle
 10
163.33116
 20
72.032812
 30
0.0
 40
4.220386750205054
100
AcDbArc
 50
174.928703
 51
177.524322
  0
LINE
  5
BE1
330
70
100
AcDbEntity
  8
Visible
100
AcDbLine
 10
159.097433
 20
71.809468
 30
0.0
 11
159.114713
 21
72.215113
 31
0.0
  0
LINE
  5
BE2
330
70
100
AcDbEntity
  8
Visible
100
AcDbLine
 10
159.346868
 20
71.630569
 30
0.0
 11
159.097433
 21
71.809468
 31
0.0
  0
LINE
  5
BE3
330
70
100
AcDbEntity
  8
Visible
100
AcDbLine
 10
159.354386
 20
72.4814
 30
0.0
 11
159.346868
 21
71.630569
 31
0.0
  0
LINE
  5
BE4
330
70
100
AcDbEntity
  8
Visible
100
AcDbLine
 10
160.223424
 20
72.784845
 30
0.0
 11
159.354386
 21
72.4814
 31
0.0
  0
LINE
  5
BE5
330
70
100
AcDbEntity
  8
Visible
100
AcDbLine
 10
159.981749
 20
72.958179
 30
0.0
 11
160.223424
 21
72.784845
 31
0.0
  0
LINE
  5
BE6
330
70
100
AcDbEntity
  8
Visible
100
AcDbLine
 10
159.833011
 20
71.088828
 30
0.0
 11
160.867427
 21
71.456658
 31
0.0
  0
LINE
  5
BE7
330
70
100
AcDbEntity
  8
Visible
100
AcDbLine
 10
160.358579
 20
71.821613
 30
0.0
 11
159.833011
 21
71.088828
 31
0.0
  0
LINE
  5
BE8
330
70
100
AcDbEntity
  8
Visible
100
AcDbLine
 10
160.867427
 20
71.456658
 30
0.0
 11
160.358579
 21
71.821613
 31
0.0
  0
LINE
  5
BE9
330
70
100
AcDbEntity
  8
Visible
100
AcDbLine
 10
160.290224
 20
72.147652
 30
0.0
 11
160.569307
 21
72.536771
 31
0.0
  0
LINE
  5
BEA
330
70
100
AcDbEntity
  8
Visible
100
AcDbLine
 10
160.070721
 20
72.305084
 30
0.0
 11
160.290224
 21
72.147652
 31
0.0
  0
LINE
  5
BEB
330
70
100
AcDbEntity
  8
Visible
100
AcDbLine
 10
159.939528
 20
72.122164
 30
0.0
 11
160.070721
 21
72.305084
 31
0.0
  0
LINE
  5
BEC
330
70
100
AcDbEntity
  8
Visible
100
AcDbLine
 10
160.159031
 20
71.964733
 30
0.0
 11
159.939528
 21
72.122164
 31
0.0
  0
LINE
  5
BED
330
70
100
AcDbEntity
  8
Visible
100
AcDbLine
 10
159.403676
 20
70.911562
 30
0.0
 11
160.159031
 21
71.964733
 31
0.0
  0
LINE
  5
BEE
330
70
100
AcDbEntity
  8
Visible
100
AcDbLine
 10
159.566641
 20
70.79468
 30
0.0
 11
159.403676
 21
70.911562
 31
0.0
  0
LINE
  5
BEF
330
70
100
AcDbEntity
  8
Visible
100
AcDbLine
 10
161.063649
 20
71.315923
 30
0.0
 11
159.566641
 21
70.79468
 31
0.0
  0
LINE
  5
BF0
330
70
100
AcDbEntity
  8
Visible
100
AcDbLine
 10
161.194842
 20
71.498843
 30
0.0
 11
161.063649
 21
71.315923
 31
0.0
  0
LINE
  5
BF1
330
70
100
AcDbEntity
  8
Visible
100
AcDbLine
 10
160.489772
 20
72.004532
 30
0.0
 11
161.194842
 21
71.498843
 31
0.0
  0
LINE
  5
BF2
330
70
100
AcDbEntity
  8
Visible
100
AcDbLine
 10
160.768855
 20
72.393651
 30
0.0
 11
160.489772
 21
72.004532
 31
0.0
  0
LINE
  5
BF3
330
70
100
AcDbEntity
  8
Visible
100
AcDbLine
 10
160.569307
 20
72.536771
 30
0.0
 11
160.768855
 21
72.393651
 31
0.0
  0
ARC
  5
BF4
330
70
100
AcDbEntity
  8
Visible
100
AcDbCircle
 10
155.869072
 20
71.960637
 30
0.0
 40
2.018690709042279
100
AcDbArc
 50
281.441885
 51
293.430676
  0
ARC
  5
BF5
330
70
100
AcDbEntity
  8
Visible
100
AcDbCircle
 10
154.509074
 20
80.511962
 30
0.0
 40
10.6760442094289
100
AcDbArc
 50
274.400404
 51
279.491284
  0
ARC
  5
BF6
330
70
100
AcDbEntity
  8
Visible
100
AcDbCircle
 10
156.116795
 20
59.969764
 30
0.0
 40
9.928989995078312
100
AcDbArc
 50
94.555401
 51
102.018047
  0
SPLINE
  5
BF7
330
70
100
AcDbEntity
  8
Visible
100
AcDbSpline
210
0.0
220
0.0
230
1.0
 70
     8
 71
     3
 72
     9
 73
     5
 74
     0
 42
0.000000001
 43
0.0000000001
 40
0.0
 40
0.0
 40
0.0
 40
0.0
 40
0.0339433127882931
 40
0.0736420598186291
 40
0.0736420598186291
 40
0.0736420598186291
 40
0.0736420598186291
 10
153.3670929711315
 20
69.41037054863591
 30
0.0
 10
153.4666742387599
 20
69.46495162398605
 30
0.0
 10
153.6827217917253
 20
69.58336855167363
 30
0.0
 10
153.9209561814386
 20
69.64688880859648
 30
0.0
 10
154.0493828820818
 20
69.68113112361606
 30
0.0
  0
SPLINE
  5
BF8
330
70
100
AcDbEntity
  8
Visible
100
AcDbSpline
210
0.0
220
0.0
230
1.0
 70
     8
 71
     3
 72
     9
 73
     5
 74
     0
 42
0.000000001
 43
0.0000000001
 40
0.0
 40
0.0
 40
0.0
 40
0.0
 40
0.0299157400796529
 40
0.0605775134476348
 40
0.0605775134476348
 40
0.0605775134476348
 40
0.0605775134476348
 10
152.930772826594
 20
68.99461965937371
 30
0.0
 10
152.9921238553343
 20
69.07402224836914
 30
0.0
 10
153.1163558736189
 20
69.23480755369201
 30
0.0
 10
153.2828305406892
 20
69.35137104359092
 30
0.0
 10
153.3670929711315
 20
69.41037054863591
 30
0.0
  0
SPLINE
  5
BF9
330
70
100
AcDbEntity
  8
Visible
100
AcDbSpline
210
0.0
220
0.0
230
1.0
 70
     8
 71
     3
 72
     9
 73
     5
 74
     0
 42
0.000000001
 43
0.0000000001
 40
0.0
 40
0.0
 40
0.0
 40
0.0
 40
0.0546459489506171
 40
0.1098799847567644
 40
0.1098799847567644
 40
0.1098799847567644
 40
0.1098799847567644
 10
152.7139295846518
 20
67.94235650635164
 30
0.0
 10
152.6936508127728
 20
68.12831445542542
 30
0.0
 10
152.6528750336383
 20
68.50223158930202
 30
0.0
 10
152.8378102992792
 20
68.82990572290691
 30
0.0
 10
152.930772826594
 20
68.99461965937371
 30
0.0
  0
SPLINE
  5
BFA
330
70
100
AcDbEntity
  8
Visible
100
AcDbSpline
210
0.0
220
0.0
230
1.0
 70
     8
 71
     3
 72
     9
 73
     5
 74
     0
 42
0.000000001
 43
0.0000000001
 40
0.0
 40
0.0
 40
0.0
 40
0.0
 40
0.06522853707566
 40
0.1230336769143121
 40
0.1230336769143121
 40
0.1230336769143121
 40
0.1230336769143121
 10
153.4245400979362
 20
66.96668133792627
 30
0.0
 10
153.2483862201388
 20
67.10318776684471
 30
0.0
 10
152.9161258282947
 20
67.36066537749138
 30
0.0
 10
152.7785616274213
 20
67.7564188982069
 30
0.0
 10
152.7139295846518
 20
67.94235650635164
 30
0.0
  0
SPLINE
  5
BFB
330
70
100
AcDbEntity
  8
Visible
100
AcDbSpline
210
0.0
220
0.0
230
1.0
 70
     8
 71
     3
 72
     9
 73
     5
 74
     0
 42
0.000000001
 43
0.0000000001
 40
0.0
 40
0.0
 40
0.0
 40
0.0
 40
0.0567842975073301
 40
0.1214839278824264
 40
0.1214839278824264
 40
0.1214839278824264
 40
0.1214839278824264
 10
154.5693797617259
 20
66.62580675233584
 30
0.0
 10
154.3765072747519
 20
66.62798049968114
 30
0.0
 10
153.963877228658
 20
66.63263099950928
 30
0.0
 10
153.6119621954185
 20
66.85059733123671
 30
0.0
 10
153.4245400979362
 20
66.96668133792627
 30
0.0
  0
SPLINE
  5
BFC
330
70
100
AcDbEntity
  8
Visible
100
AcDbSpline
210
0.0
220
0.0
230
1.0
 70
     8
 71
     3
 72
     9
 73
     5
 74
     0
 42
0.000000001
 43
0.0000000001
 40
0.0
 40
0.0
 40
0.0
 40
0.0
 40
0.0640875690979905
 40
0.1204171953652634
 40
0.1204171953652634
 40
0.1204171953652634
 40
0.1204171953652634
 10
155.5821687451898
 20
67.2341076762259
 30
0.0
 10
155.4331249589886
 20
67.07369375541566
 30
0.0
 10
155.153079468524
 20
66.77228437582016
 30
0.0
 10
154.7554062262043
 20
66.67248951421607
 30
0.0
 10
154.5693797617259
 20
66.62580675233584
 30
0.0
  0
LINE
  5
BFD
330
70
100
AcDbEntity
  8
Visible
100
AcDbLine
 10
155.099793
 20
67.645974
 30
0.0
 11
155.582169
 21
67.234108
 31
0.0
  0
SPLINE
  5
BFE
330
70
100
AcDbEntity
  8
Visible
100
AcDbSpline
210
0.0
220
0.0
230
1.0
 70
     8
 71
     3
 72
     9
 73
     5
 74
     0
 42
0.000000001
 43
0.0000000001
 40
0.0
 40
0.0
 40
0.0
 40
0.0
 40
0.0375179224469414
 40
0.080033528296939
 40
0.080033528296939
 40
0.080033528296939
 40
0.080033528296939
 10
154.4594569016462
 20
67.19288180522926
 30
0.0
 10
154.5811079461255
 20
67.23233099713434
 30
0.0
 10
154.8406149144121
 20
67.31648432468318
 30
0.0
 10
155.0098768872121
 20
67.53166543685802
 30
0.0
 10
155.0997926446962
 20
67.64597447141205
 30
0.0
  0
SPLINE
  5
BFF
330
70
100
AcDbEntity
  8
Visible
100
AcDbSpline
210
0.0
220
0.0
230
1.0
 70
     8
 71
     3
 72
     9
 73
     5
 74
     0
 42
0.000000001
 43
0.0000000001
 40
0.0
 40
0.0
 40
0.0
 40
0.0
 40
0.0404549371653898
 40
0.0773517855131119
 40
0.0773517855131119
 40
0.0773517855131119
 40
0.0773517855131119
 10
153.72453876297
 20
67.3770952060695
 30
0.0
 10
153.8432612431697
 20
67.30592193756456
 30
0.0
 10
154.0702643351906
 20
67.16983522515329
 30
0.0
 10
154.3337663037164
 20
67.18543886135012
 30
0.0
 10
154.4594569016462
 20
67.19288180522926
 30
0.0
  0
SPLINE
  5
C00
330
70
100
AcDbEntity
  8
Visible
100
AcDbSpline
210
0.0
220
0.0
230
1.0
 70
     8
 71
     3
 72
     9
 73
     5
 74
     0
 42
0.000000001
 43
0.0000000001
 40
0.0
 40
0.0
 40
0.0
 40
0.0
 40
0.0354522657680567
 40
0.073951784839967
 40
0.073951784839967
 40
0.073951784839967
 40
0.073951784839967
 10
153.3070939798017
 20
67.97001729143812
 30
0.0
 10
153.344769519239
 20
67.85518565594975
 30
0.0
 10
153.4233589500072
 20
67.61565218138821
 30
0.0
 10
153.6214249923869
 20
67.45876903733187
 30
0.0
 10
153.72453876297
 20
67.3770952060695
 30
0.0
  0
SPLINE
  5
C01
330
70
100
AcDbEntity
  8
Visible
100
AcDbSpline
210
0.0
220
0.0
230
1.0
 70
     8
 71
     3
 72
     9
 73
     5
 74
     0
 42
0.000000001
 43
0.0000000001
 40
0.0
 40
0.0
 40
0.0
 40
0.0
 40
0.034264038726457
 40
0.0683626398964349
 40
0.0683626398964349
 40
0.0683626398964349
 40
0.0683626398964349
 10
153.4422199911605
 20
68.62485005984854
 30
0.0
 10
153.3847170810986
 20
68.52263572046104
 30
0.0
 10
153.2699889031118
 20
68.31870056466687
 30
0.0
 10
153.2947455912963
 20
68.08605738371807
 30
0.0
 10
153.3070939798017
 20
67.97001729143812
 30
0.0
  0
SPLINE
  5
C02
330
70
100
AcDbEntity
  8
Visible
100
AcDbSpline
210
0.0
220
0.0
230
1.0
 70
     8
 71
     3
 72
     9
 73
     5
 74
     0
 42
0.000000001
 43
0.0000000001
 40
0.0
 40
0.0
 40
0.0
 40
0.0
 40
0.0436421144295078
 40
0.0802048661387144
 40
0.0802048661387144
 40
0.0802048661387144
 40
0.0802048661387144
 10
154.097557811112
 20
69.06965549320557
 30
0.0
 10
153.9594946928282
 20
69.01642156466005
 30
0.0
 10
153.7057642293675
 20
68.91858899699764
 30
0.0
 10
153.5247420355717
 20
68.71682679127662
 30
0.0
 10
153.4422199911605
 20
68.62485005984854
 30
0.0
  0
ARC
  5
C03
330
70
100
AcDbEntity
  8
Visible
100
AcDbCircle
 10
155.938304
 20
62.514284
 30
0.0
 40
6.808908598419254
100
AcDbArc
 50
92.798884
 51
105.684727
  0
ARC
  5
C04
330
70
100
AcDbEntity
  8
Visible
100
AcDbCircle
 10
155.199226
 20
75.634045
 30
0.0
 40
6.332041840266554
100
AcDbArc
 50
273.681645
 51
283.68237
  0
SPLINE
  5
C05
330
70
100
AcDbEntity
  8
Visible
100
AcDbSpline
210
0.0
220
0.0
230
1.0
 70
     8
 71
     3
 72
     9
 73
     5
 74
     0
 42
0.000000001
 43
0.0000000001
 40
0.0
 40
0.0
 40
0.0
 40
0.0
 40
0.0373135268065793
 40
0.0781177067217637
 40
0.0781177067217637
 40
0.0781177067217637
 40
0.0781177067217637
 10
157.4074946555083
 20
69.79929650021586
 30
0.0
 10
157.3011198361328
 20
69.73378566360588
 30
0.0
 10
157.0784189109236
 20
69.59663549959441
 30
0.0
 10
156.8278729137637
 20
69.52113233915042
 30
0.0
 10
156.6970021499619
 20
69.48169384726134
 30
0.0
  0
SPLINE
  5
C06
330
70
100
AcDbEntity
  8
Visible
100
AcDbSpline
210
0.0
220
0.0
230
1.0
 70
     8
 71
     3
 72
     9
 73
     5
 74
     0
 42
0.000000001
 43
0.0000000001
 40
0.0
 40
0.0
 40
0.0
 40
0.0
 40
0.0217910858077039
 40
0.0434483202064348
 40
0.0434483202064348
 40
0.0434483202064348
 40
0.0434483202064348
 10
157.7086899622572
 20
70.1094070841118
 30
0.0
 10
157.6661430646582
 20
70.04997553166868
 30
0.0
 10
157.5813106131245
 20
69.93147748417868
 30
0.0
 10
157.4653141911712
 20
69.84326624396635
 30
0.0
 10
157.4074946555083
 20
69.79929650021586
 30
0.0
  0
LINE
  5
C07
330
70
100
AcDbEntity
  8
Visible
100
AcDbLine
 10
154.989208
 20
71.9874
 30
0.0
 11
157.70869
 21
70.109407
 31
0.0
  0
LINE
  5
C08
330
70
100
AcDbEntity
  8
Visible
100
AcDbLine
 10
154.653921
 20
71.501879
 30
0.0
 11
154.989208
 21
71.9874
 31
0.0
  0
LINE
  5
C09
330
70
100
AcDbEntity
  8
Visible
100
AcDbLine
 10
156.671783
 20
70.108404
 30
0.0
 11
154.653921
 21
71.501879
 31
0.0
  0
ARC
  5
C0A
330
70
100
AcDbEntity
  8
Visible
100
AcDbCircle
 10
118.565978
 20
158.744569
 30
0.0
 40
2.018690709043112
100
AcDbArc
 50
226.441885
 51
238.430676
  0
ARC
  5
C0B
330
70
100
AcDbEntity
  8
Visible
100
AcDbCircle
 10
124.79075
 20
164.763452
 30
0.0
 40
10.67604420944244
100
AcDbArc
 50
219.400404
 51
224.491284
  0
ARC
  5
C0C
330
70
100
AcDbEntity
  8
Visible
100
AcDbCircle
 10
108.885718
 20
151.663964
 30
0.0
 40
9.928989995077758
100
AcDbArc
 50
39.555401
 51
47.018047
  0
SPLINE
  5
C0D
330
70
100
AcDbEntity
  8
Visible
100
AcDbSpline
210
0.0
220
0.0
230
1.0
 70
     8
 71
     3
 72
     9
 73
     5
 74
     0
 42
0.000000001
 43
0.0000000001
 40
0.0
 40
0.0
 40
0.0
 40
0.0
 40
0.0339433127882931
 40
0.0736420598186291
 40
0.0736420598186291
 40
0.0736420598186291
 40
0.0736420598186291
 10
115.0418458596013
 20
159.3312970417682
 30
0.0
 10
115.1436735276675
 20
159.2810312615092
 30
0.0
 10
115.364594781573
 20
159.1719766262194
 30
0.0
 10
115.5532731621533
 20
159.0132601614696
 30
0.0
 10
115.6549853537908
 20
158.9276997521174
 30
0.0
  0
SPLINE
  5
C0E
330
70
100
AcDbEntity
  8
Visible
100
AcDbSpline
210
0.0
220
0.0
230
1.0
 70
     8
 71
     3
 72
     9
 73
     5
 74
     0
 42
0.000000001
 43
0.0000000001
 40
0.0
 40
0.0
 40
0.0
 40
0.0
 40
0.0299157400796529
 40
0.0605775134476348
 40
0.0605775134476348
 40
0.0605775134476348
 40
0.0605775134476348
 10
114.4510197151339
 20
159.4502446666574
 30
0.0
 10
114.5512520126631
 20
159.4455323000784
 30
0.0
 10
114.7542161825386
 20
159.4359900507788
 30
0.0
 10
114.9451853498613
 20
159.3664800580718
 30
0.0
 10
115.0418458596013
 20
159.3312970417682
 30
0.0
  0
SPLINE
  5
C0F
330
70
100
AcDbEntity
  8
Visible
100
AcDbSpline
210
0.0
220
0.0
230
1.0
 70
     8
 71
     3
 72
     9
 73
     5
 74
     0
 42
0.000000001
 43
0.0000000001
 40
0.0
 40
0.0
 40
0.0
 40
0.0
 40
0.0546459489506171
 40
0.1098799847567644
 40
0.1098799847567644
 40
0.1098799847567644
 40
0.1098799847567644
 10
113.4646800282462
 20
159.0243189021712
 30
0.0
 10
113.6053764366734
 20
159.1475913973518
 30
0.0
 10
113.8882833951993
 20
159.3954630173284
 30
0.0
 10
114.262772842223
 20
159.4319190782535
 30
0.0
 10
114.4510197151339
 20
159.4502446666574
 30
0.0
  0
SPLINE
  5
C10
330
70
100
AcDbEntity
  8
Visible
100
AcDbSpline
210
0.0
220
0.0
230
1.0
 70
     8
 71
     3
 72
     9
 73
     5
 74
     0
 42
0.000000001
 43
0.0000000001
 40
0.0
 40
0.0
 40
0.0
 40
0.0
 40
0.06522853707566
 40
0.1230336769143121
 40
0.1230336769143121
 40
0.1230336769143121
 40
0.1230336769143121
 10
113.0730431653119
 20
157.8825965613796
 30
0.0
 10
113.0838249721437
 20
158.1051902415238
 30
0.0
 10
113.1041615517697
 20
158.5250451110933
 30
0.0
 10
113.3494402731903
 20
158.8647260015477
 30
0.0
 10
113.4646800282462
 20
159.0243189021712
 30
0.0
  0
SPLINE
  5
C11
330
70
100
AcDbEntity
  8
Visible
100
AcDbSpline
210
0.0
220
0.0
230
1.0
 70
     8
 71
     3
 72
     9
 73
     5
 74
     0
 42
0.000000001
 43
0.0000000001
 40
0.0
 40
0.0
 40
0.0
 40
0.0
 40
0.0567842975073301
 40
0.1214839278824264
 40
0.1214839278824264
 40
0.1214839278824264
 40
0.1214839278824264
 10
113.4504681062299
 20
156.7492811803586
 30
0.0
 10
113.341621622063
 20
156.9085198826051
 30
0.0
 10
113.1087562171342
 20
157.2491940455165
 30
0.0
 10
113.0854536126899
 20
157.6624863162069
 30
0.0
 10
113.0730431653119
 20
157.8825965613796
 30
0.0
  0
SPLINE
  5
C12
330
70
100
AcDbEntity
  8
Visible
100
AcDbSpline
210
0.0
220
0.0
230
1.0
 70
     8
 71
     3
 72
     9
 73
     5
 74
     0
 42
0.000000001
 43
0.0000000001
 40
0.0
 40
0.0
 40
0.0
 40
0.0
 40
0.0640875690979905
 40
0.1204171953652634
 40
0.1204171953652634
 40
0.1204171953652634
 40
0.1204171953652634
 10
114.5296709474878
 20
156.2685600902732
 30
0.0
 10
114.3127795525743
 20
156.2986399673882
 30
0.0
 10
113.905251948674
 20
156.3551584855668
 30
0.0
 10
113.5954087826194
 20
156.6236733538862
 30
0.0
 10
113.4504681062299
 20
156.7492811803586
 30
0.0
  0
LINE
  5
C13
330
70
100
AcDbEntity
  8
Visible
100
AcDbLine
 10
114.590373
 20
156.899937
 30
0.0
 11
114.529671
 21
156.26856
 31
0.0
  0
SPLINE
  5
C14
330
70
100
AcDbEntity
  8
Visible
100
AcDbSpline
210
0.0
220
0.0
230
1.0
 70
     8
 71
     3
 72
     9
 73
     5
 74
     0
 42
0.000000001
 43
0.0000000001
 40
0.0
 40
0.0
 40
0.0
 40
0.0
 40
0.0375179224469414
 40
0.080033528296939
 40
0.080033528296939
 40
0.080033528296939
 40
0.080033528296939
 10
113.8519396327156
 20
157.1645856038867
 30
0.0
 10
113.9540306914805
 20
157.0875620290226
 30
0.0
 10
114.1718121438534
 20
156.9232547311658
 30
0.0
 10
114.4451628709521
 20
156.9080262556181
 30
0.0
 10
114.5903729100373
 20
156.899936547743
 30
0.0
  0
SPLINE
  5
C15
330
70
100
AcDbEntity
  8
Visible
100
AcDbSpline
210
0.0
220
0.0
230
1.0
 70
     8
 71
     3
 72
     9
 73
     5
 74
     0
 42
0.000000001
 43
0.0000000001
 40
0.0
 40
0.0
 40
0.0
 40
0.0
 40
0.0404549371653898
 40
0.0773517855131119
 40
0.0773517855131119
 40
0.0773517855131119
 40
0.0773517855131119
 10
113.5813066896062
 20
157.872255765551
 30
0.0
 10
113.5911013783206
 20
157.7341806934801
 30
0.0
 10
113.6098292942097
 20
157.4701745150505
 30
0.0
 10
113.7737495647779
 20
157.2632762169032
 30
0.0
 10
113.8519396327156
 20
157.1645856038867
 30
0.0
  0
SPLINE
  5
C16
330
70
100
AcDbEntity
  8
Visible
100
AcDbSpline
210
0.0
220
0.0
230
1.0
 70
     8
 71
     3
 72
     9
 73
     5
 74
     0
 42
0.000000001
 43
0.0000000001
 40
0.0
 40
0.0
 40
0.0
 40
0.0
 40
0.0354522657680567
 40
0.073951784839967
 40
0.073951784839967
 40
0.073951784839967
 40
0.073951784839967
 10
113.8275635368372
 20
158.5542926498219
 30
0.0
 10
113.7551087695265
 20
158.4575659344082
 30
0.0
 10
113.6039714797989
 20
158.2557984848099
 30
0.0
 10
113.5890663463815
 20
158.0035678065978
 30
0.0
 10
113.5813066896062
 20
157.872255765551
 30
0.0
  0
SPLINE
  5
C17
330
70
100
AcDbEntity
  8
Visible
100
AcDbSpline
210
0.0
220
0.0
230
1.0
 70
     8
 71
     3
 72
     9
 73
     5
 74
     0
 42
0.000000001
 43
0.0000000001
 40
0.0
 40
0.0
 40
0.0
 40
0.0
 40
0.034264038726457
 40
0.0683626398964349
 40
0.0683626398964349
 40
0.0683626398964349
 40
0.0683626398964349
 10
114.4414762338019
 20
158.8192005470919
 30
0.0
 10
114.3247648345041
 20
158.8076764368907
 30
0.0
 10
114.0919055552549
 20
158.7846838585192
 30
0.0
 10
113.9155352709749
 20
158.6309657201127
 30
0.0
 10
113.8275635368372
 20
158.5542926498219
 30
0.0
  0
SPLINE
  5
C18
330
70
100
AcDbEntity
  8
Visible
100
AcDbSpline
210
0.0
220
0.0
230
1.0
 70
     8
 71
     3
 72
     9
 73
     5
 74
     0
 42
0.000000001
 43
0.0000000001
 40
0.0
 40
0.0
 40
0.0
 40
0.0
 40
0.0436421144295078
 40
0.0802048661387144
 40
0.0802048661387144
 40
0.0802048661387144
 40
0.0802048661387144
 10
115.1817258452211
 20
158.5375091475125
 30
0.0
 10
115.0589294124511
 20
158.6200701060679
 30
0.0
 10
114.8332558496258
 20
158.7717994783888
 30
0.0
 10
114.5641518615339
 20
158.8043581315523
 30
0.0
 10
114.4414762338019
 20
158.8192005470919
 30
0.0
  0
ARC
  5
C19
330
70
100
AcDbEntity
  8
Visible
100
AcDbCircle
 10
110.867689
 20
153.269652
 30
0.0
 40
6.808908598418932
100
AcDbArc
 50
37.798884
 51
50.684727
  0
ARC
  5
C1A
330
70
100
AcDbEntity
  8
Visible
100
AcDbCircle
 10
121.19085
 20
161.400254
 30
0.0
 40
6.332041840264587
100
AcDbArc
 50
218.681645
 51
228.68237
  0
SPLINE
  5
C1B
330
70
100
AcDbEntity
  8
Visible
100
AcDbSpline
210
0.0
220
0.0
230
1.0
 70
     8
 71
     3
 72
     9
 73
     5
 74
     0
 42
0.000000001
 43
0.0000000001
 40
0.0
 40
0.0
 40
0.0
 40
0.0
 40
0.0373135268065793
 40
0.0781177067217637
 40
0.0781177067217637
 40
0.0781177067217637
 40
0.0781177067217637
 10
117.6779145474665
 20
156.2446725035734
 30
0.0
 10
117.5632371219199
 20
156.2942341821217
 30
0.0
 10
117.3231542816411
 20
156.3979939979526
 30
0.0
 10
117.1175984332203
 20
156.5599224300131
 30
0.0
 10
117.0102279256407
 20
156.6445044940865
 30
0.0
  0
SPLINE
  5
C1C
330
70
100
AcDbEntity
  8
Visible
100
AcDbSpline
210
0.0
220
0.0
230
1.0
 70
     8
 71
     3
 72
     9
 73
     5
 74
     0
 42
0.000000001
 43
0.0000000001
 40
0.0
 40
0.0
 40
0.0
 40
0.0
 40
0.0217910858077039
 40
0.0434483202064348
 40
0.0434483202064348
 40
0.0434483202064348
 40
0.0434483202064348
 10
118.1047007969118
 20
156.1758198759053
 30
0.0
 10
118.0316134213299
 20
156.1765837159946
 30
0.0
 10
117.8858876082468
 20
156.1781067042975
 30
0.0
 10
117.7470963761643
 20
156.2225295216631
 30
0.0
 10
117.6779145474665
 20
156.2446725035734
 30
0.0
  0
LINE
  5
C1D
330
70
100
AcDbEntity
  8
Visible
100
AcDbLine
 10
118.083232
 20
159.480662
 30
0.0
 11
118.104701
 21
156.17582
 31
0.0
  0
LINE
  5
C1E
330
70
100
AcDbEntity
  8
Visible
100
AcDbLine
 10
117.493204
 20
159.476829
 30
0.0
 11
118.083232
 21
159.480662
 31
0.0
  0
LINE
  5
C1F
330
70
100
AcDbEntity
  8
Visible
100
AcDbLine
 10
117.509134
 20
157.024629
 30
0.0
 11
117.493204
 21
159.476829
 31
0.0
  0
LINE
  5
C20
330
70
100
AcDbEntity
  8
Visible
100
AcDbLine
 10
119.756208
 20
157.932242
 30
0.0
 11
119.758
 21
158.090486
 31
0.0
  0
SPLINE
  5
C21
330
70
100
AcDbEntity
  8
Visible
100
AcDbSpline
210
0.0
220
0.0
230
1.0
 70
     8
 71
     3
 72
     9
 73
     5
 74
     0
 42
0.000000001
 43
0.0000000001
 40
0.0
 40
0.0
 40
0.0
 40
0.0
 40
0.0189098806386352
 40
0.034669533441709
 40
0.034669533441709
 40
0.034669533441709
 40
0.034669533441709
 10
120.0211139307939
 20
157.7109473775854
 30
0.0
 10
119.9784144533005
 20
157.7578361005999
 30
0.0
 10
119.9001288738654
 20
157.8438022778409
 30
0.0
 10
119.801185087952
 20
157.904603896819
 30
0.0
 10
119.7562084309793
 20
157.9322423536941
 30
0.0
  0
ARC
  5
C22
330
70
100
AcDbEntity
  8
Visible
100
AcDbCircle
 10
118.897951
 20
156.742515
 30
0.0
 40
1.483022385943625
100
AcDbArc
 50
24.103017
 51
40.769107
  0
LINE
  5
C23
330
70
100
AcDbEntity
  8
Visible
100
AcDbLine
 10
120.489038
 20
157.345462
 30
0.0
 11
120.251673
 21
157.34815
 31
0.0
  0
ARC
  5
C24
330
70
100
AcDbEntity
  8
Visible
100
AcDbCircle
 10
118.944444
 20
156.768534
 30
0.0
 40
1.648822556509958
100
AcDbArc
 50
20.481397
 51
30.501394
  0
ARC
  5
C25
330
70
100
AcDbEntity
  8
Visible
100
AcDbCircle
 10
119.253686
 20
156.992571
 30
0.0
 40
1.269175545457704
100
AcDbArc
 50
28.872567
 51
41.884678
  0
LINE
  5
C26
330
70
100
AcDbEntity
  8
Visible
100
AcDbLine
 10
121.763277
 20
157.822196
 30
0.0
 11
120.198575
 21
157.839915
 31
0.0
  0
LINE
  5
C27
330
70
100
AcDbEntity
  8
Visible
100
AcDbLine
 10
121.766057
 20
158.067747
 30
0.0
 11
121.763277
 21
157.822196
 31
0.0
  0
LINE
  5
C28
330
70
100
AcDbEntity
  8
Visible
100
AcDbLine
 10
119.758
 20
158.090486
 30
0.0
 11
121.766057
 21
158.067747
 31
0.0
  0
SPLINE
  5
C29
330
70
100
AcDbEntity
  8
Visible
100
AcDbSpline
210
0.0
220
0.0
230
1.0
 70
     8
 71
     3
 72
     9
 73
     5
 74
     0
 42
0.000000001
 43
0.0000000001
 40
0.0
 40
0.0
 40
0.0
 40
0.0
 40
0.0156273306865913
 40
0.0315861079404347
 40
0.0315861079404347
 40
0.0315861079404347
 40
0.0315861079404347
 10
119.9757363959343
 20
159.3664104340078
 30
0.0
 10
119.9813429930127
 20
159.3126241509526
 30
0.0
 10
119.9926750998238
 20
159.2039108091594
 30
0.0
 10
120.0745489498313
 20
159.131345967593
 30
0.0
 10
120.1159154435336
 20
159.0946828198175
 30
0.0
  0
SPLINE
  5
C2A
330
70
100
AcDbEntity
  8
Visible
100
AcDbSpline
210
0.0
220
0.0
230
1.0
 70
     8
 71
     3
 72
     9
 73
     5
 74
     0
 42
0.000000001
 43
0.0000000001
 40
0.0
 40
0.0
 40
0.0
 40
0.0
 40
0.0177703700644777
 40
0.0340583348573086
 40
0.0340583348573086
 40
0.0340583348573086
 40
0.0340583348573086
 10
120.1413243140778
 20
159.6517294779769
 30
0.0
 10
120.0935565255022
 20
159.6128333793967
 30
0.0
 10
120.0020057399652
 20
159.5382858969678
 30
0.0
 10
119.9842350175549
 20
159.4220153445749
 30
0.0
 10
119.9757363959343
 20
159.3664104340078
 30
0.0
  0
SPLINE
  5
C2B
330
70
100
AcDbEntity
  8
Visible
100
AcDbSpline
210
0.0
220
0.0
230
1.0
 70
     8
 71
     3
 72
     9
 73
     5
 74
     0
 42
0.000000001
 43
0.0000000001
 40
0.0
 40
0.0
 40
0.0
 40
0.0
 40
0.0411991481537291
 40
0.0672012089097054
 40
0.0672012089097054
 40
0.0672012089097054
 40
0.0672012089097054
 10
120.798794962724
 20
159.7595717212589
 30
0.0
 10
120.659533967917
 20
159.7625950404744
 30
0.0
 10
120.4323810381975
 20
159.7675264702557
 30
0.0
 10
120.2225239828349
 20
159.6840347870002
 30
0.0
 10
120.1413243140778
 20
159.6517294779769
 30
0.0
  0
SPLINE
  5
C2C
330
70
100
AcDbEntity
  8
Visible
100
AcDbSpline
210
0.0
220
0.0
230
1.0
 70
     8
 71
     3
 72
     9
 73
     5
 74
     0
 42
0.000000001
 43
0.0000000001
 40
0.0
 40
0.0
 40
0.0
 40
0.0
 40
0.0260342171008199
 40
0.0670632558465381
 40
0.0670632558465381
 40
0.0670632558465381
 40
0.0670632558465381
 10
121.4522906153524
 20
159.6368838926319
 30
0.0
 10
121.3717311516538
 20
159.6710291593081
 30
0.0
 10
121.1642127191244
 20
159.7589862023887
 30
0.0
 10
120.937498089921
 20
159.7593494734428
 30
0.0
 10
120.798794962724
 20
159.7595717212589
 30
0.0
  0
SPLINE
  5
C2D
330
70
100
AcDbEntity
  8
Visible
100
AcDbSpline
210
0.0
220
0.0
230
1.0
 70
     8
 71
     3
 72
     9
 73
     5
 74
     0
 42
0.000000001
 43
0.0000000001
 40
0.0
 40
0.0
 40
0.0
 40
0.0
 40
0.016098518822424
 40
0.0338897055589784
 40
0.0338897055589784
 40
0.0338897055589784
 40
0.0338897055589784
 10
121.6127702147223
 20
159.3506012852067
 30
0.0
 10
121.6053066592485
 20
159.4056909060946
 30
0.0
 10
121.5895947977879
 20
159.5216625089415
 30
0.0
 10
121.499557685267
 20
159.5972188430896
 30
0.0
 10
121.4522906153524
 20
159.6368838926319
 30
0.0
  0
SPLINE
  5
C2E
330
70
100
AcDbEntity
  8
Visible
100
AcDbSpline
210
0.0
220
0.0
230
1.0
 70
     8
 71
     3
 72
     9
 73
     5
 74
     0
 42
0.000000001
 43
0.0000000001
 40
0.0
 40
0.0
 40
0.0
 40
0.0
 40
0.0177559312677788
 40
0.0338501747490336
 40
0.0338501747490336
 40
0.0338501747490336
 40
0.0338501747490336
 10
121.4465309076531
 20
159.0680178971724
 30
0.0
 10
121.4944869686733
 20
159.1066334835559
 30
0.0
 10
121.585911125554
 20
159.1802508189357
 30
0.0
 10
121.6041150589299
 20
159.2957070251777
 30
0.0
 10
121.6127702147223
 20
159.3506012852067
 30
0.0
  0
SPLINE
  5
C2F
330
70
100
AcDbEntity
  8
Visible
100
AcDbSpline
210
0.0
220
0.0
230
1.0
 70
     8
 71
     3
 72
     9
 73
     5
 74
     0
 42
0.000000001
 43
0.0000000001
 40
0.0
 40
0.0
 40
0.0
 40
0.0
 40
0.0411140930152887
 40
0.0671322115200147
 40
0.0671322115200147
 40
0.0671322115200147
 40
0.0671322115200147
 10
120.789742397179
 20
158.9601685253365
 30
0.0
 10
120.9287091474016
 20
158.9571975997751
 30
0.0
 10
121.1556178443006
 20
158.9523465915535
 30
0.0
 10
121.3652750435576
 20
159.0357093724851
 30
0.0
 10
121.4465309076531
 20
159.0680178971724
 30
0.0
  0
SPLINE
  5
C30
330
70
100
AcDbEntity
  8
Visible
100
AcDbSpline
210
0.0
220
0.0
230
1.0
 70
     8
 71
     3
 72
     9
 73
     5
 74
     0
 42
0.000000001
 43
0.0000000001
 40
0.0
 40
0.0
 40
0.0
 40
0.0
 40
0.0277083759905545
 40
0.0693368929506909
 40
0.0693368929506909
 40
0.0693368929506909
 40
0.0693368929506909
 10
120.1159154435336
 20
159.0946828198175
 30
0.0
 10
120.2011701877854
 20
159.0570646639589
 30
0.0
 10
120.4145099763664
 20
158.9629297335468
 30
0.0
 10
120.6489744839491
 20
158.9612043887009
 30
0.0
 10
120.789742397179
 20
158.9601685253365
 30
0.0
  0
SPLINE
  5
C31
330
70
100
AcDbEntity
  8
Visible
100
AcDbSpline
210
0.0
220
0.0
230
1.0
 70
     8
 71
     3
 72
     9
 73
     5
 74
     0
 42
0.000000001
 43
0.0000000001
 40
0.0
 40
0.0
 40
0.0
 40
0.0
 40
0.026333914574837
 40
0.0513634826096901
 40
0.0513634826096901
 40
0.0513634826096901
 40
0.0513634826096901
 10
121.8146671099712
 20
159.3483149735093
 30
0.0
 10
121.8059145901698
 20
159.2579154108662
 30
0.0
 10
121.7888430720977
 20
159.0815938711839
 30
0.0
 10
121.6633314277405
 20
158.9570736115875
 30
0.0
 10
121.6021692541108
 20
158.8963945425112
 30
0.0
  0
SPLINE
  5
C32
330
70
100
AcDbEntity
  8
Visible
100
AcDbSpline
210
0.0
220
0.0
230
1.0
 70
     8
 71
     3
 72
     9
 73
     5
 74
     0
 42
0.000000001
 43
0.0000000001
 40
0.0
 40
0.0
 40
0.0
 40
0.0
 40
0.0185354309592938
 40
0.0388226534349467
 40
0.0388226534349467
 40
0.0388226534349467
 40
0.0388226534349467
 10
121.7007833243842
 20
159.7132019501223
 30
0.0
 10
121.7345848969398
 20
159.6601629628458
 30
0.0
 10
121.805382643146
 20
159.5490722508966
 30
0.0
 10
121.8114805689547
 20
159.4172172929138
 30
0.0
 10
121.8146671099712
 20
159.3483149735093
 30
0.0
  0
SPLINE
  5
C33
330
70
100
AcDbEntity
  8
Visible
100
AcDbSpline
210
0.0
220
0.0
230
1.0
 70
     8
 71
     3
 72
     9
 73
     5
 74
     0
 42
0.000000001
 43
0.0000000001
 40
0.0
 40
0.0
 40
0.0
 40
0.0
 40
0.021184564583552
 40
0.0402125925746742
 40
0.0402125925746742
 40
0.0402125925746742
 40
0.0402125925746742
 10
121.369010542794
 20
159.9332077830295
 30
0.0
 10
121.4355018004517
 20
159.9067810502765
 30
0.0
 10
121.5617156692078
 20
159.8566177611974
 30
0.0
 10
121.6561149328299
 20
159.7592669649966
 30
0.0
 10
121.7007833243842
 20
159.7132019501223
 30
0.0
  0
SPLINE
  5
C34
330
70
100
AcDbEntity
  8
Visible
100
AcDbSpline
210
0.0
220
0.0
230
1.0
 70
     8
 71
     3
 72
     9
 73
     5
 74
     0
 42
0.000000001
 43
0.0000000001
 40
0.0
 40
0.0
 40
0.0
 40
0.0
 40
0.0318555617337857
 40
0.0574536216840496
 40
0.0574536216840496
 40
0.0574536216840496
 40
0.0574536216840496
 10
120.8016528481275
 20
160.0119424678141
 30
0.0
 10
120.9082643183683
 20
160.0092755144324
 30
0.0
 10
121.1005451869205
 20
160.004465486847
 30
0.0
 10
121.2862645689729
 20
159.9551707215087
 30
0.0
 10
121.369010542794
 20
159.9332077830295
 30
0.0
  0
ARC
  5
C35
330
70
100
AcDbEntity
  8
Visible
100
AcDbCircle
 10
120.728916
 20
158.037256
 30
0.0
 40
1.976025335528349
100
AcDbArc
 50
87.890497
 51
101.692454
  0
SPLINE
  5
C36
330
70
100
AcDbEntity
  8
Visible
100
AcDbSpline
210
0.0
220
0.0
230
1.0
 70
     8
 71
     3
 72
     9
 73
     5
 74
     0
 42
0.000000001
 43
0.0000000001
 40
0.0
 40
0.0
 40
0.0
 40
0.0
 40
0.0152703100348924
 40
0.0323328542251258
 40
0.0323328542251258
 40
0.0323328542251258
 40
0.0323328542251258
 10
120.0296639590506
 20
159.8515062245133
 30
0.0
 10
120.0743273696425
 20
159.876320655394
 30
0.0
 10
120.1688962120934
 20
159.9288619184353
 30
0.0
 10
120.2733412312063
 20
159.9572809589062
 30
0.0
 10
120.3284584733046
 20
159.9722781234159
 30
0.0
  0
SPLINE
  5
C37
330
70
100
AcDbEntity
  8
Visible
100
AcDbSpline
210
0.0
220
0.0
230
1.0
 70
     8
 71
     3
 72
     9
 73
     5
 74
     0
 42
0.000000001
 43
0.0000000001
 40
0.0
 40
0.0
 40
0.0
 40
0.0
 40
0.0136190759140628
 40
0.0276411191356048
 40
0.0276411191356048
 40
0.0276411191356048
 40
0.0276411191356048
 10
119.8405018971607
 20
159.6530896789445
 30
0.0
 10
119.8652180754561
 20
159.6917092094136
 30
0.0
 10
119.9153817453789
 20
159.7700909622836
 30
0.0
 10
119.991201440871
 20
159.8241053201836
 30
0.0
 10
120.0296639590506
 20
159.8515062245133
 30
0.0
  0
SPLINE
  5
C38
330
70
100
AcDbEntity
  8
Visible
100
AcDbSpline
210
0.0
220
0.0
230
1.0
 70
     8
 71
     3
 72
     9
 73
     5
 74
     0
 42
0.000000001
 43
0.0000000001
 40
0.0
 40
0.0
 40
0.0
 40
0.0
 40
0.0151957276004776
 40
0.0291972763413675
 40
0.0291972763413675
 40
0.0291972763413675
 40
0.0291972763413675
 10
119.772506136087
 20
159.3714407205225
 30
0.0
 10
119.7753148082156
 20
159.4225203754704
 30
0.0
 10
119.7807114287952
 20
159.5206655146921
 30
0.0
 10
119.8211226859112
 20
159.6101685257254
 30
0.0
 10
119.8405018971607
 20
159.6530896789445
 30
0.0
  0
SPLINE
  5
C39
330
70
100
AcDbEntity
  8
Visible
100
AcDbSpline
210
0.0
220
0.0
230
1.0
 70
     8
 71
     3
 72
     9
 73
     5
 74
     0
 42
0.000000001
 43
0.0000000001
 40
0.0
 40
0.0
 40
0.0
 40
0.0
 40
0.0184810038635591
 40
0.0386646142894838
 40
0.0386646142894838
 40
0.0386646142894838
 40
0.0386646142894838
 10
119.8857232326245
 20
159.0079251353109
 30
0.0
 10
119.8521185897462
 20
159.0608616600857
 30
0.0
 10
119.7818133961136
 20
159.1716116132466
 30
0.0
 10
119.7756983158233
 20
159.3029038551794
 30
0.0
 10
119.772506136087
 20
159.3714407205225
 30
0.0
  0
SPLINE
  5
C3A
330
70
100
AcDbEntity
  8
Visible
100
AcDbSpline
210
0.0
220
0.0
230
1.0
 70
     8
 71
     3
 72
     9
 73
     5
 74
     0
 42
0.000000001
 43
0.0000000001
 40
0.0
 40
0.0
 40
0.0
 40
0.0
 40
0.0211909857535031
 40
0.0401920335923215
 40
0.0401920335923215
 40
0.0401920335923215
 40
0.0401920335923215
 10
120.2168063106055
 20
158.7872451918574
 30
0.0
 10
120.1503603689271
 20
158.8138452922285
 30
0.0
 10
120.0243352018533
 20
158.8642965614654
 30
0.0
 10
119.9302178356192
 20
158.9618201964112
 30
0.0
 10
119.8857232326245
 20
159.0079251353109
 30
0.0
  0
SPLINE
  5
C3B
330
70
100
AcDbEntity
  8
Visible
100
AcDbSpline
210
0.0
220
0.0
230
1.0
 70
     8
 71
     3
 72
     9
 73
     5
 74
     0
 42
0.000000001
 43
0.0000000001
 40
0.0
 40
0.0
 40
0.0
 40
0.0
 40
0.0320608374303245
 40
0.0577364233305481
 40
0.0577364233305481
 40
0.0577364233305481
 40
0.0577364233305481
 10
120.7868845050252
 20
158.707797182773
 30
0.0
 10
120.679577384346
 20
158.7104572619882
 30
0.0
 10
120.4863344798414
 20
158.715247637785
 30
0.0
 10
120.299771506212
 20
158.7650831626579
 30
0.0
 10
120.2168063106055
 20
158.7872451918574
 30
0.0
  0
SPLINE
  5
C3C
330
70
100
AcDbEntity
  8
Visible
100
AcDbSpline
210
0.0
220
0.0
230
1.0
 70
     8
 71
     3
 72
     9
 73
     5
 74
     0
 42
0.000000001
 43
0.0000000001
 40
0.0
 40
0.0
 40
0.0
 40
0.0
 40
0.0360088304475199
 40
0.0847596463469006
 40
0.0847596463469006
 40
0.0847596463469006
 40
0.0847596463469006
 10
121.6021692541108
 20
158.8963945425112
 30
0.0
 10
121.4942917800945
 20
158.8402395575722
 30
0.0
 10
121.2403636065628
 20
158.708058739563
 30
0.0
 10
120.952470600836
 20
158.7078926891972
 30
0.0
 10
120.7868845050252
 20
158.707797182773
 30
0.0
  0
LINE
  5
C3D
330
70
100
AcDbEntity
  8
Visible
100
AcDbLine
 10
119.997256
 20
152.230648
 30
0.0
 11
121.699739
 21
152.211369
 31
0.0
  0
LINE
  5
C3E
330
70
100
AcDbEntity
  8
Visible
100
AcDbLine
 10
121.706289
 20
152.789776
 30
0.0
 11
119.997256
 21
152.230648
 31
0.0
  0
LINE
  5
C3F
330
70
100
AcDbEntity
  8
Visible
100
AcDbLine
 10
121.708992
 20
153.028506
 30
0.0
 11
121.706289
 21
152.789776
 31
0.0
  0
LINE
  5
C40
330
70
100
AcDbEntity
  8
Visible
100
AcDbLine
 10
120.041738
 20
153.628597
 30
0.0
 11
121.708992
 21
153.028506
 31
0.0
  0
LINE
  5
C41
330
70
100
AcDbEntity
  8
Visible
100
AcDbLine
 10
121.715573
 20
153.609642
 30
0.0
 11
120.041738
 21
153.628597
 31
0.0
  0
LINE
  5
C42
330
70
100
AcDbEntity
  8
Visible
100
AcDbLine
 10
121.718462
 20
153.864742
 30
0.0
 11
121.715573
 21
153.609642
 31
0.0
  0
LINE
  5
C43
330
70
100
AcDbEntity
  8
Visible
100
AcDbLine
 10
119.71859
 20
153.887389
 30
0.0
 11
121.718462
 21
153.864742
 31
0.0
  0
LINE
  5
C44
330
70
100
AcDbEntity
  8
Visible
100
AcDbLine
 10
119.714558
 20
153.53134
 30
0.0
 11
119.71859
 21
153.887389
 31
0.0
  0
LINE
  5
C45
330
70
100
AcDbEntity
  8
Visible
100
AcDbLine
 10
121.100588
 20
153.03676
 30
0.0
 11
119.714558
 21
153.53134
 31
0.0
  0
ARC
  5
C46
330
70
100
AcDbEntity
  8
Visible
100
AcDbCircle
 10
125.760116
 20
166.042389
 30
0.0
 40
13.8151218084821
100
AcDbArc
 50
250.288919
 51
251.689914
  0
ARC
  5
C47
330
70
100
AcDbEntity
  8
Visible
100
AcDbCircle
 10
125.643599
 20
138.782454
 30
0.0
 40
14.76141931241668
100
AcDbArc
 50
106.626208
 51
107.833616
  0
LINE
  5
C48
330
70
100
AcDbEntity
  8
Visible
100
AcDbLine
 10
119.701489
 20
152.377253
 30
0.0
 11
121.122857
 21
152.834585
 31
0.0
  0
LINE
  5
C49
330
70
100
AcDbEntity
  8
Visible
100
AcDbLine
 10
119.696978
 20
151.978916
 30
0.0
 11
119.701489
 21
152.377253
 31
0.0
  0
LINE
  5
C4A
330
70
100
AcDbEntity
  8
Visible
100
AcDbLine
 10
121.69685
 20
151.956269
 30
0.0
 11
119.696978
 21
151.978916
 31
0.0
  0
LINE
  5
C4B
330
70
100
AcDbEntity
  8
Visible
100
AcDbLine
 10
121.699739
 20
152.211369
 30
0.0
 11
121.69685
 21
151.956269
 31
0.0
  0
SPLINE
  5
C4C
330
70
100
AcDbEntity
  8
Visible
100
AcDbSpline
210
0.0
220
0.0
230
1.0
 70
     8
 71
     3
 72
     9
 73
     5
 74
     0
 42
0.000000001
 43
0.0000000001
 40
0.0
 40
0.0
 40
0.0
 40
0.0
 40
0.0478395048620328
 40
0.0944287747182992
 40
0.0944287747182992
 40
0.0944287747182992
 40
0.0944287747182992
 10
153.9538121915157
 20
239.0656231519406
 30
0.0
 10
153.7965332662952
 20
239.02818505707
 30
0.0
 10
153.4860857346884
 20
238.9542872724578
 30
0.0
 10
153.1740084358443
 20
239.0203167277432
 30
0.0
 10
153.0200357348822
 20
239.0528943410827
 30
0.0
  0
SPLINE
  5
C4D
330
70
100
AcDbEntity
  8
Visible
100
AcDbSpline
210
0.0
220
0.0
230
1.0
 70
     8
 71
     3
 72
     9
 73
     5
 74
     0
 42
0.000000001
 43
0.0000000001
 40
0.0
 40
0.0
 40
0.0
 40
0.0
 40
0.0625678577146357
 40
0.1160400823040377
 40
0.1160400823040377
 40
0.1160400823040377
 40
0.1160400823040377
 10
154.9485170994885
 20
239.6516981147724
 30
0.0
 10
154.7851232003267
 20
239.5197698000029
 30
0.0
 10
154.4820883482625
 20
239.2750918924721
 30
0.0
 10
154.1204555569238
 20
239.1316995315465
 30
0.0
 10
153.9538121915157
 20
239.0656231519406
 30
0.0
  0
SPLINE
  5
C4E
330
70
100
AcDbEntity
  8
Visible
100
AcDbSpline
210
0.0
220
0.0
230
1.0
 70
     8
 71
     3
 72
     9
 73
     5
 74
     0
 42
0.000000001
 43
0.0000000001
 40
0.0
 40
0.0
 40
0.0
 40
0.0
 40
0.0478082173210592
 40
0.0989051644184665
 40
0.0989051644184665
 40
0.0989051644184665
 40
0.0989051644184665
 10
155.5555354171356
 20
240.4252179246614
 30
0.0
 10
155.4783419708074
 20
240.2845293810496
 30
0.0
 10
155.3186449369332
 20
239.9934743215363
 30
0.0
 10
155.0745980082029
 20
239.7681212809512
 30
0.0
 10
154.9485170994885
 20
239.6516981147724
 30
0.0
  0
SPLINE
  5
C4F
330
70
100
AcDbEntity
  8
Visible
100
AcDbSpline
210
0.0
220
0.0
230
1.0
 70
     8
 71
     3
 72
     9
 73
     5
 74
     0
 42
0.000000001
 43
0.0000000001
 40
0.0
 40
0.0
 40
0.0
 40
0.0
 40
0.0419476274121707
 40
0.0864878849173591
 40
0.0864878849173591
 40
0.0864878849173591
 40
0.0864878849173591
 10
155.7000399698645
 20
241.268841181718
 30
0.0
 10
155.7067047014425
 20
241.1274432899536
 30
0.0
 10
155.7204460873836
 20
240.8359082176485
 30
0.0
 10
155.6115933263936
 20
240.5648234404416
 30
0.0
 10
155.5555354171356
 20
240.4252179246614
 30
0.0
  0
SPLINE
  5
C50
330
70
100
AcDbEntity
  8
Visible
100
AcDbSpline
210
0.0
220
0.0
230
1.0
 70
     8
 71
     3
 72
     9
 73
     5
 74
     0
 42
0.000000001
 43
0.0000000001
 40
0.0
 40
0.0
 40
0.0
 40
0.0
 40
0.0391722022172357
 40
0.0794514650286839
 40
0.0794514650286839
 40
0.0794514650286839
 40
0.0794514650286839
 10
155.386994986924
 20
241.9898088130067
 30
0.0
 10
155.4647789053051
 20
241.8828217341925
 30
0.0
 10
155.622545023145
 20
241.6658239737972
 30
0.0
 10
155.6739694749976
 20
241.4023923135137
 30
0.0
 10
155.7000399698645
 20
241.268841181718
 30
0.0
  0
SPLINE
  5
C51
330
70
100
AcDbEntity
  8
Visible
100
AcDbSpline
210
0.0
220
0.0
230
1.0
 70
     8
 71
     3
 72
     9
 73
     5
 74
     0
 42
0.000000001
 43
0.0000000001
 40
0.0
 40
0.0
 40
0.0
 40
0.0
 40
0.036694047816813
 40
0.074950017706766
 40
0.074950017706766
 40
0.074950017706766
 40
0.074950017706766
 10
154.7678649017343
 20
242.396812506604
 30
0.0
 10
154.884136856097
 20
242.3537273209913
 30
0.0
 10
155.1216300070773
 20
242.2657229819561
 30
0.0
 10
155.2973195652048
 20
242.0830491474062
 30
0.0
 10
155.386994986924
 20
241.9898088130067
 30
0.0
  0
SPLINE
  5
C52
330
70
100
AcDbEntity
  8
Visible
100
AcDbSpline
210
0.0
220
0.0
230
1.0
 70
     8
 71
     3
 72
     9
 73
     5
 74
     0
 42
0.000000001
 43
0.0000000001
 40
0.0
 40
0.0
 40
0.0
 40
0.0
 40
0.0442711578075782
 40
0.0829664586425915
 40
0.0829664586425915
 40
0.0829664586425915
 40
0.0829664586425915
 10
153.9464841836288
 20
242.3677271772249
 30
0.0
 10
154.091808145331
 20
242.4025021213729
 30
0.0
 10
154.3641528287644
 20
242.4676721803517
 30
0.0
 10
154.6394616945035
 20
242.4193498791065
 30
0.0
 10
154.7678649017343
 20
242.396812506604
 30
0.0
  0
ARC
  5
C53
330
70
100
AcDbEntity
  8
Visible
100
AcDbCircle
 10
156.126592
 20
236.1395
 30
0.0
 40
6.598764011689489
100
AcDbArc
 50
109.291919
 51
119.305337
  0
SPLINE
  5
C54
330
70
100
AcDbEntity
  8
Visible
100
AcDbSpline
210
0.0
220
0.0
230
1.0
 70
     8
 71
     3
 72
     9
 73
     5
 74
     0
 42
0.000000001
 43
0.0000000001
 40
0.0
 40
0.0
 40
0.0
 40
0.0
 40
0.0387245386833866
 40
0.1064411355295369
 40
0.1064411355295369
 40
0.1064411355295369
 40
0.1064411355295369
 10
151.9058372948348
 20
241.5191079414108
 30
0.0
 10
152.032997675351
 20
241.5443799572895
 30
0.0
 10
152.3825201165909
 20
241.6138444921471
 30
0.0
 10
152.6967974406488
 20
241.7849335498322
 30
0.0
 10
152.8967369729107
 20
241.8937783933816
 30
0.0
  0
SPLINE
  5
C55
330
70
100
AcDbEntity
  8
Visible
100
AcDbSpline
210
0.0
220
0.0
230
1.0
 70
     8
 71
     3
 72
     9
 73
     5
 74
     0
 42
0.000000001
 43
0.0000000001
 40
0.0
 40
0.0
 40
0.0
 40
0.0
 40
0.0250329262714377
 40
0.0496074501857249
 40
0.0496074501857249
 40
0.0496074501857249
 40
0.0496074501857249
 10
151.4705265814718
 20
241.7309736957577
 30
0.0
 10
151.5318885338183
 20
241.6708392790042
 30
0.0
 10
151.6534887798807
 20
241.5516716255242
 30
0.0
 10
151.8222409132231
 20
241.5298954277732
 30
0.0
 10
151.9058372948348
 20
241.5191079414108
 30
0.0
  0
SPLINE
  5
C56
330
70
100
AcDbEntity
  8
Visible
100
AcDbSpline
210
0.0
220
0.0
230
1.0
 70
     8
 71
     3
 72
     9
 73
     5
 74
     0
 42
0.000000001
 43
0.0000000001
 40
0.0
 40
0.0
 40
0.0
 40
0.0
 40
0.0318194727018591
 40
0.0614040343818387
 40
0.0614040343818387
 40
0.0614040343818387
 40
0.0614040343818387
 10
151.3361608111208
 20
242.3128699399385
 30
0.0
 10
151.3238094397747
 20
242.2038191918746
 30
0.0
 10
151.2999742229585
 20
241.9933771161632
 30
0.0
 10
151.4150721950063
 20
241.8162930710642
 30
0.0
 10
151.4705265814718
 20
241.7309736957577
 30
0.0
  0
SPLINE
  5
C57
330
70
100
AcDbEntity
  8
Visible
100
AcDbSpline
210
0.0
220
0.0
230
1.0
 70
     8
 71
     3
 72
     9
 73
     5
 74
     0
 42
0.000000001
 43
0.0000000001
 40
0.0
 40
0.0
 40
0.0
 40
0.0
 40
0.052175046394244
 40
0.0914111776275274
 40
0.0914111776275274
 40
0.0914111776275274
 40
0.0914111776275274
 10
151.8601556578978
 20
243.0471382731557
 30
0.0
 10
151.7268440719981
 20
242.9302581189168
 30
0.0
 10
151.4932809052989
 20
242.7254829768008
 30
0.0
 10
151.3833472758724
 20
242.4367863022726
 30
0.0
 10
151.3361608111208
 20
242.3128699399385
 30
0.0
  0
SPLINE
  5
C58
330
70
100
AcDbEntity
  8
Visible
100
AcDbSpline
210
0.0
220
0.0
230
1.0
 70
     8
 71
     3
 72
     9
 73
     5
 74
     0
 42
0.000000001
 43
0.0000000001
 40
0.0
 40
0.0
 40
0.0
 40
0.0
 40
0.0408014957994914
 40
0.0917677153786479
 40
0.0917677153786479
 40
0.0917677153786479
 40
0.0917677153786479
 10
152.6809048591476
 20
243.4271134388309
 30
0.0
 10
152.5447594620782
 20
243.4037723453184
 30
0.0
 10
152.2385512752553
 20
243.3512752791194
 30
0.0
 10
151.9952699467867
 20
243.1557369286384
 30
0.0
 10
151.8601556578978
 20
243.0471382731557
 30
0.0
  0
SPLINE
  5
C59
330
70
100
AcDbEntity
  8
Visible
100
AcDbSpline
210
0.0
220
0.0
230
1.0
 70
     8
 71
     3
 72
     9
 73
     5
 74
     0
 42
0.000000001
 43
0.0000000001
 40
0.0
 40
0.0
 40
0.0
 40
0.0
 40
0.0430940487502746
 40
0.0811550174986856
 40
0.0811550174986856
 40
0.0811550174986856
 40
0.0811550174986856
 10
153.4085842475488
 20
243.1056862455807
 30
0.0
 10
153.2962030415965
 20
243.2010520298354
 30
0.0
 10
153.0845659594452
 20
243.3806455494614
 30
0.0
 10
152.8097779491327
 20
243.4122780720245
 30
0.0
 10
152.6809048591476
 20
243.4271134388309
 30
0.0
  0
LINE
  5
C5A
330
70
100
AcDbEntity
  8
Visible
100
AcDbLine
 10
153.860958
 20
243.552983
 30
0.0
 11
153.408584
 21
243.105686
 31
0.0
  0
SPLINE
  5
C5B
330
70
100
AcDbEntity
  8
Visible
100
AcDbSpline
210
0.0
220
0.0
230
1.0
 70
     8
 71
     3
 72
     9
 73
     5
 74
     0
 42
0.000000001
 43
0.0000000001
 40
0.0
 40
0.0
 40
0.0
 40
0.0
 40
0.0410395386700506
 40
0.0833167866162533
 40
0.0833167866162533
 40
0.0833167866162533
 40
0.0833167866162533
 10
153.1635379462732
 20
243.9941496667016
 30
0.0
 10
153.2931705073952
 20
243.9457304255175
 30
0.0
 10
153.5563452111928
 20
243.8474316698194
 30
0.0
 10
153.7584200671154
 20
243.6521000747853
 30
0.0
 10
153.8609584526511
 20
243.5529834068202
 30
0.0
  0
SPLINE
  5
C5C
330
70
100
AcDbEntity
  8
Visible
100
AcDbSpline
210
0.0
220
0.0
230
1.0
 70
     8
 71
     3
 72
     9
 73
     5
 74
     0
 42
0.000000001
 43
0.0000000001
 40
0.0
 40
0.0
 40
0.0
 40
0.0
 40
0.0435925805207873
 40
0.0848804175087196
 40
0.0848804175087196
 40
0.0848804175087196
 40
0.0848804175087196
 10
152.3246148988946
 20
243.9725331527461
 30
0.0
 10
152.4675306347417
 20
244.0086354444466
 30
0.0
 10
152.7458061390207
 20
244.0789312965353
 30
0.0
 10
153.0268376104304
 20
244.0218939683564
 30
0.0
 10
153.1635379462732
 20
243.9941496667016
 30
0.0
  0
SPLINE
  5
C5D
330
70
100
AcDbEntity
  8
Visible
100
AcDbSpline
210
0.0
220
0.0
230
1.0
 70
     8
 71
     3
 72
     9
 73
     5
 74
     0
 42
0.000000001
 43
0.0000000001
 40
0.0
 40
0.0
 40
0.0
 40
0.0
 40
0.0525018952813774
 40
0.1001776248763139
 40
0.1001776248763139
 40
0.1001776248763139
 40
0.1001776248763139
 10
151.461587800306
 20
243.4737917109341
 30
0.0
 10
151.5995495306742
 20
243.5833284576875
 30
0.0
 10
151.8627910460163
 20
243.7923329339556
 30
0.0
 10
152.1756984998792
 20
243.9144270858615
 30
0.0
 10
152.3246148988946
 20
243.9725331527461
 30
0.0
  0
SPLINE
  5
C5E
330
70
100
AcDbEntity
  8
Visible
100
AcDbSpline
210
0.0
220
0.0
230
1.0
 70
     8
 71
     3
 72
     9
 73
     5
 74
     0
 42
0.000000001
 43
0.0000000001
 40
0.0
 40
0.0
 40
0.0
 40
0.0
 40
0.0454093495783866
 40
0.093772928055757
 40
0.093772928055757
 40
0.093772928055757
 40
0.093772928055757
 10
150.8730785853349
 20
242.7495848573835
 30
0.0
 10
150.9504964583302
 20
242.880676139659
 30
0.0
 10
151.1103688348794
 20
243.1513872045762
 30
0.0
 10
151.3420815143308
 20
243.3640898755293
 30
0.0
 10
151.461587800306
 20
243.4737917109341
 30
0.0
  0
SPLINE
  5
C5F
330
70
100
AcDbEntity
  8
Visible
100
AcDbSpline
210
0.0
220
0.0
230
1.0
 70
     8
 71
     3
 72
     9
 73
     5
 74
     0
 42
0.000000001
 43
0.0000000001
 40
0.0
 40
0.0
 40
0.0
 40
0.0
 40
0.0392001405918682
 40
0.0811661215701934
 40
0.0811661215701934
 40
0.0811661215701934
 40
0.0811661215701934
 10
150.7186261196038
 20
241.9624175343233
 30
0.0
 10
150.7137942114787
 20
242.0948063521227
 30
0.0
 10
150.70378947077
 20
242.3689249322542
 30
0.0
 10
150.8153813348654
 20
242.6198480393923
 30
0.0
 10
150.8730785853349
 20
242.7495848573835
 30
0.0
  0
SPLINE
  5
C60
330
70
100
AcDbEntity
  8
Visible
100
AcDbSpline
210
0.0
220
0.0
230
1.0
 70
     8
 71
     3
 72
     9
 73
     5
 74
     0
 42
0.000000001
 43
0.0000000001
 40
0.0
 40
0.0
 40
0.0
 40
0.0
 40
0.037013624260742
 40
0.0747741837079815
 40
0.0747741837079815
 40
0.0747741837079815
 40
0.0747741837079815
 10
151.01334462261
 20
241.284065916374
 30
0.0
 10
150.9396790499086
 20
241.385073486972
 30
0.0
 10
150.7908613327527
 20
241.5891269616204
 30
0.0
 10
150.7428643413641
 20
241.8371614536991
 30
0.0
 10
150.7186261196038
 20
241.9624175343233
 30
0.0
  0
SPLINE
  5
C61
330
70
100
AcDbEntity
  8
Visible
100
AcDbSpline
210
0.0
220
0.0
230
1.0
 70
     8
 71
     3
 72
     9
 73
     5
 74
     0
 42
0.000000001
 43
0.0000000001
 40
0.0
 40
0.0
 40
0.0
 40
0.0
 40
0.0322707490120228
 40
0.0653483097089642
 40
0.0653483097089642
 40
0.0653483097089642
 40
0.0653483097089642
 10
151.5503496129113
 20
240.9236328456609
 30
0.0
 10
151.4490597324457
 20
240.9636782978759
 30
0.0
 10
151.2439475896608
 20
241.0447703919235
 30
0.0
 10
151.0908423740457
 20
241.2036468944043
 30
0.0
 10
151.01334462261
 20
241.284065916374
 30
0.0
  0
SPLINE
  5
C62
330
70
100
AcDbEntity
  8
Visible
100
AcDbSpline
210
0.0
220
0.0
230
1.0
 70
     8
 71
     3
 72
     9
 73
     5
 74
     0
 42
0.000000001
 43
0.0000000001
 40
0.0
 40
0.0
 40
0.0
 40
0.0
 40
0.0376606062707543
 40
0.0714501314752291
 40
0.0714501314752291
 40
0.0714501314752291
 40
0.0714501314752291
 10
152.2585620103982
 20
240.914697156255
 30
0.0
 10
152.1336476653123
 20
240.8918669742306
 30
0.0
 10
151.8966587460327
 20
240.8485532926752
 30
0.0
 10
151.6615398386439
 20
240.8995268904728
 30
0.0
 10
151.5503496129113
 20
240.9236328456609
 30
0.0
  0
ARC
  5
C63
330
70
100
AcDbEntity
  8
Visible
100
AcDbCircle
 10
151.000864
 20
245.285701
 30
0.0
 40
4.548349291083837
100
AcDbArc
 50
286.052465
 51
298.857643
  0
ARC
  5
C64
330
70
100
AcDbEntity
  8
Visible
100
AcDbCircle
 10
157.335031
 20
233.53698
 30
0.0
 40
8.799381351425262
100
AcDbArc
 50
112.045813
 51
118.058381
  0
SPLINE
  5
C65
330
70
100
AcDbEntity
  8
Visible
100
AcDbSpline
210
0.0
220
0.0
230
1.0
 70
     8
 71
     3
 72
     9
 73
     5
 74
     0
 42
0.000000001
 43
0.0000000001
 40
0.0
 40
0.0
 40
0.0
 40
0.0
 40
0.0242452770211066
 40
0.0543126847397881
 40
0.0543126847397881
 40
0.0543126847397881
 40
0.0543126847397881
 10
154.566290920915
 20
241.7598438572186
 30
0.0
 10
154.4849659632837
 20
241.7666657232421
 30
0.0
 10
154.3027871091726
 20
241.7819476215809
 30
0.0
 10
154.1286202684296
 20
241.7246857613118
 30
0.0
 10
154.0322018086008
 20
241.6929856951538
 30
0.0
  0
SPLINE
  5
C66
330
70
100
AcDbEntity
  8
Visible
100
AcDbSpline
210
0.0
220
0.0
230
1.0
 70
     8
 71
     3
 72
     9
 73
     5
 74
     0
 42
0.000000001
 43
0.0000000001
 40
0.0
 40
0.0
 40
0.0
 40
0.0
 40
0.0223035802791337
 40
0.0439336706993653
 40
0.0439336706993653
 40
0.0439336706993653
 40
0.0439336706993653
 10
154.9364412500654
 20
241.535105699284
 30
0.0
 10
154.8834811592405
 20
241.5891698597607
 30
0.0
 10
154.7791601864919
 20
241.695665632782
 30
0.0
 10
154.6365184579481
 20
241.7386708681497
 30
0.0
 10
154.566290920915
 20
241.7598438572186
 30
0.0
  0
SPLINE
  5
C67
330
70
100
AcDbEntity
  8
Visible
100
AcDbSpline
210
0.0
220
0.0
230
1.0
 70
     8
 71
     3
 72
     9
 73
     5
 74
     0
 42
0.000000001
 43
0.0000000001
 40
0.0
 40
0.0
 40
0.0
 40
0.0
 40
0.023091272211631
 40
0.0456673639149169
 40
0.0456673639149169
 40
0.0456673639149169
 40
0.0456673639149169
 10
155.1058673495445
 20
241.1173222368998
 30
0.0
 10
155.0942960283464
 20
241.1946623843451
 30
0.0
 10
155.0714115492555
 20
241.3476171729035
 30
0.0
 10
154.9810917125032
 20
241.4730813172173
 30
0.0
 10
154.9364412500654
 20
241.535105699284
 30
0.0
  0
SPLINE
  5
C68
330
70
100
AcDbEntity
  8
Visible
100
AcDbSpline
210
0.0
220
0.0
230
1.0
 70
     8
 71
     3
 72
     9
 73
     5
 74
     0
 42
0.000000001
 43
0.0000000001
 40
0.0
 40
0.0
 40
0.0
 40
0.0
 40
0.0285869424124087
 40
0.0536093975594186
 40
0.0536093975594186
 40
0.0536093975594186
 40
0.0536093975594186
 10
154.9771056907139
 20
240.6026969324758
 30
0.0
 10
155.0196378033179
 20
240.6894577220374
 30
0.0
 10
155.0993987270558
 20
240.8521611547094
 30
0.0
 10
155.103808885824
 20
241.0329419119116
 30
0.0
 10
155.1058673495445
 20
241.1173222368998
 30
0.0
  0
SPLINE
  5
C69
330
70
100
AcDbEntity
  8
Visible
100
AcDbSpline
210
0.0
220
0.0
230
1.0
 70
     8
 71
     3
 72
     9
 73
     5
 74
     0
 42
0.000000001
 43
0.0000000001
 40
0.0
 40
0.0
 40
0.0
 40
0.0
 40
0.0357521153295711
 40
0.0680809889792955
 40
0.0680809889792955
 40
0.0680809889792955
 40
0.0680809889792955
 10
154.540722775655
 20
240.0839377804587
 30
0.0
 10
154.6296088601611
 20
240.164330511614
 30
0.0
 10
154.7988702446691
 20
240.3174184224535
 30
0.0
 10
154.9197193835898
 20
240.5108460657975
 30
0.0
 10
154.9771056907139
 20
240.6026969324758
 30
0.0
  0
SPLINE
  5
C6A
330
70
100
AcDbEntity
  8
Visible
100
AcDbSpline
210
0.0
220
0.0
230
1.0
 70
     8
 71
     3
 72
     9
 73
     5
 74
     0
 42
0.000000001
 43
0.0000000001
 40
0.0
 40
0.0
 40
0.0
 40
0.0
 40
0.0379079343698787
 40
0.0785787803145869
 40
0.0785787803145869
 40
0.0785787803145869
 40
0.0785787803145869
 10
153.8599795080536
 20
239.6998882284406
 30
0.0
 10
153.9791003817427
 20
239.7443889925725
 30
0.0
 10
154.2260242281627
 20
239.8366339493805
 30
0.0
 10
154.4333928280011
 20
239.999593230872
 30
0.0
 10
154.540722775655
 20
240.0839377804587
 30
0.0
  0
SPLINE
  5
C6B
330
70
100
AcDbEntity
  8
Visible
100
AcDbSpline
210
0.0
220
0.0
230
1.0
 70
     8
 71
     3
 72
     9
 73
     5
 74
     0
 42
0.000000001
 43
0.0000000001
 40
0.0
 40
0.0
 40
0.0
 40
0.0
 40
0.0300048413871858
 40
0.064234365751313
 40
0.064234365751313
 40
0.064234365751313
 40
0.064234365751313
 10
153.2248607367128
 20
239.6702432692218
 30
0.0
 10
153.3245641835074
 20
239.6530160103048
 30
0.0
 10
153.5380093267576
 20
239.6161358936606
 30
0.0
 10
153.7480513062291
 20
239.6707729600858
 30
0.0
 10
153.8599795080536
 20
239.6998882284406
 30
0.0
  0
SPLINE
  5
C6C
330
70
100
AcDbEntity
  8
Visible
100
AcDbSpline
210
0.0
220
0.0
230
1.0
 70
     8
 71
     3
 72
     9
 73
     5
 74
     0
 42
0.000000001
 43
0.0000000001
 40
0.0
 40
0.0
 40
0.0
 40
0.0
 40
0.0349364244801029
 40
0.0653875744540532
 40
0.0653875744540532
 40
0.0653875744540532
 40
0.0653875744540532
 10
152.6688886714128
 20
240.0055961846792
 30
0.0
 10
152.757592313852
 20
239.9284487326604
 30
0.0
 10
152.9236114789692
 20
239.7840583195612
 30
0.0
 10
153.1291438291482
 20
239.7064060957618
 30
0.0
 10
153.2248607367128
 20
239.6702432692218
 30
0.0
  0
LINE
  5
C6D
330
70
100
AcDbEntity
  8
Visible
100
AcDbLine
 10
152.228728
 20
239.55973
 30
0.0
 11
152.668889
 21
240.005596
 31
0.0
  0
SPLINE
  5
C6E
330
70
100
AcDbEntity
  8
Visible
100
AcDbSpline
210
0.0
220
0.0
230
1.0
 70
     8
 71
     3
 72
     9
 73
     5
 74
     0
 42
0.000000001
 43
0.0000000001
 40
0.0
 40
0.0
 40
0.0
 40
0.0
 40
0.0467825841956367
 40
0.0949136120566798
 40
0.0949136120566798
 40
0.0949136120566798
 40
0.0949136120566798
 10
153.0200357348822
 20
239.0528943410827
 30
0.0
 10
152.8722564804429
 20
239.1083020245714
 30
0.0
 10
152.5724384377445
 20
239.2207144418444
 30
0.0
 10
152.3443782826143
 20
239.4456596170749
 30
0.0
 10
152.2287281725548
 20
239.559730109826
 30
0.0
  0
LINE
  5
C6F
330
70
100
AcDbEntity
  8
Visible
100
AcDbLine
 10
158.836023
 20
239.037875
 30
0.0
 11
158.904144
 21
238.354508
 31
0.0
  0
LINE
  5
C70
330
70
100
AcDbEntity
  8
Visible
100
AcDbLine
 10
158.974198
 20
238.994157
 30
0.0
 11
158.836023
 21
239.037875
 31
0.0
  0
LINE
  5
C71
330
70
100
AcDbEntity
  8
Visible
100
AcDbLine
 10
159.489638
 20
238.834604
 30
0.0
 11
158.974198
 21
238.994157
 31
0.0
  0
LINE
  5
C72
330
70
100
AcDbEntity
  8
Visible
100
AcDbLine
 10
159.722781
 20
239.025777
 30
0.0
 11
159.489638
 21
238.834604
 31
0.0
  0
LINE
  5
C73
330
70
100
AcDbEntity
  8
Visible
100
AcDbLine
 10
158.819927
 20
239.276966
 30
0.0
 11
159.722781
 21
239.025777
 31
0.0
  0
LINE
  5
C74
330
70
100
AcDbEntity
  8
Visible
100
AcDbLine
 10
158.774573
 20
240.121907
 30
0.0
 11
158.819927
 21
239.276966
 31
0.0
  0
LINE
  5
C75
330
70
100
AcDbEntity
  8
Visible
100
AcDbLine
 10
158.54776
 20
239.935924
 30
0.0
 11
158.774573
 21
240.121907
 31
0.0
  0
LINE
  5
C76
330
70
100
AcDbEntity
  8
Visible
100
AcDbLine
 10
158.576049
 20
239.516291
 30
0.0
 11
158.54776
 21
239.935924
 31
0.0
  0
ARC
  5
C77
330
70
100
AcDbEntity
  8
Visible
100
AcDbCircle
 10
163.513795
 20
239.821041
 30
0.0
 40
4.947140938971069
100
AcDbArc
 50
183.531722
 51
185.780284
  0
ARC
  5
C78
330
70
100
AcDbEntity
  8
Visible
100
AcDbCircle
 10
157.143417
 20
235.358728
 30
0.0
 40
4.220386750192563
100
AcDbArc
 50
69.928703
 51
72.524322
  0
LINE
  5
C79
330
70
100
AcDbEntity
  8
Visible
100
AcDbLine
 10
158.023453
 20
239.506
 30
0.0
 11
158.410803
 21
239.38432
 31
0.0
  0
LINE
  5
C7A
330
70
100
AcDbEntity
  8
Visible
100
AcDbLine
 10
157.78609
 20
239.311367
 30
0.0
 11
158.023453
 21
239.506
 31
0.0
  0
LINE
  5
C7B
330
70
100
AcDbEntity
  8
Visible
100
AcDbLine
 10
158.605984
 20
239.083894
 30
0.0
 11
157.78609
 21
239.311367
 31
0.0
  0
LINE
  5
C7C
330
70
100
AcDbEntity
  8
Visible
100
AcDbLine
 10
158.674166
 20
238.16593
 30
0.0
 11
158.605984
 21
239.083894
 31
0.0
  0
LINE
  5
C7D
330
70
100
AcDbEntity
  8
Visible
100
AcDbLine
 10
158.904144
 20
238.354508
 30
0.0
 11
158.674166
 21
238.16593
 31
0.0
  0
LINE
  5
C7E
330
70
100
AcDbEntity
  8
Visible
100
AcDbLine
 10
157.136985
 20
238.982001
 30
0.0
 11
157.224556
 21
237.887631
 31
0.0
  0
LINE
  5
C7F
330
70
100
AcDbEntity
  8
Visible
100
AcDbLine
 10
157.708775
 20
238.284683
 30
0.0
 11
157.136985
 21
238.982001
 31
0.0
  0
LINE
  5
C80
330
70
100
AcDbEntity
  8
Visible
100
AcDbLine
 10
157.224556
 20
237.887631
 30
0.0
 11
157.708775
 21
238.284683
 31
0.0
  0
LINE
  5
C81
330
70
100
AcDbEntity
  8
Visible
100
AcDbLine
 10
158.041396
 20
238.266324
 30
0.0
 11
158.345024
 21
237.896039
 31
0.0
  0
LINE
  5
C82
330
70
100
AcDbEntity
  8
Visible
100
AcDbLine
 10
158.250275
 20
238.437602
 30
0.0
 11
158.041396
 21
238.266324
 31
0.0
  0
LINE
  5
C83
330
70
100
AcDbEntity
  8
Visible
100
AcDbLine
 10
158.107544
 20
238.611667
 30
0.0
 11
158.250275
 21
238.437602
 31
0.0
  0
LINE
  5
C84
330
70
100
AcDbEntity
  8
Visible
100
AcDbLine
 10
157.898665
 20
238.44039
 30
0.0
 11
158.107544
 21
238.611667
 31
0.0
  0
LINE
  5
C85
330
70
100
AcDbEntity
  8
Visible
100
AcDbLine
 10
157.07688
 20
239.442587
 30
0.0
 11
157.898665
 21
238.44039
 31
0.0
  0
LINE
  5
C86
330
70
100
AcDbEntity
  8
Visible
100
AcDbLine
 10
156.921803
 20
239.315426
 30
0.0
 11
157.07688
 21
239.442587
 31
0.0
  0
LINE
  5
C87
330
70
100
AcDbEntity
  8
Visible
100
AcDbLine
 10
157.03783
 20
237.73452
 30
0.0
 11
156.921803
 21
239.315426
 31
0.0
  0
LINE
  5
C88
330
70
100
AcDbEntity
  8
Visible
100
AcDbLine
 10
157.180562
 20
237.560454
 30
0.0
 11
157.03783
 21
237.73452
 31
0.0
  0
LINE
  5
C89
330
70
100
AcDbEntity
  8
Visible
100
AcDbLine
 10
157.851506
 20
238.110618
 30
0.0
 11
157.180562
 21
237.560454
 31
0.0
  0
LINE
  5
C8A
330
70
100
AcDbEntity
  8
Visible
100
AcDbLine
 10
158.155134
 20
237.740332
 30
0.0
 11
157.851506
 21
238.110618
 31
0.0
  0
LINE
  5
C8B
330
70
100
AcDbEntity
  8
Visible
100
AcDbLine
 10
158.345024
 20
237.896039
 30
0.0
 11
158.155134
 21
237.740332
 31
0.0
  0
ARC
  5
C8C
330
70
100
AcDbEntity
  8
Visible
100
AcDbCircle
 10
275.427686
 20
238.619172
 30
0.0
 40
2.018690709040679
100
AcDbArc
 50
101.441885
 51
113.430676
  0
ARC
  5
C8D
330
70
100
AcDbEntity
  8
Visible
100
AcDbCircle
 10
276.787684
 20
230.067848
 30
0.0
 40
10.67604420943073
100
AcDbArc
 50
94.400404
 51
99.491284
  0
ARC
  5
C8E
330
70
100
AcDbEntity
  8
Visible
100
AcDbCircle
 10
275.179963
 20
250.610046
 30
0.0
 40
9.928989995081794
100
AcDbArc
 50
274.555401
 51
282.018047
  0
SPLINE
  5
C8F
330
70
100
AcDbEntity
  8
Visible
100
AcDbSpline
210
0.0
220
0.0
230
1.0
 70
     8
 71
     3
 72
     9
 73
     5
 74
     0
 42
0.000000001
 43
0.0000000001
 40
0.0
 40
0.0
 40
0.0
 40
0.0
 40
0.0339433127882931
 40
0.0736420598186291
 40
0.0736420598186291
 40
0.0736420598186291
 40
0.0736420598186291
 10
277.9296645521736
 20
241.169439309886
 30
0.0
 10
277.8300832845452
 20
241.1148582345358
 30
0.0
 10
277.6140357315799
 20
240.9964413068483
 30
0.0
 10
277.3758013418665
 20
240.9329210499254
 30
0.0
 10
277.2473746412233
 20
240.8986787349077
 30
0.0
  0
SPLINE
  5
C90
330
70
100
AcDbEntity
  8
Visible
100
AcDbSpline
210
0.0
220
0.0
230
1.0
 70
     8
 71
     3
 72
     9
 73
     5
 74
     0
 42
0.000000001
 43
0.0000000001
 40
0.0
 40
0.0
 40
0.0
 40
0.0
 40
0.0299157400796529
 40
0.0605775134476348
 40
0.0605775134476348
 40
0.0605775134476348
 40
0.0605775134476348
 10
278.3659846967112
 20
241.58519019915
 30
0.0
 10
278.3046336679709
 20
241.5057876101546
 30
0.0
 10
278.1804016496863
 20
241.3450023048317
 30
0.0
 10
278.0139269826141
 20
241.228438814931
 30
0.0
 10
277.9296645521736
 20
241.169439309886
 30
0.0
  0
SPLINE
  5
C91
330
70
100
AcDbEntity
  8
Visible
100
AcDbSpline
210
0.0
220
0.0
230
1.0
 70
     8
 71
     3
 72
     9
 73
     5
 74
     0
 42
0.000000001
 43
0.0000000001
 40
0.0
 40
0.0
 40
0.0
 40
0.0
 40
0.0546459489506171
 40
0.1098799847567644
 40
0.1098799847567644
 40
0.1098799847567644
 40
0.1098799847567644
 10
278.5828279386533
 20
242.6374533521721
 30
0.0
 10
278.6031067105323
 20
242.4514954030983
 30
0.0
 10
278.6438824896668
 20
242.0775782692199
 30
0.0
 10
278.4589472240259
 20
241.7499041356168
 30
0.0
 10
278.3659846967112
 20
241.58519019915
 30
0.0
  0
SPLINE
  5
C92
330
70
100
AcDbEntity
  8
Visible
100
AcDbSpline
210
0.0
220
0.0
230
1.0
 70
     8
 71
     3
 72
     9
 73
     5
 74
     0
 42
0.000000001
 43
0.0000000001
 40
0.0
 40
0.0
 40
0.0
 40
0.0
 40
0.06522853707566
 40
0.1230336769143121
 40
0.1230336769143121
 40
0.1230336769143121
 40
0.1230336769143121
 10
277.8722174253689
 20
243.6131285205974
 30
0.0
 10
278.0483713031663
 20
243.476622091679
 30
0.0
 10
278.3806316950085
 20
243.2191444810324
 30
0.0
 10
278.5181958958838
 20
242.823390960315
 30
0.0
 10
278.5828279386533
 20
242.6374533521721
 30
0.0
  0
SPLINE
  5
C93
330
70
100
AcDbEntity
  8
Visible
100
AcDbSpline
210
0.0
220
0.0
230
1.0
 70
     8
 71
     3
 72
     9
 73
     5
 74
     0
 42
0.000000001
 43
0.0000000001
 40
0.0
 40
0.0
 40
0.0
 40
0.0
 40
0.0567842975073301
 40
0.1214839278824264
 40
0.1214839278824264
 40
0.1214839278824264
 40
0.1214839278824264
 10
276.7273777615792
 20
243.9540031061861
 30
0.0
 10
276.9202502485514
 20
243.9518293588408
 30
0.0
 10
277.3328802946471
 20
243.9471788590144
 30
0.0
 10
277.6847953278866
 20
243.729212527287
 30
0.0
 10
277.8722174253689
 20
243.6131285205974
 30
0.0
  0
SPLINE
  5
C94
330
70
100
AcDbEntity
  8
Visible
100
AcDbSpline
210
0.0
220
0.0
230
1.0
 70
     8
 71
     3
 72
     9
 73
     5
 74
     0
 42
0.000000001
 43
0.0000000001
 40
0.0
 40
0.0
 40
0.0
 40
0.0
 40
0.0640875690979905
 40
0.1204171953652634
 40
0.1204171953652634
 40
0.1204171953652634
 40
0.1204171953652634
 10
275.7145887781153
 20
243.345702182296
 30
0.0
 10
275.8636325643147
 20
243.5061161031081
 30
0.0
 10
276.1436780547811
 20
243.8075254827036
 30
0.0
 10
276.5413512971008
 20
243.9073203443058
 30
0.0
 10
276.7273777615792
 20
243.9540031061861
 30
0.0
  0
LINE
  5
C95
330
70
100
AcDbEntity
  8
Visible
100
AcDbLine
 10
276.196965
 20
242.933835
 30
0.0
 11
275.714589
 21
243.345702
 31
0.0
  0
SPLINE
  5
C96
330
70
100
AcDbEntity
  8
Visible
100
AcDbSpline
210
0.0
220
0.0
230
1.0
 70
     8
 71
     3
 72
     9
 73
     5
 74
     0
 42
0.000000001
 43
0.0000000001
 40
0.0
 40
0.0
 40
0.0
 40
0.0
 40
0.0375179224469414
 40
0.080033528296939
 40
0.080033528296939
 40
0.080033528296939
 40
0.080033528296939
 10
276.8373006216588
 20
243.3869280532945
 30
0.0
 10
276.7156495771796
 20
243.3474788613894
 30
0.0
 10
276.4561426088931
 20
243.2633255338406
 30
0.0
 10
276.286880636093
 20
243.0481444216657
 30
0.0
 10
276.1969648786089
 20
242.9338353871117
 30
0.0
  0
SPLINE
  5
C97
330
70
100
AcDbEntity
  8
Visible
100
AcDbSpline
210
0.0
220
0.0
230
1.0
 70
     8
 71
     3
 72
     9
 73
     5
 74
     0
 42
0.000000001
 43
0.0000000001
 40
0.0
 40
0.0
 40
0.0
 40
0.0
 40
0.0404549371653898
 40
0.0773517855131119
 40
0.0773517855131119
 40
0.0773517855131119
 40
0.0773517855131119
 10
277.5722187603351
 20
243.2027146524542
 30
0.0
 10
277.4534962801336
 20
243.2738879209592
 30
0.0
 10
277.2264931881127
 20
243.4099746333704
 30
0.0
 10
276.9629912195869
 20
243.3943709971718
 30
0.0
 10
276.8373006216588
 20
243.3869280532945
 30
0.0
  0
SPLINE
  5
C98
330
70
100
AcDbEntity
  8
Visible
100
AcDbSpline
210
0.0
220
0.0
230
1.0
 70
     8
 71
     3
 72
     9
 73
     5
 74
     0
 42
0.000000001
 43
0.0000000001
 40
0.0
 40
0.0
 40
0.0
 40
0.0
 40
0.0354522657680567
 40
0.073951784839967
 40
0.073951784839967
 40
0.073951784839967
 40
0.073951784839967
 10
277.9896635435034
 20
242.6097925670838
 30
0.0
 10
277.9519880040662
 20
242.724624202574
 30
0.0
 10
277.8733985732979
 20
242.9641576771337
 30
0.0
 10
277.6753325309164
 20
243.12104082119
 30
0.0
 10
277.5722187603351
 20
243.2027146524542
 30
0.0
  0
SPLINE
  5
C99
330
70
100
AcDbEntity
  8
Visible
100
AcDbSpline
210
0.0
220
0.0
230
1.0
 70
     8
 71
     3
 72
     9
 73
     5
 74
     0
 42
0.000000001
 43
0.0000000001
 40
0.0
 40
0.0
 40
0.0
 40
0.0
 40
0.034264038726457
 40
0.0683626398964349
 40
0.0683626398964349
 40
0.0683626398964349
 40
0.0683626398964349
 10
277.8545375321446
 20
241.9549597986734
 30
0.0
 10
277.9120404422065
 20
242.0571741380609
 30
0.0
 10
278.0267686201932
 20
242.261109293855
 30
0.0
 10
278.0020119320088
 20
242.4937524748038
 30
0.0
 10
277.9896635435034
 20
242.6097925670838
 30
0.0
  0
SPLINE
  5
C9A
330
70
100
AcDbEntity
  8
Visible
100
AcDbSpline
210
0.0
220
0.0
230
1.0
 70
     8
 71
     3
 72
     9
 73
     5
 74
     0
 42
0.000000001
 43
0.0000000001
 40
0.0
 40
0.0
 40
0.0
 40
0.0
 40
0.0436421144295078
 40
0.0802048661387144
 40
0.0802048661387144
 40
0.0802048661387144
 40
0.0802048661387144
 10
277.1991997121932
 20
241.5101543653181
 30
0.0
 10
277.3372628304769
 20
241.5633882938619
 30
0.0
 10
277.5909932939376
 20
241.6612208615261
 30
0.0
 10
277.7720154877315
 20
241.8629830672453
 30
0.0
 10
277.8545375321446
 20
241.9549597986734
 30
0.0
  0
ARC
  5
C9B
330
70
100
AcDbEntity
  8
Visible
100
AcDbCircle
 10
275.358453
 20
248.065525
 30
0.0
 40
6.808908598418498
100
AcDbArc
 50
272.798884
 51
285.684727
  0
ARC
  5
C9C
330
70
100
AcDbEntity
  8
Visible
100
AcDbCircle
 10
276.097531
 20
234.945765
 30
0.0
 40
6.332041840272635
100
AcDbArc
 50
93.681645
 51
103.68237
  0
SPLINE
  5
C9D
330
70
100
AcDbEntity
  8
Visible
100
AcDbSpline
210
0.0
220
0.0
230
1.0
 70
     8
 71
     3
 72
     9
 73
     5
 74
     0
 42
0.000000001
 43
0.0000000001
 40
0.0
 40
0.0
 40
0.0
 40
0.0
 40
0.0373135268065793
 40
0.0781177067217637
 40
0.0781177067217637
 40
0.0781177067217637
 40
0.0781177067217637
 10
273.8892628677968
 20
240.7805133583079
 30
0.0
 10
273.9956376871723
 20
240.846024194916
 30
0.0
 10
274.2183386123816
 20
240.9831743589275
 30
0.0
 10
274.4688846095414
 20
241.0586775193733
 30
0.0
 10
274.5997553733432
 20
241.0981160112624
 30
0.0
  0
SPLINE
  5
C9E
330
70
100
AcDbEntity
  8
Visible
100
AcDbSpline
210
0.0
220
0.0
230
1.0
 70
     8
 71
     3
 72
     9
 73
     5
 74
     0
 42
0.000000001
 43
0.0000000001
 40
0.0
 40
0.0
 40
0.0
 40
0.0
 40
0.0217910858077039
 40
0.0434483202064348
 40
0.0434483202064348
 40
0.0434483202064348
 40
0.0434483202064348
 10
273.5880675610478
 20
240.4704027744119
 30
0.0
 10
273.6306144586452
 20
240.5298343268551
 30
0.0
 10
273.7154469101806
 20
240.648332374345
 30
0.0
 10
273.8314433321339
 20
240.7365436145574
 30
0.0
 10
273.8892628677968
 20
240.7805133583079
 30
0.0
  0
LINE
  5
C9F
330
70
100
AcDbEntity
  8
Visible
100
AcDbLine
 10
276.30755
 20
238.59241
 30
0.0
 11
273.588068
 21
240.470403
 31
0.0
  0
LINE
  5
CA0
330
70
100
AcDbEntity
  8
Visible
100
AcDbLine
 10
276.642836
 20
239.077931
 30
0.0
 11
276.30755
 21
238.59241
 31
0.0
  0
LINE
  5
CA1
330
70
100
AcDbEntity
  8
Visible
100
AcDbLine
 10
274.624975
 20
240.471406
 30
0.0
 11
276.642836
 21
239.077931
 31
0.0
  0
LINE
  5
CA2
330
70
100
AcDbEntity
  8
Visible
100
AcDbLine
 10
274.079579
 20
238.110124
 30
0.0
 11
274.208177
 21
238.017892
 31
0.0
  0
SPLINE
  5
CA3
330
70
100
AcDbEntity
  8
Visible
100
AcDbSpline
210
0.0
220
0.0
230
1.0
 70
     8
 71
     3
 72
     9
 73
     5
 74
     0
 42
0.000000001
 43
0.0000000001
 40
0.0
 40
0.0
 40
0.0
 40
0.0
 40
0.0189098806386352
 40
0.034669533441709
 40
0.034669533441709
 40
0.034669533441709
 40
0.034669533441709
 10
273.7463609763836
 20
238.0200560763315
 30
0.0
 10
273.8092613838289
 20
238.0281391739572
 30
0.0
 10
273.924583517326
 20
238.0429587928011
 30
0.0
 10
274.031141111931
 20
238.0891344213651
 30
0.0
 10
274.0795787610077
 20
238.1101243742687
 30
0.0
  0
ARC
  5
CA4
330
70
100
AcDbEntity
  8
Visible
100
AcDbCircle
 10
273.597288
 20
239.495567
 30
0.0
 40
1.483022385942998
100
AcDbArc
 50
259.103017
 51
275.769107
  0
LINE
  5
CA5
330
70
100
AcDbEntity
  8
Visible
100
AcDbLine
 10
273.178583
 20
237.846389
 30
0.0
 11
273.316932
 21
238.039286
 31
0.0
  0
ARC
  5
CA6
330
70
100
AcDbEntity
  8
Visible
100
AcDbCircle
 10
273.591933
 20
239.442558
 30
0.0
 40
1.648822556507715
100
AcDbArc
 50
255.481397
 51
265.501394
  0
ARC
  5
CA7
330
70
100
AcDbEntity
  8
Visible
100
AcDbCircle
 10
273.59808
 20
239.06074
 30
0.0
 40
1.269175545456538
100
AcDbArc
 50
263.872567
 51
276.884678
  0
LINE
  5
CA8
330
70
100
AcDbEntity
  8
Visible
100
AcDbLine
 10
272.838227
 20
236.52915
 30
0.0
 11
273.750218
 21
237.800716
 31
0.0
  0
LINE
  5
CA9
330
70
100
AcDbEntity
  8
Visible
100
AcDbLine
 10
273.037775
 20
236.386031
 30
0.0
 11
272.838227
 21
236.52915
 31
0.0
  0
LINE
  5
CAA
330
70
100
AcDbEntity
  8
Visible
100
AcDbLine
 10
274.208177
 20
238.017892
 30
0.0
 11
273.037775
 21
236.386031
 31
0.0
  0
SPLINE
  5
CAB
330
70
100
AcDbEntity
  8
Visible
100
AcDbSpline
210
0.0
220
0.0
230
1.0
 70
     8
 71
     3
 72
     9
 73
     5
 74
     0
 42
0.000000001
 43
0.0000000001
 40
0.0
 40
0.0
 40
0.0
 40
0.0
 40
0.0156273306865913
 40
0.0315861079404347
 40
0.0315861079404347
 40
0.0315861079404347
 40
0.0315861079404347
 10
275.1284644080315
 20
237.1076925763627
 30
0.0
 10
275.0811894523413
 20
237.1339504654625
 30
0.0
 10
274.9856368667279
 20
237.1870231581724
 30
0.0
 10
274.8792343172972
 20
237.1615775097962
 30
0.0
 10
274.8254747788069
 20
237.1487211795611
 30
0.0
  0
SPLINE
  5
CAC
330
70
100
AcDbEntity
  8
Visible
100
AcDbSpline
210
0.0
220
0.0
230
1.0
 70
     8
 71
     3
 72
     9
 73
     5
 74
     0
 42
0.000000001
 43
0.0000000001
 40
0.0
 40
0.0
 40
0.0
 40
0.0
 40
0.0177703700644777
 40
0.0340583348573086
 40
0.0340583348573086
 40
0.0340583348573086
 40
0.0340583348573086
 10
275.2672067581825
 20
236.8083986142428
 30
0.0
 10
275.2627434174592
 20
236.8698375815184
 30
0.0
 10
275.2541890681441
 20
236.9875902739568
 30
0.0
 10
275.1691386750918
 20
237.0688372466411
 30
0.0
 10
275.1284644080315
 20
237.1076925763627
 30
0.0
  0
SPLINE
  5
CAD
330
70
100
AcDbEntity
  8
Visible
100
AcDbSpline
210
0.0
220
0.0
230
1.0
 70
     8
 71
     3
 72
     9
 73
     5
 74
     0
 42
0.000000001
 43
0.0000000001
 40
0.0
 40
0.0
 40
0.0
 40
0.0
 40
0.0411991481537291
 40
0.0672012089097054
 40
0.0672012089097054
 40
0.0672012089097054
 40
0.0672012089097054
 10
274.9784362805713
 20
236.207974418754
 30
0.0
 10
275.0607896638121
 20
236.3203162426799
 30
0.0
 10
275.1951188225339
 20
236.5035604775039
 30
0.0
 10
275.2470955014723
 20
236.7233541755595
 30
0.0
 10
275.2672067581825
 20
236.8083986142428
 30
0.0
  0
SPLINE
  5
CAE
330
70
100
AcDbEntity
  8
Visible
100
AcDbSpline
210
0.0
220
0.0
230
1.0
 70
     8
 71
     3
 72
     9
 73
     5
 74
     0
 42
0.000000001
 43
0.0000000001
 40
0.0
 40
0.0
 40
0.0
 40
0.0
 40
0.0260342171008199
 40
0.0670632558465381
 40
0.0670632558465381
 40
0.0670632558465381
 40
0.0670632558465381
 10
274.5031065873354
 20
235.7430329664985
 30
0.0
 10
274.5772837624409
 20
235.7894384954943
 30
0.0
 10
274.7683616370959
 20
235.9089775564062
 30
0.0
 10
274.8986973804112
 20
236.0944829446726
 30
0.0
 10
274.9784362805713
 20
236.207974418754
 30
0.0
  0
SPLINE
  5
CAF
330
70
100
AcDbEntity
  8
Visible
100
AcDbSpline
210
0.0
220
0.0
230
1.0
 70
     8
 71
     3
 72
     9
 73
     5
 74
     0
 42
0.000000001
 43
0.0000000001
 40
0.0
 40
0.0
 40
0.0
 40
0.0
 40
0.016098518822424
 40
0.0338897055589784
 40
0.0338897055589784
 40
0.0338897055589784
 40
0.0338897055589784
 10
274.176550287506
 20
235.7757807323633
 30
0.0
 10
274.2259579826277
 20
235.7502964106588
 30
0.0
 10
274.3299683116839
 20
235.6966482354146
 30
0.0
 10
274.4435036033992
 20
235.7270649873135
 30
0.0
 10
274.5031065873354
 20
235.7430329664985
 30
0.0
  0
SPLINE
  5
CB0
330
70
100
AcDbEntity
  8
Visible
100
AcDbSpline
210
0.0
220
0.0
230
1.0
 70
     8
 71
     3
 72
     9
 73
     5
 74
     0
 42
0.000000001
 43
0.0000000001
 40
0.0
 40
0.0
 40
0.0
 40
0.0
 40
0.0177559312677788
 40
0.0338501747490336
 40
0.0338501747490336
 40
0.0338501747490336
 40
0.0338501747490336
 10
274.0404224768463
 20
236.0740391732706
 30
0.0
 10
274.0445480467934
 20
236.0126068774262
 30
0.0
 10
274.0524130954636
 20
235.8954914235383
 30
0.0
 10
274.1365479355991
 20
235.8143566749677
 30
0.0
 10
274.176550287506
 20
235.7757807323633
 30
0.0
  0
SPLINE
  5
CB1
330
70
100
AcDbEntity
  8
Visible
100
AcDbSpline
210
0.0
220
0.0
230
1.0
 70
     8
 71
     3
 72
     9
 73
     5
 74
     0
 42
0.000000001
 43
0.0000000001
 40
0.0
 40
0.0
 40
0.0
 40
0.0
 40
0.0411140930152887
 40
0.0671322115200147
 40
0.0671322115200147
 40
0.0671322115200147
 40
0.0671322115200147
 10
274.3287958567052
 20
236.6739086826529
 30
0.0
 10
274.2466541635949
 20
236.5617778380147
 30
0.0
 10
274.1125309685485
 20
236.3786875390906
 30
0.0
 10
274.0605633317609
 20
236.1591314889083
 30
0.0
 10
274.0404224768463
 20
236.0740391732706
 30
0.0
  0
SPLINE
  5
CB2
330
70
100
AcDbEntity
  8
Visible
100
AcDbSpline
210
0.0
220
0.0
230
1.0
 70
     8
 71
     3
 72
     9
 73
     5
 74
     0
 42
0.000000001
 43
0.0000000001
 40
0.0
 40
0.0
 40
0.0
 40
0.0
 40
0.0277083759905545
 40
0.0693368929506909
 40
0.0693368929506909
 40
0.0693368929506909
 40
0.0693368929506909
 10
274.8254747788069
 20
237.1487211795611
 30
0.0
 10
274.7457596771419
 20
237.1004614693011
 30
0.0
 10
274.5462821807887
 20
236.9796973232787
 30
0.0
 10
274.4103855443209
 20
236.7886248597279
 30
0.0
 10
274.3287958567052
 20
236.6739086826529
 30
0.0
  0
SPLINE
  5
CB3
330
70
100
AcDbEntity
  8
Visible
100
AcDbSpline
210
0.0
220
0.0
230
1.0
 70
     8
 71
     3
 72
     9
 73
     5
 74
     0
 42
0.000000001
 43
0.0000000001
 40
0.0
 40
0.0
 40
0.0
 40
0.0
 40
0.026333914574837
 40
0.0513634826096901
 40
0.0513634826096901
 40
0.0513634826096901
 40
0.0513634826096901
 10
274.0588741489191
 20
235.6117078524003
 30
0.0
 10
273.989843401494
 20
235.6707285558769
 30
0.0
 10
273.8552010723088
 20
235.7858466051875
 30
0.0
 10
273.8251905687957
 20
235.9600816119964
 30
0.0
 10
273.8105663669066
 20
236.0449868157612
 30
0.0
  0
SPLINE
  5
CB4
330
70
100
AcDbEntity
  8
Visible
100
AcDbSpline
210
0.0
220
0.0
230
1.0
 70
     8
 71
     3
 72
     9
 73
     5
 74
     0
 42
0.000000001
 43
0.0000000001
 40
0.0
 40
0.0
 40
0.0
 40
0.0
 40
0.0185354309592938
 40
0.0388226534349467
 40
0.0388226534349467
 40
0.0388226534349467
 40
0.0388226534349467
 10
274.4230931176407
 20
235.4957054164588
 30
0.0
 10
274.3602583372576
 20
235.4984387025088
 30
0.0
 10
274.2286502344905
 20
235.5041635986454
 30
0.0
 10
274.1171433495547
 20
235.5747973671678
 30
0.0
 10
274.0588741489191
 20
235.6117078524003
 30
0.0
  0
SPLINE
  5
CB5
330
70
100
AcDbEntity
  8
Visible
100
AcDbSpline
210
0.0
220
0.0
230
1.0
 70
     8
 71
     3
 72
     9
 73
     5
 74
     0
 42
0.000000001
 43
0.0000000001
 40
0.0
 40
0.0
 40
0.0
 40
0.0
 40
0.021184564583552
 40
0.0402125925746742
 40
0.0402125925746742
 40
0.0402125925746742
 40
0.0402125925746742
 10
274.7936083951663
 20
235.6412876071226
 30
0.0
 10
274.7338230643909
 20
235.6019789086804
 30
0.0
 10
274.6203384025339
 20
235.5273630406573
 30
0.0
 10
274.4864481055902
 20
235.5058738136431
 30
0.0
 10
274.4230931176407
 20
235.4957054164588
 30
0.0
  0
SPLINE
  5
CB6
330
70
100
AcDbEntity
  8
Visible
100
AcDbSpline
210
0.0
220
0.0
230
1.0
 70
     8
 71
     3
 72
     9
 73
     5
 74
     0
 42
0.000000001
 43
0.0000000001
 40
0.0
 40
0.0
 40
0.0
 40
0.0
 40
0.0318555617337857
 40
0.0574536216840496
 40
0.0574536216840496
 40
0.0574536216840496
 40
0.0574536216840496
 10
275.1835270778065
 20
236.060879462635
 30
0.0
 10
275.1201926103167
 20
235.9750781604598
 30
0.0
 10
275.0059646910249
 20
235.8203298123899
 30
0.0
 10
274.8590605219051
 20
235.6964717167502
 30
0.0
 10
274.7936083951663
 20
235.6412876071226
 30
0.0
  0
ARC
  5
CB7
330
70
100
AcDbEntity
  8
Visible
100
AcDbCircle
 10
273.607679
 20
237.253095
 30
0.0
 40
1.976025335528172
100
AcDbArc
 50
322.890497
 51
336.692454
  0
SPLINE
  5
CB8
330
70
100
AcDbEntity
  8
Visible
100
AcDbSpline
210
0.0
220
0.0
230
1.0
 70
     8
 71
     3
 72
     9
 73
     5
 74
     0
 42
0.000000001
 43
0.0000000001
 40
0.0
 40
0.0
 40
0.0
 40
0.0
 40
0.0152703100348924
 40
0.0323328542251258
 40
0.0323328542251258
 40
0.0323328542251258
 40
0.0323328542251258
 10
275.494900037027
 20
236.7852781879847
 30
0.0
 10
275.4896089489284
 20
236.7344590910597
 30
0.0
 10
275.4784057723173
 20
236.6268564000238
 30
0.0
 10
275.4417780855565
 20
236.524999557143
 30
0.0
 10
275.4224490922188
 20
236.4712481354291
 30
0.0
  0
SPLINE
  5
CB9
330
70
100
AcDbEntity
  8
Visible
100
AcDbSpline
210
0.0
220
0.0
230
1.0
 70
     8
 71
     3
 72
     9
 73
     5
 74
     0
 42
0.000000001
 43
0.0000000001
 40
0.0
 40
0.0
 40
0.0
 40
0.0
 40
0.0136190759140628
 40
0.0276411191356048
 40
0.0276411191356048
 40
0.0276411191356048
 40
0.0276411191356048
 10
275.4408656194555
 20
237.0540377328034
 30
0.0
 10
275.4583242693225
 20
237.011640172168
 30
0.0
 10
275.4937581433915
 20
236.9255905729151
 30
0.0
 10
275.4945157243401
 20
236.8325013514386
 30
0.0
 10
275.494900037027
 20
236.7852781879847
 30
0.0
  0
SPLINE
  5
CBA
330
70
100
AcDbEntity
  8
Visible
100
AcDbSpline
210
0.0
220
0.0
230
1.0
 70
     8
 71
     3
 72
     9
 73
     5
 74
     0
 42
0.000000001
 43
0.0000000001
 40
0.0
 40
0.0
 40
0.0
 40
0.0
 40
0.0151957276004776
 40
0.0291972763413675
 40
0.0291972763413675
 40
0.0291972763413675
 40
0.0291972763413675
 10
275.2491530657171
 20
237.2712838053649
 30
0.0
 10
275.2893840813376
 20
237.2396849893939
 30
0.0
 10
275.3666844983673
 20
237.1789705974133
 30
0.0
 10
275.4168221279815
 20
237.0945308154241
 30
0.0
 10
275.4408656194555
 20
237.0540377328034
 30
0.0
  0
SPLINE
  5
CBB
330
70
100
AcDbEntity
  8
Visible
100
AcDbSpline
210
0.0
220
0.0
230
1.0
 70
     8
 71
     3
 72
     9
 73
     5
 74
     0
 42
0.000000001
 43
0.0000000001
 40
0.0
 40
0.0
 40
0.0
 40
0.0
 40
0.0184810038635591
 40
0.0386646142894838
 40
0.0386646142894838
 40
0.0386646142894838
 40
0.0386646142894838
 10
274.8864398721944
 20
237.3870457632129
 30
0.0
 10
274.9490777659866
 20
237.3842099318881
 30
0.0
 10
275.0801242189445
 20
237.3782770115176
 30
0.0
 10
275.1911799932841
 20
237.3079800557898
 30
0.0
 10
275.2491530657171
 20
237.2712838053649
 30
0.0
  0
SPLINE
  5
CBC
330
70
100
AcDbEntity
  8
Visible
100
AcDbSpline
210
0.0
220
0.0
230
1.0
 70
     8
 71
     3
 72
     9
 73
     5
 74
     0
 42
0.000000001
 43
0.0000000001
 40
0.0
 40
0.0
 40
0.0
 40
0.0
 40
0.0211909857535031
 40
0.0401920335923215
 40
0.0401920335923215
 40
0.0401920335923215
 40
0.0401920335923215
 10
274.5157679933746
 20
237.2424151985943
 30
0.0
 10
274.57566934641
 20
237.2815873367781
 30
0.0
 10
274.6892816729633
 20
237.3558834507985
 30
0.0
 10
274.8231518614193
 20
237.3770426247611
 30
0.0
 10
274.8864398721944
 20
237.3870457632129
 30
0.0
  0
SPLINE
  5
CBD
330
70
100
AcDbEntity
  8
Visible
100
AcDbSpline
210
0.0
220
0.0
230
1.0
 70
     8
 71
     3
 72
     9
 73
     5
 74
     0
 42
0.000000001
 43
0.0000000001
 40
0.0
 40
0.0
 40
0.0
 40
0.0
 40
0.0320608374303245
 40
0.0577364233305481
 40
0.0577364233305481
 40
0.0577364233305481
 40
0.0577364233305481
 10
274.1237045751223
 20
236.8210039861569
 30
0.0
 10
274.1874324203236
 20
236.9073790746697
 30
0.0
 10
274.3021960429669
 20
237.0629267482618
 30
0.0
 10
274.4500270406133
 20
237.1871657067386
 30
0.0
 10
274.5157679933746
 20
237.2424151985943
 30
0.0
  0
SPLINE
  5
CBE
330
70
100
AcDbEntity
  8
Visible
100
AcDbSpline
210
0.0
220
0.0
230
1.0
 70
     8
 71
     3
 72
     9
 73
     5
 74
     0
 42
0.000000001
 43
0.0000000001
 40
0.0
 40
0.0
 40
0.0
 40
0.0
 40
0.0360088304475199
 40
0.0847596463469006
 40
0.0847596463469006
 40
0.0847596463469006
 40
0.0847596463469006
 10
273.8105663669066
 20
236.0449868157612
 30
0.0
 10
273.8264428733055
 20
236.1655640452809
 30
0.0
 10
273.8638139028826
 20
236.4493856302779
 30
0.0
 10
274.0288065266613
 20
236.6853090170316
 30
0.0
 10
274.1237045751223
 20
236.8210039861569
 30
0.0
  0
LINE
  5
CBF
330
70
100
AcDbEntity
  8
Visible
100
AcDbLine
 10
269.270847
 20
241.18297
 30
0.0
 11
268.27855
 21
239.799436
 31
0.0
  0
LINE
  5
CC0
330
70
100
AcDbEntity
  8
Visible
100
AcDbLine
 10
268.748597
 20
239.462309
 30
0.0
 11
269.270847
 21
241.18297
 31
0.0
  0
LINE
  5
CC1
330
70
100
AcDbEntity
  8
Visible
100
AcDbLine
 10
268.942602
 20
239.323165
 30
0.0
 11
268.748597
 21
239.462309
 31
0.0
  0
LINE
  5
CC2
330
70
100
AcDbEntity
  8
Visible
100
AcDbLine
 10
270.390466
 20
240.344702
 30
0.0
 11
268.942602
 21
239.323165
 31
0.0
  0
LINE
  5
CC3
330
70
100
AcDbEntity
  8
Visible
100
AcDbLine
 10
269.414867
 20
238.984449
 30
0.0
 11
270.390466
 21
240.344702
 31
0.0
  0
LINE
  5
CC4
330
70
100
AcDbEntity
  8
Visible
100
AcDbLine
 10
269.622175
 20
238.835763
 30
0.0
 11
269.414867
 21
238.984449
 31
0.0
  0
LINE
  5
CC5
330
70
100
AcDbEntity
  8
Visible
100
AcDbLine
 10
270.787806
 20
240.460973
 30
0.0
 11
269.622175
 21
238.835763
 31
0.0
  0
LINE
  5
CC6
330
70
100
AcDbEntity
  8
Visible
100
AcDbLine
 10
270.498461
 20
240.668496
 30
0.0
 11
270.787806
 21
240.460973
 31
0.0
  0
LINE
  5
CC7
330
70
100
AcDbEntity
  8
Visible
100
AcDbLine
 10
269.29833
 20
239.816806
 30
0.0
 11
270.498461
 21
240.668496
 31
0.0
  0
ARC
  5
CC8
330
70
100
AcDbEntity
  8
Visible
100
AcDbCircle
 10
277.279323
 20
228.540222
 30
0.0
 40
13.81512180849284
100
AcDbArc
 50
125.288919
 51
126.689914
  0
ARC
  5
CC9
330
70
100
AcDbEntity
  8
Visible
100
AcDbCircle
 10
255.016122
 20
244.271324
 30
0.0
 40
14.76141931243182
100
AcDbArc
 50
341.626208
 51
342.833616
  0
LINE
  5
CCA
330
70
100
AcDbEntity
  8
Visible
100
AcDbLine
 10
269.560584
 20
241.341159
 30
0.0
 11
269.119945
 21
239.914528
 31
0.0
  0
LINE
  5
CCB
330
70
100
AcDbEntity
  8
Visible
100
AcDbLine
 10
269.236872
 20
241.573331
 30
0.0
 11
269.560584
 21
241.341159
 31
0.0
  0
LINE
  5
CCC
330
70
100
AcDbEntity
  8
Visible
100
AcDbLine
 10
268.071242
 20
239.948121
 30
0.0
 11
269.236872
 21
241.573331
 31
0.0
  0
LINE
  5
CCD
330
70
100
AcDbEntity
  8
Visible
100
AcDbLine
 10
268.27855
 20
239.799436
 30
0.0
 11
268.071242
 21
239.948121
 31
0.0
  0
SPLINE
  5
CCE
330
70
100
AcDbEntity
  8
Visible
100
AcDbSpline
210
0.0
220
0.0
230
1.0
 70
     8
 71
     3
 72
     9
 73
     5
 74
     0
 42
0.000000001
 43
0.0000000001
 40
0.0
 40
0.0
 40
0.0
 40
0.0
 40
0.0478395048620328
 40
0.0944287747182992
 40
0.0944287747182992
 40
0.0944287747182992
 40
0.0944287747182992
 10
313.2022803937507
 20
158.4647311870485
 30
0.0
 10
313.2746980936117
 20
158.6092785772471
 30
0.0
 10
313.4176409331248
 20
158.8945957640444
 30
0.0
 10
313.66882185139
 20
159.0912179289171
 30
0.0
 10
313.7927494954674
 20
159.1882273746741
 30
0.0
  0
SPLINE
  5
CCF
330
70
100
AcDbEntity
  8
Visible
100
AcDbSpline
210
0.0
220
0.0
230
1.0
 70
     8
 71
     3
 72
     9
 73
     5
 74
     0
 42
0.000000001
 43
0.0000000001
 40
0.0
 40
0.0
 40
0.0
 40
0.0
 40
0.0625678577146357
 40
0.1160400823040377
 40
0.1160400823040377
 40
0.1160400823040377
 40
0.1160400823040377
 10
313.0118558721406
 20
157.3260212952973
 30
0.0
 10
313.0158204935997
 20
157.5359901698903
 30
0.0
 10
313.0231733903929
 20
157.9254042617103
 30
0.0
 10
313.1457815466474
 20
158.2946018848925
 30
0.0
 10
313.2022803937507
 20
158.4647311870485
 30
0.0
  0
SPLINE
  5
CD0
330
70
100
AcDbEntity
  8
Visible
100
AcDbSpline
210
0.0
220
0.0
230
1.0
 70
     8
 71
     3
 72
     9
 73
     5
 74
     0
 42
0.000000001
 43
0.0000000001
 40
0.0
 40
0.0
 40
0.0
 40
0.0
 40
0.0478082173210592
 40
0.0989051644184665
 40
0.0989051644184665
 40
0.0989051644184665
 40
0.0989051644184665
 10
313.2142225707121
 20
156.363809336548
 30
0.0
 10
313.1560678845162
 20
156.5133757998101
 30
0.0
 10
313.0357580482123
 20
156.8227974111851
 30
0.0
 10
313.0199979457011
 20
157.154602347091
 30
0.0
 10
313.0118558721406
 20
157.3260212952973
 30
0.0
  0
SPLINE
  5
CD1
330
70
100
AcDbEntity
  8
Visible
100
AcDbSpline
210
0.0
220
0.0
230
1.0
 70
     8
 71
     3
 72
     9
 73
     5
 74
     0
 42
0.000000001
 43
0.0000000001
 40
0.0
 40
0.0
 40
0.0
 40
0.0
 40
0.0419476274121707
 40
0.0864878849173591
 40
0.0864878849173591
 40
0.0864878849173591
 40
0.0864878849173591
 10
313.7675897428289
 20
155.7108418500447
 30
0.0
 10
313.6549886666926
 20
155.7966251823181
 30
0.0
 10
313.4228270519561
 20
155.9734938022429
 30
0.0
 10
313.2851332708069
 20
156.2311297908818
 30
0.0
 10
313.2142225707121
 20
156.363809336548
 30
0.0
  0
SPLINE
  5
CD2
330
70
100
AcDbEntity
  8
Visible
100
AcDbSpline
210
0.0
220
0.0
230
1.0
 70
     8
 71
     3
 72
     9
 73
     5
 74
     0
 42
0.000000001
 43
0.0000000001
 40
0.0
 40
0.0
 40
0.0
 40
0.0
 40
0.0391722022172357
 40
0.0794514650286839
 40
0.0794514650286839
 40
0.0794514650286839
 40
0.0794514650286839
 10
314.5211044267544
 20
155.4872191592949
 30
0.0
 10
314.3891490305759
 20
155.4964031895142
 30
0.0
 10
314.1215089962789
 20
155.5150308033426
 30
0.0
 10
313.8866536362912
 20
155.6449679949892
 30
0.0
 10
313.7675897428289
 20
155.7108418500447
 30
0.0
  0
SPLINE
  5
CD3
330
70
100
AcDbEntity
  8
Visible
100
AcDbSpline
210
0.0
220
0.0
230
1.0
 70
     8
 71
     3
 72
     9
 73
     5
 74
     0
 42
0.000000001
 43
0.0000000001
 40
0.0
 40
0.0
 40
0.0
 40
0.0
 40
0.036694047816813
 40
0.074950017706766
 40
0.074950017706766
 40
0.074950017706766
 40
0.074950017706766
 10
315.2308564921077
 20
155.699883389283
 30
0.0
 10
315.1231131534696
 20
155.6385085282254
 30
0.0
 10
314.9030402637454
 20
155.5131463183679
 30
0.0
 10
314.6501729167703
 20
155.4959807861123
 30
0.0
 10
314.5211044267544
 20
155.4872191592949
 30
0.0
  0
SPLINE
  5
CD4
330
70
100
AcDbEntity
  8
Visible
100
AcDbSpline
210
0.0
220
0.0
230
1.0
 70
     8
 71
     3
 72
     9
 73
     5
 74
     0
 42
0.000000001
 43
0.0000000001
 40
0.0
 40
0.0
 40
0.0
 40
0.0
 40
0.0442711578075782
 40
0.0829664586425915
 40
0.0829664586425915
 40
0.0829664586425915
 40
0.0829664586425915
 10
315.7365491855944
 20
156.3477932134192
 30
0.0
 10
315.6697758963455
 20
156.214115696881
 30
0.0
 10
315.5446392698104
 20
155.9635970590898
 30
0.0
 10
315.3306571117282
 20
155.7837592088599
 30
0.0
 10
315.2308564921077
 20
155.699883389283
 30
0.0
  0
ARC
  5
CD5
330
70
100
AcDbEntity
  8
Visible
100
AcDbCircle
 10
309.564104
 20
158.681161
 30
0.0
 40
6.598764011690678
100
AcDbArc
 50
339.291919
 51
349.305337
  0
SPLINE
  5
CD6
330
70
100
AcDbEntity
  8
Visible
100
AcDbSpline
210
0.0
220
0.0
230
1.0
 70
     8
 71
     3
 72
     9
 73
     5
 74
     0
 42
0.000000001
 43
0.0000000001
 40
0.0
 40
0.0
 40
0.0
 40
0.0
 40
0.0387245386833866
 40
0.1064411355295369
 40
0.1064411355295369
 40
0.1064411355295369
 40
0.1064411355295369
 10
316.3981716715371
 20
158.4565013530719
 30
0.0
 10
316.3357940418282
 20
158.3428463115142
 30
0.0
 10
316.1643382682123
 20
158.0304456453377
 30
0.0
 10
316.0933865202205
 20
157.6797213212121
 30
0.0
 10
316.0482478537615
 20
157.4565946367511
 30
0.0
  0
SPLINE
  5
CD7
330
70
100
AcDbEntity
  8
Visible
100
AcDbSpline
210
0.0
220
0.0
230
1.0
 70
     8
 71
     3
 72
     9
 73
     5
 74
     0
 42
0.000000001
 43
0.0000000001
 40
0.0
 40
0.0
 40
0.0
 40
0.0
 40
0.0250329262714377
 40
0.0496074501857249
 40
0.0496074501857249
 40
0.0496074501857249
 40
0.0496074501857249
 10
316.8402825882549
 20
158.6537840242618
 30
0.0
 10
316.7547742497863
 20
158.6454316996533
 30
0.0
 10
316.5853233995349
 20
158.6288799980084
 30
0.0
 10
316.4601700838339
 20
158.5136058340959
 30
0.0
 10
316.3981716715371
 20
158.4565013530719
 30
0.0
  0
SPLINE
  5
CD8
330
70
100
AcDbEntity
  8
Visible
100
AcDbSpline
210
0.0
220
0.0
230
1.0
 70
     8
 71
     3
 72
     9
 73
     5
 74
     0
 42
0.000000001
 43
0.0000000001
 40
0.0
 40
0.0
 40
0.0
 40
0.0
 40
0.0318194727018591
 40
0.0614040343818387
 40
0.0614040343818387
 40
0.0614040343818387
 40
0.0614040343818387
 10
317.3724096249298
 20
158.382678480104
 30
0.0
 10
317.2968112138205
 20
158.4622366491694
 30
0.0
 10
317.150924213167
 20
158.6157650433852
 30
0.0
 10
316.9412864141232
 20
158.641422311548
 30
0.0
 10
316.8402825882549
 20
158.6537840242618
 30
0.0
  0
SPLINE
  5
CD9
330
70
100
AcDbEntity
  8
Visible
100
AcDbSpline
210
0.0
220
0.0
230
1.0
 70
     8
 71
     3
 72
     9
 73
     5
 74
     0
 42
0.000000001
 43
0.0000000001
 40
0.0
 40
0.0
 40
0.0
 40
0.0
 40
0.052175046394244
 40
0.0914111776275274
 40
0.0914111776275274
 40
0.0914111776275274
 40
0.0914111776275274
 10
317.5980744062999
 20
157.5092965527292
 30
0.0
 10
317.5942300492788
 20
157.6865482672747
 30
0.0
 10
317.5874946992062
 20
157.9970949573653
 30
0.0
 10
317.4370041908187
 20
158.2668796486432
 30
0.0
 10
317.3724096249298
 20
158.382678480104
 30
0.0
  0
SPLINE
  5
CDA
330
70
100
AcDbEntity
  8
Visible
100
AcDbSpline
210
0.0
220
0.0
230
1.0
 70
     8
 71
     3
 72
     9
 73
     5
 74
     0
 42
0.000000001
 43
0.0000000001
 40
0.0
 40
0.0
 40
0.0
 40
0.0
 40
0.0408014957994914
 40
0.0917677153786479
 40
0.0917677153786479
 40
0.0917677153786479
 40
0.0917677153786479
 10
317.3615848532663
 20
156.6363228594327
 30
0.0
 10
317.4312171126367
 20
156.7556196500209
 30
0.0
 10
317.5878288552685
 20
157.0239331936718
 30
0.0
 10
317.5944160120744
 20
157.3359871323682
 30
0.0
 10
317.5980744062999
 20
157.5092965527292
 30
0.0
  0
SPLINE
  5
CDB
330
70
100
AcDbEntity
  8
Visible
100
AcDbSpline
210
0.0
220
0.0
230
1.0
 70
     8
 71
     3
 72
     9
 73
     5
 74
     0
 42
0.000000001
 43
0.0000000001
 40
0.0
 40
0.0
 40
0.0
 40
0.0
 40
0.0430940487502746
 40
0.0811550174986856
 40
0.0811550174986856
 40
0.0811550174986856
 40
0.0811550174986856
 10
316.6476140433206
 20
156.2854975248137
 30
0.0
 10
316.7929057191614
 20
156.3102865786368
 30
0.0
 10
317.0665200310486
 20
156.3569695001824
 30
0.0
 10
317.2673822774978
 20
156.5471363349497
 30
0.0
 10
317.3615848532663
 20
156.6363228594327
 30
0.0
  0
LINE
  5
CDC
330
70
100
AcDbEntity
  8
Visible
100
AcDbLine
 10
316.699483
 20
155.651442
 30
0.0
 11
316.647614
 21
156.285498
 31
0.0
  0
SPLINE
  5
CDD
330
70
100
AcDbEntity
  8
Visible
100
AcDbSpline
210
0.0
220
0.0
230
1.0
 70
     8
 71
     3
 72
     9
 73
     5
 74
     0
 42
0.000000001
 43
0.0000000001
 40
0.0
 40
0.0
 40
0.0
 40
0.0
 40
0.0410395386700506
 40
0.0833167866162533
 40
0.0833167866162533
 40
0.0833167866162533
 40
0.0833167866162533
 10
317.485729236243
 20
155.9021206034576
 30
0.0
 10
317.3653117414942
 20
155.8339395886651
 30
0.0
 10
317.1208450871418
 20
155.6955212914617
 30
0.0
 10
316.8413211905845
 20
155.6662797000553
 30
0.0
 10
316.6994830141302
 20
155.6514417056933
 30
0.0
  0
SPLINE
  5
CDE
330
70
100
AcDbEntity
  8
Visible
100
AcDbSpline
210
0.0
220
0.0
230
1.0
 70
     8
 71
     3
 72
     9
 73
     5
 74
     0
 42
0.000000001
 43
0.0000000001
 40
0.0
 40
0.0
 40
0.0
 40
0.0
 40
0.0435925805207873
 40
0.0848804175087196
 40
0.0848804175087196
 40
0.0848804175087196
 40
0.0848804175087196
 10
318.0084193661842
 20
156.5586677694391
 30
0.0
 10
317.9442108618932
 20
156.4259818583741
 30
0.0
 10
317.8191885625292
 20
156.1676251519293
 30
0.0
 10
317.5948518864752
 20
155.9890054427578
 30
0.0
 10
317.485729236243
 20
155.9021206034576
 30
0.0
  0
SPLINE
  5
CDF
330
70
100
AcDbEntity
  8
Visible
100
AcDbSpline
210
0.0
220
0.0
230
1.0
 70
     8
 71
     3
 72
     9
 73
     5
 74
     0
 42
0.000000001
 43
0.0000000001
 40
0.0
 40
0.0
 40
0.0
 40
0.0
 40
0.0525018952813774
 40
0.1001776248763139
 40
0.1001776248763139
 40
0.1001776248763139
 40
0.1001776248763139
 10
318.1811043819289
 20
157.5403697018082
 30
0.0
 10
318.1763343072034
 20
157.3642760212788
 30
0.0
 10
318.1672326404187
 20
157.0282758335397
 30
0.0
 10
318.0596291527036
 20
156.7100942092365
 30
0.0
 10
318.0084193661842
 20
156.5586677694391
 30
0.0
  0
SPLINE
  5
CE0
330
70
100
AcDbEntity
  8
Visible
100
AcDbSpline
210
0.0
220
0.0
230
1.0
 70
     8
 71
     3
 72
     9
 73
     5
 74
     0
 42
0.000000001
 43
0.0000000001
 40
0.0
 40
0.0
 40
0.0
 40
0.0
 40
0.0454093495783866
 40
0.093772928055757
 40
0.093772928055757
 40
0.093772928055757
 40
0.093772928055757
 10
318.0046161776663
 20
158.4567051079757
 30
0.0
 10
318.0552746764661
 20
158.3131357245838
 30
0.0
 10
318.1598874006595
 20
158.0166566605858
 30
0.0
 10
318.1738850604197
 20
157.7024318086551
 30
0.0
 10
318.1811043819289
 20
157.5403697018082
 30
0.0
  0
SPLINE
  5
CE1
330
70
100
AcDbEntity
  8
Visible
100
AcDbSpline
210
0.0
220
0.0
230
1.0
 70
     8
 71
     3
 72
     9
 73
     5
 74
     0
 42
0.000000001
 43
0.0000000001
 40
0.0
 40
0.0
 40
0.0
 40
0.0
 40
0.0392001405918682
 40
0.0811661215701934
 40
0.0811661215701934
 40
0.0811661215701934
 40
0.0811661215701934
 10
317.5008911552887
 20
159.0810039630869
 30
0.0
 10
317.6054127641692
 20
158.999607527714
 30
0.0
 10
317.8218307026
 20
158.8310715768439
 30
0.0
 10
317.9423190868911
 20
158.5842969852056
 30
0.0
 10
318.0046161776663
 20
158.4567051079757
 30
0.0
  0
SPLINE
  5
CE2
330
70
100
AcDbEntity
  8
Visible
100
AcDbSpline
210
0.0
220
0.0
230
1.0
 70
     8
 71
     3
 72
     9
 73
     5
 74
     0
 42
0.000000001
 43
0.0000000001
 40
0.0
 40
0.0
 40
0.0
 40
0.0
 40
0.037013624260742
 40
0.0747741837079815
 40
0.0747741837079815
 40
0.0747741837079815
 40
0.0747741837079815
 10
316.7918022658014
 20
159.2912725066035
 30
0.0
 10
316.9165298713633
 20
159.2827771943557
 30
0.0
 10
317.1685020864061
 20
159.2656151344035
 30
0.0
 10
317.389359402132
 20
159.14294946466
 30
0.0
 10
317.5008911552887
 20
159.0810039630869
 30
0.0
  0
SPLINE
  5
CE3
330
70
100
AcDbEntity
  8
Visible
100
AcDbSpline
210
0.0
220
0.0
230
1.0
 70
     8
 71
     3
 72
     9
 73
     5
 74
     0
 42
0.000000001
 43
0.0000000001
 40
0.0
 40
0.0
 40
0.0
 40
0.0
 40
0.0322707490120228
 40
0.0653483097089642
 40
0.0653483097089642
 40
0.0653483097089642
 40
0.0653483097089642
 10
316.1705143607578
 20
159.1115847298315
 30
0.0
 10
316.2662988370503
 20
159.1634365593981
 30
0.0
 10
316.4602625290536
 20
159.2684365832974
 30
0.0
 10
316.6803831264988
 20
159.2835981356675
 30
0.0
 10
316.7918022658014
 20
159.2912725066035
 30
0.0
  0
SPLINE
  5
CE4
330
70
100
AcDbEntity
  8
Visible
100
AcDbSpline
210
0.0
220
0.0
230
1.0
 70
     8
 71
     3
 72
     9
 73
     5
 74
     0
 42
0.000000001
 43
0.0000000001
 40
0.0
 40
0.0
 40
0.0
 40
0.0
 40
0.0376606062707543
 40
0.0714501314752291
 40
0.0714501314752291
 40
0.0714501314752291
 40
0.0714501314752291
 10
315.7084390714135
 20
158.574806308623
 30
0.0
 10
315.7712435306312
 20
158.6851712066746
 30
0.0
 10
315.8903968665109
 20
158.8945567492028
 30
0.0
 10
316.0805764283214
 20
159.0419030845951
 30
0.0
 10
316.1705143607578
 20
159.1115847298315
 30
0.0
  0
ARC
  5
CE5
330
70
100
AcDbEntity
  8
Visible
100
AcDbCircle
 10
319.865255
 20
156.728632
 30
0.0
 40
4.548349291083772
100
AcDbArc
 50
156.052465
 51
168.857643
  0
ARC
  5
CE6
330
70
100
AcDbEntity
  8
Visible
100
AcDbCircle
 10
306.793689
 20
159.428311
 30
0.0
 40
8.7993813514151
100
AcDbArc
 50
342.045813
 51
348.058381
  0
SPLINE
  5
CE7
330
70
100
AcDbEntity
  8
Visible
100
AcDbSpline
210
0.0
220
0.0
230
1.0
 70
     8
 71
     3
 72
     9
 73
     5
 74
     0
 42
0.000000001
 43
0.0000000001
 40
0.0
 40
0.0
 40
0.0
 40
0.0
 40
0.0242452770211066
 40
0.0543126847397881
 40
0.0543126847397881
 40
0.0543126847397881
 40
0.0543126847397881
 10
314.8724794551108
 20
156.2637335727504
 30
0.0
 10
314.9299799827931
 20
156.3216470936749
 30
0.0
 10
315.0587889062663
 20
156.451381177616
 30
0.0
 10
315.1268760636522
 20
156.6216079324331
 30
0.0
 10
315.1645689954476
 20
156.7158451675514
 30
0.0
  0
SPLINE
  5
CE8
330
70
100
AcDbEntity
  8
Visible
100
AcDbSpline
210
0.0
220
0.0
230
1.0
 70
     8
 71
     3
 72
     9
 73
     5
 74
     0
 42
0.000000001
 43
0.0000000001
 40
0.0
 40
0.0
 40
0.0
 40
0.0
 40
0.0223035802791337
 40
0.0439336706993653
 40
0.0439336706993653
 40
0.0439336706993653
 40
0.0439336706993653
 10
314.462391992769
 20
156.1246408733295
 30
0.0
 10
314.537849632663
 20
156.1304588841303
 30
0.0
 10
314.686486356517
 20
156.1419192222238
 30
0.0
 10
314.8111186138249
 20
156.2235458932846
 30
0.0
 10
314.8724794551108
 20
156.2637335727504
 30
0.0
  0
SPLINE
  5
CE9
330
70
100
AcDbEntity
  8
Visible
100
AcDbSpline
210
0.0
220
0.0
230
1.0
 70
     8
 71
     3
 72
     9
 73
     5
 74
     0
 42
0.000000001
 43
0.0000000001
 40
0.0
 40
0.0
 40
0.0
 40
0.0
 40
0.023091272211631
 40
0.0456673639149169
 40
0.0456673639149169
 40
0.0456673639149169
 40
0.0456673639149169
 10
314.0334462954797
 20
156.2633989844562
 30
0.0
 10
314.1001301875549
 20
156.2225498422503
 30
0.0
 10
314.2320102129906
 20
156.1417629273637
 30
0.0
 10
314.3861777955262
 20
156.1303051389877
 30
0.0
 10
314.462391992769
 20
156.1246408733295
 30
0.0
  0
SPLINE
  5
CEA
330
70
100
AcDbEntity
  8
Visible
100
AcDbSpline
210
0.0
220
0.0
230
1.0
 70
     8
 71
     3
 72
     9
 73
     5
 74
     0
 42
0.000000001
 43
0.0000000001
 40
0.0
 40
0.0
 40
0.0
 40
0.0
 40
0.0285869424124087
 40
0.0536093975594186
 40
0.0536093975594186
 40
0.0536093975594186
 40
0.0536093975594186
 10
313.7219868396369
 20
156.6928309070044
 30
0.0
 10
313.7611103453637
 20
156.6044806579539
 30
0.0
 10
313.834479072324
 20
156.4387964949728
 30
0.0
 10
313.9701303713882
 20
156.3192144865552
 30
0.0
 10
314.0334462954797
 20
156.2633989844562
 30
0.0
  0
SPLINE
  5
CEB
330
70
100
AcDbEntity
  8
Visible
100
AcDbSpline
210
0.0
220
0.0
230
1.0
 70
     8
 71
     3
 72
     9
 73
     5
 74
     0
 42
0.000000001
 43
0.0000000001
 40
0.0
 40
0.0
 40
0.0
 40
0.0
 40
0.0357521153295711
 40
0.0680809889792955
 40
0.0680809889792955
 40
0.0680809889792955
 40
0.0680809889792955
 10
313.6050958047945
 20
157.3605715694866
 30
0.0
 10
313.6095453359703
 20
157.2408054268835
 30
0.0
 10
313.6180183586166
 20
157.0127406715674
 30
0.0
 10
313.6885122008061
 20
156.7958319677291
 30
0.0
 10
313.7219868396369
 20
156.6928309070044
 30
0.0
  0
SPLINE
  5
CEC
330
70
100
AcDbEntity
  8
Visible
100
AcDbSpline
210
0.0
220
0.0
230
1.0
 70
     8
 71
     3
 72
     9
 73
     5
 74
     0
 42
0.000000001
 43
0.0000000001
 40
0.0
 40
0.0
 40
0.0
 40
0.0
 40
0.0379079343698787
 40
0.0785787803145869
 40
0.0785787803145869
 40
0.0785787803145869
 40
0.0785787803145869
 10
313.7484701173816
 20
158.1289134603667
 30
0.0
 10
313.7059902587971
 20
158.0090570372122
 30
0.0
 10
313.6179344063512
 20
157.7606084814961
 30
0.0
 10
313.6094744917773
 20
157.4970067108861
 30
0.0
 10
313.6050958047945
 20
157.3605715694866
 30
0.0
  0
SPLINE
  5
CED
330
70
100
AcDbEntity
  8
Visible
100
AcDbSpline
210
0.0
220
0.0
230
1.0
 70
     8
 71
     3
 72
     9
 73
     5
 74
     0
 42
0.000000001
 43
0.0000000001
 40
0.0
 40
0.0
 40
0.0
 40
0.0
 40
0.0300048413871858
 40
0.064234365751313
 40
0.064234365751313
 40
0.064234365751313
 40
0.064234365751313
 10
314.1340072380026
 20
158.6344980783487
 30
0.0
 10
314.0567222517966
 20
158.5691942755529
 30
0.0
 10
313.8912705499515
 20
158.4293918916773
 30
0.0
 10
313.7981125891547
 20
158.2333703711538
 30
0.0
 10
313.7484701173816
 20
158.1289134603667
 30
0.0
  0
SPLINE
  5
CEE
330
70
100
AcDbEntity
  8
Visible
100
AcDbSpline
210
0.0
220
0.0
230
1.0
 70
     8
 71
     3
 72
     9
 73
     5
 74
     0
 42
0.000000001
 43
0.0000000001
 40
0.0
 40
0.0
 40
0.0
 40
0.0
 40
0.0349364244801029
 40
0.0653875744540532
 40
0.0653875744540532
 40
0.0653875744540532
 40
0.0653875744540532
 10
314.7482744302797
 20
158.8448366905723
 30
0.0
 10
314.6321584510642
 20
158.8264751844745
 30
0.0
 10
314.4148339151634
 20
158.792109494083
 30
0.0
 10
314.2232352125411
 20
158.6845764666705
 30
0.0
 10
314.1340072380026
 20
158.6344980783487
 30
0.0
  0
LINE
  5
CEF
330
70
100
AcDbEntity
  8
Visible
100
AcDbLine
 10
314.689651
 20
159.468616
 30
0.0
 11
314.748274
 21
158.844837
 31
0.0
  0
SPLINE
  5
CF0
330
70
100
AcDbEntity
  8
Visible
100
AcDbSpline
210
0.0
220
0.0
230
1.0
 70
     8
 71
     3
 72
     9
 73
     5
 74
     0
 42
0.000000001
 43
0.0000000001
 40
0.0
 40
0.0
 40
0.0
 40
0.0
 40
0.0467825841956367
 40
0.0949136120566798
 40
0.0949136120566798
 40
0.0949136120566798
 40
0.0949136120566798
 10
313.7927494954674
 20
159.1882273746741
 30
0.0
 10
313.9301849172316
 20
159.2658174789176
 30
0.0
 10
314.2090171478285
 20
159.4232341154747
 30
0.0
 10
314.527929391299
 20
159.4533463585121
 30
0.0
 10
314.6896509162016
 20
159.4686163832975
 30
0.0
  0
LINE
  5
CF1
330
70
100
AcDbEntity
  8
Visible
100
AcDbLine
 10
310.0428
 20
154.742577
 30
0.0
 11
309.475523
 21
155.129653
 31
0.0
  0
LINE
  5
CF2
330
70
100
AcDbEntity
  8
Visible
100
AcDbLine
 10
309.920493
 20
154.66483
 30
0.0
 11
310.0428
 21
154.742577
 31
0.0
  0
LINE
  5
CF3
330
70
100
AcDbEntity
  8
Visible
100
AcDbLine
 10
309.466949
 20
154.372539
 30
0.0
 11
309.920493
 21
154.66483
 31
0.0
  0
LINE
  5
CF4
330
70
100
AcDbEntity
  8
Visible
100
AcDbLine
 10
309.463535
 20
154.071058
 30
0.0
 11
309.466949
 21
154.372539
 31
0.0
  0
LINE
  5
CF5
330
70
100
AcDbEntity
  8
Visible
100
AcDbLine
 10
310.2363
 20
154.601223
 30
0.0
 11
309.463535
 21
154.071058
 31
0.0
  0
LINE
  5
CF6
330
70
100
AcDbEntity
  8
Visible
100
AcDbLine
 10
310.912715
 20
154.092848
 30
0.0
 11
310.2363
 21
154.601223
 31
0.0
  0
LINE
  5
CF7
330
70
100
AcDbEntity
  8
Visible
100
AcDbLine
 10
310.916037
 20
154.386145
 30
0.0
 11
310.912715
 21
154.092848
 31
0.0
  0
LINE
  5
CF8
330
70
100
AcDbEntity
  8
Visible
100
AcDbLine
 10
310.576395
 20
154.634208
 30
0.0
 11
310.916037
 21
154.386145
 31
0.0
  0
ARC
  5
CF9
330
70
100
AcDbEntity
  8
Visible
100
AcDbCircle
 10
307.635926
 20
150.655787
 30
0.0
 40
4.947140938988701
100
AcDbArc
 50
53.531722
 51
55.780284
  0
ARC
  5
CFA
330
70
100
AcDbEntity
  8
Visible
100
AcDbCircle
 10
308.312395
 20
158.404099
 30
0.0
 40
4.220386750188128
100
AcDbArc
 50
299.928703
 51
302.524322
  0
LINE
  5
CFB
330
70
100
AcDbEntity
  8
Visible
100
AcDbLine
 10
310.923714
 20
155.064137
 30
0.0
 11
310.581518
 21
154.845624
 31
0.0
  0
LINE
  5
CFC
330
70
100
AcDbEntity
  8
Visible
100
AcDbLine
 10
310.92719
 20
155.371075
 30
0.0
 11
310.923714
 21
155.064137
 31
0.0
  0
LINE
  5
CFD
330
70
100
AcDbEntity
  8
Visible
100
AcDbLine
 10
310.225918
 20
154.889217
 30
0.0
 11
310.92719
 21
155.371075
 31
0.0
  0
LINE
  5
CFE
330
70
100
AcDbEntity
  8
Visible
100
AcDbLine
 10
309.478891
 20
155.427041
 30
0.0
 11
310.225918
 21
154.889217
 31
0.0
  0
LINE
  5
CFF
330
70
100
AcDbEntity
  8
Visible
100
AcDbLine
 10
309.475523
 20
155.129653
 30
0.0
 11
309.478891
 21
155.427041
 31
0.0
  0
LINE
  5
D00
330
70
100
AcDbEntity
  8
Visible
100
AcDbLine
 10
311.092118
 20
156.08003
 30
0.0
 11
310.197493
 21
156.716395
 31
0.0
  0
LINE
  5
D01
330
70
100
AcDbEntity
  8
Visible
100
AcDbLine
 10
310.190402
 20
156.090241
 30
0.0
 11
311.092118
 21
156.08003
 31
0.0
  0
LINE
  5
D02
330
70
100
AcDbEntity
  8
Visible
100
AcDbLine
 10
310.197493
 20
156.716395
 30
0.0
 11
310.190402
 21
156.090241
 31
0.0
  0
LINE
  5
D03
330
70
100
AcDbEntity
  8
Visible
100
AcDbLine
 10
309.962534
 20
155.84724
 30
0.0
 11
309.483711
 21
155.852662
 31
0.0
  0
LINE
  5
D04
330
70
100
AcDbEntity
  8
Visible
100
AcDbLine
 10
309.959475
 20
155.577134
 30
0.0
 11
309.962534
 21
155.84724
 31
0.0
  0
LINE
  5
D05
330
70
100
AcDbEntity
  8
Visible
100
AcDbLine
 10
310.184563
 20
155.574586
 30
0.0
 11
309.959475
 21
155.577134
 31
0.0
  0
LINE
  5
D06
330
70
100
AcDbEntity
  8
Visible
100
AcDbLine
 10
310.187622
 20
155.844691
 30
0.0
 11
310.184563
 21
155.574586
 31
0.0
  0
LINE
  5
D07
330
70
100
AcDbEntity
  8
Visible
100
AcDbLine
 10
311.483582
 20
155.830015
 30
0.0
 11
310.187622
 21
155.844691
 31
0.0
  0
LINE
  5
D08
330
70
100
AcDbEntity
  8
Visible
100
AcDbLine
 10
311.485853
 20
156.030548
 30
0.0
 11
311.483582
 21
155.830015
 31
0.0
  0
LINE
  5
D09
330
70
100
AcDbEntity
  8
Visible
100
AcDbLine
 10
310.200227
 20
156.957853
 30
0.0
 11
311.485853
 21
156.030548
 31
0.0
  0
LINE
  5
D0A
330
70
100
AcDbEntity
  8
Visible
100
AcDbLine
 10
309.975139
 20
156.960402
 30
0.0
 11
310.200227
 21
156.957853
 31
0.0
  0
LINE
  5
D0B
330
70
100
AcDbEntity
  8
Visible
100
AcDbLine
 10
309.965314
 20
156.09279
 30
0.0
 11
309.975139
 21
156.960402
 31
0.0
  0
LINE
  5
D0C
330
70
100
AcDbEntity
  8
Visible
100
AcDbLine
 10
309.486491
 20
156.098213
 30
0.0
 11
309.965314
 21
156.09279
 31
0.0
  0
LINE
  5
D0D
330
70
100
AcDbEntity
  8
Visible
100
AcDbLine
 10
309.483711
 20
155.852662
 30
0.0
 11
309.486491
 21
156.098213
 31
0.0
  0
ARC
  5
D0E
330
70
100
AcDbEntity
  8
Visible
100
AcDbCircle
 10
270.291726
 20
67.994578
 30
0.0
 40
2.018690709041289
100
AcDbArc
 50
356.441885
 51
8.430676
  0
ARC
  5
D0F
330
70
100
AcDbEntity
  8
Visible
100
AcDbCircle
 10
261.679787
 20
68.894166
 30
0.0
 40
10.67604420945523
100
AcDbArc
 50
349.400404
 51
354.491284
  0
ARC
  5
D10
330
70
100
AcDbEntity
  8
Visible
100
AcDbCircle
 10
281.938135
 20
65.130394
 30
0.0
 40
9.928989995071514
100
AcDbArc
 50
169.555401
 51
177.018047
  0
SPLINE
  5
D11
330
70
100
AcDbEntity
  8
Visible
100
AcDbSpline
210
0.0
220
0.0
230
1.0
 70
     8
 71
     3
 72
     9
 73
     5
 74
     0
 42
0.000000001
 43
0.0000000001
 40
0.0
 40
0.0
 40
0.0
 40
0.0
 40
0.0339433127882931
 40
0.0736420598186291
 40
0.0736420598186291
 40
0.0736420598186291
 40
0.0736420598186291
 10
272.107534345254
 20
64.9177942604183
 30
0.0
 10
272.0805866035444
 20
65.02810900043733
 30
0.0
 10
272.0221218561765
 20
65.26744346770101
 30
0.0
 10
272.0224255967787
 20
65.51400046967683
 30
0.0
 10
272.0225893363767
 20
65.64691369988941
 30
0.0
  0
SPLINE
  5
D12
330
70
100
AcDbEntity
  8
Visible
100
AcDbSpline
210
0.0
220
0.0
230
1.0
 70
     8
 71
     3
 72
     9
 73
     5
 74
     0
 42
0.000000001
 43
0.0000000001
 40
0.0
 40
0.0
 40
0.0
 40
0.0
 40
0.0299157400796529
 40
0.0605775134476348
 40
0.0605775134476348
 40
0.0605775134476348
 40
0.0605775134476348
 10
272.3961909033278
 20
64.38873711611813
 30
0.0
 10
272.3353727066169
 20
64.46854856151185
 30
0.0
 10
272.2122196400615
 20
64.63016177561439
 30
0.0
 10
272.1427147691302
 20
64.82113280711018
 30
0.0
 10
272.107534345254
 20
64.9177942604183
 30
0.0
  0
SPLINE
  5
D13
330
70
100
AcDbEntity
  8
Visible
100
AcDbSpline
210
0.0
220
0.0
230
1.0
 70
     8
 71
     3
 72
     9
 73
     5
 74
     0
 42
0.000000001
 43
0.0000000001
 40
0.0
 40
0.0
 40
0.0
 40
0.0
 40
0.0546459489506171
 40
0.1098799847567644
 40
0.1098799847567644
 40
0.1098799847567644
 40
0.1098799847567644
 10
273.3564758980683
 20
63.90693688400824
 30
0.0
 10
273.1716057800804
 20
63.93547855333418
 30
0.0
 10
272.7998760153568
 20
63.99286905071858
 30
0.0
 10
272.5312318759606
 20
64.25631110635731
 30
0.0
 10
272.3961909033278
 20
64.38873711611813
 30
0.0
  0
SPLINE
  5
D14
330
70
100
AcDbEntity
  8
Visible
100
AcDbSpline
210
0.0
220
0.0
230
1.0
 70
     8
 71
     3
 72
     9
 73
     5
 74
     0
 42
0.000000001
 43
0.0000000001
 40
0.0
 40
0.0
 40
0.0
 40
0.0
 40
0.06522853707566
 40
0.1230336769143121
 40
0.1230336769143121
 40
0.1230336769143121
 40
0.1230336769143121
 10
274.482825275807
 20
64.34081061580219
 30
0.0
 10
274.3053782122188
 20
64.20598949941814
 30
0.0
 10
273.9706786210609
 20
63.95169071520649
 30
0.0
 10
273.5528058394448
 20
63.92124244913611
 30
0.0
 10
273.3564758980683
 20
63.90693688400824
 30
0.0
  0
SPLINE
  5
D15
330
70
100
AcDbEntity
  8
Visible
100
AcDbSpline
210
0.0
220
0.0
230
1.0
 70
     8
 71
     3
 72
     9
 73
     5
 74
     0
 42
0.000000001
 43
0.0000000001
 40
0.0
 40
0.0
 40
0.0
 40
0.0
 40
0.0567842975073301
 40
0.1214839278824264
 40
0.1214839278824264
 40
0.1214839278824264
 40
0.1214839278824264
 10
275.1083911501319
 20
65.35841597927356
 30
0.0
 10
275.0563723985251
 20
65.17267807013741
 30
0.0
 10
274.9450838461271
 20
64.77531168983659
 30
0.0
 10
274.6434622241886
 20
64.49180170841282
 30
0.0
 10
274.482825275807
 20
64.34081061580219
 30
0.0
  0
SPLINE
  5
D16
330
70
100
AcDbEntity
  8
Visible
100
AcDbSpline
210
0.0
220
0.0
230
1.0
 70
     8
 71
     3
 72
     9
 73
     5
 74
     0
 42
0.000000001
 43
0.0000000001
 40
0.0
 40
0.0
 40
0.0
 40
0.0
 40
0.0640875690979905
 40
0.1204171953652634
 40
0.1204171953652634
 40
0.1204171953652634
 40
0.1204171953652634
 10
274.7829466551812
 20
66.49413487923812
 30
0.0
 10
274.8993192337657
 20
66.3086514590941
 30
0.0
 10
275.1179772313753
 20
65.9601377995059
 30
0.0
 10
275.1114462566893
 20
65.55018613353968
 30
0.0
 10
275.1083911501319
 20
65.35841597927356
 30
0.0
  0
LINE
  5
D17
330
70
100
AcDbEntity
  8
Visible
100
AcDbLine
 10
274.260266
 20
66.134794
 30
0.0
 11
274.782947
 21
66.494135
 31
0.0
  0
SPLINE
  5
D18
330
70
100
AcDbEntity
  8
Visible
100
AcDbSpline
210
0.0
220
0.0
230
1.0
 70
     8
 71
     3
 72
     9
 73
     5
 74
     0
 42
0.000000001
 43
0.0000000001
 40
0.0
 40
0.0
 40
0.0
 40
0.0
 40
0.0375179224469414
 40
0.080033528296939
 40
0.080033528296939
 40
0.080033528296939
 40
0.080033528296939
 10
274.5321885814174
 20
65.39900847351418
 30
0.0
 10
274.5255691952971
 20
65.52672456135042
 30
0.0
 10
274.5114486685797
 20
65.79916952799795
 30
0.0
 10
274.3474078971722
 20
66.01835700891206
 30
0.0
 10
274.2602657590105
 20
66.13479431642736
 30
0.0
  0
SPLINE
  5
D19
330
70
100
AcDbEntity
  8
Visible
100
AcDbSpline
210
0.0
220
0.0
230
1.0
 70
     8
 71
     3
 72
     9
 73
     5
 74
     0
 42
0.000000001
 43
0.0000000001
 40
0.0
 40
0.0
 40
0.0
 40
0.0
 40
0.0404549371653898
 40
0.0773517855131119
 40
0.0773517855131119
 40
0.0773517855131119
 40
0.0773517855131119
 10
274.1640412891156
 20
64.73680999966018
 30
0.0
 10
274.2635170262638
 20
64.83306611205444
 30
0.0
 10
274.4537194199093
 20
65.01711242832789
 30
0.0
 10
274.5068467925994
 20
65.27567430322597
 30
0.0
 10
274.5321885814174
 20
65.39900847351418
 30
0.0
  0
SPLINE
  5
D1A
330
70
100
AcDbEntity
  8
Visible
100
AcDbSpline
210
0.0
220
0.0
230
1.0
 70
     8
 71
     3
 72
     9
 73
     5
 74
     0
 42
0.000000001
 43
0.0000000001
 40
0.0
 40
0.0
 40
0.0
 40
0.0
 40
0.0354522657680567
 40
0.073951784839967
 40
0.073951784839967
 40
0.073951784839967
 40
0.073951784839967
 10
273.4832798737189
 20
64.48704883050232
 30
0.0
 10
273.6039498632526
 20
64.49371999281902
 30
0.0
 10
273.8556618740186
 20
64.5076357285161
 30
0.0
 10
274.0584626185282
 20
64.65834848862505
 30
0.0
 10
274.1640412891156
 20
64.73680999966018
 30
0.0
  0
SPLINE
  5
D1B
330
70
100
AcDbEntity
  8
Visible
100
AcDbSpline
210
0.0
220
0.0
230
1.0
 70
     8
 71
     3
 72
     9
 73
     5
 74
     0
 42
0.000000001
 43
0.0000000001
 40
0.0
 40
0.0
 40
0.0
 40
0.0
 40
0.034264038726457
 40
0.0683626398964349
 40
0.0683626398964349
 40
0.0683626398964349
 40
0.0683626398964349
 10
272.8857331760391
 20
64.78705372649892
 30
0.0
 10
272.9695817979973
 20
64.70505516286721
 30
0.0
 10
273.1368741943952
 20
64.5414539504618
 30
0.0
 10
273.3679977535794
 20
64.50515458900918
 30
0.0
 10
273.4832798737189
 20
64.48704883050232
 30
0.0
  0
SPLINE
  5
D1C
330
70
100
AcDbEntity
  8
Visible
100
AcDbSpline
210
0.0
220
0.0
230
1.0
 70
     8
 71
     3
 72
     9
 73
     5
 74
     0
 42
0.000000001
 43
0.0000000001
 40
0.0
 40
0.0
 40
0.0
 40
0.0
 40
0.0436421144295078
 40
0.0802048661387144
 40
0.0802048661387144
 40
0.0802048661387144
 40
0.0802048661387144
 10
272.6256980290655
 20
65.53518556925155
 30
0.0
 10
272.6413846910436
 20
65.38804888309096
 30
0.0
 10
272.6702134185361
 20
65.11764314377614
 30
0.0
 10
272.81824875247
 20
64.890569230236
 30
0.0
 10
272.8857331760391
 20
64.78705372649892
 30
0.0
  0
ARC
  5
D1D
330
70
100
AcDbEntity
  8
Visible
100
AcDbCircle
 10
279.43412
 20
65.616555
 30
0.0
 40
6.808908598421566
100
AcDbArc
 50
167.798884
 51
180.684727
  0
ARC
  5
D1E
330
70
100
AcDbEntity
  8
Visible
100
AcDbCircle
 10
266.570118
 20
68.298304
 30
0.0
 40
6.332041840262858
100
AcDbArc
 50
348.681645
 51
358.68237
  0
SPLINE
  5
D1F
330
70
100
AcDbEntity
  8
Visible
100
AcDbSpline
210
0.0
220
0.0
230
1.0
 70
     8
 71
     3
 72
     9
 73
     5
 74
     0
 42
0.000000001
 43
0.0000000001
 40
0.0
 40
0.0
 40
0.0
 40
0.0
 40
0.0373135268065793
 40
0.0781177067217637
 40
0.0781177067217637
 40
0.0781177067217637
 40
0.0781177067217637
 10
272.7775936298913
 20
68.92118403934182
 30
0.0
 10
272.8133404097007
 20
68.80147840186509
 30
0.0
 10
272.8881780543925
 20
68.55086875218148
 30
0.0
 10
272.8962624312935
 20
68.28931824696337
 30
0.0
 10
272.9004852430407
 20
68.15269936349068
 30
0.0
  0
SPLINE
  5
D20
330
70
100
AcDbEntity
  8
Visible
100
AcDbSpline
210
0.0
220
0.0
230
1.0
 70
     8
 71
     3
 72
     9
 73
     5
 74
     0
 42
0.000000001
 43
0.0000000001
 40
0.0
 40
0.0
 40
0.0
 40
0.0
 40
0.0217910858077039
 40
0.0434483202064348
 40
0.0434483202064348
 40
0.0434483202064348
 40
0.0434483202064348
 10
272.5560048895823
 20
69.292378890088
 30
0.0
 10
272.6023994135758
 20
69.23589972521767
 30
0.0
 10
272.6949034839108
 20
69.12328831787454
 30
0.0
 10
272.7500869158357
 20
68.98841362919483
 30
0.0
 10
272.7775936298913
 20
68.92118403934182
 30
0.0
  0
LINE
  5
D21
330
70
100
AcDbEntity
  8
Visible
100
AcDbLine
 10
270.038149
 20
67.151621
 30
0.0
 11
272.556005
 21
69.292379
 31
0.0
  0
LINE
  5
D22
330
70
100
AcDbEntity
  8
Visible
100
AcDbLine
 10
270.420348
 20
66.702097
 30
0.0
 11
270.038149
 21
67.151621
 31
0.0
  0
LINE
  5
D23
330
70
100
AcDbEntity
  8
Visible
100
AcDbLine
 10
272.288602
 20
68.290544
 30
0.0
 11
270.420348
 21
66.702097
 31
0.0
  0
LINE
  5
D24
330
70
100
AcDbEntity
  8
Visible
100
AcDbLine
 10
270.148939
 20
69.428501
 30
0.0
 11
270.026565
 21
69.328156
 31
0.0
  0
SPLINE
  5
D25
330
70
100
AcDbEntity
  8
Visible
100
AcDbSpline
210
0.0
220
0.0
230
1.0
 70
     8
 71
     3
 72
     9
 73
     5
 74
     0
 42
0.000000001
 43
0.0000000001
 40
0.0
 40
0.0
 40
0.0
 40
0.0
 40
0.0189098806386352
 40
0.034669533441709
 40
0.034669533441709
 40
0.034669533441709
 40
0.034669533441709
 10
270.1481823799422
 20
69.77367558465084
 30
0.0
 10
270.1397102293031
 20
69.7108263970058
 30
0.0
 10
270.1241773174097
 20
69.59559817031913
 30
0.0
 10
270.1412004147005
 20
69.48072030561161
 30
0.0
 10
270.1489385662226
 20
69.42850052983704
 30
0.0
  0
ARC
  5
D26
330
70
100
AcDbEntity
  8
Visible
100
AcDbCircle
 10
271.612
 20
69.535779
 30
0.0
 40
1.483022385943092
100
AcDbArc
 50
154.103017
 51
170.769107
  0
LINE
  5
D27
330
70
100
AcDbEntity
  8
Visible
100
AcDbLine
 10
270.127385
 20
70.367056
 30
0.0
 11
270.277901
 21
70.183495
 31
0.0
  0
ARC
  5
D28
330
70
100
AcDbEntity
  8
Visible
100
AcDbCircle
 10
271.562183
 20
69.554671
 30
0.0
 40
1.648822556510555
100
AcDbArc
 50
150.481397
 51
160.501394
  0
ARC
  5
D29
330
70
100
AcDbEntity
  8
Visible
100
AcDbCircle
 10
271.191784
 20
69.647555
 30
0.0
 40
1.269175545459481
100
AcDbArc
 50
158.872567
 51
171.884678
  0
LINE
  5
D2A
330
70
100
AcDbEntity
  8
Visible
100
AcDbLine
 10
268.94312
 20
71.03674
 30
0.0
 11
269.935318
 21
69.82672
 31
0.0
  0
LINE
  5
D2B
330
70
100
AcDbEntity
  8
Visible
100
AcDbLine
 10
268.75323
 20
70.881034
 30
0.0
 11
268.94312
 21
71.03674
 31
0.0
  0
LINE
  5
D2C
330
70
100
AcDbEntity
  8
Visible
100
AcDbLine
 10
270.026565
 20
69.328156
 30
0.0
 11
268.75323
 21
70.881034
 31
0.0
  0
SPLINE
  5
D2D
330
70
100
AcDbEntity
  8
Visible
100
AcDbSpline
210
0.0
220
0.0
230
1.0
 70
     8
 71
     3
 72
     9
 73
     5
 74
     0
 42
0.000000001
 43
0.0000000001
 40
0.0
 40
0.0
 40
0.0
 40
0.0
 40
0.0156273306865913
 40
0.0315861079404347
 40
0.0315861079404347
 40
0.0315861079404347
 40
0.0315861079404347
 10
268.9091922219468
 20
68.67480323526797
 30
0.0
 10
268.9467910540606
 20
68.71367129412283
 30
0.0
 10
269.0227861675849
 20
68.79223178068605
 30
0.0
 10
269.025746564892
 20
68.90159456957917
 30
0.0
 10
269.0272422959042
 20
68.95684975933182
 30
0.0
  0
SPLINE
  5
D2E
330
70
100
AcDbEntity
  8
Visible
100
AcDbSpline
210
0.0
220
0.0
230
1.0
 70
     8
 71
     3
 72
     9
 73
     5
 74
     0
 42
0.000000001
 43
0.0000000001
 40
0.0
 40
0.0
 40
0.0
 40
0.0
 40
0.0177703700644777
 40
0.0340583348573086
 40
0.0340583348573086
 40
0.0340583348573086
 40
0.0340583348573086
 10
268.5841872917008
 20
68.61825139353641
 30
0.0
 10
268.6446879745163
 20
68.606661074773
 30
0.0
 10
268.760642369778
 20
68.58444730228621
 30
0.0
 10
268.8611335805199
 20
68.64557140958459
 30
0.0
 10
268.9091922219468
 20
68.67480323526797
 30
0.0
  0
SPLINE
  5
D2F
330
70
100
AcDbEntity
  8
Visible
100
AcDbSpline
210
0.0
220
0.0
230
1.0
 70
     8
 71
     3
 72
     9
 73
     5
 74
     0
 42
0.000000001
 43
0.0000000001
 40
0.0
 40
0.0
 40
0.0
 40
0.0
 40
0.0411991481537291
 40
0.0672012089097054
 40
0.0672012089097054
 40
0.0672012089097054
 40
0.0672012089097054
 10
268.0789613538181
 20
69.05258347266499
 30
0.0
 10
268.1661605989084
 20
68.94396000931738
 30
0.0
 10
268.3083939932567
 20
68.76678090780661
 30
0.0
 10
268.5072458482518
 20
68.65968849620549
 30
0.0
 10
268.5841872917008
 20
68.61825139353641
 30
0.0
  0
SPLINE
  5
D30
330
70
100
AcDbEntity
  8
Visible
100
AcDbSpline
210
0.0
220
0.0
230
1.0
 70
     8
 71
     3
 72
     9
 73
     5
 74
     0
 42
0.000000001
 43
0.0000000001
 40
0.0
 40
0.0
 40
0.0
 40
0.0
 40
0.0260342171008199
 40
0.0670632558465381
 40
0.0670632558465381
 40
0.0670632558465381
 40
0.0670632558465381
 10
267.7528867746842
 20
69.6320524020648
 30
0.0
 10
267.7785126079962
 20
69.54839211820763
 30
0.0
 10
267.8445238811219
 20
69.33288607864779
 30
0.0
 10
267.9899749539363
 20
69.15897909063824
 30
0.0
 10
268.0789613538181
 20
69.05258347266499
 30
0.0
  0
SPLINE
  5
D31
330
70
100
AcDbEntity
  8
Visible
100
AcDbSpline
210
0.0
220
0.0
230
1.0
 70
     8
 71
     3
 72
     9
 73
     5
 74
     0
 42
0.000000001
 43
0.0000000001
 40
0.0
 40
0.0
 40
0.0
 40
0.0
 40
0.016098518822424
 40
0.0338897055589784
 40
0.0338897055589784
 40
0.0338897055589784
 40
0.0338897055589784
 10
267.8690376771811
 20
69.9390058203171
 30
0.0
 10
267.8316340602087
 20
69.89787747939044
 30
0.0
 10
267.7528940481607
 20
69.81129638584206
 30
0.0
 10
267.7528892785849
 20
69.69375728069826
 30
0.0
 10
267.7528867746842
 20
69.6320524020648
 30
0.0
  0
SPLINE
  5
D32
330
70
100
AcDbEntity
  8
Visible
100
AcDbSpline
210
0.0
220
0.0
230
1.0
 70
     8
 71
     3
 72
     9
 73
     5
 74
     0
 42
0.000000001
 43
0.0000000001
 40
0.0
 40
0.0
 40
0.0
 40
0.0
 40
0.0177559312677788
 40
0.0338501747490336
 40
0.0338501747490336
 40
0.0338501747490336
 40
0.0338501747490336
 10
268.1923656781291
 20
69.99330022343929
 30
0.0
 10
268.1319588609294
 20
70.00521507702979
 30
0.0
 10
268.0167983949759
 20
70.02792973333635
 30
0.0
 10
267.9166525469391
 20
69.96766093650695
 30
0.0
 10
267.8690376771811
 20
69.9390058203171
 30
0.0
  0
SPLINE
  5
D33
330
70
100
AcDbEntity
  8
Visible
100
AcDbSpline
210
0.0
220
0.0
230
1.0
 70
     8
 71
     3
 72
     9
 73
     5
 74
     0
 42
0.000000001
 43
0.0000000001
 40
0.0
 40
0.0
 40
0.0
 40
0.0
 40
0.0411140930152887
 40
0.0671322115200147
 40
0.0671322115200147
 40
0.0671322115200147
 40
0.0671322115200147
 10
268.6971586068357
 20
69.55949527461598
 30
0.0
 10
268.6101083626509
 20
69.667859655543
 30
0.0
 10
268.4679703516449
 20
69.84479996987648
 30
0.0
 10
268.2693457065852
 20
69.95182213963563
 30
0.0
 10
268.1923656781291
 20
69.99330022343929
 30
0.0
  0
SPLINE
  5
D34
330
70
100
AcDbEntity
  8
Visible
100
AcDbSpline
210
0.0
220
0.0
230
1.0
 70
     8
 71
     3
 72
     9
 73
     5
 74
     0
 42
0.000000001
 43
0.0000000001
 40
0.0
 40
0.0
 40
0.0
 40
0.0
 40
0.0277083759905545
 40
0.0693368929506909
 40
0.0693368929506909
 40
0.0693368929506909
 40
0.0693368929506909
 10
269.0272422959042
 20
68.95684975933182
 30
0.0
 10
269.0012587818874
 20
69.04633916690182
 30
0.0
 10
268.9362381494811
 20
69.27027569334859
 30
0.0
 10
268.7868489599277
 20
69.45099495678005
 30
0.0
 10
268.6971586068357
 20
69.55949527461598
 30
0.0
  0
SPLINE
  5
D35
330
70
100
AcDbEntity
  8
Visible
100
AcDbSpline
210
0.0
220
0.0
230
1.0
 70
     8
 71
     3
 72
     9
 73
     5
 74
     0
 42
0.000000001
 43
0.0000000001
 40
0.0
 40
0.0
 40
0.0
 40
0.0
 40
0.026333914574837
 40
0.0513634826096901
 40
0.0513634826096901
 40
0.0513634826096901
 40
0.0513634826096901
 10
267.7410122708534
 20
70.09513742783565
 30
0.0
 10
267.8158883647557
 20
70.14654032746694
 30
0.0
 10
267.9619318607274
 20
70.24680008694122
 30
0.0
 10
268.1379972435116
 20
70.23069266925813
 30
0.0
 10
268.223794394582
 20
70.22284347979075
 30
0.0
  0
SPLINE
  5
D36
330
70
100
AcDbEntity
  8
Visible
100
AcDbSpline
210
0.0
220
0.0
230
1.0
 70
     8
 71
     3
 72
     9
 73
     5
 74
     0
 42
0.000000001
 43
0.0000000001
 40
0.0
 40
0.0
 40
0.0
 40
0.0
 40
0.0185354309592938
 40
0.0388226534349467
 40
0.0388226534349467
 40
0.0388226534349467
 40
0.0388226534349467
 10
267.5346957163711
 20
69.77335255922298
 30
0.0
 10
267.5535987058156
 20
69.83333886989931
 30
0.0
 10
267.5931912143314
 20
69.95898082315943
 30
0.0
 10
267.6902783010373
 20
70.04840683860675
 30
0.0
 10
267.7410122708534
 20
70.09513742783565
 30
0.0
  0
SPLINE
  5
D37
330
70
100
AcDbEntity
  8
Visible
100
AcDbSpline
210
0.0
220
0.0
230
1.0
 70
     8
 71
     3
 72
     9
 73
     5
 74
     0
 42
0.000000001
 43
0.0000000001
 40
0.0
 40
0.0
 40
0.0
 40
0.0
 40
0.021184564583552
 40
0.0402125925746742
 40
0.0402125925746742
 40
0.0402125925746742
 40
0.0402125925746742
 10
267.5794209038559
 20
69.37778284005435
 30
0.0
 10
267.5569251990546
 20
69.44570487487908
 30
0.0
 10
267.5142237968976
 20
69.57463464836656
 30
0.0
 10
267.5281201563393
 20
69.70952456528903
 30
0.0
 10
267.5346957163711
 20
69.77335255922298
 30
0.0
  0
SPLINE
  5
D38
330
70
100
AcDbEntity
  8
Visible
100
AcDbSpline
210
0.0
220
0.0
230
1.0
 70
     8
 71
     3
 72
     9
 73
     5
 74
     0
 42
0.000000001
 43
0.0000000001
 40
0.0
 40
0.0
 40
0.0
 40
0.0
 40
0.0318555617337857
 40
0.0574536216840496
 40
0.0574536216840496
 40
0.0574536216840496
 40
0.0574536216840496
 10
267.8837971324865
 20
68.89255195096303
 30
0.0
 10
267.8173116051839
 20
68.97593535990381
 30
0.0
 10
267.6974005402026
 20
69.12632287690939
 30
0.0
 10
267.6157844036024
 20
69.30027824189346
 30
0.0
 10
267.5794209038559
 20
69.37778284005435
 30
0.0
  0
ARC
  5
D39
330
70
100
AcDbEntity
  8
Visible
100
AcDbCircle
 10
269.443249
 20
70.106136
 30
0.0
 40
1.976025335526303
100
AcDbArc
 50
217.890497
 51
231.692454
  0
SPLINE
  5
D3A
330
70
100
AcDbEntity
  8
Visible
100
AcDbSpline
210
0.0
220
0.0
230
1.0
 70
     8
 71
     3
 72
     9
 73
     5
 74
     0
 42
0.000000001
 43
0.0000000001
 40
0.0
 40
0.0
 40
0.0
 40
0.0
 40
0.0152703100348924
 40
0.0323328542251258
 40
0.0323328542251258
 40
0.0323328542251258
 40
0.0323328542251258
 10
268.5029233178557
 20
68.40430058167476
 30
0.0
 10
268.4552052740382
 20
68.42256433045986
 30
0.0
 10
268.3541686512599
 20
68.46123539382825
 30
0.0
 10
268.2652624390503
 20
68.52297751323931
 30
0.0
 10
268.2183452642148
 20
68.55555977874065
 30
0.0
  0
SPLINE
  5
D3B
330
70
100
AcDbEntity
  8
Visible
100
AcDbSpline
210
0.0
220
0.0
230
1.0
 70
     8
 71
     3
 72
     9
 73
     5
 74
     0
 42
0.000000001
 43
0.0000000001
 40
0.0
 40
0.0
 40
0.0
 40
0.0
 40
0.0136190759140628
 40
0.0276411191356048
 40
0.0276411191356048
 40
0.0276411191356048
 40
0.0276411191356048
 10
268.7765102396188
 20
68.38693373236492
 30
0.0
 10
268.7310387097404
 20
68.38104326772555
 30
0.0
 10
268.6387502180296
 20
68.36908804874474
 30
0.0
 10
268.5486368584788
 20
68.39244954515379
 30
0.0
 10
268.5029233178557
 20
68.40430058167476
 30
0.0
  0
SPLINE
  5
D3C
330
70
100
AcDbEntity
  8
Visible
100
AcDbSpline
210
0.0
220
0.0
230
1.0
 70
     8
 71
     3
 72
     9
 73
     5
 74
     0
 42
0.000000001
 43
0.0000000001
 40
0.0
 40
0.0
 40
0.0
 40
0.0
 40
0.0151957276004776
 40
0.0291972763413675
 40
0.0291972763413675
 40
0.0291972763413675
 40
0.0291972763413675
 10
269.0359726918578
 20
68.51588641819216
 30
0.0
 10
268.9950380263836
 20
68.48520461656153
 30
0.0
 10
268.9163856070209
 20
68.42625218832655
 30
0.0
 10
268.8218464674119
 20
68.39967758075545
 30
0.0
 10
268.7765102396188
 20
68.38693373236492
 30
0.0
  0
SPLINE
  5
D3D
330
70
100
AcDbEntity
  8
Visible
100
AcDbSpline
210
0.0
220
0.0
230
1.0
 70
     8
 71
     3
 72
     9
 73
     5
 74
     0
 42
0.000000001
 43
0.0000000001
 40
0.0
 40
0.0
 40
0.0
 40
0.0
 40
0.0184810038635591
 40
0.0386646142894838
 40
0.0386646142894838
 40
0.0386646142894838
 40
0.0386646142894838
 10
269.2416672390373
 20
68.83627905996218
 30
0.0
 10
269.2227161564642
 20
68.77650946779795
 30
0.0
 10
269.1830680776348
 20
68.65146386722881
 30
0.0
 10
269.0864230831194
 20
68.56238641759046
 30
0.0
 10
269.0359726918578
 20
68.51588641819216
 30
0.0
  0
SPLINE
  5
D3E
330
70
100
AcDbEntity
  8
Visible
100
AcDbSpline
210
0.0
220
0.0
230
1.0
 70
     8
 71
     3
 72
     9
 73
     5
 74
     0
 42
0.000000001
 43
0.0000000001
 40
0.0
 40
0.0
 40
0.0
 40
0.0
 40
0.0211909857535031
 40
0.0401920335923215
 40
0.0401920335923215
 40
0.0401920335923215
 40
0.0401920335923215
 10
269.1979017831236
 20
69.23175374542006
 30
0.0
 10
269.2202355520731
 20
69.1637549860934
 30
0.0
 10
269.2625950535294
 20
69.03478465640546
 30
0.0
 10
269.2483850917779
 20
68.89999958680528
 30
0.0
 10
269.2416672390373
 20
68.83627905996218
 30
0.0
  0
SPLINE
  5
D3F
330
70
100
AcDbEntity
  8
Visible
100
AcDbSpline
210
0.0
220
0.0
230
1.0
 70
     8
 71
     3
 72
     9
 73
     5
 74
     0
 42
0.000000001
 43
0.0000000001
 40
0.0
 40
0.0
 40
0.0
 40
0.0
 40
0.0320608374303245
 40
0.0577364233305481
 40
0.0577364233305481
 40
0.0577364233305481
 40
0.0577364233305481
 10
268.8923232890756
 20
69.71952717425302
 30
0.0
 10
268.9592612377765
 20
69.63561528478931
 30
0.0
 10
269.0798057416923
 20
69.48450343741206
 30
0.0
 10
269.1615498826704
 20
69.3095542502615
 30
0.0
 10
269.1979017831236
 20
69.23175374542006
 30
0.0
  0
SPLINE
  5
D40
330
70
100
AcDbEntity
  8
Visible
100
AcDbSpline
210
0.0
220
0.0
230
1.0
 70
     8
 71
     3
 72
     9
 73
     5
 74
     0
 42
0.000000001
 43
0.0000000001
 40
0.0
 40
0.0
 40
0.0
 40
0.0
 40
0.0360088304475199
 40
0.0847596463469006
 40
0.0847596463469006
 40
0.0847596463469006
 40
0.0847596463469006
 10
268.223794394582
 20
70.22284347979075
 30
0.0
 10
268.3361539124107
 20
70.17630026882216
 30
0.0
 10
268.6006321772293
 20
70.06674419459159
 30
0.0
 10
268.785813436185
 20
69.8463120924589
 30
0.0
 10
268.8923232890756
 20
69.71952717425302
 30
0.0
  0
LINE
  5
D41
330
70
100
AcDbEntity
  8
Visible
100
AcDbLine
 10
274.361671
 20
73.278068
 30
0.0
 11
273.282105
 21
74.594638
 31
0.0
  0
LINE
  5
D42
330
70
100
AcDbEntity
  8
Visible
100
AcDbLine
 10
272.834809
 20
74.227862
 30
0.0
 11
274.361671
 21
73.278068
 31
0.0
  0
LINE
  5
D43
330
70
100
AcDbEntity
  8
Visible
100
AcDbLine
 10
272.650193
 20
74.076481
 30
0.0
 11
272.834809
 21
74.227862
 31
0.0
  0
LINE
  5
D44
330
70
100
AcDbEntity
  8
Visible
100
AcDbLine
 10
273.262188
 20
72.413559
 30
0.0
 11
272.650193
 21
74.076481
 31
0.0
  0
LINE
  5
D45
330
70
100
AcDbEntity
  8
Visible
100
AcDbLine
 10
272.200787
 20
73.707975
 30
0.0
 11
273.262188
 21
72.413559
 31
0.0
  0
LINE
  5
D46
330
70
100
AcDbEntity
  8
Visible
100
AcDbLine
 10
272.003513
 20
73.546213
 30
0.0
 11
272.200787
 21
73.707975
 31
0.0
  0
LINE
  5
D47
330
70
100
AcDbEntity
  8
Visible
100
AcDbLine
 10
273.271657
 20
71.999665
 30
0.0
 11
272.003513
 21
73.546213
 31
0.0
  0
LINE
  5
D48
330
70
100
AcDbEntity
  8
Visible
100
AcDbLine
 10
273.546997
 20
72.22544
 30
0.0
 11
273.271657
 21
71.999665
 31
0.0
  0
LINE
  5
D49
330
70
100
AcDbEntity
  8
Visible
100
AcDbLine
 10
273.034945
 20
73.60511
 30
0.0
 11
273.546997
 21
72.22544
 31
0.0
  0
ARC
  5
D4A
330
70
100
AcDbEntity
  8
Visible
100
AcDbCircle
 10
260.076968
 20
68.814658
 30
0.0
 40
13.81512180828685
100
AcDbArc
 50
20.288919
 51
21.689914
  0
ARC
  5
D4B
330
70
100
AcDbEntity
  8
Visible
100
AcDbCircle
 10
281.034186
 20
86.24775
 30
0.0
 40
14.76141931243687
100
AcDbArc
 50
236.626208
 51
237.833616
  0
LINE
  5
D4C
330
70
100
AcDbEntity
  8
Visible
100
AcDbLine
 10
274.43948
 20
72.957261
 30
0.0
 11
273.175506
 21
73.752125
 31
0.0
  0
LINE
  5
D4D
330
70
100
AcDbEntity
  8
Visible
100
AcDbLine
 10
274.747524
 20
73.209852
 30
0.0
 11
274.43948
 21
72.957261
 31
0.0
  0
LINE
  5
D4E
330
70
100
AcDbEntity
  8
Visible
100
AcDbLine
 10
273.479379
 20
74.7564
 30
0.0
 11
274.747524
 21
73.209852
 31
0.0
  0
LINE
  5
D4F
330
70
100
AcDbEntity
  8
Visible
100
AcDbLine
 10
273.282105
 20
74.594638
 30
0.0
 11
273.479379
 21
74.7564
 31
0.0
  0
SPLINE
  5
D50
330
70
100
AcDbEntity
  8
Visible
100
AcDbSpline
210
0.0
220
0.0
230
1.0
 70
     8
 71
     3
 72
     9
 73
     5
 74
     0
 42
0.000000001
 43
0.0000000001
 40
0.0
 40
0.0
 40
0.0
 40
0.0
 40
0.0478395048620328
 40
0.0944287846451511
 40
0.0944287846451511
 40
0.0944287846451511
 40
0.0944287846451511
 10
217.7749434187536
 20
90.10730025726116
 30
0.0
 10
217.9194908010086
 20
90.03488254996046
 30
0.0
 10
218.204808002125
 20
89.89193968073777
 30
0.0
 10
218.4014302554952
 20
89.64075879695338
 30
0.0
 10
218.4984397553872
 20
89.51683115651212
 30
0.0
  0
SPLINE
  5
D51
330
70
100
AcDbEntity
  8
Visible
100
AcDbSpline
210
0.0
220
0.0
230
1.0
 70
     8
 71
     3
 72
     9
 73
     5
 74
     0
 42
0.000000001
 43
0.0000000001
 40
0.0
 40
0.0
 40
0.0
 40
0.0
 40
0.0625678577146357
 40
0.1160400823040377
 40
0.1160400823040377
 40
0.1160400823040377
 40
0.1160400823040377
 10
216.6362335270005
 20
90.29772477887126
 30
0.0
 10
216.8462024015935
 20
90.29376015741219
 30
0.0
 10
217.2356164934154
 20
90.28640726061894
 30
0.0
 10
217.6048141165956
 20
90.16379910436262
 30
0.0
 10
217.7749434187536
 20
90.10730025726116
 30
0.0
  0
SPLINE
  5
D52
330
70
100
AcDbEntity
  8
Visible
100
AcDbSpline
210
0.0
220
0.0
230
1.0
 70
     8
 71
     3
 72
     9
 73
     5
 74
     0
 42
0.000000001
 43
0.0000000001
 40
0.0
 40
0.0
 40
0.0
 40
0.0
 40
0.0478082137764521
 40
0.0989051645819615
 40
0.0989051645819615
 40
0.0989051645819615
 40
0.0989051645819615
 10
215.674021568253
 20
90.09535808029978
 30
0.0
 10
215.8235880190423
 20
90.15351276633737
 30
0.0
 10
216.1330096280654
 20
90.27382261143612
 30
0.0
 10
216.4648145657302
 20
90.28958270787189
 30
0.0
 10
216.6362335270005
 20
90.29772477887126
 30
0.0
  0
SPLINE
  5
D53
330
70
100
AcDbEntity
  8
Visible
100
AcDbSpline
210
0.0
220
0.0
230
1.0
 70
     8
 71
     3
 72
     9
 73
     5
 74
     0
 42
0.000000001
 43
0.0000000001
 40
0.0
 40
0.0
 40
0.0
 40
0.0
 40
0.0419476274121707
 40
0.0864878849173591
 40
0.0864878849173591
 40
0.0864878849173591
 40
0.0864878849173591
 10
215.0210540817497
 20
89.54199090818292
 30
0.0
 10
215.1068374140232
 20
89.65459198431927
 30
0.0
 10
215.2837060339479
 20
89.88675359905574
 30
0.0
 10
215.541342022585
 20
90.02444738020495
 30
0.0
 10
215.674021568253
 20
90.09535808029978
 30
0.0
  0
SPLINE
  5
D54
330
70
100
AcDbEntity
  8
Visible
100
AcDbSpline
210
0.0
220
0.0
230
1.0
 70
     8
 71
     3
 72
     9
 73
     5
 74
     0
 42
0.000000001
 43
0.0000000001
 40
0.0
 40
0.0
 40
0.0
 40
0.0
 40
0.0391722043903984
 40
0.0794514608615325
 40
0.0794514608615325
 40
0.0794514608615325
 40
0.0794514608615325
 10
214.7974313909999
 20
88.78847622425746
 30
0.0
 10
214.8066154911903
 20
88.92043161498259
 30
0.0
 10
214.8252432449335
 20
89.18807160933102
 30
0.0
 10
214.9551803018894
 20
89.42292700773942
 30
0.0
 10
215.0210540817497
 20
89.54199090818292
 30
0.0
  0
SPLINE
  5
D55
330
70
100
AcDbEntity
  8
Visible
100
AcDbSpline
210
0.0
220
0.0
230
1.0
 70
     8
 71
     3
 72
     9
 73
     5
 74
     0
 42
0.000000001
 43
0.0000000001
 40
0.0
 40
0.0
 40
0.0
 40
0.0
 40
0.036694047816813
 40
0.074950017706766
 40
0.074950017706766
 40
0.074950017706766
 40
0.074950017706766
 10
215.0100956209862
 20
88.07872415890415
 30
0.0
 10
214.9487207599305
 20
88.18646749754226
 30
0.0
 10
214.8233585500711
 20
88.4065403872646
 30
0.0
 10
214.8061930178173
 20
88.65940773424155
 30
0.0
 10
214.7974313909999
 20
88.78847622425746
 30
0.0
  0
SPLINE
  5
D56
330
70
100
AcDbEntity
  8
Visible
100
AcDbSpline
210
0.0
220
0.0
230
1.0
 70
     8
 71
     3
 72
     9
 73
     5
 74
     0
 42
0.000000001
 43
0.0000000001
 40
0.0
 40
0.0
 40
0.0
 40
0.0
 40
0.0442711578075782
 40
0.0829664586425915
 40
0.0829664586425915
 40
0.0829664586425915
 40
0.0829664586425915
 10
215.6580054451242
 20
87.57303146541744
 30
0.0
 10
215.5243279285842
 20
87.63980475466633
 30
0.0
 10
215.273809290793
 20
87.76494138120142
 30
0.0
 10
215.0939714405649
 20
87.97892353928364
 30
0.0
 10
215.0100956209862
 20
88.07872415890415
 30
0.0
  0
ARC
  5
D57
330
70
100
AcDbEntity
  8
Visible
100
AcDbCircle
 10
217.991374
 20
93.74548
 30
0.0
 40
6.598767022232681
100
AcDbArc
 50
249.291922
 51
259.305335
  0
SPLINE
  5
D58
330
70
100
AcDbEntity
  8
Visible
100
AcDbSpline
210
0.0
220
0.0
230
1.0
 70
     8
 71
     3
 72
     9
 73
     5
 74
     0
 42
0.000000001
 43
0.0000000001
 40
0.0
 40
0.0
 40
0.0
 40
0.0
 40
0.0387245386833866
 40
0.1064411355295369
 40
0.1064411355295369
 40
0.1064411355295369
 40
0.1064411355295369
 10
217.7667135847769
 20
86.91140897947297
 30
0.0
 10
217.6530585432193
 20
86.97378660918365
 30
0.0
 10
217.3406578770427
 20
87.14524238279773
 30
0.0
 10
216.9899335529153
 20
87.21619413078952
 30
0.0
 10
216.7668068684543
 20
87.26133279725036
 30
0.0
  0
SPLINE
  5
D59
330
70
100
AcDbEntity
  8
Visible
100
AcDbSpline
210
0.0
220
0.0
230
1.0
 70
     8
 71
     3
 72
     9
 73
     5
 74
     0
 42
0.000000001
 43
0.0000000001
 40
0.0
 40
0.0
 40
0.0
 40
0.0
 40
0.0250329262714377
 40
0.0496074501857249
 40
0.0496074501857249
 40
0.0496074501857249
 40
0.0496074501857249
 10
217.9639962559668
 20
86.46929806275693
 30
0.0
 10
217.9556439313583
 20
86.55480640122368
 30
0.0
 10
217.9390922297134
 20
86.72425725147695
 30
0.0
 10
217.8238180658009
 20
86.84941056717617
 30
0.0
 10
217.7667135847769
 20
86.91140897947297
 30
0.0
  0
SPLINE
  5
D5A
330
70
100
AcDbEntity
  8
Visible
100
AcDbSpline
210
0.0
220
0.0
230
1.0
 70
     8
 71
     3
 72
     9
 73
     5
 74
     0
 42
0.000000001
 43
0.0000000001
 40
0.0
 40
0.0
 40
0.0
 40
0.0
 40
0.0318194678802681
 40
0.061404031288856
 40
0.061404031288856
 40
0.061404031288856
 40
0.061404031288856
 10
217.692890711809
 20
85.93717102608207
 30
0.0
 10
217.7724488428284
 20
86.01276944314122
 30
0.0
 10
217.9259771791549
 20
86.15865647003557
 30
0.0
 10
217.9516345111515
 20
86.36829423993914
 30
0.0
 10
217.9639962559668
 20
86.46929806275693
 30
0.0
  0
SPLINE
  5
D5B
330
70
100
AcDbEntity
  8
Visible
100
AcDbSpline
210
0.0
220
0.0
230
1.0
 70
     8
 71
     3
 72
     9
 73
     5
 74
     0
 42
0.000000001
 43
0.0000000001
 40
0.0
 40
0.0
 40
0.0
 40
0.0
 40
0.052175042689707
 40
0.0914111773029102
 40
0.0914111773029102
 40
0.0914111773029102
 40
0.0914111773029102
 10
216.8195087844342
 20
85.71150624471192
 30
0.0
 10
216.9967604850626
 20
85.71535060597671
 30
0.0
 10
217.3073071717172
 20
85.72208596394011
 30
0.0
 10
217.5770918678681
 20
85.87257645978207
 30
0.0
 10
217.692890711809
 20
85.93717102608207
 30
0.0
  0
SPLINE
  5
D5C
330
70
100
AcDbEntity
  8
Visible
100
AcDbSpline
210
0.0
220
0.0
230
1.0
 70
     8
 71
     3
 72
     9
 73
     5
 74
     0
 42
0.000000001
 43
0.0000000001
 40
0.0
 40
0.0
 40
0.0
 40
0.0
 40
0.0408015024712614
 40
0.0917677146525853
 40
0.0917677146525853
 40
0.0917677146525853
 40
0.0917677146525853
 10
215.9465350911378
 20
85.94799579774553
 30
0.0
 10
216.0658319067334
 20
85.878363537955
 30
0.0
 10
216.3341454606325
 20
85.72175182122373
 30
0.0
 10
216.6461993919529
 20
85.71516464771411
 30
0.0
 10
216.8195087844342
 20
85.71150624471192
 30
0.0
  0
SPLINE
  5
D5D
330
70
100
AcDbEntity
  8
Visible
100
AcDbSpline
210
0.0
220
0.0
230
1.0
 70
     8
 71
     3
 72
     9
 73
     5
 74
     0
 42
0.000000001
 43
0.0000000001
 40
0.0
 40
0.0
 40
0.0
 40
0.0
 40
0.0430940468117372
 40
0.0811550201418679
 40
0.0811550201418679
 40
0.0811550201418679
 40
0.0811550201418679
 10
215.5957097565188
 20
86.66196660769129
 30
0.0
 10
215.6204987764049
 20
86.51667492718116
 30
0.0
 10
215.6671816376565
 20
86.24306058527873
 30
0.0
 10
215.857348531239
 20
86.04219836807169
 30
0.0
 10
215.9465350911378
 20
85.94799579774553
 30
0.0
  0
LINE
  5
D5E
330
70
100
AcDbEntity
  8
Visible
100
AcDbLine
 10
214.961654
 20
86.610098
 30
0.0
 11
215.59571
 21
86.661967
 31
0.0
  0
SPLINE
  5
D5F
330
70
100
AcDbEntity
  8
Visible
100
AcDbSpline
210
0.0
220
0.0
230
1.0
 70
     8
 71
     3
 72
     9
 73
     5
 74
     0
 42
0.000000001
 43
0.0000000001
 40
0.0
 40
0.0
 40
0.0
 40
0.0
 40
0.0410395322923991
 40
0.0833167827029557
 40
0.0833167827029557
 40
0.0833167827029557
 40
0.0833167827029557
 10
215.2123328351609
 20
85.82385141476697
 30
0.0
 10
215.1441518938664
 20
85.94426891739567
 30
0.0
 10
215.0057337308663
 20
86.18873561425425
 30
0.0
 10
214.9764920027119
 20
86.46825946748322
 30
0.0
 10
214.9616539373965
 20
86.61009763688161
 30
0.0
  0
SPLINE
  5
D60
330
70
100
AcDbEntity
  8
Visible
100
AcDbSpline
210
0.0
220
0.0
230
1.0
 70
     8
 71
     3
 72
     9
 73
     5
 74
     0
 42
0.000000001
 43
0.0000000001
 40
0.0
 40
0.0
 40
0.0
 40
0.0
 40
0.0435925869402613
 40
0.0848804189198375
 40
0.0848804189198375
 40
0.0848804189198375
 40
0.0848804189198375
 10
215.8688800011441
 20
85.30116128482587
 30
0.0
 10
215.7361940580013
 20
85.36536978035655
 30
0.0
 10
215.477837322851
 20
85.49039204632572
 30
0.0
 10
215.2992176465104
 20
85.71472876086591
 30
0.0
 10
215.2123328351609
 20
85.82385141476697
 30
0.0
  0
SPLINE
  5
D61
330
70
100
AcDbEntity
  8
Visible
100
AcDbSpline
210
0.0
220
0.0
230
1.0
 70
     8
 71
     3
 72
     9
 73
     5
 74
     0
 42
0.000000001
 43
0.0000000001
 40
0.0
 40
0.0
 40
0.0
 40
0.0
 40
0.0525018915696528
 40
0.1001776247390344
 40
0.1001776247390344
 40
0.1001776247390344
 40
0.1001776247390344
 10
216.8505819335132
 20
85.12847626908296
 30
0.0
 10
216.6744882659295
 20
85.13324634639866
 30
0.0
 10
216.3384880795966
 20
85.14234801875501
 30
0.0
 10
216.0203064534016
 20
85.24995149829193
 30
0.0
 10
215.8688800011441
 20
85.30116128482587
 30
0.0
  0
SPLINE
  5
D62
330
70
100
AcDbEntity
  8
Visible
100
AcDbSpline
210
0.0
220
0.0
230
1.0
 70
     8
 71
     3
 72
     9
 73
     5
 74
     0
 42
0.000000001
 43
0.0000000001
 40
0.0
 40
0.0
 40
0.0
 40
0.0
 40
0.0454093460039148
 40
0.0937729281920734
 40
0.0937729281920734
 40
0.0937729281920734
 40
0.0937729281920734
 10
217.7669173396789
 20
85.30496447334371
 30
0.0
 10
217.6233479687526
 20
85.25430597469313
 30
0.0
 10
217.3268689067263
 20
85.14969324241793
 30
0.0
 10
217.0126440533204
 20
85.13569558824929
 30
0.0
 10
216.8505819335132
 20
85.12847626908296
 30
0.0
  0
SPLINE
  5
D63
330
70
100
AcDbEntity
  8
Visible
100
AcDbSpline
210
0.0
220
0.0
230
1.0
 70
     8
 71
     3
 72
     9
 73
     5
 74
     0
 42
0.000000001
 43
0.0000000001
 40
0.0
 40
0.0
 40
0.0
 40
0.0
 40
0.0392001405918682
 40
0.0811661215701934
 40
0.0811661215701934
 40
0.0811661215701934
 40
0.0811661215701934
 10
218.3912161947919
 20
85.80868949572323
 30
0.0
 10
218.309819759419
 20
85.70416788684269
 30
0.0
 10
218.1412838085489
 20
85.48774994841187
 30
0.0
 10
217.8945092169088
 20
85.36726156411896
 30
0.0
 10
217.7669173396789
 20
85.30496447334371
 30
0.0
  0
SPLINE
  5
D64
330
70
100
AcDbEntity
  8
Visible
100
AcDbSpline
210
0.0
220
0.0
230
1.0
 70
     8
 71
     3
 72
     9
 73
     5
 74
     0
 42
0.000000001
 43
0.0000000001
 40
0.0
 40
0.0
 40
0.0
 40
0.0
 40
0.037013624260742
 40
0.0747741837079815
 40
0.0747741837079815
 40
0.0747741837079815
 40
0.0747741837079815
 10
218.6014847383085
 20
86.51777838521047
 30
0.0
 10
218.5929894260608
 20
86.39305077964854
 30
0.0
 10
218.5758273661067
 20
86.14107856460577
 30
0.0
 10
218.453161696365
 20
85.92022124887989
 30
0.0
 10
218.3912161947919
 20
85.80868949572323
 30
0.0
  0
SPLINE
  5
D65
330
70
100
AcDbEntity
  8
Visible
100
AcDbSpline
210
0.0
220
0.0
230
1.0
 70
     8
 71
     3
 72
     9
 73
     5
 74
     0
 42
0.000000001
 43
0.0000000001
 40
0.0
 40
0.0
 40
0.0
 40
0.0
 40
0.0322707490120228
 40
0.0653483097089642
 40
0.0653483097089642
 40
0.0653483097089642
 40
0.0653483097089642
 10
218.4217969615365
 20
87.13906629025405
 30
0.0
 10
218.4736487911032
 20
87.04328181396158
 30
0.0
 10
218.5786488150025
 20
86.84931812195827
 30
0.0
 10
218.5938103673707
 20
86.62919752451307
 30
0.0
 10
218.6014847383085
 20
86.51777838521047
 30
0.0
  0
SPLINE
  5
D66
330
70
100
AcDbEntity
  8
Visible
100
AcDbSpline
210
0.0
220
0.0
230
1.0
 70
     8
 71
     3
 72
     9
 73
     5
 74
     0
 42
0.000000001
 43
0.0000000001
 40
0.0
 40
0.0
 40
0.0
 40
0.0
 40
0.0376606062707543
 40
0.0714501314752291
 40
0.0714501314752291
 40
0.0714501314752291
 40
0.0714501314752291
 10
217.885018540328
 20
87.60114157959833
 30
0.0
 10
217.9953834383777
 20
87.53833712038067
 30
0.0
 10
218.2047689809078
 20
87.41918378450099
 30
0.0
 10
218.3521153163001
 20
87.22900422269049
 30
0.0
 10
218.4217969615365
 20
87.13906629025405
 30
0.0
  0
ARC
  5
D67
330
70
100
AcDbEntity
  8
Visible
100
AcDbCircle
 10
216.038844
 20
83.444325
 30
0.0
 40
4.548349291083591
100
AcDbArc
 50
66.052465
 51
78.857643
  0
ARC
  5
D68
330
70
100
AcDbEntity
  8
Visible
100
AcDbCircle
 10
218.738523
 20
96.515892
 30
0.0
 40
8.799381351425646
100
AcDbArc
 50
252.045813
 51
258.058381
  0
SPLINE
  5
D69
330
70
100
AcDbEntity
  8
Visible
100
AcDbSpline
210
0.0
220
0.0
230
1.0
 70
     8
 71
     3
 72
     9
 73
     5
 74
     0
 42
0.000000001
 43
0.0000000001
 40
0.0
 40
0.0
 40
0.0
 40
0.0
 40
0.0242452770211066
 40
0.0543126847397881
 40
0.0543126847397881
 40
0.0543126847397881
 40
0.0543126847397881
 10
215.5739458044536
 20
88.43710119589923
 30
0.0
 10
215.63185932538
 20
88.37960066821688
 30
0.0
 10
215.761593409321
 20
88.25079174474558
 30
0.0
 10
215.9318201641363
 20
88.1827045873597
 30
0.0
 10
216.0260573992546
 20
88.1450116555643
 30
0.0
  0
SPLINE
  5
D6A
330
70
100
AcDbEntity
  8
Visible
100
AcDbSpline
210
0.0
220
0.0
230
1.0
 70
     8
 71
     3
 72
     9
 73
     5
 74
     0
 42
0.000000001
 43
0.0000000001
 40
0.0
 40
0.0
 40
0.0
 40
0.0
 40
0.0223035791397983
 40
0.0439336730844661
 40
0.0439336730844661
 40
0.0439336730844661
 40
0.0439336730844661
 10
215.4348531050327
 20
88.84718865824288
 30
0.0
 10
215.4406710807653
 20
88.77173101477456
 30
0.0
 10
215.4521313509831
 20
88.6230942682214
 30
0.0
 10
215.5337580881024
 20
88.49846203298511
 30
0.0
 10
215.5739458044536
 20
88.43710119589923
 30
0.0
  0
SPLINE
  5
D6B
330
70
100
AcDbEntity
  8
Visible
100
AcDbSpline
210
0.0
220
0.0
230
1.0
 70
     8
 71
     3
 72
     9
 73
     5
 74
     0
 42
0.000000001
 43
0.0000000001
 40
0.0
 40
0.0
 40
0.0
 40
0.0
 40
0.0230912687864172
 40
0.0456673616574967
 40
0.0456673616574967
 40
0.0456673616574967
 40
0.0456673616574967
 10
215.5736112161612
 20
89.27613435553212
 30
0.0
 10
215.5327621114884
 20
89.20945045966437
 30
0.0
 10
215.4519752628457
 20
89.07757041368313
 30
0.0
 10
215.4405174054064
 20
88.92340285259342
 30
0.0
 10
215.4348531050327
 20
88.84718865824288
 30
0.0
  0
SPLINE
  5
D6C
330
70
100
AcDbEntity
  8
Visible
100
AcDbSpline
210
0.0
220
0.0
230
1.0
 70
     8
 71
     3
 72
     9
 73
     5
 74
     0
 42
0.000000001
 43
0.0000000001
 40
0.0
 40
0.0
 40
0.0
 40
0.0
 40
0.028586949001464
 40
0.0536093988295926
 40
0.0536093988295926
 40
0.0536093988295926
 40
0.0536093988295926
 10
216.0030431387095
 20
89.58759381137497
 30
0.0
 10
215.9146928577174
 20
89.54847031454846
 30
0.0
 10
215.7490086691014
 20
89.47510161945501
 30
0.0
 10
215.6294266909481
 20
89.3394502823976
 30
0.0
 10
215.5736112161612
 20
89.27613435553212
 30
0.0
  0
SPLINE
  5
D6D
330
70
100
AcDbEntity
  8
Visible
100
AcDbSpline
210
0.0
220
0.0
230
1.0
 70
     8
 71
     3
 72
     9
 73
     5
 74
     0
 42
0.000000001
 43
0.0000000001
 40
0.0
 40
0.0
 40
0.0
 40
0.0
 40
0.0357521190433063
 40
0.0680809890969723
 40
0.0680809890969723
 40
0.0680809890969723
 40
0.0680809890969723
 10
216.6707838011898
 20
89.70448484621556
 30
0.0
 10
216.5510176456864
 20
89.7000353172989
 30
0.0
 10
216.322952889097
 20
89.69156229981491
 30
0.0
 10
216.1060441869795
 20
89.62106845002926
 30
0.0
 10
216.0030431387095
 20
89.58759381137497
 30
0.0
  0
SPLINE
  5
D6E
330
70
100
AcDbEntity
  8
Visible
100
AcDbSpline
210
0.0
220
0.0
230
1.0
 70
     8
 71
     3
 72
     9
 73
     5
 74
     0
 42
0.000000001
 43
0.0000000001
 40
0.0
 40
0.0
 40
0.0
 40
0.0
 40
0.0379079343698787
 40
0.0785787803145869
 40
0.0785787803145869
 40
0.0785787803145869
 40
0.0785787803145869
 10
217.4391256920717
 20
89.5611105336302
 30
0.0
 10
217.3192692689154
 20
89.60359039221476
 30
0.0
 10
217.0708207132011
 20
89.69164624466065
 30
0.0
 10
216.8072189425911
 20
89.70010615923456
 30
0.0
 10
216.6707838011898
 20
89.70448484621556
 30
0.0
  0
SPLINE
  5
D6F
330
70
100
AcDbEntity
  8
Visible
100
AcDbSpline
210
0.0
220
0.0
230
1.0
 70
     8
 71
     3
 72
     9
 73
     5
 74
     0
 42
0.000000001
 43
0.0000000001
 40
0.0
 40
0.0
 40
0.0
 40
0.0
 40
0.0300048362528226
 40
0.0642343670663586
 40
0.0642343670663586
 40
0.0642343670663586
 40
0.0642343670663586
 10
217.944710310052
 20
89.17557341300744
 30
0.0
 10
217.8794065348957
 20
89.25285840259675
 30
0.0
 10
217.7396041834054
 20
89.41831014338276
 30
0.0
 10
217.5435826351677
 20
89.51146807113037
 30
0.0
 10
217.4391256920717
 20
89.5611105336302
 30
0.0
  0
SPLINE
  5
D70
330
70
100
AcDbEntity
  8
Visible
100
AcDbSpline
210
0.0
220
0.0
230
1.0
 70
     8
 71
     3
 72
     9
 73
     5
 74
     0
 42
0.000000001
 43
0.0000000001
 40
0.0
 40
0.0
 40
0.0
 40
0.0
 40
0.0349364260530128
 40
0.0653875727828725
 40
0.0653875727828725
 40
0.0653875727828725
 40
0.0653875727828725
 10
218.1550489222773
 20
88.56130622073214
 30
0.0
 10
218.1366873796687
 20
88.6774221956348
 30
0.0
 10
218.1023216233716
 20
88.89474670812523
 30
0.0
 10
217.9947886630671
 20
89.08634543459266
 30
0.0
 10
217.944710310052
 20
89.17557341300744
 30
0.0
  0
LINE
  5
D71
330
70
100
AcDbEntity
  8
Visible
100
AcDbLine
 10
218.778829
 20
88.61993
 30
0.0
 11
218.155049
 21
88.561306
 31
0.0
  0
SPLINE
  5
D72
330
70
100
AcDbEntity
  8
Visible
100
AcDbSpline
210
0.0
220
0.0
230
1.0
 70
     8
 71
     3
 72
     9
 73
     5
 74
     0
 42
0.000000001
 43
0.0000000001
 40
0.0
 40
0.0
 40
0.0
 40
0.0
 40
0.0467825841956367
 40
0.0949136097204564
 40
0.0949136097204564
 40
0.0949136097204564
 40
0.0949136097204564
 10
218.4984397553872
 20
89.51683115651212
 30
0.0
 10
218.5760298714777
 20
89.37939573674521
 30
0.0
 10
218.7334465281947
 20
89.1005635170659
 30
0.0
 10
218.7635586513661
 20
88.78165126181556
 30
0.0
 10
218.7788286150026
 20
88.61992973481028
 30
0.0
  0
SPLINE
  5
D73
330
70
100
AcDbEntity
  8
Visible
100
AcDbSpline
210
0.0
220
0.0
230
1.0
 70
     8
 71
     3
 72
     9
 73
     5
 74
     0
 42
0.000000001
 43
0.0000000001
 40
0.0
 40
0.0
 40
0.0
 40
0.0
 40
0.0156687844091512
 40
0.0313367947828669
 40
0.0313367947828669
 40
0.0313367947828669
 40
0.0313367947828669
 10
212.2456614032944
 20
92.78648895712104
 30
0.0
 10
212.2990902251367
 20
92.79085754480002
 30
0.0
 10
212.4059452294441
 20
92.79959450435308
 30
0.0
 10
212.4882463207687
 20
92.86830274402381
 30
0.0
 10
212.5293958499915
 20
92.90265601529426
 30
0.0
  0
SPLINE
  5
D74
330
70
100
AcDbEntity
  8
Visible
100
AcDbSpline
210
0.0
220
0.0
230
1.0
 70
     8
 71
     3
 72
     9
 73
     5
 74
     0
 42
0.000000001
 43
0.0000000001
 40
0.0
 40
0.0
 40
0.0
 40
0.0
 40
0.0153616010088768
 40
0.0309969491077194
 40
0.0309969491077194
 40
0.0309969491077194
 40
0.0309969491077194
 10
211.9687225601719
 20
92.90900516642432
 30
0.0
 10
212.007791166945
 20
92.87374433607693
 30
0.0
 10
212.0866245916095
 20
92.80259431967351
 30
0.0
 10
212.1923379330783
 20
92.79188892591628
 30
0.0
 10
212.2456614032944
 20
92.78648895712104
 30
0.0
  0
SPLINE
  5
D75
330
70
100
AcDbEntity
  8
Visible
100
AcDbSpline
210
0.0
220
0.0
230
1.0
 70
     8
 71
     3
 72
     9
 73
     5
 74
     0
 42
0.000000001
 43
0.0000000001
 40
0.0
 40
0.0
 40
0.0
 40
0.0
 40
0.0187415521895009
 40
0.0351289721131593
 40
0.0351289721131593
 40
0.0351289721131593
 40
0.0351289721131593
 10
211.8619242319546
 20
93.23697491713573
 30
0.0
 10
211.864437601902
 20
93.17304663735376
 30
0.0
 10
211.8691486366097
 20
93.05322012912075
 30
0.0
 10
211.937047987587
 20
92.95488010175176
 30
0.0
 10
211.9687225601719
 20
92.90900516642432
 30
0.0
  0
SPLINE
  5
D76
330
70
100
AcDbEntity
  8
Visible
100
AcDbSpline
210
0.0
220
0.0
230
1.0
 70
     8
 71
     3
 72
     9
 73
     5
 74
     0
 42
0.000000001
 43
0.0000000001
 40
0.0
 40
0.0
 40
0.0
 40
0.0
 40
0.0170147424253368
 40
0.0365204937838928
 40
0.0365204937838928
 40
0.0365204937838928
 40
0.0365204937838928
 10
211.9776486493683
 20
93.57675048855709
 30
0.0
 10
211.9445217753455
 20
93.52936340050474
 30
0.0
 10
211.8734181543441
 20
93.42765161366878
 30
0.0
 10
211.8659258849602
 20
93.30335973773253
 30
0.0
 10
211.8619242319546
 20
93.23697491713573
 30
0.0
  0
SPLINE
  5
D77
330
70
100
AcDbEntity
  8
Visible
100
AcDbSpline
210
0.0
220
0.0
230
1.0
 70
     8
 71
     3
 72
     9
 73
     5
 74
     0
 42
0.000000001
 43
0.0000000001
 40
0.0
 40
0.0
 40
0.0
 40
0.0
 40
0.0147976074719422
 40
0.0302691451627336
 40
0.0302691451627336
 40
0.0302691451627336
 40
0.0302691451627336
 10
212.2464469127535
 20
93.69922620940087
 30
0.0
 10
212.19596789973
 20
93.69411726276121
 30
0.0
 10
212.0927108985015
 20
93.68366669176793
 30
0.0
 10
212.0165678305693
 20
93.61291431394239
 30
0.0
 10
211.9776486493683
 20
93.57675048855709
 30
0.0
  0
SPLINE
  5
D78
330
70
100
AcDbEntity
  8
Visible
100
AcDbSpline
210
0.0
220
0.0
230
1.0
 70
     8
 71
     3
 72
     9
 73
     5
 74
     0
 42
0.000000001
 43
0.0000000001
 40
0.0
 40
0.0
 40
0.0
 40
0.0
 40
0.0109195337136452
 40
0.0214321129737631
 40
0.0214321129737631
 40
0.0214321129737631
 40
0.0214321129737631
 10
212.4490203340865
 20
93.63621892729497
 30
0.0
 10
212.4168871418606
 20
93.65428895988044
 30
0.0
 10
212.3538183127294
 20
93.68975558235616
 30
0.0
 10
212.2817814323116
 20
93.69610955024654
 30
0.0
 10
212.2464469127535
 20
93.69922620940087
 30
0.0
  0
SPLINE
  5
D79
330
70
100
AcDbEntity
  8
Visible
100
AcDbSpline
210
0.0
220
0.0
230
1.0
 70
     8
 71
     3
 72
     9
 73
     5
 74
     0
 42
0.000000001
 43
0.0000000001
 40
0.0
 40
0.0
 40
0.0
 40
0.0
 40
0.0120878593122774
 40
0.0234764553341117
 40
0.0234764553341117
 40
0.0234764553341117
 40
0.0234764553341117
 10
212.5977604237542
 20
93.45785194764539
 30
0.0
 10
212.5789233884189
 20
93.49409526985983
 30
0.0
 10
212.5423390100532
 20
93.56448529617955
 30
0.0
 10
212.4795026841912
 20
93.61278728689285
 30
0.0
 10
212.4490203340865
 20
93.63621892729497
 30
0.0
  0
SPLINE
  5
D7A
330
70
100
AcDbEntity
  8
Visible
100
AcDbSpline
210
0.0
220
0.0
230
1.0
 70
     8
 71
     3
 72
     9
 73
     5
 74
     0
 42
0.000000001
 43
0.0000000001
 40
0.0
 40
0.0
 40
0.0
 40
0.0
 40
0.0124876226092769
 40
0.0250259119791182
 40
0.0250259119791182
 40
0.0250259119791182
 40
0.0250259119791182
 10
212.6488957731526
 20
93.21441964574114
 30
0.0
 10
212.6471066152208
 20
93.25631877874911
 30
0.0
 10
212.6435210401014
 20
93.34028704456249
 30
0.0
 10
212.6130345365782
 20
93.41861078926376
 30
0.0
 10
212.5977604237542
 20
93.45785194764539
 30
0.0
  0
SPLINE
  5
D7B
330
70
100
AcDbEntity
  8
Visible
100
AcDbSpline
210
0.0
220
0.0
230
1.0
 70
     8
 71
     3
 72
     9
 73
     5
 74
     0
 42
0.000000001
 43
0.0000000001
 40
0.0
 40
0.0
 40
0.0
 40
0.0
 40
0.0163086281128219
 40
0.0340605809065016
 40
0.0340605809065016
 40
0.0340605809065016
 40
0.0340605809065016
 10
212.5293958499915
 20
92.90265601529426
 30
0.0
 10
212.5636992964373
 20
92.94642683938581
 30
0.0
 10
212.6353420676751
 20
93.03784223527328
 30
0.0
 10
212.6442520176242
 20
93.15392088933732
 30
0.0
 10
212.6488957731526
 20
93.21441964574114
 30
0.0
  0
SPLINE
  5
D7C
330
70
100
AcDbEntity
  8
Visible
100
AcDbSpline
210
0.0
220
0.0
230
1.0
 70
     8
 71
     3
 72
     9
 73
     5
 74
     0
 42
0.000000001
 43
0.0000000001
 40
0.0
 40
0.0
 40
0.0
 40
0.0
 40
0.0217234047311458
 40
0.0415873039909401
 40
0.0415873039909401
 40
0.0415873039909401
 40
0.0415873039909401
 10
212.1983240085101
 20
91.85927109298972
 30
0.0
 10
212.1245032026836
 20
91.864565776561
 30
0.0
 10
211.9831805909344
 20
91.87470192317233
 30
0.0
 10
211.8680647782457
 20
91.9567738947353
 30
0.0
 10
211.8130804756583
 20
91.9959750263024
 30
0.0
  0
SPLINE
  5
D7D
330
70
100
AcDbEntity
  8
Visible
100
AcDbSpline
210
0.0
220
0.0
230
1.0
 70
     8
 71
     3
 72
     9
 73
     5
 74
     0
 42
0.000000001
 43
0.0000000001
 40
0.0
 40
0.0
 40
0.0
 40
0.0
 40
0.0278644578161507
 40
0.0568471169617946
 40
0.0568471169617946
 40
0.0568471169617946
 40
0.0568471169617946
 10
212.7042977047113
 20
92.08275112198316
 30
0.0
 10
212.6348421506264
 20
92.01669208739804
 30
0.0
 10
212.4931437894829
 20
91.88192306765632
 30
0.0
 10
212.2978775854717
 20
91.86692012215644
 30
0.0
 10
212.1983240085101
 20
91.85927109298972
 30
0.0
  0
SPLINE
  5
D7E
330
70
100
AcDbEntity
  8
Visible
100
AcDbSpline
210
0.0
220
0.0
230
1.0
 70
     8
 71
     3
 72
     9
 73
     5
 74
     0
 42
0.000000001
 43
0.0000000001
 40
0.0
 40
0.0
 40
0.0
 40
0.0
 40
0.0503537381468864
 40
0.0881773755178795
 40
0.0881773755178795
 40
0.0881773755178795
 40
0.0881773755178795
 10
212.9280189736455
 20
92.92338225630009
 30
0.0
 10
212.9234896103371
 20
92.7522632424716
 30
0.0
 10
212.9155579773724
 20
92.45260673044503
 30
0.0
 10
212.767714908754
 20
92.1937762962516
 30
0.0
 10
212.7042977047113
 20
92.08275112198316
 30
0.0
  0
SPLINE
  5
D7F
330
70
100
AcDbEntity
  8
Visible
100
AcDbSpline
210
0.0
220
0.0
230
1.0
 70
     8
 71
     3
 72
     9
 73
     5
 74
     0
 42
0.000000001
 43
0.0000000001
 40
0.0
 40
0.0
 40
0.0
 40
0.0
 40
0.0332380635715591
 40
0.078026604989152
 40
0.078026604989152
 40
0.078026604989152
 40
0.078026604989152
 10
212.7427336780038
 20
93.66973001002406
 30
0.0
 10
212.7978219050237
 20
93.57168803400417
 30
0.0
 10
212.927141933551
 20
93.3415337556471
 30
0.0
 10
212.9276991324223
 20
93.07587481357222
 30
0.0
 10
212.9280189736455
 20
92.92338225630009
 30
0.0
  0
SPLINE
  5
D80
330
70
100
AcDbEntity
  8
Visible
100
AcDbSpline
210
0.0
220
0.0
230
1.0
 70
     8
 71
     3
 72
     9
 73
     5
 74
     0
 42
0.000000001
 43
0.0000000001
 40
0.0
 40
0.0
 40
0.0
 40
0.0
 40
0.0284309317760355
 40
0.0563547258592816
 40
0.0563547258592816
 40
0.0563547258592816
 40
0.0563547258592816
 10
212.2446404359089
 20
93.90116945201953
 30
0.0
 10
212.3418362687989
 20
93.89100373877045
 30
0.0
 10
212.5344942006722
 20
93.87085364352243
 30
0.0
 10
212.6737382057418
 20
93.73636780730521
 30
0.0
 10
212.7427336780038
 20
93.66973001002406
 30
0.0
  0
SPLINE
  5
D81
330
70
100
AcDbEntity
  8
Visible
100
AcDbSpline
210
0.0
220
0.0
230
1.0
 70
     8
 71
     3
 72
     9
 73
     5
 74
     0
 42
0.000000001
 43
0.0000000001
 40
0.0
 40
0.0
 40
0.0
 40
0.0
 40
0.016458167849041
 40
0.0336461881729477
 40
0.0336461881729477
 40
0.0336461881729477
 40
0.0336461881729477
 10
211.9217232288847
 20
93.81887259616997
 30
0.0
 10
211.97151474149
 20
93.84337532990684
 30
0.0
 10
212.0733058167734
 20
93.89346739347093
 30
0.0
 10
212.1867089168991
 20
93.89856523838535
 30
0.0
 10
212.2446404359089
 20
93.90116945201953
 30
0.0
  0
SPLINE
  5
D82
330
70
100
AcDbEntity
  8
Visible
100
AcDbSpline
210
0.0
220
0.0
230
1.0
 70
     8
 71
     3
 72
     9
 73
     5
 74
     0
 42
0.000000001
 43
0.0000000001
 40
0.0
 40
0.0
 40
0.0
 40
0.0
 40
0.0172211301072318
 40
0.0336690658851564
 40
0.0336690658851564
 40
0.0336690658851564
 40
0.0336690658851564
 10
211.695878223929
 20
93.57380162843583
 30
0.0
 10
211.7254682565963
 20
93.62385518476912
 30
0.0
 10
211.7833197885939
 20
93.72171499277646
 30
0.0
 10
211.8763005016299
 20
93.78698637058006
 30
0.0
 10
211.9217232288847
 20
93.81887259616997
 30
0.0
  0
SPLINE
  5
D83
330
70
100
AcDbEntity
  8
Visible
100
AcDbSpline
210
0.0
220
0.0
230
1.0
 70
     8
 71
     3
 72
     9
 73
     5
 74
     0
 42
0.000000001
 43
0.0000000001
 40
0.0
 40
0.0
 40
0.0
 40
0.0
 40
0.0182746751159
 40
0.0361733884820021
 40
0.0361733884820021
 40
0.0361733884820021
 40
0.0361733884820021
 10
211.6107478196973
 20
93.22481150510794
 30
0.0
 10
211.6146816712953
 20
93.28613202500491
 30
0.0
 10
211.6224684440385
 20
93.40751152828488
 30
0.0
 10
211.6715784359858
 20
93.51875699846095
 30
0.0
 10
211.695878223929
 20
93.57380162843583
 30
0.0
  0
SPLINE
  5
D84
330
70
100
AcDbEntity
  8
Visible
100
AcDbSpline
210
0.0
220
0.0
230
1.0
 70
     8
 71
     3
 72
     9
 73
     5
 74
     0
 42
0.000000001
 43
0.0000000001
 40
0.0
 40
0.0
 40
0.0
 40
0.0
 40
0.0244301762902491
 40
0.0507917710315831
 40
0.0507917710315831
 40
0.0507917710315831
 40
0.0507917710315831
 10
211.7780238913456
 20
92.75562948847072
 30
0.0
 10
211.7284633847485
 20
92.82255001581507
 30
0.0
 10
211.6254241813749
 20
92.96168172169201
 30
0.0
 10
211.6157624071348
 20
93.13490589120011
 30
0.0
 10
211.6107478196973
 20
93.22481150510794
 30
0.0
  0
SPLINE
  5
D85
330
70
100
AcDbEntity
  8
Visible
100
AcDbSpline
210
0.0
220
0.0
230
1.0
 70
     8
 71
     3
 72
     9
 73
     5
 74
     0
 42
0.000000001
 43
0.0000000001
 40
0.0
 40
0.0
 40
0.0
 40
0.0
 40
0.0231767439975834
 40
0.046584955320459
 40
0.046584955320459
 40
0.046584955320459
 40
0.046584955320459
 10
212.1940946788891
 20
92.57014219926714
 30
0.0
 10
212.1152312268168
 20
92.57871611731752
 30
0.0
 10
211.9567167093519
 20
92.59594958157505
 30
0.0
 10
211.8377851429996
 20
92.70222683241263
 30
0.0
 10
211.7780238913456
 20
92.75562948847072
 30
0.0
  0
SPLINE
  5
D86
330
70
100
AcDbEntity
  8
Visible
100
AcDbSpline
210
0.0
220
0.0
230
1.0
 70
     8
 71
     3
 72
     9
 73
     5
 74
     0
 42
0.000000001
 43
0.0000000001
 40
0.0
 40
0.0
 40
0.0
 40
0.0
 40
0.0140193877886663
 40
0.0278614313197895
 40
0.0278614313197895
 40
0.0278614313197895
 40
0.0278614313197895
 10
212.4635774909239
 20
92.63257907775004
 30
0.0
 10
212.4202566551685
 20
92.61396908433743
 30
0.0
 10
212.3341629891493
 20
92.57698451260148
 30
0.0
 10
212.2405855685538
 20
92.57241327138762
 30
0.0
 10
212.1940946788891
 20
92.57014219926714
 30
0.0
  0
SPLINE
  5
D87
330
70
100
AcDbEntity
  8
Visible
100
AcDbSpline
210
0.0
220
0.0
230
1.0
 70
     8
 71
     3
 72
     9
 73
     5
 74
     0
 42
0.000000001
 43
0.0000000001
 40
0.0
 40
0.0
 40
0.0
 40
0.0
 40
0.015349625469656
 40
0.0297979462731753
 40
0.0297979462731753
 40
0.0297979462731753
 40
0.0297979462731753
 10
212.682751247743
 20
92.83065561721924
 30
0.0
 10
212.6517565786271
 20
92.78923873823078
 30
0.0
 10
212.5915871961934
 20
92.70883691100971
 30
0.0
 10
212.5053781988681
 20
92.65748056010124
 30
0.0
 10
212.4635774909239
 20
92.63257907775004
 30
0.0
  0
SPLINE
  5
D88
330
70
100
AcDbEntity
  8
Visible
100
AcDbSpline
210
0.0
220
0.0
230
1.0
 70
     8
 71
     3
 72
     9
 73
     5
 74
     0
 42
0.000000001
 43
0.0000000001
 40
0.0
 40
0.0
 40
0.0
 40
0.0
 40
0.0203249670841158
 40
0.0469599968658788
 40
0.0469599968658788
 40
0.0469599968658788
 40
0.0469599968658788
 10
212.6079417170531
 20
92.3689901006419
 30
0.0
 10
212.6282510564779
 20
92.43393306555299
 30
0.0
 10
212.6751749462837
 20
92.58398110332018
 30
0.0
 10
212.6800092823669
 20
92.74138079358818
 30
0.0
 10
212.682751247743
 20
92.83065561721924
 30
0.0
  0
SPLINE
  5
D89
330
70
100
AcDbEntity
  8
Visible
100
AcDbSpline
210
0.0
220
0.0
230
1.0
 70
     8
 71
     3
 72
     9
 73
     5
 74
     0
 42
0.000000001
 43
0.0000000001
 40
0.0
 40
0.0
 40
0.0
 40
0.0
 40
0.014687195521497
 40
0.031022176393764
 40
0.031022176393764
 40
0.031022176393764
 40
0.031022176393764
 10
212.4223469126173
 20
92.12414555230498
 30
0.0
 10
212.4598439757865
 20
92.15646736613052
 30
0.0
 10
212.5390449713832
 20
92.22473724164411
 30
0.0
 10
212.5841770511051
 20
92.31923272860877
 30
0.0
 10
212.6079417170531
 20
92.3689901006419
 30
0.0
  0
SPLINE
  5
D8A
330
70
100
AcDbEntity
  8
Visible
100
AcDbSpline
210
0.0
220
0.0
230
1.0
 70
     8
 71
     3
 72
     9
 73
     5
 74
     0
 42
0.000000001
 43
0.0000000001
 40
0.0
 40
0.0
 40
0.0
 40
0.0
 40
0.0111373463285916
 40
0.0219063762090008
 40
0.0219063762090008
 40
0.0219063762090008
 40
0.0219063762090008
 10
212.2156160212016
 20
92.06099821037787
 30
0.0
 10
212.2532996586269
 20
92.06311192036627
 30
0.0
 10
212.327420720685
 20
92.06726943911599
 30
0.0
 10
212.391061517279
 20
92.10540055000093
 30
0.0
 10
212.4223469126173
 20
92.12414555230498
 30
0.0
  0
SPLINE
  5
D8B
330
70
100
AcDbEntity
  8
Visible
100
AcDbSpline
210
0.0
220
0.0
230
1.0
 70
     8
 71
     3
 72
     9
 73
     5
 74
     0
 42
0.000000001
 43
0.0000000001
 40
0.0
 40
0.0
 40
0.0
 40
0.0
 40
0.0136270465518671
 40
0.0273191880859461
 40
0.0273191880859461
 40
0.0273191880859461
 40
0.0273191880859461
 10
211.971255492721
 20
92.16881979507524
 30
0.0
 10
212.0060934545763
 20
92.1377844465187
 30
0.0
 10
212.0759357956012
 20
92.07556549677793
 30
0.0
 10
212.168982043806
 20
92.06586167979002
 30
0.0
 10
212.2156160212016
 20
92.06099821037787
 30
0.0
  0
SPLINE
  5
D8C
330
70
100
AcDbEntity
  8
Visible
100
AcDbSpline
210
0.0
220
0.0
230
1.0
 70
     8
 71
     3
 72
     9
 73
     5
 74
     0
 42
0.000000001
 43
0.0000000001
 40
0.0
 40
0.0
 40
0.0
 40
0.0
 40
0.0130948948491228
 40
0.0231453953456755
 40
0.0231453953456755
 40
0.0231453953456755
 40
0.0231453953456755
 10
211.8808705805459
 20
92.37995229332046
 30
0.0
 10
211.8907655762177
 20
92.33693251384829
 30
0.0
 10
211.9082551085448
 20
92.26089449941355
 30
0.0
 10
211.9521812856128
 20
92.19669664063621
 30
0.0
 10
211.971255492721
 20
92.16881979507524
 30
0.0
  0
LINE
  5
D8D
330
70
100
AcDbEntity
  8
Visible
100
AcDbLine
 10
211.636468
 20
92.363619
 30
0.0
 11
211.880871
 21
92.379952
 31
0.0
  0
SPLINE
  5
D8E
330
70
100
AcDbEntity
  8
Visible
100
AcDbSpline
210
0.0
220
0.0
230
1.0
 70
     8
 71
     3
 72
     9
 73
     5
 74
     0
 42
0.000000001
 43
0.0000000001
 40
0.0
 40
0.0
 40
0.0
 40
0.0
 40
0.0198405993399089
 40
0.0414989168845903
 40
0.0414989168845903
 40
0.0414989168845903
 40
0.0414989168845903
 10
211.8130804756583
 20
91.9959750263024
 30
0.0
 10
211.7682468527564
 20
92.04637892183018
 30
0.0
 10
211.6744721255654
 20
92.15180452089407
 30
0.0
 10
211.6495006035857
 20
92.29098221171444
 30
0.0
 10
211.6364679465132
 20
92.36361915863199
 30
0.0
  0
LINE
  5
D8F
330
70
100
AcDbEntity
  8
Visible
100
AcDbLine
 10
217.839895
 20
92.100998
 30
0.0
 11
217.859174
 21
93.803481
 31
0.0
  0
LINE
  5
D90
330
70
100
AcDbEntity
  8
Visible
100
AcDbLine
 10
217.280766
 20
93.810031
 30
0.0
 11
217.839895
 21
92.100998
 31
0.0
  0
LINE
  5
D91
330
70
100
AcDbEntity
  8
Visible
100
AcDbLine
 10
217.042037
 20
93.812734
 30
0.0
 11
217.280766
 21
93.810031
 31
0.0
  0
LINE
  5
D92
330
70
100
AcDbEntity
  8
Visible
100
AcDbLine
 10
216.441946
 20
92.14548
 30
0.0
 11
217.042037
 21
93.812734
 31
0.0
  0
LINE
  5
D93
330
70
100
AcDbEntity
  8
Visible
100
AcDbLine
 10
216.460901
 20
93.819315
 30
0.0
 11
216.441946
 21
92.14548
 31
0.0
  0
LINE
  5
D94
330
70
100
AcDbEntity
  8
Visible
100
AcDbLine
 10
216.205801
 20
93.822204
 30
0.0
 11
216.460901
 21
93.819315
 31
0.0
  0
LINE
  5
D95
330
70
100
AcDbEntity
  8
Visible
100
AcDbLine
 10
216.183154
 20
91.822332
 30
0.0
 11
216.205801
 21
93.822204
 31
0.0
  0
LINE
  5
D96
330
70
100
AcDbEntity
  8
Visible
100
AcDbLine
 10
216.539202
 20
91.8183
 30
0.0
 11
216.183154
 21
91.822332
 31
0.0
  0
LINE
  5
D97
330
70
100
AcDbEntity
  8
Visible
100
AcDbLine
 10
217.033783
 20
93.204331
 30
0.0
 11
216.539202
 21
91.8183
 31
0.0
  0
ARC
  5
D98
330
70
100
AcDbEntity
  8
Visible
100
AcDbCircle
 10
204.028613
 20
97.8637
 30
0.0
 40
13.81463578888338
100
AcDbArc
 50
340.288894
 51
341.689939
  0
ARC
  5
D99
330
70
100
AcDbEntity
  8
Visible
100
AcDbCircle
 10
231.288089
 20
97.747341
 30
0.0
 40
14.76141931252554
100
AcDbArc
 50
196.626208
 51
197.833616
  0
LINE
  5
D9A
330
70
100
AcDbEntity
  8
Visible
100
AcDbLine
 10
217.693289
 20
91.805231
 30
0.0
 11
217.235958
 21
93.226599
 31
0.0
  0
LINE
  5
D9B
330
70
100
AcDbEntity
  8
Visible
100
AcDbLine
 10
218.091627
 20
91.80072
 30
0.0
 11
217.693289
 21
91.805231
 31
0.0
  0
LINE
  5
D9C
330
70
100
AcDbEntity
  8
Visible
100
AcDbLine
 10
218.114274
 20
93.800592
 30
0.0
 11
218.091627
 21
91.80072
 31
0.0
  0
LINE
  5
D9D
330
70
100
AcDbEntity
  8
Visible
100
AcDbLine
 10
217.859174
 20
93.803481
 30
0.0
 11
218.114274
 21
93.800592
 31
0.0
  0
SPLINE
  5
D9E
330
70
100
AcDbEntity
  8
Visible
100
AcDbSpline
210
0.0
220
0.0
230
1.0
 70
     8
 71
     3
 72
     9
 73
     5
 74
     0
 42
0.000000001
 43
0.0000000001
 40
0.0
 40
0.0
 40
0.0
 40
0.0
 40
0.0478395048620328
 40
0.0944287846451511
 40
0.0944287846451511
 40
0.0944287846451511
 40
0.0944287846451511
 10
151.0123246546827
 20
153.0697653734787
 30
0.0
 10
150.939906947382
 20
152.9252179912237
 30
0.0
 10
150.7969640781593
 20
152.6399007901073
 30
0.0
 10
150.5457831943749
 20
152.4432785367371
 30
0.0
 10
150.4218555539355
 20
152.3462690368451
 30
0.0
  0
SPLINE
  5
D9F
330
70
100
AcDbEntity
  8
Visible
100
AcDbSpline
210
0.0
220
0.0
230
1.0
 70
     8
 71
     3
 72
     9
 73
     5
 74
     0
 42
0.000000001
 43
0.0000000001
 40
0.0
 40
0.0
 40
0.0
 40
0.0
 40
0.0625678577146357
 40
0.1160400823040377
 40
0.1160400823040377
 40
0.1160400823040377
 40
0.1160400823040377
 10
151.2027491762928
 20
154.2084752652317
 30
0.0
 10
151.1987845548337
 20
153.9985063906369
 30
0.0
 10
151.1914316580405
 20
153.6090922988169
 30
0.0
 10
151.068823501786
 20
153.2398946756366
 30
0.0
 10
151.0123246546827
 20
153.0697653734787
 30
0.0
  0
SPLINE
  5
DA0
330
70
100
AcDbEntity
  8
Visible
100
AcDbSpline
210
0.0
220
0.0
230
1.0
 70
     8
 71
     3
 72
     9
 73
     5
 74
     0
 42
0.000000001
 43
0.0000000001
 40
0.0
 40
0.0
 40
0.0
 40
0.0
 40
0.0478082137764521
 40
0.0989051645819615
 40
0.0989051645819615
 40
0.0989051645819615
 40
0.0989051645819615
 10
151.0003824777213
 20
155.1706872239792
 30
0.0
 10
151.0585371637608
 20
155.02112077319
 30
0.0
 10
151.1788470088595
 20
154.7116991641669
 30
0.0
 10
151.1946071052934
 20
154.379894226502
 30
0.0
 10
151.2027491762928
 20
154.2084752652317
 30
0.0
  0
SPLINE
  5
DA1
330
70
100
AcDbEntity
  8
Visible
100
AcDbSpline
210
0.0
220
0.0
230
1.0
 70
     8
 71
     3
 72
     9
 73
     5
 74
     0
 42
0.000000001
 43
0.0000000001
 40
0.0
 40
0.0
 40
0.0
 40
0.0
 40
0.0419476274121707
 40
0.0864878849173591
 40
0.0864878849173591
 40
0.0864878849173591
 40
0.0864878849173591
 10
150.4470153056045
 20
155.8236547104825
 30
0.0
 10
150.5596163817408
 20
155.7378713782091
 30
0.0
 10
150.7917779964773
 20
155.5610027582843
 30
0.0
 10
150.9294717776265
 20
155.3033667696472
 30
0.0
 10
151.0003824777213
 20
155.1706872239792
 30
0.0
  0
SPLINE
  5
DA2
330
70
100
AcDbEntity
  8
Visible
100
AcDbSpline
210
0.0
220
0.0
230
1.0
 70
     8
 71
     3
 72
     9
 73
     5
 74
     0
 42
0.000000001
 43
0.0000000001
 40
0.0
 40
0.0
 40
0.0
 40
0.0
 40
0.0391722043903984
 40
0.0794514608615325
 40
0.0794514608615325
 40
0.0794514608615325
 40
0.0794514608615325
 10
149.693500621679
 20
156.0472774012323
 30
0.0
 10
149.8254560124042
 20
156.0380933010401
 30
0.0
 10
150.0930960067526
 20
156.0194655472987
 30
0.0
 10
150.327951405161
 20
155.8895284903428
 30
0.0
 10
150.4470153056045
 20
155.8236547104825
 30
0.0
  0
SPLINE
  5
DA3
330
70
100
AcDbEntity
  8
Visible
100
AcDbSpline
210
0.0
220
0.0
230
1.0
 70
     8
 71
     3
 72
     9
 73
     5
 74
     0
 42
0.000000001
 43
0.0000000001
 40
0.0
 40
0.0
 40
0.0
 40
0.0
 40
0.036694047816813
 40
0.074950017706766
 40
0.074950017706766
 40
0.074950017706766
 40
0.074950017706766
 10
148.9837485563257
 20
155.8346131712442
 30
0.0
 10
149.0914918949638
 20
155.8959880323018
 30
0.0
 10
149.311564784688
 20
156.0213502421611
 30
0.0
 10
149.5644321316631
 20
156.0385157744149
 30
0.0
 10
149.693500621679
 20
156.0472774012323
 30
0.0
  0
SPLINE
  5
DA4
330
70
100
AcDbEntity
  8
Visible
100
AcDbSpline
210
0.0
220
0.0
230
1.0
 70
     8
 71
     3
 72
     9
 73
     5
 74
     0
 42
0.000000001
 43
0.0000000001
 40
0.0
 40
0.0
 40
0.0
 40
0.0
 40
0.0442711578075782
 40
0.0829664586425915
 40
0.0829664586425915
 40
0.0829664586425915
 40
0.0829664586425915
 10
148.478055862839
 20
155.186703347108
 30
0.0
 10
148.5448291520879
 20
155.3203808636481
 30
0.0
 10
148.6699657786248
 20
155.5708995014374
 30
0.0
 10
148.8839479367052
 20
155.7507373516673
 30
0.0
 10
148.9837485563257
 20
155.8346131712442
 30
0.0
  0
ARC
  5
DA5
330
70
100
AcDbEntity
  8
Visible
100
AcDbCircle
 10
154.650504
 20
152.853335
 30
0.0
 40
6.598767022228452
100
AcDbArc
 50
159.291922
 51
169.305335
  0
SPLINE
  5
DA6
330
70
100
AcDbEntity
  8
Visible
100
AcDbSpline
210
0.0
220
0.0
230
1.0
 70
     8
 71
     3
 72
     9
 73
     5
 74
     0
 42
0.000000001
 43
0.0000000001
 40
0.0
 40
0.0
 40
0.0
 40
0.0
 40
0.0387245386833866
 40
0.1064411355295369
 40
0.1064411355295369
 40
0.1064411355295369
 40
0.1064411355295369
 10
147.8164333768964
 20
153.0779952074554
 30
0.0
 10
147.8788110066052
 20
153.191650249013
 30
0.0
 10
148.0502667802211
 20
153.5040509151895
 30
0.0
 10
148.1212185282129
 20
153.8547752393151
 30
0.0
 10
148.1663571946737
 20
154.0779019237761
 30
0.0
  0
SPLINE
  5
DA7
330
70
100
AcDbEntity
  8
Visible
100
AcDbSpline
210
0.0
220
0.0
230
1.0
 70
     8
 71
     3
 72
     9
 73
     5
 74
     0
 42
0.000000001
 43
0.0000000001
 40
0.0
 40
0.0
 40
0.0
 40
0.0
 40
0.0250329262714377
 40
0.0496074501857249
 40
0.0496074501857249
 40
0.0496074501857249
 40
0.0496074501857249
 10
147.3743224601785
 20
152.8807125362655
 30
0.0
 10
147.4598307986471
 20
152.889064860874
 30
0.0
 10
147.6292816488985
 20
152.9056165625188
 30
0.0
 10
147.7544349645995
 20
153.0208907264314
 30
0.0
 10
147.8164333768964
 20
153.0779952074554
 30
0.0
  0
SPLINE
  5
DA8
330
70
100
AcDbEntity
  8
Visible
100
AcDbSpline
210
0.0
220
0.0
230
1.0
 70
     8
 71
     3
 72
     9
 73
     5
 74
     0
 42
0.000000001
 43
0.0000000001
 40
0.0
 40
0.0
 40
0.0
 40
0.0
 40
0.0318194678802681
 40
0.061404031288856
 40
0.061404031288856
 40
0.061404031288856
 40
0.061404031288856
 10
146.8421954235054
 20
153.1518180804232
 30
0.0
 10
146.9177938405628
 20
153.0722599494038
 30
0.0
 10
147.0636808674571
 20
152.9187316130756
 30
0.0
 10
147.2733186373607
 20
152.8930742810789
 30
0.0
 10
147.3743224601785
 20
152.8807125362655
 30
0.0
  0
SPLINE
  5
DA9
330
70
100
AcDbEntity
  8
Visible
100
AcDbSpline
210
0.0
220
0.0
230
1.0
 70
     8
 71
     3
 72
     9
 73
     5
 74
     0
 42
0.000000001
 43
0.0000000001
 40
0.0
 40
0.0
 40
0.0
 40
0.0
 40
0.052175042689707
 40
0.0914111773029102
 40
0.0914111773029102
 40
0.0914111773029102
 40
0.0914111773029102
 10
146.6165306421335
 20
154.025200007798
 30
0.0
 10
146.6203750034001
 20
153.8479483071696
 30
0.0
 10
146.6271103613635
 20
153.5374016205151
 30
0.0
 10
146.7776008572054
 20
153.2676169243623
 30
0.0
 10
146.8421954235054
 20
153.1518180804232
 30
0.0
  0
SPLINE
  5
DAA
330
70
100
AcDbEntity
  8
Visible
100
AcDbSpline
210
0.0
220
0.0
230
1.0
 70
     8
 71
     3
 72
     9
 73
     5
 74
     0
 42
0.000000001
 43
0.0000000001
 40
0.0
 40
0.0
 40
0.0
 40
0.0
 40
0.0408015024712614
 40
0.0917677146525853
 40
0.0917677146525853
 40
0.0917677146525853
 40
0.0917677146525853
 10
146.8530201951689
 20
154.8981737010945
 30
0.0
 10
146.7833879353766
 20
154.7788768854989
 30
0.0
 10
146.6267762186471
 20
154.5105633315998
 30
0.0
 10
146.6201890451357
 20
154.1985094002775
 30
0.0
 10
146.6165306421335
 20
154.025200007798
 30
0.0
  0
SPLINE
  5
DAB
330
70
100
AcDbEntity
  8
Visible
100
AcDbSpline
210
0.0
220
0.0
230
1.0
 70
     8
 71
     3
 72
     9
 73
     5
 74
     0
 42
0.000000001
 43
0.0000000001
 40
0.0
 40
0.0
 40
0.0
 40
0.0
 40
0.0430940468117372
 40
0.0811550201418679
 40
0.0811550201418679
 40
0.0811550201418679
 40
0.0811550201418679
 10
147.5669910051129
 20
155.2489990357135
 30
0.0
 10
147.4216993246027
 20
155.2242100158273
 30
0.0
 10
147.1480849827003
 20
155.1775271545757
 30
0.0
 10
146.9472227654932
 20
154.9873602609932
 30
0.0
 10
146.8530201951689
 20
154.8981737010945
 30
0.0
  0
LINE
  5
DAC
330
70
100
AcDbEntity
  8
Visible
100
AcDbLine
 10
147.515122
 20
155.883055
 30
0.0
 11
147.566991
 21
155.248999
 31
0.0
  0
SPLINE
  5
DAD
330
70
100
AcDbEntity
  8
Visible
100
AcDbSpline
210
0.0
220
0.0
230
1.0
 70
     8
 71
     3
 72
     9
 73
     5
 74
     0
 42
0.000000001
 43
0.0000000001
 40
0.0
 40
0.0
 40
0.0
 40
0.0
 40
0.0410395322923991
 40
0.0833167827029557
 40
0.0833167827029557
 40
0.0833167827029557
 40
0.0833167827029557
 10
146.7288758121904
 20
155.6323759570714
 30
0.0
 10
146.8492933148191
 20
155.7005568983641
 30
0.0
 10
147.0937600116758
 20
155.838975061366
 30
0.0
 10
147.3732838649066
 20
155.8682167895204
 30
0.0
 10
147.5151220343032
 20
155.8830548548358
 30
0.0
  0
SPLINE
  5
DAE
330
70
100
AcDbEntity
  8
Visible
100
AcDbSpline
210
0.0
220
0.0
230
1.0
 70
     8
 71
     3
 72
     9
 73
     5
 74
     0
 42
0.000000001
 43
0.0000000001
 40
0.0
 40
0.0
 40
0.0
 40
0.0
 40
0.0435925869402613
 40
0.0848804189198375
 40
0.0848804189198375
 40
0.0848804189198375
 40
0.0848804189198375
 10
146.2061856822493
 20
154.9758287910881
 30
0.0
 10
146.2703941777781
 20
155.108514734231
 30
0.0
 10
146.3954164437473
 20
155.3668714693813
 30
0.0
 10
146.6197531582875
 20
155.5454911457218
 30
0.0
 10
146.7288758121904
 20
155.6323759570714
 30
0.0
  0
SPLINE
  5
DAF
330
70
100
AcDbEntity
  8
Visible
100
AcDbSpline
210
0.0
220
0.0
230
1.0
 70
     8
 71
     3
 72
     9
 73
     5
 74
     0
 42
0.000000001
 43
0.0000000001
 40
0.0
 40
0.0
 40
0.0
 40
0.0
 40
0.0525018915696528
 40
0.1001776247390344
 40
0.1001776247390344
 40
0.1001776247390344
 40
0.1001776247390344
 10
146.0335006665063
 20
153.994126858719
 30
0.0
 10
146.0382707438202
 20
154.1702205263027
 30
0.0
 10
146.0473724161784
 20
154.5062207126357
 30
0.0
 10
146.1549758957135
 20
154.8244023388306
 30
0.0
 10
146.2061856822493
 20
154.9758287910881
 30
0.0
  0
SPLINE
  5
DB0
330
70
100
AcDbEntity
  8
Visible
100
AcDbSpline
210
0.0
220
0.0
230
1.0
 70
     8
 71
     3
 72
     9
 73
     5
 74
     0
 42
0.000000001
 43
0.0000000001
 40
0.0
 40
0.0
 40
0.0
 40
0.0
 40
0.0454093460039148
 40
0.0937729281920734
 40
0.0937729281920734
 40
0.0937729281920734
 40
0.0937729281920734
 10
146.2099888707671
 20
153.0777914525533
 30
0.0
 10
146.1593303721165
 20
153.2213608234797
 30
0.0
 10
146.0547176398395
 20
153.5178398855059
 30
0.0
 10
146.0407199856727
 20
153.8320647389118
 30
0.0
 10
146.0335006665063
 20
153.994126858719
 30
0.0
  0
SPLINE
  5
DB1
330
70
100
AcDbEntity
  8
Visible
100
AcDbSpline
210
0.0
220
0.0
230
1.0
 70
     8
 71
     3
 72
     9
 73
     5
 74
     0
 42
0.000000001
 43
0.0000000001
 40
0.0
 40
0.0
 40
0.0
 40
0.0
 40
0.0392001405918682
 40
0.0811661215701934
 40
0.0811661215701934
 40
0.0811661215701934
 40
0.0811661215701934
 10
146.7137138931448
 20
152.4534925974403
 30
0.0
 10
146.6091922842642
 20
152.5348890328132
 30
0.0
 10
146.3927743458334
 20
152.7034249836833
 30
0.0
 10
146.2722859615423
 20
152.9501995753216
 30
0.0
 10
146.2099888707671
 20
153.0777914525533
 30
0.0
  0
SPLINE
  5
DB2
330
70
100
AcDbEntity
  8
Visible
100
AcDbSpline
210
0.0
220
0.0
230
1.0
 70
     8
 71
     3
 72
     9
 73
     5
 74
     0
 42
0.000000001
 43
0.0000000001
 40
0.0
 40
0.0
 40
0.0
 40
0.0
 40
0.037013624260742
 40
0.0747741837079815
 40
0.0747741837079815
 40
0.0747741837079815
 40
0.0747741837079815
 10
147.422802782632
 20
152.2432240539237
 30
0.0
 10
147.2980751770701
 20
152.2517193661715
 30
0.0
 10
147.0461029620273
 20
152.2688814261237
 30
0.0
 10
146.8252456463015
 20
152.3915470958673
 30
0.0
 10
146.7137138931448
 20
152.4534925974403
 30
0.0
  0
SPLINE
  5
DB3
330
70
100
AcDbEntity
  8
Visible
100
AcDbSpline
210
0.0
220
0.0
230
1.0
 70
     8
 71
     3
 72
     9
 73
     5
 74
     0
 42
0.000000001
 43
0.0000000001
 40
0.0
 40
0.0
 40
0.0
 40
0.0
 40
0.0322707490120228
 40
0.0653483097089642
 40
0.0653483097089642
 40
0.0653483097089642
 40
0.0653483097089642
 10
148.0440906876756
 20
152.4229118306957
 30
0.0
 10
147.9483062113831
 20
152.371060001129
 30
0.0
 10
147.7543425193798
 20
152.2660599772298
 30
0.0
 10
147.5342219219346
 20
152.2508984248597
 30
0.0
 10
147.422802782632
 20
152.2432240539237
 30
0.0
  0
SPLINE
  5
DB4
330
70
100
AcDbEntity
  8
Visible
100
AcDbSpline
210
0.0
220
0.0
230
1.0
 70
     8
 71
     3
 72
     9
 73
     5
 74
     0
 42
0.000000001
 43
0.0000000001
 40
0.0
 40
0.0
 40
0.0
 40
0.0
 40
0.0376606062707543
 40
0.0714501314752291
 40
0.0714501314752291
 40
0.0714501314752291
 40
0.0714501314752291
 10
148.5061659770199
 20
152.9596902519042
 30
0.0
 10
148.4433615178022
 20
152.8493253538545
 30
0.0
 10
148.3242081819244
 20
152.6399398113244
 30
0.0
 10
148.134028620112
 20
152.4925934759321
 30
0.0
 10
148.0440906876756
 20
152.4229118306957
 30
0.0
  0
ARC
  5
DB5
330
70
100
AcDbEntity
  8
Visible
100
AcDbCircle
 10
144.34935
 20
154.805865
 30
0.0
 40
4.548349291083317
100
AcDbArc
 50
336.052465
 51
348.857643
  0
ARC
  5
DB6
330
70
100
AcDbEntity
  8
Visible
100
AcDbCircle
 10
157.420917
 20
152.106185
 30
0.0
 40
8.799381351427154
100
AcDbArc
 50
162.045813
 51
168.058381
  0
SPLINE
  5
DB7
330
70
100
AcDbEntity
  8
Visible
100
AcDbSpline
210
0.0
220
0.0
230
1.0
 70
     8
 71
     3
 72
     9
 73
     5
 74
     0
 42
0.000000001
 43
0.0000000001
 40
0.0
 40
0.0
 40
0.0
 40
0.0
 40
0.0242452770211066
 40
0.0543126847397881
 40
0.0543126847397881
 40
0.0543126847397881
 40
0.0543126847397881
 10
149.3421255933226
 20
155.2707629877786
 30
0.0
 10
149.2846250656403
 20
155.2128494668522
 30
0.0
 10
149.1558161421671
 20
155.0831153829113
 30
0.0
 10
149.0877289847813
 20
154.9128886280941
 30
0.0
 10
149.0500360529859
 20
154.8186513929777
 30
0.0
  0
SPLINE
  5
DB8
330
70
100
AcDbEntity
  8
Visible
100
AcDbSpline
210
0.0
220
0.0
230
1.0
 70
     8
 71
     3
 72
     9
 73
     5
 74
     0
 42
0.000000001
 43
0.0000000001
 40
0.0
 40
0.0
 40
0.0
 40
0.0
 40
0.0223035791397983
 40
0.0439336730844661
 40
0.0439336730844661
 40
0.0439336730844661
 40
0.0439336730844661
 10
149.7522130556644
 20
155.4098556871995
 30
0.0
 10
149.6767554121979
 20
155.404037711467
 30
0.0
 10
149.5281186656429
 20
155.3925774412473
 30
0.0
 10
149.4034864304067
 20
155.3109507041299
 30
0.0
 10
149.3421255933226
 20
155.2707629877786
 30
0.0
  0
SPLINE
  5
DB9
330
70
100
AcDbEntity
  8
Visible
100
AcDbSpline
210
0.0
220
0.0
230
1.0
 70
     8
 71
     3
 72
     9
 73
     5
 74
     0
 42
0.000000001
 43
0.0000000001
 40
0.0
 40
0.0
 40
0.0
 40
0.0
 40
0.0230912687864172
 40
0.0456673616574967
 40
0.0456673616574967
 40
0.0456673616574967
 40
0.0456673616574967
 10
150.1811587529537
 20
155.271097576071
 30
0.0
 10
150.1144748570859
 20
155.3119466807438
 30
0.0
 10
149.9825948111065
 20
155.3927335293865
 30
0.0
 10
149.8284272500168
 20
155.4041913868259
 30
0.0
 10
149.7522130556644
 20
155.4098556871995
 30
0.0
  0
SPLINE
  5
DBA
330
70
100
AcDbEntity
  8
Visible
100
AcDbSpline
210
0.0
220
0.0
230
1.0
 70
     8
 71
     3
 72
     9
 73
     5
 74
     0
 42
0.000000001
 43
0.0000000001
 40
0.0
 40
0.0
 40
0.0
 40
0.0
 40
0.028586949001464
 40
0.0536093988295926
 40
0.0536093988295926
 40
0.0536093988295926
 40
0.0536093988295926
 10
150.4926182087965
 20
154.8416656535228
 30
0.0
 10
150.4534947119718
 20
154.930015934513
 30
0.0
 10
150.3801260168766
 20
155.0957001231308
 30
0.0
 10
150.2444746798192
 20
155.2152821012841
 30
0.0
 10
150.1811587529537
 20
155.271097576071
 30
0.0
  0
SPLINE
  5
DBB
330
70
100
AcDbEntity
  8
Visible
100
AcDbSpline
210
0.0
220
0.0
230
1.0
 70
     8
 71
     3
 72
     9
 73
     5
 74
     0
 42
0.000000001
 43
0.0000000001
 40
0.0
 40
0.0
 40
0.0
 40
0.0
 40
0.0357521190433063
 40
0.0680809890969723
 40
0.0680809890969723
 40
0.0680809890969723
 40
0.0680809890969723
 10
150.6095092436389
 20
154.1739249910406
 30
0.0
 10
150.6050597147205
 20
154.2936911465458
 30
0.0
 10
150.5965866972365
 20
154.5217559031353
 30
0.0
 10
150.5260928474527
 20
154.7386646052528
 30
0.0
 10
150.4926182087965
 20
154.8416656535228
 30
0.0
  0
SPLINE
  5
DBC
330
70
100
AcDbEntity
  8
Visible
100
AcDbSpline
210
0.0
220
0.0
230
1.0
 70
     8
 71
     3
 72
     9
 73
     5
 74
     0
 42
0.000000001
 43
0.0000000001
 40
0.0
 40
0.0
 40
0.0
 40
0.0
 40
0.0379079343698787
 40
0.0785787803145869
 40
0.0785787803145869
 40
0.0785787803145869
 40
0.0785787803145869
 10
150.4661349310536
 20
153.4055831001606
 30
0.0
 10
150.5086147896363
 20
153.5254395233151
 30
0.0
 10
150.5966706420822
 20
153.7738880790311
 30
0.0
 10
150.6051305566579
 20
154.0374898496411
 30
0.0
 10
150.6095092436389
 20
154.1739249910406
 30
0.0
  0
SPLINE
  5
DBD
330
70
100
AcDbEntity
  8
Visible
100
AcDbSpline
210
0.0
220
0.0
230
1.0
 70
     8
 71
     3
 72
     9
 73
     5
 74
     0
 42
0.000000001
 43
0.0000000001
 40
0.0
 40
0.0
 40
0.0
 40
0.0
 40
0.0300048362528226
 40
0.0642343670663586
 40
0.0642343670663586
 40
0.0642343670663586
 40
0.0642343670663586
 10
150.0805978104308
 20
152.8999984821803
 30
0.0
 10
150.1578828000201
 20
152.9653022573366
 30
0.0
 10
150.3233345408061
 20
153.1051046088269
 30
0.0
 10
150.4164924685519
 20
153.3011261570645
 30
0.0
 10
150.4661349310536
 20
153.4055831001606
 30
0.0
  0
SPLINE
  5
DBE
330
70
100
AcDbEntity
  8
Visible
100
AcDbSpline
210
0.0
220
0.0
230
1.0
 70
     8
 71
     3
 72
     9
 73
     5
 74
     0
 42
0.000000001
 43
0.0000000001
 40
0.0
 40
0.0
 40
0.0
 40
0.0
 40
0.0349364260530128
 40
0.0653875727828725
 40
0.0653875727828725
 40
0.0653875727828725
 40
0.0653875727828725
 10
149.4663306181555
 20
152.689659869955
 30
0.0
 10
149.5824465930563
 20
152.7080214125635
 30
0.0
 10
149.7997711055486
 20
152.7423871688606
 30
0.0
 10
149.9913698320142
 20
152.8499201291652
 30
0.0
 10
150.0805978104308
 20
152.8999984821803
 30
0.0
  0
LINE
  5
DBF
330
70
100
AcDbEntity
  8
Visible
100
AcDbLine
 10
149.524954
 20
152.06588
 30
0.0
 11
149.466331
 21
152.68966
 31
0.0
  0
SPLINE
  5
DC0
330
70
100
AcDbEntity
  8
Visible
100
AcDbSpline
210
0.0
220
0.0
230
1.0
 70
     8
 71
     3
 72
     9
 73
     5
 74
     0
 42
0.000000001
 43
0.0000000001
 40
0.0
 40
0.0
 40
0.0
 40
0.0
 40
0.0467825841956367
 40
0.0949136097204564
 40
0.0949136097204564
 40
0.0949136097204564
 40
0.0949136097204564
 10
150.4218555539355
 20
152.3462690368451
 30
0.0
 10
150.2844201341668
 20
152.2686789207546
 30
0.0
 10
150.0055879144874
 20
152.1112622640357
 30
0.0
 10
149.6866756592371
 20
152.0811501408661
 30
0.0
 10
149.5249541322318
 20
152.0658801772297
 30
0.0
  0
SPLINE
  5
DC1
330
70
100
AcDbEntity
  8
Visible
100
AcDbSpline
210
0.0
220
0.0
230
1.0
 70
     8
 71
     3
 72
     9
 73
     5
 74
     0
 42
0.000000001
 43
0.0000000001
 40
0.0
 40
0.0
 40
0.0
 40
0.0
 40
0.0156687844091512
 40
0.0313367947828669
 40
0.0313367947828669
 40
0.0313367947828669
 40
0.0313367947828669
 10
153.6915133545426
 20
158.5990473889378
 30
0.0
 10
153.6958819422234
 20
158.5456185670955
 30
0.0
 10
153.7046189017746
 20
158.4387635627863
 30
0.0
 10
153.7733271414454
 20
158.3564624714636
 30
0.0
 10
153.8076804127158
 20
158.3153129422408
 30
0.0
  0
SPLINE
  5
DC2
330
70
100
AcDbEntity
  8
Visible
100
AcDbSpline
210
0.0
220
0.0
230
1.0
 70
     8
 71
     3
 72
     9
 73
     5
 74
     0
 42
0.000000001
 43
0.0000000001
 40
0.0
 40
0.0
 40
0.0
 40
0.0
 40
0.0153616010088768
 40
0.0309969491077194
 40
0.0309969491077194
 40
0.0309969491077194
 40
0.0309969491077194
 10
153.8140295638477
 20
158.8759862320603
 30
0.0
 10
153.7787687335003
 20
158.8369176252872
 30
0.0
 10
153.7076187170951
 20
158.7580842006209
 30
0.0
 10
153.6969133233379
 20
158.6523708591539
 30
0.0
 10
153.6915133545426
 20
158.5990473889378
 30
0.0
  0
SPLINE
  5
DC3
330
70
100
AcDbEntity
  8
Visible
100
AcDbSpline
210
0.0
220
0.0
230
1.0
 70
     8
 71
     3
 72
     9
 73
     5
 74
     0
 42
0.000000001
 43
0.0000000001
 40
0.0
 40
0.0
 40
0.0
 40
0.0
 40
0.0187415521895009
 40
0.0351289721131593
 40
0.0351289721131593
 40
0.0351289721131593
 40
0.0351289721131593
 10
154.1419993145591
 20
158.9827845602776
 30
0.0
 10
154.0780710347753
 20
158.9802711903285
 30
0.0
 10
153.9582445265423
 20
158.9755601556207
 30
0.0
 10
153.8599044991733
 20
158.9076608046452
 30
0.0
 10
153.8140295638477
 20
158.8759862320603
 30
0.0
  0
SPLINE
  5
DC4
330
70
100
AcDbEntity
  8
Visible
100
AcDbSpline
210
0.0
220
0.0
230
1.0
 70
     8
 71
     3
 72
     9
 73
     5
 74
     0
 42
0.000000001
 43
0.0000000001
 40
0.0
 40
0.0
 40
0.0
 40
0.0
 40
0.0170147424253368
 40
0.0365204937838928
 40
0.0365204937838928
 40
0.0365204937838928
 40
0.0365204937838928
 10
154.4817748859786
 20
158.8670601428639
 30
0.0
 10
154.4343877979281
 20
158.9001870168868
 30
0.0
 10
154.3326760110903
 20
158.9712906378881
 30
0.0
 10
154.2083841351541
 20
158.978782907272
 30
0.0
 10
154.1419993145591
 20
158.9827845602776
 30
0.0
  0
SPLINE
  5
DC5
330
70
100
AcDbEntity
  8
Visible
100
AcDbSpline
210
0.0
220
0.0
230
1.0
 70
     8
 71
     3
 72
     9
 73
     5
 74
     0
 42
0.000000001
 43
0.0000000001
 40
0.0
 40
0.0
 40
0.0
 40
0.0
 40
0.0147976074719422
 40
0.0302691451627336
 40
0.0302691451627336
 40
0.0302691451627336
 40
0.0302691451627336
 10
154.6042506068224
 20
158.5982618794787
 30
0.0
 10
154.5991416601846
 20
158.6487408925022
 30
0.0
 10
154.5886910891913
 20
158.7519978937289
 30
0.0
 10
154.5179387113658
 20
158.8281409616611
 30
0.0
 10
154.4817748859786
 20
158.8670601428639
 30
0.0
  0
SPLINE
  5
DC6
330
70
100
AcDbEntity
  8
Visible
100
AcDbSpline
210
0.0
220
0.0
230
1.0
 70
     8
 71
     3
 72
     9
 73
     5
 74
     0
 42
0.000000001
 43
0.0000000001
 40
0.0
 40
0.0
 40
0.0
 40
0.0
 40
0.0109195337136452
 40
0.0214321129737631
 40
0.0214321129737631
 40
0.0214321129737631
 40
0.0214321129737631
 10
154.5412433247165
 20
158.3956884581457
 30
0.0
 10
154.559313357302
 20
158.4278216503717
 30
0.0
 10
154.5947799797777
 20
158.4908904795029
 30
0.0
 10
154.6011339476699
 20
158.5629273599206
 30
0.0
 10
154.6042506068224
 20
158.5982618794787
 30
0.0
  0
SPLINE
  5
DC7
330
70
100
AcDbEntity
  8
Visible
100
AcDbSpline
210
0.0
220
0.0
230
1.0
 70
     8
 71
     3
 72
     9
 73
     5
 74
     0
 42
0.000000001
 43
0.0000000001
 40
0.0
 40
0.0
 40
0.0
 40
0.0
 40
0.0120878593122774
 40
0.0234764553341117
 40
0.0234764553341117
 40
0.0234764553341117
 40
0.0234764553341117
 10
154.3628763450669
 20
158.2469483684763
 30
0.0
 10
154.3991196672814
 20
158.2657854038134
 30
0.0
 10
154.4695096936011
 20
158.3023697821772
 30
0.0
 10
154.5178116843162
 20
158.3652061080411
 30
0.0
 10
154.5412433247165
 20
158.3956884581457
 30
0.0
  0
SPLINE
  5
DC8
330
70
100
AcDbEntity
  8
Visible
100
AcDbSpline
210
0.0
220
0.0
230
1.0
 70
     8
 71
     3
 72
     9
 73
     5
 74
     0
 42
0.000000001
 43
0.0000000001
 40
0.0
 40
0.0
 40
0.0
 40
0.0
 40
0.0124876226092769
 40
0.0250259119791182
 40
0.0250259119791182
 40
0.0250259119791182
 40
0.0250259119791182
 10
154.1194440431645
 20
158.1958130190796
 30
0.0
 10
154.1613431761707
 20
158.1976021770115
 30
0.0
 10
154.245311441984
 20
158.2011877521308
 30
0.0
 10
154.3236351866853
 20
158.2316742556541
 30
0.0
 10
154.3628763450669
 20
158.2469483684763
 30
0.0
  0
SPLINE
  5
DC9
330
70
100
AcDbEntity
  8
Visible
100
AcDbSpline
210
0.0
220
0.0
230
1.0
 70
     8
 71
     3
 72
     9
 73
     5
 74
     0
 42
0.000000001
 43
0.0000000001
 40
0.0
 40
0.0
 40
0.0
 40
0.0
 40
0.0163086281128219
 40
0.0340605809065016
 40
0.0340605809065016
 40
0.0340605809065016
 40
0.0340605809065016
 10
153.8076804127158
 20
158.3153129422408
 30
0.0
 10
153.8514512368074
 20
158.2810094957931
 30
0.0
 10
153.9428666326966
 20
158.2093667245572
 30
0.0
 10
154.0589452867589
 20
158.200456774608
 30
0.0
 10
154.1194440431645
 20
158.1958130190796
 30
0.0
  0
SPLINE
  5
DCA
330
70
100
AcDbEntity
  8
Visible
100
AcDbSpline
210
0.0
220
0.0
230
1.0
 70
     8
 71
     3
 72
     9
 73
     5
 74
     0
 42
0.000000001
 43
0.0000000001
 40
0.0
 40
0.0
 40
0.0
 40
0.0
 40
0.0217234047311458
 40
0.0415873039909401
 40
0.0415873039909401
 40
0.0415873039909401
 40
0.0415873039909401
 10
152.7642954904131
 20
158.6463847837221
 30
0.0
 10
152.7695901739844
 20
158.7202055895486
 30
0.0
 10
152.7797263205939
 20
158.8615282012979
 30
0.0
 10
152.8617982921587
 20
158.9766440139865
 30
0.0
 10
152.900999423724
 20
159.0316283165739
 30
0.0
  0
SPLINE
  5
DCB
330
70
100
AcDbEntity
  8
Visible
100
AcDbSpline
210
0.0
220
0.0
230
1.0
 70
     8
 71
     3
 72
     9
 73
     5
 74
     0
 42
0.000000001
 43
0.0000000001
 40
0.0
 40
0.0
 40
0.0
 40
0.0
 40
0.0278644578161507
 40
0.0568471169617946
 40
0.0568471169617946
 40
0.0568471169617946
 40
0.0568471169617946
 10
152.9877755194065
 20
158.140411087521
 30
0.0
 10
152.9217164848196
 20
158.2098666416059
 30
0.0
 10
152.7869474650797
 20
158.3515650027493
 30
0.0
 10
152.771944519578
 20
158.5468312067605
 30
0.0
 10
152.7642954904131
 20
158.6463847837221
 30
0.0
  0
SPLINE
  5
DCC
330
70
100
AcDbEntity
  8
Visible
100
AcDbSpline
210
0.0
220
0.0
230
1.0
 70
     8
 71
     3
 72
     9
 73
     5
 74
     0
 42
0.000000001
 43
0.0000000001
 40
0.0
 40
0.0
 40
0.0
 40
0.0
 40
0.0503537381468864
 40
0.0881773755178795
 40
0.0881773755178795
 40
0.0881773755178795
 40
0.0881773755178795
 10
153.8284066537217
 20
157.9166898185867
 30
0.0
 10
153.6572876398932
 20
157.9212191818951
 30
0.0
 10
153.3576311278666
 20
157.9291508148599
 30
0.0
 10
153.098800693675
 20
158.0769938834764
 30
0.0
 10
152.9877755194065
 20
158.140411087521
 30
0.0
  0
SPLINE
  5
DCD
330
70
100
AcDbEntity
  8
Visible
100
AcDbSpline
210
0.0
220
0.0
230
1.0
 70
     8
 71
     3
 72
     9
 73
     5
 74
     0
 42
0.000000001
 43
0.0000000001
 40
0.0
 40
0.0
 40
0.0
 40
0.0
 40
0.0332380635715591
 40
0.078026604989152
 40
0.078026604989152
 40
0.078026604989152
 40
0.078026604989152
 10
154.5747544074474
 20
158.1019751142284
 30
0.0
 10
154.4767124314276
 20
158.0468868872085
 30
0.0
 10
154.2465581530705
 20
157.9175668586813
 30
0.0
 10
153.9808992109938
 20
157.9170096598081
 30
0.0
 10
153.8284066537217
 20
157.9166898185867
 30
0.0
  0
SPLINE
  5
DCE
330
70
100
AcDbEntity
  8
Visible
100
AcDbSpline
210
0.0
220
0.0
230
1.0
 70
     8
 71
     3
 72
     9
 73
     5
 74
     0
 42
0.000000001
 43
0.0000000001
 40
0.0
 40
0.0
 40
0.0
 40
0.0
 40
0.0284309317760355
 40
0.0563547258592816
 40
0.0563547258592816
 40
0.0563547258592816
 40
0.0563547258592816
 10
154.8061938494411
 20
158.6000683563234
 30
0.0
 10
154.7960281361938
 20
158.5028725234333
 30
0.0
 10
154.775878040944
 20
158.31021459156
 30
0.0
 10
154.6413922047286
 20
158.1709705864905
 30
0.0
 10
154.5747544074474
 20
158.1019751142284
 30
0.0
  0
SPLINE
  5
DCF
330
70
100
AcDbEntity
  8
Visible
100
AcDbSpline
210
0.0
220
0.0
230
1.0
 70
     8
 71
     3
 72
     9
 73
     5
 74
     0
 42
0.000000001
 43
0.0000000001
 40
0.0
 40
0.0
 40
0.0
 40
0.0
 40
0.016458167849041
 40
0.0336461881729477
 40
0.0336461881729477
 40
0.0336461881729477
 40
0.0336461881729477
 10
154.7238969935933
 20
158.9229855633475
 30
0.0
 10
154.7483997273302
 20
158.8731940507423
 30
0.0
 10
154.7984917908943
 20
158.771402975457
 30
0.0
 10
154.8035896358069
 20
158.6579998753332
 30
0.0
 10
154.8061938494411
 20
158.6000683563234
 30
0.0
  0
SPLINE
  5
DD0
330
70
100
AcDbEntity
  8
Visible
100
AcDbSpline
210
0.0
220
0.0
230
1.0
 70
     8
 71
     3
 72
     9
 73
     5
 74
     0
 42
0.000000001
 43
0.0000000001
 40
0.0
 40
0.0
 40
0.0
 40
0.0
 40
0.0172211301072318
 40
0.0336690658851564
 40
0.0336690658851564
 40
0.0336690658851564
 40
0.0336690658851564
 10
154.4788260258592
 20
159.1488305683033
 30
0.0
 10
154.5288795821925
 20
159.1192405356359
 30
0.0
 10
154.626739390198
 20
159.0613890036384
 30
0.0
 10
154.6920107680016
 20
158.9684082906024
 30
0.0
 10
154.7238969935933
 20
158.9229855633475
 30
0.0
  0
SPLINE
  5
DD1
330
70
100
AcDbEntity
  8
Visible
100
AcDbSpline
210
0.0
220
0.0
230
1.0
 70
     8
 71
     3
 72
     9
 73
     5
 74
     0
 42
0.000000001
 43
0.0000000001
 40
0.0
 40
0.0
 40
0.0
 40
0.0
 40
0.0182746751159
 40
0.0361733884820021
 40
0.0361733884820021
 40
0.0361733884820021
 40
0.0361733884820021
 10
154.1298359025295
 20
159.233960972535
 30
0.0
 10
154.1911564224265
 20
159.2300271209369
 30
0.0
 10
154.3125359257083
 20
159.2222403481937
 30
0.0
 10
154.4237813958844
 20
159.1731303562446
 30
0.0
 10
154.4788260258592
 20
159.1488305683033
 30
0.0
  0
SPLINE
  5
DD2
330
70
100
AcDbEntity
  8
Visible
100
AcDbSpline
210
0.0
220
0.0
230
1.0
 70
     8
 71
     3
 72
     9
 73
     5
 74
     0
 42
0.000000001
 43
0.0000000001
 40
0.0
 40
0.0
 40
0.0
 40
0.0
 40
0.0244301762902491
 40
0.0507917710315831
 40
0.0507917710315831
 40
0.0507917710315831
 40
0.0507917710315831
 10
153.6606538858923
 20
159.0666849008867
 30
0.0
 10
153.7275744132366
 20
159.116245407482
 30
0.0
 10
153.8667061191154
 20
159.2192846108573
 30
0.0
 10
154.0399302886235
 20
159.2289463850975
 30
0.0
 10
154.1298359025295
 20
159.233960972535
 30
0.0
  0
SPLINE
  5
DD3
330
70
100
AcDbEntity
  8
Visible
100
AcDbSpline
210
0.0
220
0.0
230
1.0
 70
     8
 71
     3
 72
     9
 73
     5
 74
     0
 42
0.000000001
 43
0.0000000001
 40
0.0
 40
0.0
 40
0.0
 40
0.0
 40
0.0231767439975834
 40
0.046584955320459
 40
0.046584955320459
 40
0.046584955320459
 40
0.046584955320459
 10
153.4751665966905
 20
158.6506141133432
 30
0.0
 10
153.4837405147391
 20
158.7294775654154
 30
0.0
 10
153.5009739789966
 20
158.8879920828785
 30
0.0
 10
153.6072512298342
 20
159.0069236492327
 30
0.0
 10
153.6606538858923
 20
159.0666849008867
 30
0.0
  0
SPLINE
  5
DD4
330
70
100
AcDbEntity
  8
Visible
100
AcDbSpline
210
0.0
220
0.0
230
1.0
 70
     8
 71
     3
 72
     9
 73
     5
 74
     0
 42
0.000000001
 43
0.0000000001
 40
0.0
 40
0.0
 40
0.0
 40
0.0
 40
0.0140193877886663
 40
0.0278614313197895
 40
0.0278614313197895
 40
0.0278614313197895
 40
0.0278614313197895
 10
153.5376034751734
 20
158.3811313013084
 30
0.0
 10
153.518993481759
 20
158.4244521370638
 30
0.0
 10
153.4820089100248
 20
158.510545803083
 30
0.0
 10
153.4774376688092
 20
158.6041232236784
 30
0.0
 10
153.4751665966905
 20
158.6506141133432
 30
0.0
  0
SPLINE
  5
DD5
330
70
100
AcDbEntity
  8
Visible
100
AcDbSpline
210
0.0
220
0.0
230
1.0
 70
     8
 71
     3
 72
     9
 73
     5
 74
     0
 42
0.000000001
 43
0.0000000001
 40
0.0
 40
0.0
 40
0.0
 40
0.0
 40
0.015349625469656
 40
0.0297979462731753
 40
0.0297979462731753
 40
0.0297979462731753
 40
0.0297979462731753
 10
153.7356800146426
 20
158.1619575444874
 30
0.0
 10
153.6942631356524
 20
158.1929522136051
 30
0.0
 10
153.6138613084313
 20
158.2531215960371
 30
0.0
 10
153.5625049575246
 20
158.3393305933641
 30
0.0
 10
153.5376034751734
 20
158.3811313013084
 30
0.0
  0
SPLINE
  5
DD6
330
70
100
AcDbEntity
  8
Visible
100
AcDbSpline
210
0.0
220
0.0
230
1.0
 70
     8
 71
     3
 72
     9
 73
     5
 74
     0
 42
0.000000001
 43
0.0000000001
 40
0.0
 40
0.0
 40
0.0
 40
0.0
 40
0.0203249670841158
 40
0.0469599968658788
 40
0.0469599968658788
 40
0.0469599968658788
 40
0.0469599968658788
 10
153.2740144980653
 20
158.2367670751791
 30
0.0
 10
153.3389574629746
 20
158.2164577357543
 30
0.0
 10
153.4890055007435
 20
158.1695338459485
 30
0.0
 10
153.6464051910115
 20
158.1646995098654
 30
0.0
 10
153.7356800146426
 20
158.1619575444874
 30
0.0
  0
SPLINE
  5
DD7
330
70
100
AcDbEntity
  8
Visible
100
AcDbSpline
210
0.0
220
0.0
230
1.0
 70
     8
 71
     3
 72
     9
 73
     5
 74
     0
 42
0.000000001
 43
0.0000000001
 40
0.0
 40
0.0
 40
0.0
 40
0.0
 40
0.014687195521497
 40
0.031022176393764
 40
0.031022176393764
 40
0.031022176393764
 40
0.031022176393764
 10
153.0291699497265
 20
158.422361879615
 30
0.0
 10
153.0614917635539
 20
158.3848648164457
 30
0.0
 10
153.1297616390657
 20
158.3056638208472
 30
0.0
 10
153.2242571260321
 20
158.2605317411271
 30
0.0
 10
153.2740144980653
 20
158.2367670751791
 30
0.0
  0
SPLINE
  5
DD8
330
70
100
AcDbEntity
  8
Visible
100
AcDbSpline
210
0.0
220
0.0
230
1.0
 70
     8
 71
     3
 72
     9
 73
     5
 74
     0
 42
0.000000001
 43
0.0000000001
 40
0.0
 40
0.0
 40
0.0
 40
0.0
 40
0.0111373463285916
 40
0.0219063762090008
 40
0.0219063762090008
 40
0.0219063762090008
 40
0.0219063762090008
 10
152.9660226078012
 20
158.6290927710306
 30
0.0
 10
152.9681363177878
 20
158.5914091336053
 30
0.0
 10
152.9722938365376
 20
158.5172880715472
 30
0.0
 10
153.0104249474225
 20
158.4536472749532
 30
0.0
 10
153.0291699497265
 20
158.422361879615
 30
0.0
  0
SPLINE
  5
DD9
330
70
100
AcDbEntity
  8
Visible
100
AcDbSpline
210
0.0
220
0.0
230
1.0
 70
     8
 71
     3
 72
     9
 73
     5
 74
     0
 42
0.000000001
 43
0.0000000001
 40
0.0
 40
0.0
 40
0.0
 40
0.0
 40
0.0136270465518671
 40
0.0273191880859461
 40
0.0273191880859461
 40
0.0273191880859461
 40
0.0273191880859461
 10
153.0738441924968
 20
158.8734532995113
 30
0.0
 10
153.0428088439421
 20
158.8386153376559
 30
0.0
 10
152.9805898942013
 20
158.768772996631
 30
0.0
 10
152.9708860772134
 20
158.6757267484263
 30
0.0
 10
152.9660226078012
 20
158.6290927710306
 30
0.0
  0
SPLINE
  5
DDA
330
70
100
AcDbEntity
  8
Visible
100
AcDbSpline
210
0.0
220
0.0
230
1.0
 70
     8
 71
     3
 72
     9
 73
     5
 74
     0
 42
0.000000001
 43
0.0000000001
 40
0.0
 40
0.0
 40
0.0
 40
0.0
 40
0.0130948948491228
 40
0.0231453953456755
 40
0.0231453953456755
 40
0.0231453953456755
 40
0.0231453953456755
 10
153.2849766907438
 20
158.9638382116864
 30
0.0
 10
153.2419569112717
 20
158.9539432160145
 30
0.0
 10
153.1659188968369
 20
158.9364536836874
 30
0.0
 10
153.1017210380596
 20
158.8925275066194
 30
0.0
 10
153.0738441924968
 20
158.8734532995113
 30
0.0
  0
LINE
  5
DDB
330
70
100
AcDbEntity
  8
Visible
100
AcDbLine
 10
153.268644
 20
159.208241
 30
0.0
 11
153.284977
 21
158.963838
 31
0.0
  0
SPLINE
  5
DDC
330
70
100
AcDbEntity
  8
Visible
100
AcDbSpline
210
0.0
220
0.0
230
1.0
 70
     8
 71
     3
 72
     9
 73
     5
 74
     0
 42
0.000000001
 43
0.0000000001
 40
0.0
 40
0.0
 40
0.0
 40
0.0
 40
0.0198405993399089
 40
0.0414989168845903
 40
0.0414989168845903
 40
0.0414989168845903
 40
0.0414989168845903
 10
152.900999423724
 20
159.0316283165739
 30
0.0
 10
152.9514033192517
 20
159.0764619394758
 30
0.0
 10
153.0568289183175
 20
159.1702366666668
 30
0.0
 10
153.196006609136
 20
159.1952081886466
 30
0.0
 10
153.2686435560554
 20
159.208240845719
 30
0.0
  0
LINE
  5
DDD
330
70
100
AcDbEntity
  8
Visible
100
AcDbLine
 10
153.006023
 20
153.004814
 30
0.0
 11
154.708505
 21
152.985535
 31
0.0
  0
LINE
  5
DDE
330
70
100
AcDbEntity
  8
Visible
100
AcDbLine
 10
154.715055
 20
153.563942
 30
0.0
 11
153.006023
 21
153.004814
 31
0.0
  0
LINE
  5
DDF
330
70
100
AcDbEntity
  8
Visible
100
AcDbLine
 10
154.717759
 20
153.802672
 30
0.0
 11
154.715055
 21
153.563942
 31
0.0
  0
LINE
  5
DE0
330
70
100
AcDbEntity
  8
Visible
100
AcDbLine
 10
153.050504
 20
154.402763
 30
0.0
 11
154.717759
 21
153.802672
 31
0.0
  0
LINE
  5
DE1
330
70
100
AcDbEntity
  8
Visible
100
AcDbLine
 10
154.72434
 20
154.383808
 30
0.0
 11
153.050504
 21
154.402763
 31
0.0
  0
LINE
  5
DE2
330
70
100
AcDbEntity
  8
Visible
100
AcDbLine
 10
154.727228
 20
154.638908
 30
0.0
 11
154.72434
 21
154.383808
 31
0.0
  0
LINE
  5
DE3
330
70
100
AcDbEntity
  8
Visible
100
AcDbLine
 10
152.727357
 20
154.661554
 30
0.0
 11
154.727228
 21
154.638908
 31
0.0
  0
LINE
  5
DE4
330
70
100
AcDbEntity
  8
Visible
100
AcDbLine
 10
152.723325
 20
154.305506
 30
0.0
 11
152.727357
 21
154.661554
 31
0.0
  0
LINE
  5
DE5
330
70
100
AcDbEntity
  8
Visible
100
AcDbLine
 10
154.109355
 20
153.810926
 30
0.0
 11
152.723325
 21
154.305506
 31
0.0
  0
ARC
  5
DE6
330
70
100
AcDbEntity
  8
Visible
100
AcDbCircle
 10
158.768724
 20
166.816096
 30
0.0
 40
13.81463578905343
100
AcDbArc
 50
250.288894
 51
251.689939
  0
ARC
  5
DE7
330
70
100
AcDbEntity
  8
Visible
100
AcDbCircle
 10
158.652365
 20
139.55662
 30
0.0
 40
14.76141931247965
100
AcDbArc
 50
106.626208
 51
107.833616
  0
LINE
  5
DE8
330
70
100
AcDbEntity
  8
Visible
100
AcDbLine
 10
152.710256
 20
153.151419
 30
0.0
 11
154.131624
 21
153.608751
 31
0.0
  0
LINE
  5
DE9
330
70
100
AcDbEntity
  8
Visible
100
AcDbLine
 10
152.705745
 20
152.753082
 30
0.0
 11
152.710256
 21
153.151419
 31
0.0
  0
LINE
  5
DEA
330
70
100
AcDbEntity
  8
Visible
100
AcDbLine
 10
154.705617
 20
152.730435
 30
0.0
 11
152.705745
 21
152.753082
 31
0.0
  0
LINE
  5
DEB
330
70
100
AcDbEntity
  8
Visible
100
AcDbLine
 10
154.708505
 20
152.985535
 30
0.0
 11
154.705617
 21
152.730435
 31
0.0
  0
SPLINE
  5
DEC
330
70
100
AcDbEntity
  8
Visible
100
AcDbSpline
210
0.0
220
0.0
230
1.0
 70
     8
 71
     3
 72
     9
 73
     5
 74
     0
 42
0.000000001
 43
0.0000000001
 40
0.0
 40
0.0
 40
0.0
 40
0.0
 40
0.0156687844091512
 40
0.0313367947828669
 40
0.0313367947828669
 40
0.0313367947828669
 40
0.0313367947828669
 10
218.3662763398443
 20
217.6210361879203
 30
0.0
 10
218.3128475180019
 20
217.6166676002395
 30
0.0
 10
218.2059925136928
 20
217.6079306406882
 30
0.0
 10
218.1236914223682
 20
217.5392224010175
 30
0.0
 10
218.0825418931472
 20
217.504869129747
 30
0.0
  0
SPLINE
  5
DED
330
70
100
AcDbEntity
  8
Visible
100
AcDbSpline
210
0.0
220
0.0
230
1.0
 70
     8
 71
     3
 72
     9
 73
     5
 74
     0
 42
0.000000001
 43
0.0000000001
 40
0.0
 40
0.0
 40
0.0
 40
0.0
 40
0.0153616010088768
 40
0.0309969491077194
 40
0.0309969491077194
 40
0.0309969491077194
 40
0.0309969491077194
 10
218.6432151829667
 20
217.4985199786152
 30
0.0
 10
218.6041465761919
 20
217.5337808089626
 30
0.0
 10
218.5253131515274
 20
217.6049308253659
 30
0.0
 10
218.4195998100604
 20
217.615636219125
 30
0.0
 10
218.3662763398443
 20
217.6210361879203
 30
0.0
  0
SPLINE
  5
DEE
330
70
100
AcDbEntity
  8
Visible
100
AcDbSpline
210
0.0
220
0.0
230
1.0
 70
     8
 71
     3
 72
     9
 73
     5
 74
     0
 42
0.000000001
 43
0.0000000001
 40
0.0
 40
0.0
 40
0.0
 40
0.0
 40
0.0187415521895009
 40
0.0351289721131593
 40
0.0351289721131593
 40
0.0351289721131593
 40
0.0351289721131593
 10
218.7500135111841
 20
217.1705502279037
 30
0.0
 10
218.7475001412349
 20
217.2344785076857
 30
0.0
 10
218.7427891065272
 20
217.3543050159206
 30
0.0
 10
218.6748897555499
 20
217.4526450432877
 30
0.0
 10
218.6432151829667
 20
217.4985199786152
 30
0.0
  0
SPLINE
  5
DEF
330
70
100
AcDbEntity
  8
Visible
100
AcDbSpline
210
0.0
220
0.0
230
1.0
 70
     8
 71
     3
 72
     9
 73
     5
 74
     0
 42
0.000000001
 43
0.0000000001
 40
0.0
 40
0.0
 40
0.0
 40
0.0
 40
0.0170147424253368
 40
0.0365204937838928
 40
0.0365204937838928
 40
0.0365204937838928
 40
0.0365204937838928
 10
218.6342890937685
 20
216.8307746564824
 30
0.0
 10
218.6674159677932
 20
216.8781617445347
 30
0.0
 10
218.7385195887946
 20
216.9798735313725
 30
0.0
 10
218.7460118581785
 20
217.1041654073087
 30
0.0
 10
218.7500135111841
 20
217.1705502279037
 30
0.0
  0
SPLINE
  5
DF0
330
70
100
AcDbEntity
  8
Visible
100
AcDbSpline
210
0.0
220
0.0
230
1.0
 70
     8
 71
     3
 72
     9
 73
     5
 74
     0
 42
0.000000001
 43
0.0000000001
 40
0.0
 40
0.0
 40
0.0
 40
0.0
 40
0.0147976074719422
 40
0.0302691451627336
 40
0.0302691451627336
 40
0.0302691451627336
 40
0.0302691451627336
 10
218.3654908303852
 20
216.7082989356404
 30
0.0
 10
218.4159698434087
 20
216.7134078822783
 30
0.0
 10
218.5192268446353
 20
216.7238584532715
 30
0.0
 10
218.5953699125676
 20
216.7946108310971
 30
0.0
 10
218.6342890937685
 20
216.8307746564824
 30
0.0
  0
SPLINE
  5
DF1
330
70
100
AcDbEntity
  8
Visible
100
AcDbSpline
210
0.0
220
0.0
230
1.0
 70
     8
 71
     3
 72
     9
 73
     5
 74
     0
 42
0.000000001
 43
0.0000000001
 40
0.0
 40
0.0
 40
0.0
 40
0.0
 40
0.0109195337136452
 40
0.0214321129737631
 40
0.0214321129737631
 40
0.0214321129737631
 40
0.0214321129737631
 10
218.1629174090522
 20
216.7713062177463
 30
0.0
 10
218.1950506012763
 20
216.753236185159
 30
0.0
 10
218.2581194304075
 20
216.7177695626851
 30
0.0
 10
218.3301563108253
 20
216.7114155947929
 30
0.0
 10
218.3654908303852
 20
216.7082989356404
 30
0.0
  0
SPLINE
  5
DF2
330
70
100
AcDbEntity
  8
Visible
100
AcDbSpline
210
0.0
220
0.0
230
1.0
 70
     8
 71
     3
 72
     9
 73
     5
 74
     0
 42
0.000000001
 43
0.0000000001
 40
0.0
 40
0.0
 40
0.0
 40
0.0
 40
0.0120878593122774
 40
0.0234764553341117
 40
0.0234764553341117
 40
0.0234764553341117
 40
0.0234764553341117
 10
218.0141773193827
 20
216.9496731973959
 30
0.0
 10
218.0330143547199
 20
216.9134298751796
 30
0.0
 10
218.0695987330837
 20
216.8430398488599
 30
0.0
 10
218.1324350589457
 20
216.7947378581466
 30
0.0
 10
218.1629174090522
 20
216.7713062177463
 30
0.0
  0
SPLINE
  5
DF3
330
70
100
AcDbEntity
  8
Visible
100
AcDbSpline
210
0.0
220
0.0
230
1.0
 70
     8
 71
     3
 72
     9
 73
     5
 74
     0
 42
0.000000001
 43
0.0000000001
 40
0.0
 40
0.0
 40
0.0
 40
0.0
 40
0.0124876226092769
 40
0.0250259119791182
 40
0.0250259119791182
 40
0.0250259119791182
 40
0.0250259119791182
 10
217.9630419699843
 20
217.1931054992983
 30
0.0
 10
217.9648311279161
 20
217.1512063662922
 30
0.0
 10
217.9684167030355
 20
217.0672381004788
 30
0.0
 10
217.9989032065605
 20
216.9889143557757
 30
0.0
 10
218.0141773193827
 20
216.9496731973959
 30
0.0
  0
SPLINE
  5
DF4
330
70
100
AcDbEntity
  8
Visible
100
AcDbSpline
210
0.0
220
0.0
230
1.0
 70
     8
 71
     3
 72
     9
 73
     5
 74
     0
 42
0.000000001
 43
0.0000000001
 40
0.0
 40
0.0
 40
0.0
 40
0.0
 40
0.0163086281128219
 40
0.0340605809065016
 40
0.0340605809065016
 40
0.0340605809065016
 40
0.0340605809065016
 10
218.0825418931472
 20
217.504869129747
 30
0.0
 10
218.0482384466996
 20
217.4610983056536
 30
0.0
 10
217.9765956754618
 20
217.3696829097662
 30
0.0
 10
217.9676857255127
 20
217.253604255704
 30
0.0
 10
217.9630419699843
 20
217.1931054992983
 30
0.0
  0
SPLINE
  5
DF5
330
70
100
AcDbEntity
  8
Visible
100
AcDbSpline
210
0.0
220
0.0
230
1.0
 70
     8
 71
     3
 72
     9
 73
     5
 74
     0
 42
0.000000001
 43
0.0000000001
 40
0.0
 40
0.0
 40
0.0
 40
0.0
 40
0.0217234047311458
 40
0.0415873039909401
 40
0.0415873039909401
 40
0.0415873039909401
 40
0.0415873039909401
 10
218.4136137346286
 20
218.5482540520498
 30
0.0
 10
218.4874345404533
 20
218.5429593684785
 30
0.0
 10
218.6287571522044
 20
218.5328232218672
 30
0.0
 10
218.7438729648911
 20
218.4507512503042
 30
0.0
 10
218.7988572674803
 20
218.4115501187389
 30
0.0
  0
SPLINE
  5
DF6
330
70
100
AcDbEntity
  8
Visible
100
AcDbSpline
210
0.0
220
0.0
230
1.0
 70
     8
 71
     3
 72
     9
 73
     5
 74
     0
 42
0.000000001
 43
0.0000000001
 40
0.0
 40
0.0
 40
0.0
 40
0.0
 40
0.0278644578161507
 40
0.0568471169617946
 40
0.0568471169617946
 40
0.0568471169617946
 40
0.0568471169617946
 10
217.9076400384256
 20
218.3247740230563
 30
0.0
 10
217.9770955925105
 20
218.3908330576433
 30
0.0
 10
218.1187939536558
 20
218.5256020773831
 30
0.0
 10
218.314060157667
 20
218.540605022883
 30
0.0
 10
218.4136137346286
 20
218.5482540520498
 30
0.0
  0
SPLINE
  5
DF7
330
70
100
AcDbEntity
  8
Visible
100
AcDbSpline
210
0.0
220
0.0
230
1.0
 70
     8
 71
     3
 72
     9
 73
     5
 74
     0
 42
0.000000001
 43
0.0000000001
 40
0.0
 40
0.0
 40
0.0
 40
0.0
 40
0.0503537381468864
 40
0.0881773755178795
 40
0.0881773755178795
 40
0.0881773755178795
 40
0.0881773755178795
 10
217.6839187694914
 20
217.4841428887412
 30
0.0
 10
217.6884481328016
 20
217.6552619025679
 30
0.0
 10
217.6963797657645
 20
217.9549184145944
 30
0.0
 10
217.8442228343829
 20
218.2137488487879
 30
0.0
 10
217.9076400384256
 20
218.3247740230563
 30
0.0
  0
SPLINE
  5
DF8
330
70
100
AcDbEntity
  8
Visible
100
AcDbSpline
210
0.0
220
0.0
230
1.0
 70
     8
 71
     3
 72
     9
 73
     5
 74
     0
 42
0.000000001
 43
0.0000000001
 40
0.0
 40
0.0
 40
0.0
 40
0.0
 40
0.0332380635715591
 40
0.078026604989152
 40
0.078026604989152
 40
0.078026604989152
 40
0.078026604989152
 10
217.8692040651349
 20
216.7377951350154
 30
0.0
 10
217.8141158381131
 20
216.8358371110353
 30
0.0
 10
217.6847958095859
 20
217.0659913893924
 30
0.0
 10
217.6842386107146
 20
217.3316503314672
 30
0.0
 10
217.6839187694914
 20
217.4841428887412
 30
0.0
  0
SPLINE
  5
DF9
330
70
100
AcDbEntity
  8
Visible
100
AcDbSpline
210
0.0
220
0.0
230
1.0
 70
     8
 71
     3
 72
     9
 73
     5
 74
     0
 42
0.000000001
 43
0.0000000001
 40
0.0
 40
0.0
 40
0.0
 40
0.0
 40
0.0284309317760355
 40
0.0563547258592816
 40
0.0563547258592816
 40
0.0563547258592816
 40
0.0563547258592816
 10
218.3672973072298
 20
216.5063556930199
 30
0.0
 10
218.2701014743397
 20
216.516521406269
 30
0.0
 10
218.0774435424664
 20
216.5366715015171
 30
0.0
 10
217.9381995373969
 20
216.6711573377343
 30
0.0
 10
217.8692040651349
 20
216.7377951350154
 30
0.0
  0
SPLINE
  5
DFA
330
70
100
AcDbEntity
  8
Visible
100
AcDbSpline
210
0.0
220
0.0
230
1.0
 70
     8
 71
     3
 72
     9
 73
     5
 74
     0
 42
0.000000001
 43
0.0000000001
 40
0.0
 40
0.0
 40
0.0
 40
0.0
 40
0.016458167849041
 40
0.0336461881729477
 40
0.0336461881729477
 40
0.0336461881729477
 40
0.0336461881729477
 10
218.6902145142521
 20
216.5886525488695
 30
0.0
 10
218.6404230016469
 20
216.5641498151326
 30
0.0
 10
218.5386319263634
 20
216.5140577515686
 30
0.0
 10
218.4252288262396
 20
216.5089599066541
 30
0.0
 10
218.3672973072298
 20
216.5063556930199
 30
0.0
  0
SPLINE
  5
DFB
330
70
100
AcDbEntity
  8
Visible
100
AcDbSpline
210
0.0
220
0.0
230
1.0
 70
     8
 71
     3
 72
     9
 73
     5
 74
     0
 42
0.000000001
 43
0.0000000001
 40
0.0
 40
0.0
 40
0.0
 40
0.0
 40
0.0172211301072318
 40
0.0336690658851564
 40
0.0336690658851564
 40
0.0336690658851564
 40
0.0336690658851564
 10
218.9160595192079
 20
216.8337235166037
 30
0.0
 10
218.8864694865406
 20
216.7836699602704
 30
0.0
 10
218.8286179545448
 20
216.6858101522648
 30
0.0
 10
218.735637241507
 20
216.6205387744594
 30
0.0
 10
218.6902145142521
 20
216.5886525488695
 30
0.0
  0
SPLINE
  5
DFC
330
70
100
AcDbEntity
  8
Visible
100
AcDbSpline
210
0.0
220
0.0
230
1.0
 70
     8
 71
     3
 72
     9
 73
     5
 74
     0
 42
0.000000001
 43
0.0000000001
 40
0.0
 40
0.0
 40
0.0
 40
0.0
 40
0.0182746751159
 40
0.0361733884820021
 40
0.0361733884820021
 40
0.0361733884820021
 40
0.0361733884820021
 10
219.0011899234396
 20
217.1827136399334
 30
0.0
 10
218.9972560718416
 20
217.1213931200346
 30
0.0
 10
218.9894692990983
 20
217.0000136167546
 30
0.0
 10
218.9403593071511
 20
216.8887681465785
 30
0.0
 10
218.9160595192079
 20
216.8337235166037
 30
0.0
  0
SPLINE
  5
DFD
330
70
100
AcDbEntity
  8
Visible
100
AcDbSpline
210
0.0
220
0.0
230
1.0
 70
     8
 71
     3
 72
     9
 73
     5
 74
     0
 42
0.000000001
 43
0.0000000001
 40
0.0
 40
0.0
 40
0.0
 40
0.0
 40
0.0244301762902491
 40
0.0507917710315831
 40
0.0507917710315831
 40
0.0507917710315831
 40
0.0507917710315831
 10
218.8339138517913
 20
217.6518956565705
 30
0.0
 10
218.8834743583884
 20
217.5849751292262
 30
0.0
 10
218.9865135617638
 20
217.4458434233475
 30
0.0
 10
218.9961753360021
 20
217.2726192538394
 30
0.0
 10
219.0011899234396
 20
217.1827136399334
 30
0.0
  0
SPLINE
  5
DFE
330
70
100
AcDbEntity
  8
Visible
100
AcDbSpline
210
0.0
220
0.0
230
1.0
 70
     8
 71
     3
 72
     9
 73
     5
 74
     0
 42
0.000000001
 43
0.0000000001
 40
0.0
 40
0.0
 40
0.0
 40
0.0
 40
0.0231767439975834
 40
0.046584955320459
 40
0.046584955320459
 40
0.046584955320459
 40
0.046584955320459
 10
218.4178430642496
 20
217.8373829457723
 30
0.0
 10
218.49670651632
 20
217.828809027722
 30
0.0
 10
218.655221033785
 20
217.8115755634662
 30
0.0
 10
218.7741526001391
 20
217.7052983126269
 30
0.0
 10
218.8339138517913
 20
217.6518956565705
 30
0.0
  0
SPLINE
  5
DFF
330
70
100
AcDbEntity
  8
Visible
100
AcDbSpline
210
0.0
220
0.0
230
1.0
 70
     8
 71
     3
 72
     9
 73
     5
 74
     0
 42
0.000000001
 43
0.0000000001
 40
0.0
 40
0.0
 40
0.0
 40
0.0
 40
0.0140193877886663
 40
0.0278614313197895
 40
0.0278614313197895
 40
0.0278614313197895
 40
0.0278614313197895
 10
218.1483602522149
 20
217.7749460672894
 30
0.0
 10
218.1916810879684
 20
217.793556060702
 30
0.0
 10
218.2777747539894
 20
217.830540632438
 30
0.0
 10
218.3713521745831
 20
217.8351118736537
 30
0.0
 10
218.4178430642496
 20
217.8373829457723
 30
0.0
  0
SPLINE
  5
E00
330
70
100
AcDbEntity
  8
Visible
100
AcDbSpline
210
0.0
220
0.0
230
1.0
 70
     8
 71
     3
 72
     9
 73
     5
 74
     0
 42
0.000000001
 43
0.0000000001
 40
0.0
 40
0.0
 40
0.0
 40
0.0
 40
0.015349625469656
 40
0.0297979462731753
 40
0.0297979462731753
 40
0.0297979462731753
 40
0.0297979462731753
 10
217.9291864953939
 20
217.5768695278202
 30
0.0
 10
217.9601811645098
 20
217.6182864068087
 30
0.0
 10
218.0203505469435
 20
217.6986882340298
 30
0.0
 10
218.1065595442687
 20
217.7500445849382
 30
0.0
 10
218.1483602522149
 20
217.7749460672894
 30
0.0
  0
SPLINE
  5
E01
330
70
100
AcDbEntity
  8
Visible
100
AcDbSpline
210
0.0
220
0.0
230
1.0
 70
     8
 71
     3
 72
     9
 73
     5
 74
     0
 42
0.000000001
 43
0.0000000001
 40
0.0
 40
0.0
 40
0.0
 40
0.0
 40
0.0203249670841158
 40
0.0469599968658788
 40
0.0469599968658788
 40
0.0469599968658788
 40
0.0469599968658788
 10
218.0039960260856
 20
218.0385350443976
 30
0.0
 10
217.983686686659
 20
217.9735920794865
 30
0.0
 10
217.9367627968531
 20
217.8235440417193
 30
0.0
 10
217.9319284607718
 20
217.6661443514513
 30
0.0
 10
217.9291864953939
 20
217.5768695278202
 30
0.0
  0
SPLINE
  5
E02
330
70
100
AcDbEntity
  8
Visible
100
AcDbSpline
210
0.0
220
0.0
230
1.0
 70
     8
 71
     3
 72
     9
 73
     5
 74
     0
 42
0.000000001
 43
0.0000000001
 40
0.0
 40
0.0
 40
0.0
 40
0.0
 40
0.014687195521497
 40
0.031022176393764
 40
0.031022176393764
 40
0.031022176393764
 40
0.031022176393764
 10
218.1895908305196
 20
218.2833795927363
 30
0.0
 10
218.1520937673522
 20
218.251057778909
 30
0.0
 10
218.0728927717537
 20
218.1827879033954
 30
0.0
 10
218.0277606920317
 20
218.0882924164307
 30
0.0
 10
218.0039960260856
 20
218.0385350443976
 30
0.0
  0
SPLINE
  5
E03
330
70
100
AcDbEntity
  8
Visible
100
AcDbSpline
210
0.0
220
0.0
230
1.0
 70
     8
 71
     3
 72
     9
 73
     5
 74
     0
 42
0.000000001
 43
0.0000000001
 40
0.0
 40
0.0
 40
0.0
 40
0.0
 40
0.0111373463285916
 40
0.0219063762090008
 40
0.0219063762090008
 40
0.0219063762090008
 40
0.0219063762090008
 10
218.3963217219371
 20
218.3465269346616
 30
0.0
 10
218.3586380845099
 20
218.344413224675
 30
0.0
 10
218.2845170224537
 20
218.3402557059253
 30
0.0
 10
218.2208762258579
 20
218.3021245950385
 30
0.0
 10
218.1895908305196
 20
218.2833795927363
 30
0.0
  0
SPLINE
  5
E04
330
70
100
AcDbEntity
  8
Visible
100
AcDbSpline
210
0.0
220
0.0
230
1.0
 70
     8
 71
     3
 72
     9
 73
     5
 74
     0
 42
0.000000001
 43
0.0000000001
 40
0.0
 40
0.0
 40
0.0
 40
0.0
 40
0.0136270465518671
 40
0.0273191880859461
 40
0.0273191880859461
 40
0.0273191880859461
 40
0.0273191880859461
 10
218.6406822504177
 20
218.2387053499642
 30
0.0
 10
218.6058442885624
 20
218.2697406985208
 30
0.0
 10
218.5360019475356
 20
218.3319596482615
 30
0.0
 10
218.4429556993309
 20
218.3416634652494
 30
0.0
 10
218.3963217219371
 20
218.3465269346616
 30
0.0
  0
SPLINE
  5
E05
330
70
100
AcDbEntity
  8
Visible
100
AcDbSpline
210
0.0
220
0.0
230
1.0
 70
     8
 71
     3
 72
     9
 73
     5
 74
     0
 42
0.000000001
 43
0.0000000001
 40
0.0
 40
0.0
 40
0.0
 40
0.0
 40
0.0130948948491228
 40
0.0231453953456755
 40
0.0231453953456755
 40
0.0231453953456755
 40
0.0231453953456755
 10
218.7310671625928
 20
218.027572851719
 30
0.0
 10
218.7211721669191
 20
218.0705926311912
 30
0.0
 10
218.7036826345921
 20
218.1466306456259
 30
0.0
 10
218.6597564575259
 20
218.2108285044033
 30
0.0
 10
218.6406822504177
 20
218.2387053499642
 30
0.0
  0
LINE
  5
E06
330
70
100
AcDbEntity
  8
Visible
100
AcDbLine
 10
218.97547
 20
218.043906
 30
0.0
 11
218.731067
 21
218.027573
 31
0.0
  0
SPLINE
  5
E07
330
70
100
AcDbEntity
  8
Visible
100
AcDbSpline
210
0.0
220
0.0
230
1.0
 70
     8
 71
     3
 72
     9
 73
     5
 74
     0
 42
0.000000001
 43
0.0000000001
 40
0.0
 40
0.0
 40
0.0
 40
0.0
 40
0.0198405993399089
 40
0.0414989168845903
 40
0.0414989168845903
 40
0.0414989168845903
 40
0.0414989168845903
 10
218.7988572674803
 20
218.4115501187389
 30
0.0
 10
218.8436908903804
 20
218.3611462232093
 30
0.0
 10
218.9374656175733
 20
218.2557206241454
 30
0.0
 10
218.962437139553
 20
218.116542933325
 30
0.0
 10
218.9754697966237
 20
218.0439059864075
 30
0.0
  0
LINE
  5
E08
330
70
100
AcDbEntity
  8
Visible
100
AcDbLine
 10
212.772043
 20
218.306527
 30
0.0
 11
212.752764
 21
216.604044
 31
0.0
  0
LINE
  5
E09
330
70
100
AcDbEntity
  8
Visible
100
AcDbLine
 10
213.331171
 20
216.597494
 30
0.0
 11
212.772043
 21
218.306527
 31
0.0
  0
LINE
  5
E0A
330
70
100
AcDbEntity
  8
Visible
100
AcDbLine
 10
213.569901
 20
216.594791
 30
0.0
 11
213.331171
 21
216.597494
 31
0.0
  0
LINE
  5
E0B
330
70
100
AcDbEntity
  8
Visible
100
AcDbLine
 10
214.169992
 20
218.262045
 30
0.0
 11
213.569901
 21
216.594791
 31
0.0
  0
LINE
  5
E0C
330
70
100
AcDbEntity
  8
Visible
100
AcDbLine
 10
214.151037
 20
216.58821
 30
0.0
 11
214.169992
 21
218.262045
 31
0.0
  0
LINE
  5
E0D
330
70
100
AcDbEntity
  8
Visible
100
AcDbLine
 10
214.406137
 20
216.585321
 30
0.0
 11
214.151037
 21
216.58821
 31
0.0
  0
LINE
  5
E0E
330
70
100
AcDbEntity
  8
Visible
100
AcDbLine
 10
214.428783
 20
218.585193
 30
0.0
 11
214.406137
 21
216.585321
 31
0.0
  0
LINE
  5
E0F
330
70
100
AcDbEntity
  8
Visible
100
AcDbLine
 10
214.072735
 20
218.589225
 30
0.0
 11
214.428783
 21
218.585193
 31
0.0
  0
LINE
  5
E10
330
70
100
AcDbEntity
  8
Visible
100
AcDbLine
 10
213.578155
 20
217.203195
 30
0.0
 11
214.072735
 21
218.589225
 31
0.0
  0
ARC
  5
E11
330
70
100
AcDbEntity
  8
Visible
100
AcDbCircle
 10
226.583325
 20
212.543825
 30
0.0
 40
13.81463578909481
100
AcDbArc
 50
160.288894
 51
161.689939
  0
ARC
  5
E12
330
70
100
AcDbEntity
  8
Visible
100
AcDbCircle
 10
199.323849
 20
212.660184
 30
0.0
 40
14.76141931247953
100
AcDbArc
 50
16.626208
 51
17.833616
  0
LINE
  5
E13
330
70
100
AcDbEntity
  8
Visible
100
AcDbLine
 10
212.918648
 20
218.602294
 30
0.0
 11
213.37598
 21
217.180926
 31
0.0
  0
LINE
  5
E14
330
70
100
AcDbEntity
  8
Visible
100
AcDbLine
 10
212.520311
 20
218.606805
 30
0.0
 11
212.918648
 21
218.602294
 31
0.0
  0
LINE
  5
E15
330
70
100
AcDbEntity
  8
Visible
100
AcDbLine
 10
212.497664
 20
216.606933
 30
0.0
 11
212.520311
 21
218.606805
 31
0.0
  0
LINE
  5
E16
330
70
100
AcDbEntity
  8
Visible
100
AcDbLine
 10
212.752764
 20
216.604044
 30
0.0
 11
212.497664
 21
216.606933
 31
0.0
  0
SPLINE
  5
E17
330
70
100
AcDbEntity
  8
Visible
100
AcDbSpline
210
0.0
220
0.0
230
1.0
 70
     8
 71
     3
 72
     9
 73
     5
 74
     0
 42
0.000000001
 43
0.0000000001
 40
0.0
 40
0.0
 40
0.0
 40
0.0
 40
0.0478395048620328
 40
0.0944287846451511
 40
0.0944287846451511
 40
0.0944287846451511
 40
0.0944287846451511
 10
212.8369943243852
 20
220.3002248877783
 30
0.0
 10
212.6924469421283
 20
220.372642595079
 30
0.0
 10
212.4071297410119
 20
220.5155854643017
 30
0.0
 10
212.2105074876417
 20
220.7667663480861
 30
0.0
 10
212.1134979877516
 20
220.8906939885273
 30
0.0
  0
SPLINE
  5
E18
330
70
100
AcDbEntity
  8
Visible
100
AcDbSpline
210
0.0
220
0.0
230
1.0
 70
     8
 71
     3
 72
     9
 73
     5
 74
     0
 42
0.000000001
 43
0.0000000001
 40
0.0
 40
0.0
 40
0.0
 40
0.0
 40
0.0625678577146357
 40
0.1160400823040377
 40
0.1160400823040377
 40
0.1160400823040377
 40
0.1160400823040377
 10
213.9757042161364
 20
220.10980036617
 30
0.0
 10
213.7657353415434
 20
220.1137649876273
 30
0.0
 10
213.3763212497233
 20
220.1211178844205
 30
0.0
 10
213.0071236265412
 20
220.2437260406768
 30
0.0
 10
212.8369943243852
 20
220.3002248877783
 30
0.0
  0
SPLINE
  5
E19
330
70
100
AcDbEntity
  8
Visible
100
AcDbSpline
210
0.0
220
0.0
230
1.0
 70
     8
 71
     3
 72
     9
 73
     5
 74
     0
 42
0.000000001
 43
0.0000000001
 40
0.0
 40
0.0
 40
0.0
 40
0.0
 40
0.0478082137764521
 40
0.0989051645819615
 40
0.0989051645819615
 40
0.0989051645819615
 40
0.0989051645819615
 10
214.9379161748857
 20
220.3121670647415
 30
0.0
 10
214.7883497240964
 20
220.2540123787021
 30
0.0
 10
214.4789281150734
 20
220.1337025336034
 30
0.0
 10
214.1471231774067
 20
220.1179424371694
 30
0.0
 10
213.9757042161364
 20
220.10980036617
 30
0.0
  0
SPLINE
  5
E1A
330
70
100
AcDbEntity
  8
Visible
100
AcDbSpline
210
0.0
220
0.0
230
1.0
 70
     8
 71
     3
 72
     9
 73
     5
 74
     0
 42
0.000000001
 43
0.0000000001
 40
0.0
 40
0.0
 40
0.0
 40
0.0
 40
0.0419476274121707
 40
0.0864878849173591
 40
0.0864878849173591
 40
0.0864878849173591
 40
0.0864878849173591
 10
215.5908836613889
 20
220.8655342368565
 30
0.0
 10
215.5051003291155
 20
220.752933160722
 30
0.0
 10
215.3282317091907
 20
220.5207715459837
 30
0.0
 10
215.0705957205519
 20
220.3830777648363
 30
0.0
 10
214.9379161748857
 20
220.3121670647415
 30
0.0
  0
SPLINE
  5
E1B
330
70
100
AcDbEntity
  8
Visible
100
AcDbSpline
210
0.0
220
0.0
230
1.0
 70
     8
 71
     3
 72
     9
 73
     5
 74
     0
 42
0.000000001
 43
0.0000000001
 40
0.0
 40
0.0
 40
0.0
 40
0.0
 40
0.0391722043903984
 40
0.0794514608615325
 40
0.0794514608615325
 40
0.0794514608615325
 40
0.0794514608615325
 10
215.8145063521388
 20
221.6190489207838
 30
0.0
 10
215.8053222519466
 20
221.4870935300587
 30
0.0
 10
215.7866944982052
 20
221.2194535357085
 30
0.0
 10
215.6567574412475
 20
220.9845981373019
 30
0.0
 10
215.5908836613889
 20
220.8655342368565
 30
0.0
  0
SPLINE
  5
E1C
330
70
100
AcDbEntity
  8
Visible
100
AcDbSpline
210
0.0
220
0.0
230
1.0
 70
     8
 71
     3
 72
     9
 73
     5
 74
     0
 42
0.000000001
 43
0.0000000001
 40
0.0
 40
0.0
 40
0.0
 40
0.0
 40
0.036694047816813
 40
0.074950017706766
 40
0.074950017706766
 40
0.074950017706766
 40
0.074950017706766
 10
215.6018421221506
 20
222.3288009861353
 30
0.0
 10
215.6632169832083
 20
222.221057647499
 30
0.0
 10
215.7885791930657
 20
222.0009847577748
 30
0.0
 10
215.8057447253213
 20
221.7481174107998
 30
0.0
 10
215.8145063521388
 20
221.6190489207838
 30
0.0
  0
SPLINE
  5
E1D
330
70
100
AcDbEntity
  8
Visible
100
AcDbSpline
210
0.0
220
0.0
230
1.0
 70
     8
 71
     3
 72
     9
 73
     5
 74
     0
 42
0.000000001
 43
0.0000000001
 40
0.0
 40
0.0
 40
0.0
 40
0.0
 40
0.0442711578075782
 40
0.0829664586425915
 40
0.0829664586425915
 40
0.0829664586425915
 40
0.0829664586425915
 10
214.9539322980145
 20
222.834493679622
 30
0.0
 10
215.0876098145527
 20
222.767720390375
 30
0.0
 10
215.3381284523439
 20
222.642583763838
 30
0.0
 10
215.517966302572
 20
222.4286016057576
 30
0.0
 10
215.6018421221506
 20
222.3288009861353
 30
0.0
  0
ARC
  5
E1E
330
70
100
AcDbEntity
  8
Visible
100
AcDbCircle
 10
212.620564
 20
216.662045
 30
0.0
 40
6.598767022228125
100
AcDbArc
 50
69.291922
 51
79.305335
  0
SPLINE
  5
E1F
330
70
100
AcDbEntity
  8
Visible
100
AcDbSpline
210
0.0
220
0.0
230
1.0
 70
     8
 71
     3
 72
     9
 73
     5
 74
     0
 42
0.000000001
 43
0.0000000001
 40
0.0
 40
0.0
 40
0.0
 40
0.0
 40
0.0387245386833866
 40
0.1064411355295369
 40
0.1064411355295369
 40
0.1064411355295369
 40
0.1064411355295369
 10
212.8452241583618
 20
223.4961161655665
 30
0.0
 10
212.9588791999195
 20
223.4337385358576
 30
0.0
 10
213.2712798660959
 20
223.2622827622417
 30
0.0
 10
213.6220041902216
 20
223.19133101425
 30
0.0
 10
213.8451308746826
 20
223.1461923477891
 30
0.0
  0
SPLINE
  5
E20
330
70
100
AcDbEntity
  8
Visible
100
AcDbSpline
210
0.0
220
0.0
230
1.0
 70
     8
 71
     3
 72
     9
 73
     5
 74
     0
 42
0.000000001
 43
0.0000000001
 40
0.0
 40
0.0
 40
0.0
 40
0.0
 40
0.0250329262714377
 40
0.0496074501857249
 40
0.0496074501857249
 40
0.0496074501857249
 40
0.0496074501857249
 10
212.6479414871719
 20
223.9382270822844
 30
0.0
 10
212.6562938117804
 20
223.8527187438158
 30
0.0
 10
212.6728455134253
 20
223.6832678935625
 30
0.0
 10
212.7881196773378
 20
223.5581145778633
 30
0.0
 10
212.8452241583618
 20
223.4961161655665
 30
0.0
  0
SPLINE
  5
E21
330
70
100
AcDbEntity
  8
Visible
100
AcDbSpline
210
0.0
220
0.0
230
1.0
 70
     8
 71
     3
 72
     9
 73
     5
 74
     0
 42
0.000000001
 43
0.0000000001
 40
0.0
 40
0.0
 40
0.0
 40
0.0
 40
0.0318194678802681
 40
0.061404031288856
 40
0.061404031288856
 40
0.061404031288856
 40
0.061404031288856
 10
212.9190470313297
 20
224.4703541189574
 30
0.0
 10
212.8394889003084
 20
224.3947557019001
 30
0.0
 10
212.685960563982
 20
224.2488686750057
 30
0.0
 10
212.6603032319854
 20
224.0392309051003
 30
0.0
 10
212.6479414871719
 20
223.9382270822844
 30
0.0
  0
SPLINE
  5
E22
330
70
100
AcDbEntity
  8
Visible
100
AcDbSpline
210
0.0
220
0.0
230
1.0
 70
     8
 71
     3
 72
     9
 73
     5
 74
     0
 42
0.000000001
 43
0.0000000001
 40
0.0
 40
0.0
 40
0.0
 40
0.0
 40
0.052175042689707
 40
0.0914111773029102
 40
0.0914111773029102
 40
0.0914111773029102
 40
0.0914111773029102
 10
213.7924289587045
 20
224.6960189003293
 30
0.0
 10
213.6151772580761
 20
224.6921745390628
 30
0.0
 10
213.3046305714197
 20
224.6854391810994
 30
0.0
 10
213.0348458752687
 20
224.5349486852574
 30
0.0
 10
212.9190470313297
 20
224.4703541189574
 30
0.0
  0
SPLINE
  5
E23
330
70
100
AcDbEntity
  8
Visible
100
AcDbSpline
210
0.0
220
0.0
230
1.0
 70
     8
 71
     3
 72
     9
 73
     5
 74
     0
 42
0.000000001
 43
0.0000000001
 40
0.0
 40
0.0
 40
0.0
 40
0.0
 40
0.0408015024712614
 40
0.0917677146525853
 40
0.0917677146525853
 40
0.0917677146525853
 40
0.0917677146525853
 10
214.6654026519991
 20
224.459529347294
 30
0.0
 10
214.5461058364053
 20
224.5291616070863
 30
0.0
 10
214.2777922825044
 20
224.6857733238158
 30
0.0
 10
213.965738351184
 20
224.6923604973272
 30
0.0
 10
213.7924289587045
 20
224.6960189003293
 30
0.0
  0
SPLINE
  5
E24
330
70
100
AcDbEntity
  8
Visible
100
AcDbSpline
210
0.0
220
0.0
230
1.0
 70
     8
 71
     3
 72
     9
 73
     5
 74
     0
 42
0.000000001
 43
0.0000000001
 40
0.0
 40
0.0
 40
0.0
 40
0.0
 40
0.0430940468117372
 40
0.0811550201418679
 40
0.0811550201418679
 40
0.0811550201418679
 40
0.0811550201418679
 10
215.0162279866199
 20
223.7455585373482
 30
0.0
 10
214.9914389667338
 20
223.8908502178601
 30
0.0
 10
214.9447561054803
 20
224.1644645597625
 30
0.0
 10
214.7545892118978
 20
224.3653267769696
 30
0.0
 10
214.6654026519991
 20
224.459529347294
 30
0.0
  0
LINE
  5
E25
330
70
100
AcDbEntity
  8
Visible
100
AcDbLine
 10
215.650284
 20
223.797428
 30
0.0
 11
215.016228
 21
223.745559
 31
0.0
  0
SPLINE
  5
E26
330
70
100
AcDbEntity
  8
Visible
100
AcDbSpline
210
0.0
220
0.0
230
1.0
 70
     8
 71
     3
 72
     9
 73
     5
 74
     0
 42
0.000000001
 43
0.0000000001
 40
0.0
 40
0.0
 40
0.0
 40
0.0
 40
0.0410395322923991
 40
0.0833167827029557
 40
0.0833167827029557
 40
0.0833167827029557
 40
0.0833167827029557
 10
215.399604907976
 20
224.5836737302725
 30
0.0
 10
215.4677858492705
 20
224.4632562276438
 30
0.0
 10
215.6062040122706
 20
224.2187895307852
 30
0.0
 10
215.635445740425
 20
223.9392656775562
 30
0.0
 10
215.6502838057404
 20
223.7974275081579
 30
0.0
  0
SPLINE
  5
E27
330
70
100
AcDbEntity
  8
Visible
100
AcDbSpline
210
0.0
220
0.0
230
1.0
 70
     8
 71
     3
 72
     9
 73
     5
 74
     0
 42
0.000000001
 43
0.0000000001
 40
0.0
 40
0.0
 40
0.0
 40
0.0
 40
0.0435925869402613
 40
0.0848804189198375
 40
0.0848804189198375
 40
0.0848804189198375
 40
0.0848804189198375
 10
214.7430577419946
 20
225.1063638602136
 30
0.0
 10
214.8757436851356
 20
225.0421553646847
 30
0.0
 10
215.1341004202877
 20
224.9171330987156
 30
0.0
 10
215.3127200966283
 20
224.6927963841736
 30
0.0
 10
215.399604907976
 20
224.5836737302725
 30
0.0
  0
SPLINE
  5
E28
330
70
100
AcDbEntity
  8
Visible
100
AcDbSpline
210
0.0
220
0.0
230
1.0
 70
     8
 71
     3
 72
     9
 73
     5
 74
     0
 42
0.000000001
 43
0.0000000001
 40
0.0
 40
0.0
 40
0.0
 40
0.0
 40
0.0525018915696528
 40
0.1001776247390344
 40
0.1001776247390344
 40
0.1001776247390344
 40
0.1001776247390344
 10
213.7613558096236
 20
225.2790488759565
 30
0.0
 10
213.9374494772091
 20
225.2742787986426
 30
0.0
 10
214.2734496635403
 20
225.2651771262845
 30
0.0
 10
214.5916312897352
 20
225.1575736467476
 30
0.0
 10
214.7430577419946
 20
225.1063638602136
 30
0.0
  0
SPLINE
  5
E29
330
70
100
AcDbEntity
  8
Visible
100
AcDbSpline
210
0.0
220
0.0
230
1.0
 70
     8
 71
     3
 72
     9
 73
     5
 74
     0
 42
0.000000001
 43
0.0000000001
 40
0.0
 40
0.0
 40
0.0
 40
0.0
 40
0.0454093460039148
 40
0.0937729281920734
 40
0.0937729281920734
 40
0.0937729281920734
 40
0.0937729281920734
 10
212.845020403458
 20
225.1025606716957
 30
0.0
 10
212.9885897743861
 20
225.1532191703463
 30
0.0
 10
213.2850688364124
 20
225.2578319026234
 30
0.0
 10
213.5992936898183
 20
225.2718295567902
 30
0.0
 10
213.7613558096236
 20
225.2790488759565
 30
0.0
  0
SPLINE
  5
E2A
330
70
100
AcDbEntity
  8
Visible
100
AcDbSpline
210
0.0
220
0.0
230
1.0
 70
     8
 71
     3
 72
     9
 73
     5
 74
     0
 42
0.000000001
 43
0.0000000001
 40
0.0
 40
0.0
 40
0.0
 40
0.0
 40
0.0392001405918682
 40
0.0811661215701934
 40
0.0811661215701934
 40
0.0811661215701934
 40
0.0811661215701934
 10
212.2207215483468
 20
224.5988356493163
 30
0.0
 10
212.3021179837197
 20
224.7033572581968
 30
0.0
 10
212.4706539345898
 20
224.9197751966294
 30
0.0
 10
212.7174285262281
 20
225.0402635809205
 30
0.0
 10
212.845020403458
 20
225.1025606716957
 30
0.0
  0
SPLINE
  5
E2B
330
70
100
AcDbEntity
  8
Visible
100
AcDbSpline
210
0.0
220
0.0
230
1.0
 70
     8
 71
     3
 72
     9
 73
     5
 74
     0
 42
0.000000001
 43
0.0000000001
 40
0.0
 40
0.0
 40
0.0
 40
0.0
 40
0.037013624260742
 40
0.0747741837079815
 40
0.0747741837079815
 40
0.0747741837079815
 40
0.0747741837079815
 10
212.0104530048302
 20
223.889746759829
 30
0.0
 10
212.018948317078
 20
224.0144743653909
 30
0.0
 10
212.0361103770301
 20
224.2664465804337
 30
0.0
 10
212.1587760467737
 20
224.4873038961596
 30
0.0
 10
212.2207215483468
 20
224.5988356493163
 30
0.0
  0
SPLINE
  5
E2C
330
70
100
AcDbEntity
  8
Visible
100
AcDbSpline
210
0.0
220
0.0
230
1.0
 70
     8
 71
     3
 72
     9
 73
     5
 74
     0
 42
0.000000001
 43
0.0000000001
 40
0.0
 40
0.0
 40
0.0
 40
0.0
 40
0.0322707490120228
 40
0.0653483097089642
 40
0.0653483097089642
 40
0.0653483097089642
 40
0.0653483097089642
 10
212.1901407816022
 20
223.2684588547872
 30
0.0
 10
212.1382889520355
 20
223.3642433310797
 30
0.0
 10
212.0332889281363
 20
223.5582070230812
 30
0.0
 10
212.0181273757662
 20
223.7783276205264
 30
0.0
 10
212.0104530048302
 20
223.889746759829
 30
0.0
  0
SPLINE
  5
E2D
330
70
100
AcDbEntity
  8
Visible
100
AcDbSpline
210
0.0
220
0.0
230
1.0
 70
     8
 71
     3
 72
     9
 73
     5
 74
     0
 42
0.000000001
 43
0.0000000001
 40
0.0
 40
0.0
 40
0.0
 40
0.0
 40
0.0376606062707543
 40
0.0714501314752291
 40
0.0714501314752291
 40
0.0714501314752291
 40
0.0714501314752291
 10
212.7269192028107
 20
222.8063835654412
 30
0.0
 10
212.6165543047591
 20
222.8691880246606
 30
0.0
 10
212.4071687622309
 20
222.9883413605385
 30
0.0
 10
212.2598224268368
 20
223.1785209223508
 30
0.0
 10
212.1901407816022
 20
223.2684588547872
 30
0.0
  0
ARC
  5
E2E
330
70
100
AcDbEntity
  8
Visible
100
AcDbCircle
 10
214.573094
 20
226.9632
 30
0.0
 40
4.54834929108401
100
AcDbArc
 50
246.052465
 51
258.857643
  0
ARC
  5
E2F
330
70
100
AcDbEntity
  8
Visible
100
AcDbCircle
 10
211.873414
 20
213.891633
 30
0.0
 40
8.79938135143927
100
AcDbArc
 50
72.045813
 51
78.058381
  0
SPLINE
  5
E30
330
70
100
AcDbEntity
  8
Visible
100
AcDbSpline
210
0.0
220
0.0
230
1.0
 70
     8
 71
     3
 72
     9
 73
     5
 74
     0
 42
0.000000001
 43
0.0000000001
 40
0.0
 40
0.0
 40
0.0
 40
0.0
 40
0.0242452770211066
 40
0.0543126847397881
 40
0.0543126847397881
 40
0.0543126847397881
 40
0.0543126847397881
 10
215.0379919386832
 20
221.9704239491402
 30
0.0
 10
214.9800784177569
 20
222.0279244768226
 30
0.0
 10
214.8503443338177
 20
222.1567334002939
 30
0.0
 10
214.6801175790006
 20
222.2248205576798
 30
0.0
 10
214.5858803438823
 20
222.2625134894752
 30
0.0
  0
SPLINE
  5
E31
330
70
100
AcDbEntity
  8
Visible
100
AcDbSpline
210
0.0
220
0.0
230
1.0
 70
     8
 71
     3
 72
     9
 73
     5
 74
     0
 42
0.000000001
 43
0.0000000001
 40
0.0
 40
0.0
 40
0.0
 40
0.0
 40
0.0223035791397983
 40
0.0439336730844661
 40
0.0439336730844661
 40
0.0439336730844661
 40
0.0439336730844661
 10
215.1770846381041
 20
221.5603364867984
 30
0.0
 10
215.1712666623735
 20
221.6357941302649
 30
0.0
 10
215.1598063921538
 20
221.7844308768181
 30
0.0
 10
215.0781796550364
 20
221.9090631120543
 30
0.0
 10
215.0379919386832
 20
221.9704239491402
 30
0.0
  0
SPLINE
  5
E32
330
70
100
AcDbEntity
  8
Visible
100
AcDbSpline
210
0.0
220
0.0
230
1.0
 70
     8
 71
     3
 72
     9
 73
     5
 74
     0
 42
0.000000001
 43
0.0000000001
 40
0.0
 40
0.0
 40
0.0
 40
0.0
 40
0.0230912687864172
 40
0.0456673616574967
 40
0.0456673616574967
 40
0.0456673616574967
 40
0.0456673616574967
 10
215.0383265269756
 20
221.1313907895092
 30
0.0
 10
215.0791756316485
 20
221.1980746853751
 30
0.0
 10
215.159962480293
 20
221.3299547313563
 30
0.0
 10
215.1714203377323
 20
221.484122292446
 30
0.0
 10
215.1770846381041
 20
221.5603364867984
 30
0.0
  0
SPLINE
  5
E33
330
70
100
AcDbEntity
  8
Visible
100
AcDbSpline
210
0.0
220
0.0
230
1.0
 70
     8
 71
     3
 72
     9
 73
     5
 74
     0
 42
0.000000001
 43
0.0000000001
 40
0.0
 40
0.0
 40
0.0
 40
0.0
 40
0.028586949001464
 40
0.0536093988295926
 40
0.0536093988295926
 40
0.0536093988295926
 40
0.0536093988295926
 10
214.6088946044292
 20
220.8199313336645
 30
0.0
 10
214.6972448854194
 20
220.859054830491
 30
0.0
 10
214.8629290740355
 20
220.9324235255845
 30
0.0
 10
214.9825110521906
 20
221.0680748626419
 30
0.0
 10
215.0383265269756
 20
221.1313907895092
 30
0.0
  0
SPLINE
  5
E34
330
70
100
AcDbEntity
  8
Visible
100
AcDbSpline
210
0.0
220
0.0
230
1.0
 70
     8
 71
     3
 72
     9
 73
     5
 74
     0
 42
0.000000001
 43
0.0000000001
 40
0.0
 40
0.0
 40
0.0
 40
0.0
 40
0.0357521190433063
 40
0.0680809890969723
 40
0.0680809890969723
 40
0.0680809890969723
 40
0.0680809890969723
 10
213.941153941947
 20
220.7030402988239
 30
0.0
 10
214.0609200974523
 20
220.7074898277424
 30
0.0
 10
214.2889848540399
 20
220.7159628452264
 30
0.0
 10
214.5058935561574
 20
220.7864566950102
 30
0.0
 10
214.6088946044292
 20
220.8199313336645
 30
0.0
  0
SPLINE
  5
E35
330
70
100
AcDbEntity
  8
Visible
100
AcDbSpline
210
0.0
220
0.0
230
1.0
 70
     8
 71
     3
 72
     9
 73
     5
 74
     0
 42
0.000000001
 43
0.0000000001
 40
0.0
 40
0.0
 40
0.0
 40
0.0
 40
0.0379079343698787
 40
0.0785787803145869
 40
0.0785787803145869
 40
0.0785787803145869
 40
0.0785787803145869
 10
213.172812051067
 20
220.8464146114093
 30
0.0
 10
213.2926684742215
 20
220.8039347528266
 30
0.0
 10
213.5411170299376
 20
220.7158789003788
 30
0.0
 10
213.8047188005476
 20
220.7074189858049
 30
0.0
 10
213.941153941947
 20
220.7030402988239
 30
0.0
  0
SPLINE
  5
E36
330
70
100
AcDbEntity
  8
Visible
100
AcDbSpline
210
0.0
220
0.0
230
1.0
 70
     8
 71
     3
 72
     9
 73
     5
 74
     0
 42
0.000000001
 43
0.0000000001
 40
0.0
 40
0.0
 40
0.0
 40
0.0
 40
0.0300048362528226
 40
0.0642343670663586
 40
0.0642343670663586
 40
0.0642343670663586
 40
0.0642343670663586
 10
212.6672274330849
 20
221.231951732032
 30
0.0
 10
212.7325312082412
 20
221.1546667424427
 30
0.0
 10
212.8723335597315
 20
220.9892150016567
 30
0.0
 10
213.0683551079692
 20
220.8960570739109
 30
0.0
 10
213.172812051067
 20
220.8464146114093
 30
0.0
  0
SPLINE
  5
E37
330
70
100
AcDbEntity
  8
Visible
100
AcDbSpline
210
0.0
220
0.0
230
1.0
 70
     8
 71
     3
 72
     9
 73
     5
 74
     0
 42
0.000000001
 43
0.0000000001
 40
0.0
 40
0.0
 40
0.0
 40
0.0
 40
0.0349364260530128
 40
0.0653875727828725
 40
0.0653875727828725
 40
0.0653875727828725
 40
0.0653875727828725
 10
212.4568888208614
 20
221.8462189243073
 30
0.0
 10
212.4752503634681
 20
221.7301029494065
 30
0.0
 10
212.5096161197653
 20
221.5127784369142
 30
0.0
 10
212.6171490800716
 20
221.3211797104468
 30
0.0
 10
212.6672274330849
 20
221.231951732032
 30
0.0
  0
LINE
  5
E38
330
70
100
AcDbEntity
  8
Visible
100
AcDbLine
 10
211.833109
 20
221.787595
 30
0.0
 11
212.456889
 21
221.846219
 31
0.0
  0
SPLINE
  5
E39
330
70
100
AcDbEntity
  8
Visible
100
AcDbSpline
210
0.0
220
0.0
230
1.0
 70
     8
 71
     3
 72
     9
 73
     5
 74
     0
 42
0.000000001
 43
0.0000000001
 40
0.0
 40
0.0
 40
0.0
 40
0.0
 40
0.0467825841956367
 40
0.0949136097204564
 40
0.0949136097204564
 40
0.0949136097204564
 40
0.0949136097204564
 10
212.1134979877516
 20
220.8906939885273
 30
0.0
 10
212.035907871661
 20
221.0281294082961
 30
0.0
 10
211.8784912149422
 20
221.3069616279754
 30
0.0
 10
211.8483790917708
 20
221.6258738832257
 30
0.0
 10
211.8331091281361
 20
221.787595410231
 30
0.0
  0
SPLINE
  5
E3A
330
70
100
AcDbEntity
  8
Visible
100
AcDbSpline
210
0.0
220
0.0
230
1.0
 70
     8
 71
     3
 72
     9
 73
     5
 74
     0
 42
0.000000001
 43
0.0000000001
 40
0.0
 40
0.0
 40
0.0
 40
0.0
 40
0.0478395048620328
 40
0.0944287846451511
 40
0.0944287846451511
 40
0.0944287846451511
 40
0.0944287846451511
 10
281.2052492852017
 20
158.0077144678471
 30
0.0
 10
281.2776669925024
 20
158.152261850104
 30
0.0
 10
281.4206098617251
 20
158.4375790512203
 30
0.0
 10
281.6717907455095
 20
158.6342013045887
 30
0.0
 10
281.7957183859507
 20
158.7312108044807
 30
0.0
  0
SPLINE
  5
E3B
330
70
100
AcDbEntity
  8
Visible
100
AcDbSpline
210
0.0
220
0.0
230
1.0
 70
     8
 71
     3
 72
     9
 73
     5
 74
     0
 42
0.000000001
 43
0.0000000001
 40
0.0
 40
0.0
 40
0.0
 40
0.0
 40
0.0625678577146357
 40
0.1160400823040377
 40
0.1160400823040377
 40
0.1160400823040377
 40
0.1160400823040377
 10
281.0148247635916
 20
156.8690045760959
 30
0.0
 10
281.0187893850507
 20
157.0789734506888
 30
0.0
 10
281.026142281844
 20
157.4683875425089
 30
0.0
 10
281.1487504380984
 20
157.837585165691
 30
0.0
 10
281.2052492852017
 20
158.0077144678471
 30
0.0
  0
SPLINE
  5
E3C
330
70
100
AcDbEntity
  8
Visible
100
AcDbSpline
210
0.0
220
0.0
230
1.0
 70
     8
 71
     3
 72
     9
 73
     5
 74
     0
 42
0.000000001
 43
0.0000000001
 40
0.0
 40
0.0
 40
0.0
 40
0.0
 40
0.0478082137764521
 40
0.0989051645819615
 40
0.0989051645819615
 40
0.0989051645819615
 40
0.0989051645819615
 10
281.2171914621631
 20
155.9067926173466
 30
0.0
 10
281.1590367761237
 20
156.0563590681358
 30
0.0
 10
281.0387269310268
 20
156.3657806771589
 30
0.0
 10
281.022966834591
 20
156.6975856148256
 30
0.0
 10
281.0148247635916
 20
156.8690045760959
 30
0.0
  0
SPLINE
  5
E3D
330
70
100
AcDbEntity
  8
Visible
100
AcDbSpline
210
0.0
220
0.0
230
1.0
 70
     8
 71
     3
 72
     9
 73
     5
 74
     0
 42
0.000000001
 43
0.0000000001
 40
0.0
 40
0.0
 40
0.0
 40
0.0
 40
0.0419476274121707
 40
0.0864878849173591
 40
0.0864878849173591
 40
0.0864878849173591
 40
0.0864878849173591
 10
281.77055863428
 20
155.2538251308433
 30
0.0
 10
281.6579575581436
 20
155.3396084631167
 30
0.0
 10
281.4257959434071
 20
155.5164770830415
 30
0.0
 10
281.2881021622579
 20
155.7741130716804
 30
0.0
 10
281.2171914621631
 20
155.9067926173466
 30
0.0
  0
SPLINE
  5
E3E
330
70
100
AcDbEntity
  8
Visible
100
AcDbSpline
210
0.0
220
0.0
230
1.0
 70
     8
 71
     3
 72
     9
 73
     5
 74
     0
 42
0.000000001
 43
0.0000000001
 40
0.0
 40
0.0
 40
0.0
 40
0.0
 40
0.0391722043903984
 40
0.0794514608615325
 40
0.0794514608615325
 40
0.0794514608615325
 40
0.0794514608615325
 10
282.5240733182054
 20
155.0302024400935
 30
0.0
 10
282.3921179274803
 20
155.0393865402857
 30
0.0
 10
282.1244779331319
 20
155.0580142940271
 30
0.0
 10
281.8896225347235
 20
155.1879513509848
 30
0.0
 10
281.77055863428
 20
155.2538251308433
 30
0.0
  0
SPLINE
  5
E3F
330
70
100
AcDbEntity
  8
Visible
100
AcDbSpline
210
0.0
220
0.0
230
1.0
 70
     8
 71
     3
 72
     9
 73
     5
 74
     0
 42
0.000000001
 43
0.0000000001
 40
0.0
 40
0.0
 40
0.0
 40
0.0
 40
0.036694047816813
 40
0.074950017706766
 40
0.074950017706766
 40
0.074950017706766
 40
0.074950017706766
 10
283.2338253835587
 20
155.2428666700816
 30
0.0
 10
283.1260820449206
 20
155.181491809024
 30
0.0
 10
282.9060091551964
 20
155.0561295991665
 30
0.0
 10
282.6531418082213
 20
155.0389640669109
 30
0.0
 10
282.5240733182054
 20
155.0302024400935
 30
0.0
  0
SPLINE
  5
E40
330
70
100
AcDbEntity
  8
Visible
100
AcDbSpline
210
0.0
220
0.0
230
1.0
 70
     8
 71
     3
 72
     9
 73
     5
 74
     0
 42
0.000000001
 43
0.0000000001
 40
0.0
 40
0.0
 40
0.0
 40
0.0
 40
0.0442711578075782
 40
0.0829664586425915
 40
0.0829664586425915
 40
0.0829664586425915
 40
0.0829664586425915
 10
283.7395180770455
 20
155.8907764942178
 30
0.0
 10
283.6727447877965
 20
155.7570989776795
 30
0.0
 10
283.5476081612615
 20
155.5065803398884
 30
0.0
 10
283.3336260031792
 20
155.3267424896585
 30
0.0
 10
283.2338253835587
 20
155.2428666700816
 30
0.0
  0
ARC
  5
E41
330
70
100
AcDbEntity
  8
Visible
100
AcDbCircle
 10
277.56707
 20
158.224145
 30
0.0
 40
6.598767022230123
100
AcDbArc
 50
339.291922
 51
349.305335
  0
SPLINE
  5
E42
330
70
100
AcDbEntity
  8
Visible
100
AcDbSpline
210
0.0
220
0.0
230
1.0
 70
     8
 71
     3
 72
     9
 73
     5
 74
     0
 42
0.000000001
 43
0.0000000001
 40
0.0
 40
0.0
 40
0.0
 40
0.0
 40
0.0387245386833866
 40
0.1064411355295369
 40
0.1064411355295369
 40
0.1064411355295369
 40
0.1064411355295369
 10
284.4011405629881
 20
157.9994846338704
 30
0.0
 10
284.3387629332792
 20
157.8858295923128
 30
0.0
 10
284.1673071596633
 20
157.5734289261363
 30
0.0
 10
284.0963554116715
 20
157.2227046020107
 30
0.0
 10
284.0512167452125
 20
156.9995779175497
 30
0.0
  0
SPLINE
  5
E43
330
70
100
AcDbEntity
  8
Visible
100
AcDbSpline
210
0.0
220
0.0
230
1.0
 70
     8
 71
     3
 72
     9
 73
     5
 74
     0
 42
0.000000001
 43
0.0000000001
 40
0.0
 40
0.0
 40
0.0
 40
0.0
 40
0.0250329262714377
 40
0.0496074501857249
 40
0.0496074501857249
 40
0.0496074501857249
 40
0.0496074501857249
 10
284.8432514797059
 20
158.1967673050603
 30
0.0
 10
284.7577431412373
 20
158.1884149804518
 30
0.0
 10
284.5882922909859
 20
158.171863278807
 30
0.0
 10
284.4631389752849
 20
158.0565891148944
 30
0.0
 10
284.4011405629881
 20
157.9994846338704
 30
0.0
  0
SPLINE
  5
E44
330
70
100
AcDbEntity
  8
Visible
100
AcDbSpline
210
0.0
220
0.0
230
1.0
 70
     8
 71
     3
 72
     9
 73
     5
 74
     0
 42
0.000000001
 43
0.0000000001
 40
0.0
 40
0.0
 40
0.0
 40
0.0
 40
0.0318194678802681
 40
0.061404031288856
 40
0.061404031288856
 40
0.061404031288856
 40
0.061404031288856
 10
285.375378516379
 20
157.9256617609026
 30
0.0
 10
285.2997800993216
 20
158.0052198919238
 30
0.0
 10
285.1538930724273
 20
158.1587482282502
 30
0.0
 10
284.9442553025237
 20
158.1844055602469
 30
0.0
 10
284.8432514797059
 20
158.1967673050603
 30
0.0
  0
SPLINE
  5
E45
330
70
100
AcDbEntity
  8
Visible
100
AcDbSpline
210
0.0
220
0.0
230
1.0
 70
     8
 71
     3
 72
     9
 73
     5
 74
     0
 42
0.000000001
 43
0.0000000001
 40
0.0
 40
0.0
 40
0.0
 40
0.0
 40
0.052175042689707
 40
0.0914111773029102
 40
0.0914111773029102
 40
0.0914111773029102
 40
0.0914111773029102
 10
285.6010432977509
 20
157.0522798335278
 30
0.0
 10
285.5971989364862
 20
157.2295315341562
 30
0.0
 10
285.590463578521
 20
157.5400782208125
 30
0.0
 10
285.439973082679
 20
157.8098629169635
 30
0.0
 10
285.375378516379
 20
157.9256617609026
 30
0.0
  0
SPLINE
  5
E46
330
70
100
AcDbEntity
  8
Visible
100
AcDbSpline
210
0.0
220
0.0
230
1.0
 70
     8
 71
     3
 72
     9
 73
     5
 74
     0
 42
0.000000001
 43
0.0000000001
 40
0.0
 40
0.0
 40
0.0
 40
0.0
 40
0.0408015024712614
 40
0.0917677146525853
 40
0.0917677146525853
 40
0.0917677146525853
 40
0.0917677146525853
 10
285.3645537447155
 20
156.1793061402313
 30
0.0
 10
285.4341860045078
 20
156.2986029558269
 30
0.0
 10
285.5907977212373
 20
156.566916509726
 30
0.0
 10
285.5973848947487
 20
156.8789704410483
 30
0.0
 10
285.6010432977509
 20
157.0522798335278
 30
0.0
  0
SPLINE
  5
E47
330
70
100
AcDbEntity
  8
Visible
100
AcDbSpline
210
0.0
220
0.0
230
1.0
 70
     8
 71
     3
 72
     9
 73
     5
 74
     0
 42
0.000000001
 43
0.0000000001
 40
0.0
 40
0.0
 40
0.0
 40
0.0
 40
0.0430940468117372
 40
0.0811550201418679
 40
0.0811550201418679
 40
0.0811550201418679
 40
0.0811550201418679
 10
284.6505829347716
 20
155.8284808056123
 30
0.0
 10
284.7958746152817
 20
155.8532698254985
 30
0.0
 10
285.0694889571841
 20
155.8999526867519
 30
0.0
 10
285.2703511743912
 20
156.0901195803344
 30
0.0
 10
285.3645537447155
 20
156.1793061402313
 30
0.0
  0
LINE
  5
E48
330
70
100
AcDbEntity
  8
Visible
100
AcDbLine
 10
284.702452
 20
155.194425
 30
0.0
 11
284.650583
 21
155.828481
 31
0.0
  0
SPLINE
  5
E49
330
70
100
AcDbEntity
  8
Visible
100
AcDbSpline
210
0.0
220
0.0
230
1.0
 70
     8
 71
     3
 72
     9
 73
     5
 74
     0
 42
0.000000001
 43
0.0000000001
 40
0.0
 40
0.0
 40
0.0
 40
0.0
 40
0.0410395322923991
 40
0.0833167827029557
 40
0.0833167827029557
 40
0.0833167827029557
 40
0.0833167827029557
 10
285.4886981276941
 20
155.4451038842562
 30
0.0
 10
285.3682806250672
 20
155.3769229429617
 30
0.0
 10
285.1238139282086
 20
155.2385047799616
 30
0.0
 10
284.8442900749778
 20
155.2092630518073
 30
0.0
 10
284.7024519055813
 20
155.1944249864918
 30
0.0
  0
SPLINE
  5
E4A
330
70
100
AcDbEntity
  8
Visible
100
AcDbSpline
210
0.0
220
0.0
230
1.0
 70
     8
 71
     3
 72
     9
 73
     5
 74
     0
 42
0.000000001
 43
0.0000000001
 40
0.0
 40
0.0
 40
0.0
 40
0.0
 40
0.0435925869402613
 40
0.0848804189198375
 40
0.0848804189198375
 40
0.0848804189198375
 40
0.0848804189198375
 10
286.0113882576352
 20
156.1016510502377
 30
0.0
 10
285.9471797621063
 20
155.9689651070966
 30
0.0
 10
285.8221574961372
 20
155.7106083719445
 30
0.0
 10
285.597820781597
 20
155.531988695604
 30
0.0
 10
285.4886981276941
 20
155.4451038842562
 30
0.0
  0
SPLINE
  5
E4B
330
70
100
AcDbEntity
  8
Visible
100
AcDbSpline
210
0.0
220
0.0
230
1.0
 70
     8
 71
     3
 72
     9
 73
     5
 74
     0
 42
0.000000001
 43
0.0000000001
 40
0.0
 40
0.0
 40
0.0
 40
0.0
 40
0.0525018915696528
 40
0.1001776247390344
 40
0.1001776247390344
 40
0.1001776247390344
 40
0.1001776247390344
 10
286.1840732733799
 20
157.0833529826068
 30
0.0
 10
286.1793031960642
 20
156.9072593150231
 30
0.0
 10
286.1702015237061
 20
156.5712591286919
 30
0.0
 10
286.062598044171
 20
156.253077502497
 30
0.0
 10
286.0113882576352
 20
156.1016510502377
 30
0.0
  0
SPLINE
  5
E4C
330
70
100
AcDbEntity
  8
Visible
100
AcDbSpline
210
0.0
220
0.0
230
1.0
 70
     8
 71
     3
 72
     9
 73
     5
 74
     0
 42
0.000000001
 43
0.0000000001
 40
0.0
 40
0.0
 40
0.0
 40
0.0
 40
0.0454093460039148
 40
0.0937729281920734
 40
0.0937729281920734
 40
0.0937729281920734
 40
0.0937729281920734
 10
286.0075850691174
 20
157.9996883887743
 30
0.0
 10
286.0582435677697
 20
157.8561190178461
 30
0.0
 10
286.1628563000449
 20
157.5596399558198
 30
0.0
 10
286.1768539542136
 20
157.2454151024139
 30
0.0
 10
286.1840732733799
 20
157.0833529826068
 30
0.0
  0
SPLINE
  5
E4D
330
70
100
AcDbEntity
  8
Visible
100
AcDbSpline
210
0.0
220
0.0
230
1.0
 70
     8
 71
     3
 72
     9
 73
     5
 74
     0
 42
0.000000001
 43
0.0000000001
 40
0.0
 40
0.0
 40
0.0
 40
0.0
 40
0.0392001405918682
 40
0.0811661215701934
 40
0.0811661215701934
 40
0.0811661215701934
 40
0.0811661215701934
 10
285.5038600467397
 20
158.6239872438855
 30
0.0
 10
285.6083816556202
 20
158.5425908085126
 30
0.0
 10
285.824799594051
 20
158.3740548576425
 30
0.0
 10
285.9452879783421
 20
158.1272802660041
 30
0.0
 10
286.0075850691174
 20
157.9996883887743
 30
0.0
  0
SPLINE
  5
E4E
330
70
100
AcDbEntity
  8
Visible
100
AcDbSpline
210
0.0
220
0.0
230
1.0
 70
     8
 71
     3
 72
     9
 73
     5
 74
     0
 42
0.000000001
 43
0.0000000001
 40
0.0
 40
0.0
 40
0.0
 40
0.0
 40
0.037013624260742
 40
0.0747741837079815
 40
0.0747741837079815
 40
0.0747741837079815
 40
0.0747741837079815
 10
284.7947711572524
 20
158.834255787402
 30
0.0
 10
284.9194987628143
 20
158.8257604751543
 30
0.0
 10
285.1714709778571
 20
158.8085984152021
 30
0.0
 10
285.392328293583
 20
158.6859327454585
 30
0.0
 10
285.5038600467397
 20
158.6239872438855
 30
0.0
  0
SPLINE
  5
E4F
330
70
100
AcDbEntity
  8
Visible
100
AcDbSpline
210
0.0
220
0.0
230
1.0
 70
     8
 71
     3
 72
     9
 73
     5
 74
     0
 42
0.000000001
 43
0.0000000001
 40
0.0
 40
0.0
 40
0.0
 40
0.0
 40
0.0322707490120228
 40
0.0653483097089642
 40
0.0653483097089642
 40
0.0653483097089642
 40
0.0653483097089642
 10
284.1734832522088
 20
158.6545680106301
 30
0.0
 10
284.2692677285013
 20
158.7064198401967
 30
0.0
 10
284.4632314205046
 20
158.811419864096
 30
0.0
 10
284.6833520179498
 20
158.8265814164661
 30
0.0
 10
284.7947711572524
 20
158.834255787402
 30
0.0
  0
SPLINE
  5
E50
330
70
100
AcDbEntity
  8
Visible
100
AcDbSpline
210
0.0
220
0.0
230
1.0
 70
     8
 71
     3
 72
     9
 73
     5
 74
     0
 42
0.000000001
 43
0.0000000001
 40
0.0
 40
0.0
 40
0.0
 40
0.0
 40
0.0376606062707543
 40
0.0714501314752291
 40
0.0714501314752291
 40
0.0714501314752291
 40
0.0714501314752291
 10
283.7114079628646
 20
158.1177895894216
 30
0.0
 10
283.7742124220822
 20
158.2281544874731
 30
0.0
 10
283.8933657579619
 20
158.4375400300014
 30
0.0
 10
284.0835453197724
 20
158.5848863653937
 30
0.0
 10
284.1734832522088
 20
158.6545680106301
 30
0.0
  0
ARC
  5
E51
330
70
100
AcDbEntity
  8
Visible
100
AcDbCircle
 10
287.868224
 20
156.271615
 30
0.0
 40
4.548349291083962
100
AcDbArc
 50
156.052465
 51
168.857643
  0
ARC
  5
E52
330
70
100
AcDbEntity
  8
Visible
100
AcDbCircle
 10
274.796657
 20
158.971295
 30
0.0
 40
8.799381351427065
100
AcDbArc
 50
342.045813
 51
348.058381
  0
SPLINE
  5
E53
330
70
100
AcDbEntity
  8
Visible
100
AcDbSpline
210
0.0
220
0.0
230
1.0
 70
     8
 71
     3
 72
     9
 73
     5
 74
     0
 42
0.000000001
 43
0.0000000001
 40
0.0
 40
0.0
 40
0.0
 40
0.0
 40
0.0242452770211066
 40
0.0543126847397881
 40
0.0543126847397881
 40
0.0543126847397881
 40
0.0543126847397881
 10
282.8754483465618
 20
155.806716853549
 30
0.0
 10
282.9329488742441
 20
155.8646303744735
 30
0.0
 10
283.0617577977173
 20
155.9943644584145
 30
0.0
 10
283.1298449551032
 20
156.1645912132317
 30
0.0
 10
283.1675378868986
 20
156.2588284483499
 30
0.0
  0
SPLINE
  5
E54
330
70
100
AcDbEntity
  8
Visible
100
AcDbSpline
210
0.0
220
0.0
230
1.0
 70
     8
 71
     3
 72
     9
 73
     5
 74
     0
 42
0.000000001
 43
0.0000000001
 40
0.0
 40
0.0
 40
0.0
 40
0.0
 40
0.0223035791397983
 40
0.0439336730844661
 40
0.0439336730844661
 40
0.0439336730844661
 40
0.0439336730844661
 10
282.46536088422
 20
155.6676241541281
 30
0.0
 10
282.5408185276883
 20
155.6734421298588
 30
0.0
 10
282.6894552742415
 20
155.6849024000785
 30
0.0
 10
282.8140875094778
 20
155.7665291371959
 30
0.0
 10
282.8754483465618
 20
155.806716853549
 30
0.0
  0
SPLINE
  5
E55
330
70
100
AcDbEntity
  8
Visible
100
AcDbSpline
210
0.0
220
0.0
230
1.0
 70
     8
 71
     3
 72
     9
 73
     5
 74
     0
 42
0.000000001
 43
0.0000000001
 40
0.0
 40
0.0
 40
0.0
 40
0.0
 40
0.0230912687864172
 40
0.0456673616574967
 40
0.0456673616574967
 40
0.0456673616574967
 40
0.0456673616574967
 10
282.0364151869307
 20
155.8063822652548
 30
0.0
 10
282.1030990827985
 20
155.7655331605838
 30
0.0
 10
282.2349791287797
 20
155.6847463119393
 30
0.0
 10
282.3891466898695
 20
155.6732884544999
 30
0.0
 10
282.46536088422
 20
155.6676241541281
 30
0.0
  0
SPLINE
  5
E56
330
70
100
AcDbEntity
  8
Visible
100
AcDbSpline
210
0.0
220
0.0
230
1.0
 70
     8
 71
     3
 72
     9
 73
     5
 74
     0
 42
0.000000001
 43
0.0000000001
 40
0.0
 40
0.0
 40
0.0
 40
0.0
 40
0.028586949001464
 40
0.0536093988295926
 40
0.0536093988295926
 40
0.0536093988295926
 40
0.0536093988295926
 10
281.7249557310879
 20
156.235814187803
 30
0.0
 10
281.7640792279144
 20
156.1474639068128
 30
0.0
 10
281.8374479230079
 20
155.9817797181968
 30
0.0
 10
281.9730992600653
 20
155.8621977400416
 30
0.0
 10
282.0364151869307
 20
155.8063822652548
 30
0.0
  0
SPLINE
  5
E57
330
70
100
AcDbEntity
  8
Visible
100
AcDbSpline
210
0.0
220
0.0
230
1.0
 70
     8
 71
     3
 72
     9
 73
     5
 74
     0
 42
0.000000001
 43
0.0000000001
 40
0.0
 40
0.0
 40
0.0
 40
0.0
 40
0.0357521190433063
 40
0.0680809890969723
 40
0.0680809890969723
 40
0.0680809890969723
 40
0.0680809890969723
 10
281.6080646962455
 20
156.9035548502852
 30
0.0
 10
281.612514225164
 20
156.78378869478
 30
0.0
 10
281.620987242648
 20
156.5557239381905
 30
0.0
 10
281.6914810924336
 20
156.338815236073
 30
0.0
 10
281.7249557310879
 20
156.235814187803
 30
0.0
  0
SPLINE
  5
E58
330
70
100
AcDbEntity
  8
Visible
100
AcDbSpline
210
0.0
220
0.0
230
1.0
 70
     8
 71
     3
 72
     9
 73
     5
 74
     0
 42
0.000000001
 43
0.0000000001
 40
0.0
 40
0.0
 40
0.0
 40
0.0
 40
0.0379079343698787
 40
0.0785787803145869
 40
0.0785787803145869
 40
0.0785787803145869
 40
0.0785787803145869
 10
281.7514390088327
 20
157.6718967411652
 30
0.0
 10
281.7089591502481
 20
157.5520403180107
 30
0.0
 10
281.6209032978022
 20
157.3035917622946
 30
0.0
 10
281.6124433832265
 20
157.0399899916847
 30
0.0
 10
281.6080646962455
 20
156.9035548502852
 30
0.0
  0
SPLINE
  5
E59
330
70
100
AcDbEntity
  8
Visible
100
AcDbSpline
210
0.0
220
0.0
230
1.0
 70
     8
 71
     3
 72
     9
 73
     5
 74
     0
 42
0.000000001
 43
0.0000000001
 40
0.0
 40
0.0
 40
0.0
 40
0.0
 40
0.0300048362528226
 40
0.0642343670663586
 40
0.0642343670663586
 40
0.0642343670663586
 40
0.0642343670663586
 10
282.1369761294536
 20
158.1774813591473
 30
0.0
 10
282.0596911398643
 20
158.112177583991
 30
0.0
 10
281.8942393990783
 20
157.9723752324989
 30
0.0
 10
281.8010814713325
 20
157.776353684263
 30
0.0
 10
281.7514390088327
 20
157.6718967411652
 30
0.0
  0
SPLINE
  5
E5A
330
70
100
AcDbEntity
  8
Visible
100
AcDbSpline
210
0.0
220
0.0
230
1.0
 70
     8
 71
     3
 72
     9
 73
     5
 74
     0
 42
0.000000001
 43
0.0000000001
 40
0.0
 40
0.0
 40
0.0
 40
0.0
 40
0.0349364260530128
 40
0.0653875727828725
 40
0.0653875727828725
 40
0.0653875727828725
 40
0.0653875727828725
 10
282.7512433217307
 20
158.3878199713708
 30
0.0
 10
282.6351273468281
 20
158.3694584287641
 30
0.0
 10
282.4178028343376
 20
158.335092672467
 30
0.0
 10
282.2262041078702
 20
158.2275597121606
 30
0.0
 10
282.1369761294536
 20
158.1774813591473
 30
0.0
  0
LINE
  5
E5B
330
70
100
AcDbEntity
  8
Visible
100
AcDbLine
 10
282.69262
 20
159.0116
 30
0.0
 11
282.751243
 21
158.38782
 31
0.0
  0
SPLINE
  5
E5C
330
70
100
AcDbEntity
  8
Visible
100
AcDbSpline
210
0.0
220
0.0
230
1.0
 70
     8
 71
     3
 72
     9
 73
     5
 74
     0
 42
0.000000001
 43
0.0000000001
 40
0.0
 40
0.0
 40
0.0
 40
0.0
 40
0.0467825841956367
 40
0.0949136097204564
 40
0.0949136097204564
 40
0.0949136097204564
 40
0.0949136097204564
 10
281.7957183859507
 20
158.7312108044807
 30
0.0
 10
281.9331538057177
 20
158.8088009205712
 30
0.0
 10
282.211986025397
 20
158.96621757729
 30
0.0
 10
282.5308982806473
 20
158.9963297004615
 30
0.0
 10
282.6926198076526
 20
159.0115996640961
 30
0.0
  0
SPLINE
  5
E5D
330
70
100
AcDbEntity
  8
Visible
100
AcDbSpline
210
0.0
220
0.0
230
1.0
 70
     8
 71
     3
 72
     9
 73
     5
 74
     0
 42
0.000000001
 43
0.0000000001
 40
0.0
 40
0.0
 40
0.0
 40
0.0
 40
0.0156687844091512
 40
0.0313367947828669
 40
0.0313367947828669
 40
0.0313367947828669
 40
0.0313367947828669
 10
278.5260605853419
 20
152.478432452388
 30
0.0
 10
278.5216919976629
 20
152.5318612742303
 30
0.0
 10
278.5129550381098
 20
152.6387162785395
 30
0.0
 10
278.4442467984391
 20
152.721017369864
 30
0.0
 10
278.4098935271686
 20
152.762166899085
 30
0.0
  0
SPLINE
  5
E5E
330
70
100
AcDbEntity
  8
Visible
100
AcDbSpline
210
0.0
220
0.0
230
1.0
 70
     8
 71
     3
 72
     9
 73
     5
 74
     0
 42
0.000000001
 43
0.0000000001
 40
0.0
 40
0.0
 40
0.0
 40
0.0
 40
0.0153616010088768
 40
0.0309969491077194
 40
0.0309969491077194
 40
0.0309969491077194
 40
0.0309969491077194
 10
278.4035443760367
 20
152.2014936092655
 30
0.0
 10
278.4388052063841
 20
152.2405622160404
 30
0.0
 10
278.5099552227894
 20
152.3193956407049
 30
0.0
 10
278.5206606165466
 20
152.4251089821718
 30
0.0
 10
278.5260605853419
 20
152.478432452388
 30
0.0
  0
SPLINE
  5
E5F
330
70
100
AcDbEntity
  8
Visible
100
AcDbSpline
210
0.0
220
0.0
230
1.0
 70
     8
 71
     3
 72
     9
 73
     5
 74
     0
 42
0.000000001
 43
0.0000000001
 40
0.0
 40
0.0
 40
0.0
 40
0.0
 40
0.0187415521895009
 40
0.0351289721131593
 40
0.0351289721131593
 40
0.0351289721131593
 40
0.0351289721131593
 10
278.0755746253253
 20
152.0946952810482
 30
0.0
 10
278.1395029051091
 20
152.0972086509973
 30
0.0
 10
278.2593294133421
 20
152.1019196857051
 30
0.0
 10
278.3576694407111
 20
152.1698190366824
 30
0.0
 10
278.4035443760367
 20
152.2014936092655
 30
0.0
  0
SPLINE
  5
E60
330
70
100
AcDbEntity
  8
Visible
100
AcDbSpline
210
0.0
220
0.0
230
1.0
 70
     8
 71
     3
 72
     9
 73
     5
 74
     0
 42
0.000000001
 43
0.0000000001
 40
0.0
 40
0.0
 40
0.0
 40
0.0
 40
0.0170147424253368
 40
0.0365204937838928
 40
0.0365204937838928
 40
0.0365204937838928
 40
0.0365204937838928
 10
277.7357990539058
 20
152.2104196984637
 30
0.0
 10
277.7831861419581
 20
152.177292824439
 30
0.0
 10
277.8848979287941
 20
152.1061892034377
 30
0.0
 10
278.0091898047303
 20
152.0986969340538
 30
0.0
 10
278.0755746253253
 20
152.0946952810482
 30
0.0
  0
SPLINE
  5
E61
330
70
100
AcDbEntity
  8
Visible
100
AcDbSpline
210
0.0
220
0.0
230
1.0
 70
     8
 71
     3
 72
     9
 73
     5
 74
     0
 42
0.000000001
 43
0.0000000001
 40
0.0
 40
0.0
 40
0.0
 40
0.0
 40
0.0147976074719422
 40
0.0302691451627336
 40
0.0302691451627336
 40
0.0302691451627336
 40
0.0302691451627336
 10
277.613323333062
 20
152.4792179618471
 30
0.0
 10
277.6184322796999
 20
152.4287389488236
 30
0.0
 10
277.6288828506931
 20
152.3254819475969
 30
0.0
 10
277.6996352285187
 20
152.2493388796647
 30
0.0
 10
277.7357990539058
 20
152.2104196984637
 30
0.0
  0
SPLINE
  5
E62
330
70
100
AcDbEntity
  8
Visible
100
AcDbSpline
210
0.0
220
0.0
230
1.0
 70
     8
 71
     3
 72
     9
 73
     5
 74
     0
 42
0.000000001
 43
0.0000000001
 40
0.0
 40
0.0
 40
0.0
 40
0.0
 40
0.0109195337136452
 40
0.0214321129737631
 40
0.0214321129737631
 40
0.0214321129737631
 40
0.0214321129737631
 10
277.6763306151679
 20
152.6817913831801
 30
0.0
 10
277.6582605825824
 20
152.6496581909559
 30
0.0
 10
277.6227939601067
 20
152.5865893618247
 30
0.0
 10
277.6164399922145
 20
152.5145524814052
 30
0.0
 10
277.613323333062
 20
152.4792179618471
 30
0.0
  0
SPLINE
  5
E63
330
70
100
AcDbEntity
  8
Visible
100
AcDbSpline
210
0.0
220
0.0
230
1.0
 70
     8
 71
     3
 72
     9
 73
     5
 74
     0
 42
0.000000001
 43
0.0000000001
 40
0.0
 40
0.0
 40
0.0
 40
0.0
 40
0.0120878593122774
 40
0.0234764553341117
 40
0.0234764553341117
 40
0.0234764553341117
 40
0.0234764553341117
 10
277.8546975948175
 20
152.8305314728495
 30
0.0
 10
277.818454272603
 20
152.8116944375124
 30
0.0
 10
277.7480642462833
 20
152.7751100591485
 30
0.0
 10
277.69976225557
 20
152.7122737332866
 30
0.0
 10
277.6763306151679
 20
152.6817913831801
 30
0.0
  0
SPLINE
  5
E64
330
70
100
AcDbEntity
  8
Visible
100
AcDbSpline
210
0.0
220
0.0
230
1.0
 70
     8
 71
     3
 72
     9
 73
     5
 74
     0
 42
0.000000001
 43
0.0000000001
 40
0.0
 40
0.0
 40
0.0
 40
0.0
 40
0.0124876226092769
 40
0.0250259119791182
 40
0.0250259119791182
 40
0.0250259119791182
 40
0.0250259119791182
 10
278.0981298967199
 20
152.881666822248
 30
0.0
 10
278.0562307637138
 20
152.8798776643143
 30
0.0
 10
277.9722624979004
 20
152.8762920891949
 30
0.0
 10
277.8939387531991
 20
152.8458055856718
 30
0.0
 10
277.8546975948175
 20
152.8305314728495
 30
0.0
  0
SPLINE
  5
E65
330
70
100
AcDbEntity
  8
Visible
100
AcDbSpline
210
0.0
220
0.0
230
1.0
 70
     8
 71
     3
 72
     9
 73
     5
 74
     0
 42
0.000000001
 43
0.0000000001
 40
0.0
 40
0.0
 40
0.0
 40
0.0
 40
0.0163086281128219
 40
0.0340605809065016
 40
0.0340605809065016
 40
0.0340605809065016
 40
0.0340605809065016
 10
278.4098935271686
 20
152.762166899085
 30
0.0
 10
278.3661227030771
 20
152.7964703455327
 30
0.0
 10
278.2747073071878
 20
152.8681131167705
 30
0.0
 10
278.1586286531255
 20
152.8770230667178
 30
0.0
 10
278.0981298967199
 20
152.881666822248
 30
0.0
  0
SPLINE
  5
E66
330
70
100
AcDbEntity
  8
Visible
100
AcDbSpline
210
0.0
220
0.0
230
1.0
 70
     8
 71
     3
 72
     9
 73
     5
 74
     0
 42
0.000000001
 43
0.0000000001
 40
0.0
 40
0.0
 40
0.0
 40
0.0
 40
0.0217234047311458
 40
0.0415873039909401
 40
0.0415873039909401
 40
0.0415873039909401
 40
0.0415873039909401
 10
279.4532784494713
 20
152.4310950576037
 30
0.0
 10
279.4479837659001
 20
152.357274251779
 30
0.0
 10
279.4378476192906
 20
152.2159516400279
 30
0.0
 10
279.3557756477258
 20
152.1008358273411
 30
0.0
 10
279.3165745161605
 20
152.0458515247519
 30
0.0
  0
SPLINE
  5
E67
330
70
100
AcDbEntity
  8
Visible
100
AcDbSpline
210
0.0
220
0.0
230
1.0
 70
     8
 71
     3
 72
     9
 73
     5
 74
     0
 42
0.000000001
 43
0.0000000001
 40
0.0
 40
0.0
 40
0.0
 40
0.0
 40
0.0278644578161507
 40
0.0568471169617946
 40
0.0568471169617946
 40
0.0568471169617946
 40
0.0568471169617946
 10
279.2297984204797
 20
152.9370687538067
 30
0.0
 10
279.2958574550648
 20
152.8676131997199
 30
0.0
 10
279.4306264748048
 20
152.7259148385765
 30
0.0
 10
279.4456294203064
 20
152.5306486345653
 30
0.0
 10
279.4532784494713
 20
152.4310950576037
 30
0.0
  0
SPLINE
  5
E68
330
70
100
AcDbEntity
  8
Visible
100
AcDbSpline
210
0.0
220
0.0
230
1.0
 70
     8
 71
     3
 72
     9
 73
     5
 74
     0
 42
0.000000001
 43
0.0000000001
 40
0.0
 40
0.0
 40
0.0
 40
0.0
 40
0.0503537381468864
 40
0.0881773755178795
 40
0.0881773755178795
 40
0.0881773755178795
 40
0.0881773755178795
 10
278.3891672861628
 20
153.1607900227409
 30
0.0
 10
278.5602862999913
 20
153.1562606594307
 30
0.0
 10
278.8599428120178
 20
153.1483290264677
 30
0.0
 10
279.1187732462095
 20
153.0004859578494
 30
0.0
 10
279.2297984204797
 20
152.9370687538067
 30
0.0
  0
SPLINE
  5
E69
330
70
100
AcDbEntity
  8
Visible
100
AcDbSpline
210
0.0
220
0.0
230
1.0
 70
     8
 71
     3
 72
     9
 73
     5
 74
     0
 42
0.000000001
 43
0.0000000001
 40
0.0
 40
0.0
 40
0.0
 40
0.0
 40
0.0332380635715591
 40
0.078026604989152
 40
0.078026604989152
 40
0.078026604989152
 40
0.078026604989152
 10
277.642819532437
 20
152.9755047270973
 30
0.0
 10
277.7408615084569
 20
153.0305929541173
 30
0.0
 10
277.971015786814
 20
153.1599129826463
 30
0.0
 10
278.2366747288906
 20
153.1604701815176
 30
0.0
 10
278.3891672861628
 20
153.1607900227409
 30
0.0
  0
SPLINE
  5
E6A
330
70
100
AcDbEntity
  8
Visible
100
AcDbSpline
210
0.0
220
0.0
230
1.0
 70
     8
 71
     3
 72
     9
 73
     5
 74
     0
 42
0.000000001
 43
0.0000000001
 40
0.0
 40
0.0
 40
0.0
 40
0.0
 40
0.0284309317760355
 40
0.0563547258592816
 40
0.0563547258592816
 40
0.0563547258592816
 40
0.0563547258592816
 10
277.4113800904434
 20
152.4774114850024
 30
0.0
 10
277.4215458036906
 20
152.5746073178925
 30
0.0
 10
277.4416958989405
 20
152.7672652497658
 30
0.0
 10
277.5761817351559
 20
152.9065092548353
 30
0.0
 10
277.642819532437
 20
152.9755047270973
 30
0.0
  0
SPLINE
  5
E6B
330
70
100
AcDbEntity
  8
Visible
100
AcDbSpline
210
0.0
220
0.0
230
1.0
 70
     8
 71
     3
 72
     9
 73
     5
 74
     0
 42
0.000000001
 43
0.0000000001
 40
0.0
 40
0.0
 40
0.0
 40
0.0
 40
0.016458167849041
 40
0.0336461881729477
 40
0.0336461881729477
 40
0.0336461881729477
 40
0.0336461881729477
 10
277.4936769462911
 20
152.1544942779783
 30
0.0
 10
277.4691742125542
 20
152.2042857905853
 30
0.0
 10
277.4190821489901
 20
152.3060768658688
 30
0.0
 10
277.4139843040775
 20
152.4194799659926
 30
0.0
 10
277.4113800904434
 20
152.4774114850024
 30
0.0
  0
SPLINE
  5
E6C
330
70
100
AcDbEntity
  8
Visible
100
AcDbSpline
210
0.0
220
0.0
230
1.0
 70
     8
 71
     3
 72
     9
 73
     5
 74
     0
 42
0.000000001
 43
0.0000000001
 40
0.0
 40
0.0
 40
0.0
 40
0.0
 40
0.0172211301072318
 40
0.0336690658851564
 40
0.0336690658851564
 40
0.0336690658851564
 40
0.0336690658851564
 10
277.7387479140252
 20
151.9286492730243
 30
0.0
 10
277.6886943576938
 20
151.9582393056917
 30
0.0
 10
277.5908345496864
 20
152.0160908376874
 30
0.0
 10
277.5255631718828
 20
152.1090715507253
 30
0.0
 10
277.4936769462911
 20
152.1544942779783
 30
0.0
  0
SPLINE
  5
E6D
330
70
100
AcDbEntity
  8
Visible
100
AcDbSpline
210
0.0
220
0.0
230
1.0
 70
     8
 71
     3
 72
     9
 73
     5
 74
     0
 42
0.000000001
 43
0.0000000001
 40
0.0
 40
0.0
 40
0.0
 40
0.0
 40
0.0182746751159
 40
0.0361733884820021
 40
0.0361733884820021
 40
0.0361733884820021
 40
0.0361733884820021
 10
278.0877380373549
 20
151.8435188687908
 30
0.0
 10
278.026417517458
 20
151.8474527203889
 30
0.0
 10
277.9050380141762
 20
151.8552394931339
 30
0.0
 10
277.7937925440019
 20
151.9043494850811
 30
0.0
 10
277.7387479140252
 20
151.9286492730243
 30
0.0
  0
SPLINE
  5
E6E
330
70
100
AcDbEntity
  8
Visible
100
AcDbSpline
210
0.0
220
0.0
230
1.0
 70
     8
 71
     3
 72
     9
 73
     5
 74
     0
 42
0.000000001
 43
0.0000000001
 40
0.0
 40
0.0
 40
0.0
 40
0.0
 40
0.0244301762902491
 40
0.0507917710315831
 40
0.0507917710315831
 40
0.0507917710315831
 40
0.0507917710315831
 10
278.5569200539921
 20
152.010794940441
 30
0.0
 10
278.4899995266478
 20
151.9612344338438
 30
0.0
 10
278.3508678207691
 20
151.8581952304685
 30
0.0
 10
278.1776436512609
 20
151.8485334562301
 30
0.0
 10
278.0877380373549
 20
151.8435188687908
 30
0.0
  0
SPLINE
  5
E6F
330
70
100
AcDbEntity
  8
Visible
100
AcDbSpline
210
0.0
220
0.0
230
1.0
 70
     8
 71
     3
 72
     9
 73
     5
 74
     0
 42
0.000000001
 43
0.0000000001
 40
0.0
 40
0.0
 40
0.0
 40
0.0
 40
0.0231767439975834
 40
0.046584955320459
 40
0.046584955320459
 40
0.046584955320459
 40
0.046584955320459
 10
278.7424073431957
 20
152.4268657279826
 30
0.0
 10
278.7338334251454
 20
152.3480022759122
 30
0.0
 10
278.7165999608878
 20
152.1894877584473
 30
0.0
 10
278.6103227100503
 20
152.0705561920931
 30
0.0
 10
278.5569200539921
 20
152.010794940441
 30
0.0
  0
SPLINE
  5
E70
330
70
100
AcDbEntity
  8
Visible
100
AcDbSpline
210
0.0
220
0.0
230
1.0
 70
     8
 71
     3
 72
     9
 73
     5
 74
     0
 42
0.000000001
 43
0.0000000001
 40
0.0
 40
0.0
 40
0.0
 40
0.0
 40
0.0140193877886663
 40
0.0278614313197895
 40
0.0278614313197895
 40
0.0278614313197895
 40
0.0278614313197895
 10
278.679970464711
 20
152.6963485400174
 30
0.0
 10
278.6985804581254
 20
152.6530277042638
 30
0.0
 10
278.7355650298596
 20
152.5669340382428
 30
0.0
 10
278.7401362710753
 20
152.4733566176474
 30
0.0
 10
278.7424073431957
 20
152.4268657279826
 30
0.0
  0
SPLINE
  5
E71
330
70
100
AcDbEntity
  8
Visible
100
AcDbSpline
210
0.0
220
0.0
230
1.0
 70
     8
 71
     3
 72
     9
 73
     5
 74
     0
 42
0.000000001
 43
0.0000000001
 40
0.0
 40
0.0
 40
0.0
 40
0.0
 40
0.015349625469656
 40
0.0297979462731753
 40
0.0297979462731753
 40
0.0297979462731753
 40
0.0297979462731753
 10
278.4818939252418
 20
152.9155222968384
 30
0.0
 10
278.5233108042321
 20
152.8845276277225
 30
0.0
 10
278.6037126314532
 20
152.8243582452887
 30
0.0
 10
278.6550689823598
 20
152.7381492479617
 30
0.0
 10
278.679970464711
 20
152.6963485400174
 30
0.0
  0
SPLINE
  5
E72
330
70
100
AcDbEntity
  8
Visible
100
AcDbSpline
210
0.0
220
0.0
230
1.0
 70
     8
 71
     3
 72
     9
 73
     5
 74
     0
 42
0.000000001
 43
0.0000000001
 40
0.0
 40
0.0
 40
0.0
 40
0.0
 40
0.0203249670841158
 40
0.0469599968658788
 40
0.0469599968658788
 40
0.0469599968658788
 40
0.0469599968658788
 10
278.9435594418192
 20
152.8407127661466
 30
0.0
 10
278.8786164769099
 20
152.8610221055733
 30
0.0
 10
278.7285684391427
 20
152.9079459953791
 30
0.0
 10
278.5711687488747
 20
152.9127803314604
 30
0.0
 10
278.4818939252418
 20
152.9155222968384
 30
0.0
  0
SPLINE
  5
E73
330
70
100
AcDbEntity
  8
Visible
100
AcDbSpline
210
0.0
220
0.0
230
1.0
 70
     8
 71
     3
 72
     9
 73
     5
 74
     0
 42
0.000000001
 43
0.0000000001
 40
0.0
 40
0.0
 40
0.0
 40
0.0
 40
0.014687195521497
 40
0.031022176393764
 40
0.031022176393764
 40
0.031022176393764
 40
0.031022176393764
 10
279.1884039901579
 20
152.6551179617126
 30
0.0
 10
279.1560821763305
 20
152.69261502488
 30
0.0
 10
279.0878123008188
 20
152.7718160204786
 30
0.0
 10
278.9933168138523
 20
152.8169481001987
 30
0.0
 10
278.9435594418192
 20
152.8407127661466
 30
0.0
  0
SPLINE
  5
E74
330
70
100
AcDbEntity
  8
Visible
100
AcDbSpline
210
0.0
220
0.0
230
1.0
 70
     8
 71
     3
 72
     9
 73
     5
 74
     0
 42
0.000000001
 43
0.0000000001
 40
0.0
 40
0.0
 40
0.0
 40
0.0
 40
0.0111373463285916
 40
0.0219063762090008
 40
0.0219063762090008
 40
0.0219063762090008
 40
0.0219063762090008
 10
279.2515513320832
 20
152.4483870702952
 30
0.0
 10
279.2494376220966
 20
152.4860707077205
 30
0.0
 10
279.2452801033469
 20
152.5601917697786
 30
0.0
 10
279.2071489924619
 20
152.6238325663726
 30
0.0
 10
279.1884039901579
 20
152.6551179617126
 30
0.0
  0
SPLINE
  5
E75
330
70
100
AcDbEntity
  8
Visible
100
AcDbSpline
210
0.0
220
0.0
230
1.0
 70
     8
 71
     3
 72
     9
 73
     5
 74
     0
 42
0.000000001
 43
0.0000000001
 40
0.0
 40
0.0
 40
0.0
 40
0.0
 40
0.0136270465518671
 40
0.0273191880859461
 40
0.0273191880859461
 40
0.0273191880859461
 40
0.0273191880859461
 10
279.1437297473876
 20
152.2040265418145
 30
0.0
 10
279.1747650959442
 20
152.2388645036699
 30
0.0
 10
279.2369840456832
 20
152.3087068446948
 30
0.0
 10
279.246687862671
 20
152.4017530929013
 30
0.0
 10
279.2515513320832
 20
152.4483870702952
 30
0.0
  0
SPLINE
  5
E76
330
70
100
AcDbEntity
  8
Visible
100
AcDbSpline
210
0.0
220
0.0
230
1.0
 70
     8
 71
     3
 72
     9
 73
     5
 74
     0
 42
0.000000001
 43
0.0000000001
 40
0.0
 40
0.0
 40
0.0
 40
0.0
 40
0.0130948948491228
 40
0.0231453953456755
 40
0.0231453953456755
 40
0.0231453953456755
 40
0.0231453953456755
 10
278.9325972491424
 20
152.1136416296394
 30
0.0
 10
278.9756170286127
 20
152.1235366253113
 30
0.0
 10
279.0516550430475
 20
152.1410261576384
 30
0.0
 10
279.1158529018249
 20
152.1849523347064
 30
0.0
 10
279.1437297473876
 20
152.2040265418145
 30
0.0
  0
LINE
  5
E77
330
70
100
AcDbEntity
  8
Visible
100
AcDbLine
 10
278.94893
 20
151.869239
 30
0.0
 11
278.932597
 21
152.113642
 31
0.0
  0
SPLINE
  5
E78
330
70
100
AcDbEntity
  8
Visible
100
AcDbSpline
210
0.0
220
0.0
230
1.0
 70
     8
 71
     3
 72
     9
 73
     5
 74
     0
 42
0.000000001
 43
0.0000000001
 40
0.0
 40
0.0
 40
0.0
 40
0.0
 40
0.0198405993399089
 40
0.0414989168845903
 40
0.0414989168845903
 40
0.0414989168845903
 40
0.0414989168845903
 10
279.3165745161605
 20
152.0458515247519
 30
0.0
 10
279.2661706206327
 20
152.0010179018518
 30
0.0
 10
279.1607450215688
 20
151.907243174659
 30
0.0
 10
279.0215673307484
 20
151.8822716526792
 30
0.0
 10
278.9489303838291
 20
151.8692389956086
 30
0.0
  0
LINE
  5
E79
330
70
100
AcDbEntity
  8
Visible
100
AcDbLine
 10
279.211551
 20
158.072666
 30
0.0
 11
277.509068
 21
158.091945
 31
0.0
  0
LINE
  5
E7A
330
70
100
AcDbEntity
  8
Visible
100
AcDbLine
 10
277.502519
 20
157.513537
 30
0.0
 11
279.211551
 21
158.072666
 31
0.0
  0
LINE
  5
E7B
330
70
100
AcDbEntity
  8
Visible
100
AcDbLine
 10
277.499815
 20
157.274808
 30
0.0
 11
277.502519
 21
157.513537
 31
0.0
  0
LINE
  5
E7C
330
70
100
AcDbEntity
  8
Visible
100
AcDbLine
 10
279.16707
 20
156.674717
 30
0.0
 11
277.499815
 21
157.274808
 31
0.0
  0
LINE
  5
E7D
330
70
100
AcDbEntity
  8
Visible
100
AcDbLine
 10
277.493234
 20
156.693672
 30
0.0
 11
279.16707
 21
156.674717
 31
0.0
  0
LINE
  5
E7E
330
70
100
AcDbEntity
  8
Visible
100
AcDbLine
 10
277.490345
 20
156.438572
 30
0.0
 11
277.493234
 21
156.693672
 31
0.0
  0
LINE
  5
E7F
330
70
100
AcDbEntity
  8
Visible
100
AcDbLine
 10
279.490217
 20
156.415925
 30
0.0
 11
277.490345
 21
156.438572
 31
0.0
  0
LINE
  5
E80
330
70
100
AcDbEntity
  8
Visible
100
AcDbLine
 10
279.494249
 20
156.771974
 30
0.0
 11
279.490217
 21
156.415925
 31
0.0
  0
LINE
  5
E81
330
70
100
AcDbEntity
  8
Visible
100
AcDbLine
 10
278.108219
 20
157.266554
 30
0.0
 11
279.494249
 21
156.771974
 31
0.0
  0
ARC
  5
E82
330
70
100
AcDbEntity
  8
Visible
100
AcDbCircle
 10
273.44885
 20
144.261384
 30
0.0
 40
13.81463578897553
100
AcDbArc
 50
70.288894
 51
71.689939
  0
ARC
  5
E83
330
70
100
AcDbEntity
  8
Visible
100
AcDbCircle
 10
273.565208
 20
171.52086
 30
0.0
 40
14.76141931246488
100
AcDbArc
 50
286.626208
 51
287.833616
  0
LINE
  5
E84
330
70
100
AcDbEntity
  8
Visible
100
AcDbLine
 10
279.507318
 20
157.92606
 30
0.0
 11
278.08595
 21
157.468729
 31
0.0
  0
LINE
  5
E85
330
70
100
AcDbEntity
  8
Visible
100
AcDbLine
 10
279.511829
 20
158.324398
 30
0.0
 11
279.507318
 21
157.92606
 31
0.0
  0
LINE
  5
E86
330
70
100
AcDbEntity
  8
Visible
100
AcDbLine
 10
277.511957
 20
158.347045
 30
0.0
 11
279.511829
 21
158.324398
 31
0.0
  0
LINE
  5
E87
330
70
100
AcDbEntity
  8
Visible
100
AcDbLine
 10
277.509068
 20
158.091945
 30
0.0
 11
277.511957
 21
158.347045
 31
0.0
  0
SPLINE
  5
E88
330
70
100
AcDbEntity
  8
Visible
100
AcDbSpline
210
0.0
220
0.0
230
1.0
 70
     8
 71
     3
 72
     9
 73
     5
 74
     0
 42
0.000000001
 43
0.0000000001
 40
0.0
 40
0.0
 40
0.0
 40
0.0
 40
0.0130537050103332
 40
0.0255131531635878
 40
0.0255131531635878
 40
0.0255131531635878
 40
0.0255131531635878
 10
166.195689533155
 20
105.8587602060779
 30
0.0
 10
166.2296287895788
 20
105.829824923232
 30
0.0
 10
166.2959622517428
 20
105.7732716073333
 30
0.0
 10
166.3824285956816
 20
105.7631682229603
 30
0.0
 10
166.4246547729945
 20
105.7582341956768
 30
0.0
  0
SPLINE
  5
E89
330
70
100
AcDbEntity
  8
Visible
100
AcDbSpline
210
0.0
220
0.0
230
1.0
 70
     8
 71
     3
 72
     9
 73
     5
 74
     0
 42
0.000000001
 43
0.0000000001
 40
0.0
 40
0.0
 40
0.0
 40
0.0
 40
0.0125575905611049
 40
0.0255362611757932
 40
0.0255362611757932
 40
0.0255362611757932
 40
0.0255362611757932
 10
166.0955608282511
 20
106.0880194973724
 30
0.0
 10
166.1003483655804
 20
106.0454089789564
 30
0.0
 10
166.1100839755308
 20
105.9587591298641
 30
0.0
 10
166.1668423748306
 20
105.8924576068857
 30
0.0
 10
166.195689533155
 20
105.8587602060779
 30
0.0
  0
SPLINE
  5
E8A
330
70
100
AcDbEntity
  8
Visible
100
AcDbSpline
210
0.0
220
0.0
230
1.0
 70
     8
 71
     3
 72
     9
 73
     5
 74
     0
 42
0.000000001
 43
0.0000000001
 40
0.0
 40
0.0
 40
0.0
 40
0.0
 40
0.0126494038477423
 40
0.0250939453097645
 40
0.0250939453097645
 40
0.0250939453097645
 40
0.0250939453097645
 10
166.1893404522343
 20
106.3150330062362
 30
0.0
 10
166.1616357100392
 20
106.2818000742536
 30
0.0
 10
166.1066749155379
 20
106.2158724315195
 30
0.0
 10
166.0992453060226
 20
106.1304045607266
 30
0.0
 10
166.0955608282511
 20
106.0880194973724
 30
0.0
  0
SPLINE
  5
E8B
330
70
100
AcDbEntity
  8
Visible
100
AcDbSpline
210
0.0
220
0.0
230
1.0
 70
     8
 71
     3
 72
     9
 73
     5
 74
     0
 42
0.000000001
 43
0.0000000001
 40
0.0
 40
0.0
 40
0.0
 40
0.0
 40
0.0120474971471461
 40
0.0242150621307518
 40
0.0242150621307518
 40
0.0242150621307518
 40
0.0242150621307518
 10
166.4080178330514
 20
106.4064437197685
 30
0.0
 10
166.3669965473509
 20
106.4026944055622
 30
0.0
 10
166.2845451493758
 20
106.3951584107089
 30
0.0
 10
166.2211800809546
 20
106.3418296161326
 30
0.0
 10
166.1893404522343
 20
106.3150330062362
 30
0.0
  0
SPLINE
  5
E8C
330
70
100
AcDbEntity
  8
Visible
100
AcDbSpline
210
0.0
220
0.0
230
1.0
 70
     8
 71
     3
 72
     9
 73
     5
 74
     0
 42
0.000000001
 43
0.0000000001
 40
0.0
 40
0.0
 40
0.0
 40
0.0
 40
0.0131011063398764
 40
0.025432558053738
 40
0.025432558053738
 40
0.025432558053738
 40
0.025432558053738
 10
166.6360181254822
 20
106.3059146942268
 30
0.0
 10
166.602033178453
 20
106.3350900763526
 30
0.0
 10
166.5360598082752
 20
106.3917268656732
 30
0.0
 10
166.449828632396
 20
106.4016380813646
 30
0.0
 10
166.4080178330514
 20
106.4064437197685
 30
0.0
  0
SPLINE
  5
E8D
330
70
100
AcDbEntity
  8
Visible
100
AcDbSpline
210
0.0
220
0.0
230
1.0
 70
     8
 71
     3
 72
     9
 73
     5
 74
     0
 42
0.000000001
 43
0.0000000001
 40
0.0
 40
0.0
 40
0.0
 40
0.0
 40
0.0124881636429321
 40
0.0259115561727406
 40
0.0259115561727406
 40
0.0259115561727406
 40
0.0259115561727406
 10
166.7409766441305
 20
106.0747421611486
 30
0.0
 10
166.7356646367661
 20
106.1170218415518
 30
0.0
 10
166.7246428099261
 20
106.2047474948194
 30
0.0
 10
166.6662620679908
 20
106.2713905096643
 30
0.0
 10
166.6360181254822
 20
106.3059146942268
 30
0.0
  0
SPLINE
  5
E8E
330
70
100
AcDbEntity
  8
Visible
100
AcDbSpline
210
0.0
220
0.0
230
1.0
 70
     8
 71
     3
 72
     9
 73
     5
 74
     0
 42
0.000000001
 43
0.0000000001
 40
0.0
 40
0.0
 40
0.0
 40
0.0
 40
0.013093196699569
 40
0.0254661005497169
 40
0.0254661005497169
 40
0.0254661005497169
 40
0.0254661005497169
 10
166.6423796842064
 20
105.8457833702396
 30
0.0
 10
166.6714855137143
 20
105.8798505292434
 30
0.0
 10
166.7280959807994
 20
105.9461107189054
 30
0.0
 10
166.7367648206036
 20
106.0326812112853
 30
0.0
 10
166.7409766441305
 20
106.0747421611486
 30
0.0
  0
SPLINE
  5
E8F
330
70
100
AcDbEntity
  8
Visible
100
AcDbSpline
210
0.0
220
0.0
230
1.0
 70
     8
 71
     3
 72
     9
 73
     5
 74
     0
 42
0.000000001
 43
0.0000000001
 40
0.0
 40
0.0
 40
0.0
 40
0.0
 40
0.0120929326561808
 40
0.0239856373878815
 40
0.0239856373878815
 40
0.0239856373878815
 40
0.0239856373878815
 10
166.4246547729945
 20
105.7582341956768
 30
0.0
 10
166.4659193764346
 20
105.7613823525098
 30
0.0
 10
166.5477653474026
 20
105.767626540779
 30
0.0
 10
166.6110175781414
 20
105.8198764848985
 30
0.0
 10
166.6423796842064
 20
105.8457833702396
 30
0.0
  0
SPLINE
  5
E90
330
70
100
AcDbEntity
  8
Visible
100
AcDbSpline
210
0.0
220
0.0
230
1.0
 70
     8
 71
     3
 72
     9
 73
     5
 74
     0
 42
0.000000001
 43
0.0000000001
 40
0.0
 40
0.0
 40
0.0
 40
0.0
 40
0.0160994040716549
 40
0.0315797636592301
 40
0.0315797636592301
 40
0.0315797636592301
 40
0.0315797636592301
 10
166.78218993484
 20
106.4433881219174
 30
0.0
 10
166.8242272056595
 20
106.4078178084855
 30
0.0
 10
166.906685355756
 20
106.3380449096567
 30
0.0
 10
167.0140590239753
 20
106.327483954954
 30
0.0
 10
167.0666934582332
 20
106.3223069885225
 30
0.0
  0
SPLINE
  5
E91
330
70
100
AcDbEntity
  8
Visible
100
AcDbSpline
210
0.0
220
0.0
230
1.0
 70
     8
 71
     3
 72
     9
 73
     5
 74
     0
 42
0.000000001
 43
0.0000000001
 40
0.0
 40
0.0
 40
0.0
 40
0.0
 40
0.0158781740385917
 40
0.032386405409953
 40
0.032386405409953
 40
0.032386405409953
 40
0.032386405409953
 10
166.6543636843107
 20
106.7338117066956
 30
0.0
 10
166.6605860874697
 20
106.6799632089951
 30
0.0
 10
166.6732778032074
 20
106.5701294665887
 30
0.0
 10
166.7454180762779
 20
106.4861796340319
 30
0.0
 10
166.78218993484
 20
106.4433881219174
 30
0.0
  0
SPLINE
  5
E92
330
70
100
AcDbEntity
  8
Visible
100
AcDbSpline
210
0.0
220
0.0
230
1.0
 70
     8
 71
     3
 72
     9
 73
     5
 74
     0
 42
0.000000001
 43
0.0000000001
 40
0.0
 40
0.0
 40
0.0
 40
0.0
 40
0.0164669731750063
 40
0.0323022473838918
 40
0.0323022473838918
 40
0.0323022473838918
 40
0.0323022473838918
 10
166.7773512948115
 20
107.0250739878884
 30
0.0
 10
166.7409771576804
 20
106.9820409732019
 30
0.0
 10
166.6696242524758
 20
106.8976257578924
 30
0.0
 10
166.6593837865821
 20
106.7876998242009
 30
0.0
 10
166.6543636843107
 20
106.7338117066956
 30
0.0
  0
SPLINE
  5
E93
330
70
100
AcDbEntity
  8
Visible
100
AcDbSpline
210
0.0
220
0.0
230
1.0
 70
     8
 71
     3
 72
     9
 73
     5
 74
     0
 42
0.000000001
 43
0.0000000001
 40
0.0
 40
0.0
 40
0.0
 40
0.0
 40
0.0154661595734597
 40
0.0316494742769045
 40
0.0316494742769045
 40
0.0316494742769045
 40
0.0316494742769045
 10
167.0615194505626
 20
107.1485383872277
 30
0.0
 10
167.0089607951904
 20
107.1430481813095
 30
0.0
 10
166.9014063759241
 20
107.1318131924217
 30
0.0
 10
166.8193229728385
 20
107.0611871683031
 30
0.0
 10
166.7773512948115
 20
107.0250739878884
 30
0.0
  0
SPLINE
  5
E94
330
70
100
AcDbEntity
  8
Visible
100
AcDbSpline
210
0.0
220
0.0
230
1.0
 70
     8
 71
     3
 72
     9
 73
     5
 74
     0
 42
0.000000001
 43
0.0000000001
 40
0.0
 40
0.0
 40
0.0
 40
0.0
 40
0.0163116266425571
 40
0.0318351669109903
 40
0.0318351669109903
 40
0.0318351669109903
 40
0.0318351669109903
 10
167.3474807316961
 20
107.0240861457714
 30
0.0
 10
167.3050476349526
 20
107.0602699074279
 30
0.0
 10
167.2222315708641
 20
107.1308892341821
 30
0.0
 10
167.1141986983657
 20
107.1427532348389
 30
0.0
 10
167.0615194505626
 20
107.1485383872277
 30
0.0
  0
SPLINE
  5
E95
330
70
100
AcDbEntity
  8
Visible
100
AcDbSpline
210
0.0
220
0.0
230
1.0
 70
     8
 71
     3
 72
     9
 73
     5
 74
     0
 42
0.000000001
 43
0.0000000001
 40
0.0
 40
0.0
 40
0.0
 40
0.0
 40
0.0109695089413384
 40
0.0220002684828192
 40
0.0220002684828192
 40
0.0220002684828192
 40
0.0220002684828192
 10
167.4595274032708
 20
106.8368301250593
 30
0.0
 10
167.446893868926
 20
106.8715332065639
 30
0.0
 10
167.4215562581939
 20
106.9411331416522
 30
0.0
 10
167.3722183608151
 20
106.9963838701715
 30
0.0
 10
167.3474807316961
 20
107.0240861457714
 30
0.0
  0
SPLINE
  5
E96
330
70
100
AcDbEntity
  8
Visible
100
AcDbSpline
210
0.0
220
0.0
230
1.0
 70
     8
 71
     3
 72
     9
 73
     5
 74
     0
 42
0.000000001
 43
0.0000000001
 40
0.0
 40
0.0
 40
0.0
 40
0.0
 40
0.0106891103139396
 40
0.0214769986444435
 40
0.0214769986444435
 40
0.0214769986444435
 40
0.0214769986444435
 10
167.4573426834031
 20
106.6245932871425
 30
0.0
 10
167.4658835409355
 20
106.6597134020139
 30
0.0
 10
167.4830441820231
 20
106.7302781765647
 30
0.0
 10
167.4673903281673
 20
106.8012040736612
 30
0.0
 10
167.4595274032708
 20
106.8368301250593
 30
0.0
  0
SPLINE
  5
E97
330
70
100
AcDbEntity
  8
Visible
100
AcDbSpline
210
0.0
220
0.0
230
1.0
 70
     8
 71
     3
 72
     9
 73
     5
 74
     0
 42
0.000000001
 43
0.0000000001
 40
0.0
 40
0.0
 40
0.0
 40
0.0
 40
0.0104089364509963
 40
0.0210771862774866
 40
0.0210771862774866
 40
0.0210771862774866
 40
0.0210771862774866
 10
167.3494157011464
 20
106.4452841807106
 30
0.0
 10
167.3724876647393
 20
106.4715973591755
 30
0.0
 10
167.4192063738683
 20
106.5248792450475
 30
0.0
 10
167.4445267410974
 20
106.5910837675765
 30
0.0
 10
167.4573426834031
 20
106.6245932871425
 30
0.0
  0
SPLINE
  5
E98
330
70
100
AcDbEntity
  8
Visible
100
AcDbSpline
210
0.0
220
0.0
230
1.0
 70
     8
 71
     3
 72
     9
 73
     5
 74
     0
 42
0.000000001
 43
0.0000000001
 40
0.0
 40
0.0
 40
0.0
 40
0.0
 40
0.0154661736204938
 40
0.0314786113535241
 40
0.0314786113535241
 40
0.0314786113535241
 40
0.0314786113535241
 10
167.0666934582332
 20
106.3223069885225
 30
0.0
 10
167.1192059662735
 20
106.3280304778764
 30
0.0
 10
167.2260857202673
 20
106.3396796098059
 30
0.0
 10
167.3078328412721
 20
106.4096777527957
 30
0.0
 10
167.3494157011464
 20
106.4452841807106
 30
0.0
  0
SPLINE
  5
E99
330
70
100
AcDbEntity
  8
Visible
100
AcDbSpline
210
0.0
220
0.0
230
1.0
 70
     8
 71
     3
 72
     9
 73
     5
 74
     0
 42
0.000000001
 43
0.0000000001
 40
0.0
 40
0.0
 40
0.0
 40
0.0
 40
0.0180927040736575
 40
0.034603958987934
 40
0.034603958987934
 40
0.034603958987934
 40
0.034603958987934
 10
167.5275149481331
 20
106.2664491143623
 30
0.0
 10
167.4819804572944
 20
106.2253110606343
 30
0.0
 10
167.3948915596302
 20
106.1466307529135
 30
0.0
 10
167.2812842108833
 20
106.1180027926093
 30
0.0
 10
167.2270765436042
 20
106.1043429813016
 30
0.0
  0
SPLINE
  5
E9A
330
70
100
AcDbEntity
  8
Visible
100
AcDbSpline
210
0.0
220
0.0
230
1.0
 70
     8
 71
     3
 72
     9
 73
     5
 74
     0
 42
0.000000001
 43
0.0000000001
 40
0.0
 40
0.0
 40
0.0
 40
0.0
 40
0.0239403666720935
 40
0.0483927438185614
 40
0.0483927438185614
 40
0.0483927438185614
 40
0.0483927438185614
 10
167.7069279957577
 20
106.7045314203678
 30
0.0
 10
167.7004280015589
 20
106.6228960471526
 30
0.0
 10
167.6872889983697
 20
106.4578793723194
 30
0.0
 10
167.5811473024059
 20
106.3307077057779
 30
0.0
 10
167.5275149481331
 20
106.2664491143623
 30
0.0
  0
SPLINE
  5
E9B
330
70
100
AcDbEntity
  8
Visible
100
AcDbSpline
210
0.0
220
0.0
230
1.0
 70
     8
 71
     3
 72
     9
 73
     5
 74
     0
 42
0.000000001
 43
0.0000000001
 40
0.0
 40
0.0
 40
0.0
 40
0.0
 40
0.0270962044897407
 40
0.0518807149219411
 40
0.0518807149219411
 40
0.0518807149219411
 40
0.0518807149219411
 10
167.4917103812786
 20
107.1654114355133
 30
0.0
 10
167.5531084597478
 20
107.0960901958678
 30
0.0
 10
167.6706664818357
 20
106.9633618104762
 30
0.0
 10
167.6952052901124
 20
106.7882067043592
 30
0.0
 10
167.7069279957577
 20
106.7045314203678
 30
0.0
  0
SPLINE
  5
E9C
330
70
100
AcDbEntity
  8
Visible
100
AcDbSpline
210
0.0
220
0.0
230
1.0
 70
     8
 71
     3
 72
     9
 73
     5
 74
     0
 42
0.000000001
 43
0.0000000001
 40
0.0
 40
0.0
 40
0.0
 40
0.0
 40
0.0247574185579935
 40
0.0518508710184443
 40
0.0518508710184443
 40
0.0518508710184443
 40
0.0518508710184443
 10
167.0298822584918
 20
107.378026544362
 30
0.0
 10
167.1135082442269
 20
107.3667075011235
 30
0.0
 10
167.2886509066156
 20
107.3430013845263
 30
0.0
 10
167.4220209852465
 20
107.2263597675664
 30
0.0
 10
167.4917103812786
 20
107.1654114355133
 30
0.0
  0
SPLINE
  5
E9D
330
70
100
AcDbEntity
  8
Visible
100
AcDbSpline
210
0.0
220
0.0
230
1.0
 70
     8
 71
     3
 72
     9
 73
     5
 74
     0
 42
0.000000001
 43
0.0000000001
 40
0.0
 40
0.0
 40
0.0
 40
0.0
 40
0.0240336142289908
 40
0.0478198466125661
 40
0.0478198466125661
 40
0.0478198466125661
 40
0.0478198466125661
 10
166.5973358966184
 20
107.2000440828888
 30
0.0
 10
166.6603274279441
 20
107.2529541786934
 30
0.0
 10
166.7856621086612
 20
107.3582297582052
 30
0.0
 10
166.9487567825817
 20
107.3714504133604
 30
0.0
 10
167.0298822584918
 20
107.378026544362
 30
0.0
  0
SPLINE
  5
E9E
330
70
100
AcDbEntity
  8
Visible
100
AcDbSpline
210
0.0
220
0.0
230
1.0
 70
     8
 71
     3
 72
     9
 73
     5
 74
     0
 42
0.000000001
 43
0.0000000001
 40
0.0
 40
0.0
 40
0.0
 40
0.0
 40
0.0163437865265581
 40
0.0337683294247236
 40
0.0337683294247236
 40
0.0337683294247236
 40
0.0337683294247236
 10
166.4405947314226
 20
106.9057747212901
 30
0.0
 10
166.4542846774093
 20
106.9593509200822
 30
0.0
 10
166.4825698367349
 20
107.0700461208053
 30
0.0
 10
166.5582729168927
 20
107.1557966131877
 30
0.0
 10
166.5973358966184
 20
107.2000440828888
 30
0.0
  0
SPLINE
  5
E9F
330
70
100
AcDbEntity
  8
Visible
100
AcDbSpline
210
0.0
220
0.0
230
1.0
 70
     8
 71
     3
 72
     9
 73
     5
 74
     0
 42
0.000000001
 43
0.0000000001
 40
0.0
 40
0.0
 40
0.0
 40
0.0
 40
0.0180151613548658
 40
0.034524448343399
 40
0.034524448343399
 40
0.034524448343399
 40
0.034524448343399
 10
166.5029717099405
 20
106.5707567246009
 30
0.0
 10
166.4780949607211
 20
106.6265196171698
 30
0.0
 10
166.4304208918383
 20
106.7333842222669
 30
0.0
 10
166.4373035195131
 20
106.8500068218036
 30
0.0
 10
166.4405947314226
 20
106.9057747212901
 30
0.0
  0
SPLINE
  5
EA0
330
70
100
AcDbEntity
  8
Visible
100
AcDbSpline
210
0.0
220
0.0
230
1.0
 70
     8
 71
     3
 72
     9
 73
     5
 74
     0
 42
0.000000001
 43
0.0000000001
 40
0.0
 40
0.0
 40
0.0
 40
0.0
 40
0.0129508680760031
 40
0.0275881260391082
 40
0.0275881260391082
 40
0.0275881260391082
 40
0.0275881260391082
 10
166.2336805704617
 20
106.6142318686397
 30
0.0
 10
166.2773063290005
 20
106.6172176865257
 30
0.0
 10
166.3702385492979
 20
106.6235781188679
 30
0.0
 10
166.4569602985939
 20
106.5890670465123
 30
0.0
 10
166.5029717099405
 20
106.5707567246009
 30
0.0
  0
SPLINE
  5
EA1
330
70
100
AcDbEntity
  8
Visible
100
AcDbSpline
210
0.0
220
0.0
230
1.0
 70
     8
 71
     3
 72
     9
 73
     5
 74
     0
 42
0.000000001
 43
0.0000000001
 40
0.0
 40
0.0
 40
0.0
 40
0.0
 40
0.0131388935405175
 40
0.0256086454187855
 40
0.0256086454187855
 40
0.0256086454187855
 40
0.0256086454187855
 10
166.0112418381523
 20
106.4938678639664
 30
0.0
 10
166.0444576749578
 20
106.5234605258538
 30
0.0
 10
166.1091977220894
 20
106.5811387453286
 30
0.0
 10
166.1929154557911
 20
106.6033946731204
 30
0.0
 10
166.2336805704617
 20
106.6142318686397
 30
0.0
  0
SPLINE
  5
EA2
330
70
100
AcDbEntity
  8
Visible
100
AcDbSpline
210
0.0
220
0.0
230
1.0
 70
     8
 71
     3
 72
     9
 73
     5
 74
     0
 42
0.000000001
 43
0.0000000001
 40
0.0
 40
0.0
 40
0.0
 40
0.0
 40
0.0206823896277801
 40
0.04124720421726
 40
0.04124720421726
 40
0.04124720421726
 40
0.04124720421726
 10
165.8634530318541
 20
106.118595709313
 30
0.0
 10
165.8680270471723
 20
106.1892601815743
 30
0.0
 10
165.8771490754952
 20
106.3301874134231
 30
0.0
 10
165.9666292716138
 20
106.4394114947627
 30
0.0
 10
166.0112418381523
 20
106.4938678639664
 30
0.0
  0
SPLINE
  5
EA3
330
70
100
AcDbEntity
  8
Visible
100
AcDbSpline
210
0.0
220
0.0
230
1.0
 70
     8
 71
     3
 72
     9
 73
     5
 74
     0
 42
0.000000001
 43
0.0000000001
 40
0.0
 40
0.0
 40
0.0
 40
0.0
 40
0.0239397207975136
 40
0.0456914972427869
 40
0.0456914972427869
 40
0.0456914972427869
 40
0.0456914972427869
 10
166.0553316231235
 20
105.7135887674103
 30
0.0
 10
166.0009669335395
 20
105.774684562637
 30
0.0
 10
165.897206155154
 20
105.8912923703356
 30
0.0
 10
165.8743390750751
 20
106.0452859314155
 30
0.0
 10
165.8634530318541
 20
106.118595709313
 30
0.0
  0
SPLINE
  5
EA4
330
70
100
AcDbEntity
  8
Visible
100
AcDbSpline
210
0.0
220
0.0
230
1.0
 70
     8
 71
     3
 72
     9
 73
     5
 74
     0
 42
0.000000001
 43
0.0000000001
 40
0.0
 40
0.0
 40
0.0
 40
0.0
 40
0.0214145095686165
 40
0.0451723321030863
 40
0.0451723321030863
 40
0.0451723321030863
 40
0.0451723321030863
 10
166.4563044428687
 20
105.5248875147135
 30
0.0
 10
166.3841368422381
 20
105.5354857107377
 30
0.0
 10
166.2319045993135
 20
105.557841825359
 30
0.0
 10
166.1161901755931
 20
105.6599082232569
 30
0.0
 10
166.0553316231235
 20
105.7135887674103
 30
0.0
  0
SPLINE
  5
EA5
330
70
100
AcDbEntity
  8
Visible
100
AcDbSpline
210
0.0
220
0.0
230
1.0
 70
     8
 71
     3
 72
     9
 73
     5
 74
     0
 42
0.000000001
 43
0.0000000001
 40
0.0
 40
0.0
 40
0.0
 40
0.0
 40
0.0204679898820549
 40
0.0408233828108176
 40
0.0408233828108176
 40
0.0408233828108176
 40
0.0408233828108176
 10
166.8262409155777
 20
105.6746849083683
 30
0.0
 10
166.7724690200848
 20
105.6297252815657
 30
0.0
 10
166.6652210349748
 20
105.5400533564461
 30
0.0
 10
166.5258151395155
 20
105.5299334912615
 30
0.0
 10
166.4563044428687
 20
105.5248875147135
 30
0.0
  0
SPLINE
  5
EA6
330
70
100
AcDbEntity
  8
Visible
100
AcDbSpline
210
0.0
220
0.0
230
1.0
 70
     8
 71
     3
 72
     9
 73
     5
 74
     0
 42
0.000000001
 43
0.0000000001
 40
0.0
 40
0.0
 40
0.0
 40
0.0
 40
0.0126607898604863
 40
0.0262243374365965
 40
0.0262243374365965
 40
0.0262243374365965
 40
0.0262243374365965
 10
166.9489578140928
 20
105.9027595869156
 30
0.0
 10
166.9380901717159
 20
105.8613396773344
 30
0.0
 10
166.9155799868058
 20
105.7755464766378
 30
0.0
 10
166.85669628516
 20
105.7090682559483
 30
0.0
 10
166.8262409155777
 20
105.6746849083683
 30
0.0
  0
SPLINE
  5
EA7
330
70
100
AcDbEntity
  8
Visible
100
AcDbSpline
210
0.0
220
0.0
230
1.0
 70
     8
 71
     3
 72
     9
 73
     5
 74
     0
 42
0.000000001
 43
0.0000000001
 40
0.0
 40
0.0
 40
0.0
 40
0.0
 40
0.0149330205407246
 40
0.0280290651315519
 40
0.0280290651315519
 40
0.0280290651315519
 40
0.0280290651315519
 10
166.9007762521269
 20
106.1756030888427
 30
0.0
 10
166.9202548219291
 20
106.1289646070945
 30
0.0
 10
166.9568158177553
 20
106.0414248465349
 30
0.0
 10
166.9514601482406
 20
105.9469167073566
 30
0.0
 10
166.9489578140928
 20
105.9027595869156
 30
0.0
  0
SPLINE
  5
EA8
330
70
100
AcDbEntity
  8
Visible
100
AcDbSpline
210
0.0
220
0.0
230
1.0
 70
     8
 71
     3
 72
     9
 73
     5
 74
     0
 42
0.000000001
 43
0.0000000001
 40
0.0
 40
0.0
 40
0.0
 40
0.0
 40
0.0163159902646884
 40
0.0338982666231527
 40
0.0338982666231527
 40
0.0338982666231527
 40
0.0338982666231527
 10
167.2270765436042
 20
106.1043429813016
 30
0.0
 10
167.1717990543038
 20
106.1019498732239
 30
0.0
 10
167.0569539826774
 20
106.0969779276456
 30
0.0
 10
166.9541160162498
 20
106.1487500443181
 30
0.0
 10
166.9007762521269
 20
106.1756030888427
 30
0.0
  0
ARC
  5
EA9
330
70
100
AcDbEntity
  8
Visible
100
AcDbCircle
 10
165.157237
 20
109.705832
 30
0.0
 40
0.8075952630357983
100
AcDbArc
 50
271.262069
 51
283.249073
  0
ARC
  5
EAA
330
70
100
AcDbEntity
  8
Visible
100
AcDbCircle
 10
165.226414
 20
113.168643
 30
0.0
 40
4.27051990748443
100
AcDbArc
 50
264.219762
 51
269.310525
  0
ARC
  5
EAB
330
70
100
AcDbEntity
  8
Visible
100
AcDbCircle
 10
164.40701
 20
104.967253
 30
0.0
 40
3.971709548114891
100
AcDbArc
 50
84.374843
 51
91.837277
  0
SPLINE
  5
EAC
330
70
100
AcDbEntity
  8
Visible
100
AcDbSpline
210
0.0
220
0.0
230
1.0
 70
     8
 71
     3
 72
     9
 73
     5
 74
     0
 42
0.000000001
 43
0.0000000001
 40
0.0
 40
0.0
 40
0.0
 40
0.0
 40
0.0135773084206909
 40
0.0294567831649851
 40
0.0294567831649851
 40
0.0294567831649851
 40
0.0294567831649851
 10
163.9919109320508
 20
108.8785599484908
 30
0.0
 10
164.0349751531794
 20
108.8930081845155
 30
0.0
 10
164.1284055581327
 20
108.924354497236
 30
0.0
 10
164.2266897535392
 20
108.9325191919197
 30
0.0
 10
164.2796725042353
 20
108.9369205911589
 30
0.0
  0
SPLINE
  5
EAD
330
70
100
AcDbEntity
  8
Visible
100
AcDbSpline
210
0.0
220
0.0
230
1.0
 70
     8
 71
     3
 72
     9
 73
     5
 74
     0
 42
0.000000001
 43
0.0000000001
 40
0.0
 40
0.0
 40
0.0
 40
0.0
 40
0.0119662923623836
 40
0.0242309882339456
 40
0.0242309882339456
 40
0.0242309882339456
 40
0.0242309882339456
 10
163.7907370511038
 20
108.7457261686304
 30
0.0
 10
163.8205048151667
 20
108.7726496765117
 30
0.0
 10
163.8807826622142
 20
108.8271680839643
 30
0.0
 10
163.9545652988436
 20
108.8612892600758
 30
0.0
 10
163.9919109320508
 20
108.8785599484908
 30
0.0
  0
SPLINE
  5
EAE
330
70
100
AcDbEntity
  8
Visible
100
AcDbSpline
210
0.0
220
0.0
230
1.0
 70
     8
 71
     3
 72
     9
 73
     5
 74
     0
 42
0.000000001
 43
0.0000000001
 40
0.0
 40
0.0
 40
0.0
 40
0.0
 40
0.0218583942003532
 40
0.0439520231528867
 40
0.0439520231528867
 40
0.0439520231528867
 40
0.0439520231528867
 10
163.6309691119659
 20
108.3467787252411
 30
0.0
 10
163.6361327737577
 20
108.4214245396579
 30
0.0
 10
163.6465156674185
 20
108.5715194886925
 30
0.0
 10
163.7424920321427
 20
108.6874504513816
 30
0.0
 10
163.7907370511038
 20
108.7457261686304
 30
0.0
  0
SPLINE
  5
EAF
330
70
100
AcDbEntity
  8
Visible
100
AcDbSpline
210
0.0
220
0.0
230
1.0
 70
     8
 71
     3
 72
     9
 73
     5
 74
     0
 42
0.000000001
 43
0.0000000001
 40
0.0
 40
0.0
 40
0.0
 40
0.0
 40
0.0260913305422841
 40
0.0492133833917367
 40
0.0492133833917367
 40
0.0492133833917367
 40
0.0492133833917367
 10
163.8417563051662
 20
107.9124131702392
 30
0.0
 10
163.7820555026046
 20
107.9786100936526
 30
0.0
 10
163.6694480416536
 20
108.1034705167731
 30
0.0
 10
163.6432689181474
 20
108.2690051532918
 30
0.0
 10
163.6309691119659
 20
108.3467787252411
 30
0.0
  0
SPLINE
  5
EB0
330
70
100
AcDbEntity
  8
Visible
100
AcDbSpline
210
0.0
220
0.0
230
1.0
 70
     8
 71
     3
 72
     9
 73
     5
 74
     0
 42
0.000000001
 43
0.0000000001
 40
0.0
 40
0.0
 40
0.0
 40
0.0
 40
0.0227137547764798
 40
0.0485935959803717
 40
0.0485935959803717
 40
0.0485935959803717
 40
0.0485935959803717
 10
164.2683821567152
 20
107.6972685112177
 30
0.0
 10
164.1926014515738
 20
107.7117607530635
 30
0.0
 10
164.0304769149224
 20
107.7427653206468
 30
0.0
 10
163.9073375324751
 20
107.8534598094975
 30
0.0
 10
163.8417563051662
 20
107.9124131702392
 30
0.0
  0
SPLINE
  5
EB1
330
70
100
AcDbEntity
  8
Visible
100
AcDbSpline
210
0.0
220
0.0
230
1.0
 70
     8
 71
     3
 72
     9
 73
     5
 74
     0
 42
0.000000001
 43
0.0000000001
 40
0.0
 40
0.0
 40
0.0
 40
0.0
 40
0.0256350334460615
 40
0.0481669025660865
 40
0.0481669025660865
 40
0.0481669025660865
 40
0.0481669025660865
 10
164.71012705674
 20
107.8651524098804
 30
0.0
 10
164.640106795643
 20
107.812534548304
 30
0.0
 10
164.5085423449454
 20
107.7136683066401
 30
0.0
 10
164.344921788168
 20
107.7024951655894
 30
0.0
 10
164.2683821567152
 20
107.6972685112177
 30
0.0
  0
LINE
  5
EB2
330
70
100
AcDbEntity
  8
Visible
100
AcDbLine
 10
164.549334
 20
108.06141
 30
0.0
 11
164.710127
 21
107.865152
 31
0.0
  0
SPLINE
  5
EB3
330
70
100
AcDbEntity
  8
Visible
100
AcDbSpline
210
0.0
220
0.0
230
1.0
 70
     8
 71
     3
 72
     9
 73
     5
 74
     0
 42
0.000000001
 43
0.0000000001
 40
0.0
 40
0.0
 40
0.0
 40
0.0
 40
0.0150071805201609
 40
0.0320134316820996
 40
0.0320134316820996
 40
0.0320134316820996
 40
0.0320134316820996
 10
164.2651980471692
 20
107.9282988034647
 30
0.0
 10
164.3158814921153
 20
107.9352290469141
 30
0.0
 10
164.4239998025478
 20
107.9500126949788
 30
0.0
 10
164.5058521537539
 20
108.0227630848203
 30
0.0
 10
164.5493339540389
 20
108.0614097195848
 30
0.0
  0
SPLINE
  5
EB4
330
70
100
AcDbEntity
  8
Visible
100
AcDbSpline
210
0.0
220
0.0
230
1.0
 70
     8
 71
     3
 72
     9
 73
     5
 74
     0
 42
0.000000001
 43
0.0000000001
 40
0.0
 40
0.0
 40
0.0
 40
0.0
 40
0.0161819405698574
 40
0.0309406951294576
 40
0.0309406951294576
 40
0.0309406951294576
 40
0.0309406951294576
 10
163.9888833878321
 20
108.0527833995184
 30
0.0
 10
164.0305926074579
 20
108.0163686778742
 30
0.0
 10
164.1103427612143
 20
107.9467418741078
 30
0.0
 10
164.2151871351507
 20
107.9342550404617
 30
0.0
 10
164.2651980471692
 20
107.9282988034647
 30
0.0
  0
SPLINE
  5
EB5
330
70
100
AcDbEntity
  8
Visible
100
AcDbSpline
210
0.0
220
0.0
230
1.0
 70
     8
 71
     3
 72
     9
 73
     5
 74
     0
 42
0.000000001
 43
0.0000000001
 40
0.0
 40
0.0
 40
0.0
 40
0.0
 40
0.0141808962007153
 40
0.0295807155914065
 40
0.0295807155914065
 40
0.0295807155914065
 40
0.0295807155914065
 10
163.8664546739746
 20
108.3157318534668
 30
0.0
 10
163.8731688739244
 20
108.2678587241389
 30
0.0
 10
163.8871743948966
 20
108.1679975162842
 30
0.0
 10
163.9540616561153
 20
108.0922288305282
 30
0.0
 10
163.9888833878321
 20
108.0527833995184
 30
0.0
  0
SPLINE
  5
EB6
330
70
100
AcDbEntity
  8
Visible
100
AcDbSpline
210
0.0
220
0.0
230
1.0
 70
     8
 71
     3
 72
     9
 73
     5
 74
     0
 42
0.000000001
 43
0.0000000001
 40
0.0
 40
0.0
 40
0.0
 40
0.0
 40
0.0137056008619273
 40
0.0273450208063104
 40
0.0273450208063104
 40
0.0273450208063104
 40
0.0273450208063104
 10
163.9659515556577
 20
108.5639870074192
 30
0.0
 10
163.9360859459411
 20
108.5278105459019
 30
0.0
 10
163.8764989400661
 20
108.4556323099514
 30
0.0
 10
163.8697973562393
 20
108.3622900360696
 30
0.0
 10
163.8664546739746
 20
108.3157318534668
 30
0.0
  0
SPLINE
  5
EB7
330
70
100
AcDbEntity
  8
Visible
100
AcDbSpline
210
0.0
220
0.0
230
1.0
 70
     8
 71
     3
 72
     9
 73
     5
 74
     0
 42
0.000000001
 43
0.0000000001
 40
0.0
 40
0.0
 40
0.0
 40
0.0
 40
0.0174568046872752
 40
0.0320819334213229
 40
0.0320819334213229
 40
0.0320819334213229
 40
0.0320819334213229
 10
164.2554073879146
 20
108.6927754016542
 30
0.0
 10
164.1972881873043
 20
108.6815779958542
 30
0.0
 10
164.0904773271377
 20
108.6609995203671
 30
0.0
 10
164.0049436342542
 20
108.5943640087807
 30
0.0
 10
163.9659515556577
 20
108.5639870074192
 30
0.0
  0
ARC
  5
EB8
330
70
100
AcDbEntity
  8
Visible
100
AcDbCircle
 10
164.516641
 20
105.981718
 30
0.0
 40
2.723614788899747
100
AcDbArc
 50
82.61835
 51
95.50395
  0
ARC
  5
EB9
330
70
100
AcDbEntity
  8
Visible
100
AcDbCircle
 10
165.153247
 20
111.199286
 30
0.0
 40
2.532802305659251
100
AcDbArc
 50
263.500911
 51
273.501698
  0
SPLINE
  5
EBA
330
70
100
AcDbEntity
  8
Visible
100
AcDbSpline
210
0.0
220
0.0
230
1.0
 70
     8
 71
     3
 72
     9
 73
     5
 74
     0
 42
0.000000001
 43
0.0000000001
 40
0.0
 40
0.0
 40
0.0
 40
0.0
 40
0.0149254103957732
 40
0.0312470635170919
 40
0.0312470635170919
 40
0.0312470635170919
 40
0.0312470635170919
 10
165.6101230574222
 20
108.7460202146521
 30
0.0
 10
165.5636113278815
 20
108.7277494318059
 30
0.0
 10
165.4662367881738
 20
108.6894986703883
 30
0.0
 10
165.3622582543648
 20
108.6774865795269
 30
0.0
 10
165.3079459008222
 20
108.6712121601667
 30
0.0
  0
SPLINE
  5
EBB
330
70
100
AcDbEntity
  8
Visible
100
AcDbSpline
210
0.0
220
0.0
230
1.0
 70
     8
 71
     3
 72
     9
 73
     5
 74
     0
 42
0.000000001
 43
0.0000000001
 40
0.0
 40
0.0
 40
0.0
 40
0.0
 40
0.0087164553368139
 40
0.0173793417746787
 40
0.0173793417746787
 40
0.0173793417746787
 40
0.0173793417746787
 10
165.7506292089783
 20
108.8468170646429
 30
0.0
 10
165.7296766024992
 20
108.8264266609458
 30
0.0
 10
165.6879001584075
 20
108.7857711672732
 30
0.0
 10
165.635995428549
 20
108.7592432762721
 30
0.0
 10
165.6101230574222
 20
108.7460202146521
 30
0.0
  0
LINE
  5
EBC
330
70
100
AcDbEntity
  8
Visible
100
AcDbLine
 10
164.81274
 20
109.778457
 30
0.0
 11
165.750629
 21
108.846817
 31
0.0
  0
LINE
  5
EBD
330
70
100
AcDbEntity
  8
Visible
100
AcDbLine
 10
164.64641
 20
109.611011
 30
0.0
 11
164.81274
 21
109.778457
 31
0.0
  0
LINE
  5
EBE
330
70
100
AcDbEntity
  8
Visible
100
AcDbLine
 10
165.342326
 20
108.919732
 30
0.0
 11
164.64641
 21
109.611011
 31
0.0
  0
LINE
  5
EBF
330
70
100
AcDbEntity
  8
Visible
100
AcDbLine
 10
170.278813
 20
103.371959
 30
0.0
 11
170.767227
 21
103.863649
 31
0.0
  0
LINE
  5
EC0
330
70
100
AcDbEntity
  8
Visible
100
AcDbLine
 10
169.82154
 20
103.376218
 30
0.0
 11
170.278813
 21
103.371959
 31
0.0
  0
LINE
  5
EC1
330
70
100
AcDbEntity
  8
Visible
100
AcDbLine
 10
170.029691
 20
104.59627
 30
0.0
 11
169.82154
 21
103.376218
 31
0.0
  0
LINE
  5
EC2
330
70
100
AcDbEntity
  8
Visible
100
AcDbLine
 10
169.78191
 20
104.8424
 30
0.0
 11
170.029691
 21
104.59627
 31
0.0
  0
LINE
  5
EC3
330
70
100
AcDbEntity
  8
Visible
100
AcDbLine
 10
169.564919
 20
103.381149
 30
0.0
 11
169.78191
 21
104.8424
 31
0.0
  0
LINE
  5
EC4
330
70
100
AcDbEntity
  8
Visible
100
AcDbLine
 10
168.398565
 20
103.397508
 30
0.0
 11
169.564919
 21
103.381149
 31
0.0
  0
LINE
  5
EC5
330
70
100
AcDbEntity
  8
Visible
100
AcDbLine
 10
168.653122
 20
103.144647
 30
0.0
 11
168.398565
 21
103.397508
 31
0.0
  0
LINE
  5
EC6
330
70
100
AcDbEntity
  8
Visible
100
AcDbLine
 10
170.056719
 20
103.148375
 30
0.0
 11
168.653122
 21
103.144647
 31
0.0
  0
LINE
  5
EC7
330
70
100
AcDbEntity
  8
Visible
100
AcDbLine
 10
169.357749
 20
102.444716
 30
0.0
 11
170.056719
 21
103.148375
 31
0.0
  0
LINE
  5
EC8
330
70
100
AcDbEntity
  8
Visible
100
AcDbLine
 10
169.54552
 20
102.258196
 30
0.0
 11
169.357749
 21
102.444716
 31
0.0
  0
LINE
  5
EC9
330
70
100
AcDbEntity
  8
Visible
100
AcDbLine
 10
170.954998
 20
103.677129
 30
0.0
 11
169.54552
 21
102.258196
 31
0.0
  0
LINE
  5
ECA
330
70
100
AcDbEntity
  8
Visible
100
AcDbLine
 10
170.767227
 20
103.863649
 30
0.0
 11
170.954998
 21
103.677129
 31
0.0
  0
LINE
  5
ECB
330
70
100
AcDbEntity
  8
Visible
100
AcDbLine
 10
262.466785
 20
103.828053
 30
0.0
 11
262.35492
 21
103.716113
 31
0.0
  0
SPLINE
  5
ECC
330
70
100
AcDbEntity
  8
Visible
100
AcDbSpline
210
0.0
220
0.0
230
1.0
 70
     8
 71
     3
 72
     9
 73
     5
 74
     0
 42
0.000000001
 43
0.0000000001
 40
0.0
 40
0.0
 40
0.0
 40
0.0
 40
0.0189098284450054
 40
0.0346695264604127
 40
0.0346695264604127
 40
0.0346695264604127
 40
0.0346695264604127
 10
262.4319415804657
 20
104.1714658916262
 30
0.0
 10
262.4297182701484
 20
104.1080874251147
 30
0.0
 10
262.4256420239744
 20
103.9918885167953
 30
0.0
 10
262.4539272628263
 20
103.8792535138655
 30
0.0
 10
262.4667848604949
 20
103.8280531135879
 30
0.0
  0
ARC
  5
ECD
330
70
100
AcDbEntity
  8
Visible
100
AcDbCircle
 10
263.912098
 20
104.079304
 30
0.0
 40
1.483022385944259
100
AcDbArc
 50
159.771005
 51
176.437094
  0
LINE
  5
ECE
330
70
100
AcDbEntity
  8
Visible
100
AcDbLine
 10
262.352641
 20
104.759891
 30
0.0
 11
262.520551
 21
104.592094
 31
0.0
  0
ARC
  5
ECF
330
70
100
AcDbEntity
  8
Visible
100
AcDbCircle
 10
263.86069
 20
104.093173
 30
0.0
 40
1.648855278970823
100
AcDbArc
 50
156.149484
 51
166.169281
  0
ARC
  5
ED0
330
70
100
AcDbEntity
  8
Visible
100
AcDbCircle
 10
263.482897
 20
104.149032
 30
0.0
 40
1.269175545456307
100
AcDbArc
 50
164.540555
 51
177.552666
  0
LINE
  5
ED1
330
70
100
AcDbEntity
  8
Visible
100
AcDbLine
 10
261.108026
 20
105.309339
 30
0.0
 11
262.214879
 21
104.203227
 31
0.0
  0
LINE
  5
ED2
330
70
100
AcDbEntity
  8
Visible
100
AcDbLine
 10
260.934443
 20
105.135639
 30
0.0
 11
261.108026
 21
105.309339
 31
0.0
  0
LINE
  5
ED3
330
70
100
AcDbEntity
  8
Visible
100
AcDbLine
 10
262.35492
 20
103.716113
 30
0.0
 11
260.934443
 21
105.135639
 31
0.0
  0
SPLINE
  5
ED4
330
70
100
AcDbEntity
  8
Visible
100
AcDbSpline
210
0.0
220
0.0
230
1.0
 70
     8
 71
     3
 72
     9
 73
     5
 74
     0
 42
0.000000001
 43
0.0000000001
 40
0.0
 40
0.0
 40
0.0
 40
0.0
 40
0.0156688165040323
 40
0.0313367853906389
 40
0.0313367853906389
 40
0.0313367853906389
 40
0.0313367853906389
 10
264.0758485444021
 20
106.7505928211321
 30
0.0
 10
264.1100605928114
 20
106.7918635222122
 30
0.0
 10
264.1784828389027
 20
106.8744026918011
 30
0.0
 10
264.1868490057295
 20
106.981287151224
 30
0.0
 10
264.1910319759954
 20
107.0347279353955
 30
0.0
  0
SPLINE
  5
ED5
330
70
100
AcDbEntity
  8
Visible
100
AcDbSpline
210
0.0
220
0.0
230
1.0
 70
     8
 71
     3
 72
     9
 73
     5
 74
     0
 42
0.000000001
 43
0.0000000001
 40
0.0
 40
0.0
 40
0.0
 40
0.0
 40
0.015361592324301
 40
0.0309969404231436
 40
0.0309969404231436
 40
0.0309969404231436
 40
0.0309969404231436
 10
263.7946834794002
 20
106.6381138674605
 30
0.0
 10
263.8472073279682
 20
106.6414189859897
 30
0.0
 10
263.9531910417991
 20
106.6480881228853
 30
0.0
 10
264.0347226891008
 20
106.7162240030939
 30
0.0
 10
264.0758485444021
 20
106.7505928211321
 30
0.0
  0
SPLINE
  5
ED6
330
70
100
AcDbEntity
  8
Visible
100
AcDbSpline
210
0.0
220
0.0
230
1.0
 70
     8
 71
     3
 72
     9
 73
     5
 74
     0
 42
0.000000001
 43
0.0000000001
 40
0.0
 40
0.0
 40
0.0
 40
0.0
 40
0.0187415669278832
 40
0.0351289309967423
 40
0.0351289309967423
 40
0.0351289309967423
 40
0.0351289309967423
 10
263.4854541768691
 20
106.7909112811849
 30
0.0
 10
263.5329386454269
 20
106.748035040071
 30
0.0
 10
263.6219428693403
 20
106.6676684132417
 30
0.0
 10
263.7397345887057
 20
106.6475151860341
 30
0.0
 10
263.7946834794002
 20
106.6381138674605
 30
0.0
  0
SPLINE
  5
ED7
330
70
100
AcDbEntity
  8
Visible
100
AcDbSpline
210
0.0
220
0.0
230
1.0
 70
     8
 71
     3
 72
     9
 73
     5
 74
     0
 42
0.000000001
 43
0.0000000001
 40
0.0
 40
0.0
 40
0.0
 40
0.0
 40
0.0170147259968788
 40
0.0365204773554348
 40
0.0365204773554348
 40
0.0365204773554348
 40
0.0365204773554348
 10
263.3232813327922
 20
107.1111292017503
 30
0.0
 10
263.334028098865
 20
107.0543187797557
 30
0.0
 10
263.3570950014455
 20
106.932380658016
 30
0.0
 10
263.4407654262996
 20
106.8401643998168
 30
0.0
 10
263.4854541768691
 20
106.7909112811849
 30
0.0
  0
SPLINE
  5
ED8
330
70
100
AcDbEntity
  8
Visible
100
AcDbSpline
210
0.0
220
0.0
230
1.0
 70
     8
 71
     3
 72
     9
 73
     5
 74
     0
 42
0.000000001
 43
0.0000000001
 40
0.0
 40
0.0
 40
0.0
 40
0.0
 40
0.0147976365965415
 40
0.030269150636016
 40
0.030269150636016
 40
0.030269150636016
 40
0.030269150636016
 10
263.4235144277282
 20
107.3889891219878
 30
0.0
 10
263.3918932683355
 20
107.3493110951403
 30
0.0
 10
263.3272109367517
 20
107.2681481226791
 30
0.0
 10
263.3246104984973
 20
107.1642399393586
 30
0.0
 10
263.3232813327922
 20
107.1111292017503
 30
0.0
  0
SPLINE
  5
ED9
330
70
100
AcDbEntity
  8
Visible
100
AcDbSpline
210
0.0
220
0.0
230
1.0
 70
     8
 71
     3
 72
     9
 73
     5
 74
     0
 42
0.000000001
 43
0.0000000001
 40
0.0
 40
0.0
 40
0.0
 40
0.0
 40
0.0109195461405738
 40
0.0214321800782595
 40
0.0214321800782595
 40
0.0214321800782595
 40
0.0214321800782595
 10
263.6101454649524
 20
107.4898603611764
 30
0.0
 10
263.57476467161
 20
107.4795031391095
 30
0.0
 10
263.5053215350144
 20
107.4591746524129
 30
0.0
 10
263.4504361112286
 20
107.4120862916479
 30
0.0
 10
263.4235144277282
 20
107.3889891219878
 30
0.0
  0
SPLINE
  5
EDA
330
70
100
AcDbEntity
  8
Visible
100
AcDbSpline
210
0.0
220
0.0
230
1.0
 70
     8
 71
     3
 72
     9
 73
     5
 74
     0
 42
0.000000001
 43
0.0000000001
 40
0.0
 40
0.0
 40
0.0
 40
0.0
 40
0.0120878467200111
 40
0.0234764427418455
 40
0.0234764427418455
 40
0.0234764427418455
 40
0.0234764427418455
 10
263.8416735016563
 20
107.4716090797938
 30
0.0
 10
263.8025849957412
 20
107.4834622357903
 30
0.0
 10
263.7266691529749
 20
107.5064828733393
 30
0.0
 10
263.6482076974044
 20
107.495290071929
 30
0.0
 10
263.6101454649524
 20
107.4898603611764
 30
0.0
  0
SPLINE
  5
EDB
330
70
100
AcDbEntity
  8
Visible
100
AcDbSpline
210
0.0
220
0.0
230
1.0
 70
     8
 71
     3
 72
     9
 73
     5
 74
     0
 42
0.000000001
 43
0.0000000001
 40
0.0
 40
0.0
 40
0.0
 40
0.0
 40
0.0124876077950865
 40
0.0250258920576557
 40
0.0250258920576557
 40
0.0250258920576557
 40
0.0250258920576557
 10
264.0515349421166
 20
107.3380717399395
 30
0.0
 10
264.0203141111852
 20
107.3660716110389
 30
0.0
 10
263.9577457508039
 20
107.4221849806527
 30
0.0
 10
263.8804164476587
 20
107.455112154661
 30
0.0
 10
263.8416735016563
 20
107.4716090797938
 30
0.0
  0
SPLINE
  5
EDC
330
70
100
AcDbEntity
  8
Visible
100
AcDbSpline
210
0.0
220
0.0
230
1.0
 70
     8
 71
     3
 72
     9
 73
     5
 74
     0
 42
0.000000001
 43
0.0000000001
 40
0.0
 40
0.0
 40
0.0
 40
0.0
 40
0.016308640718244
 40
0.0340605935119238
 40
0.0340605935119238
 40
0.0340605935119238
 40
0.0340605935119238
 10
264.1910319759954
 20
107.0347279353955
 30
0.0
 10
264.1836943293147
 20
107.0898530198519
 30
0.0
 10
264.1683696554046
 20
107.2049817498537
 30
0.0
 10
264.0915647121783
 20
107.2924726063356
 30
0.0
 10
264.0515349421166
 20
107.3380717399395
 30
0.0
  0
SPLINE
  5
EDD
330
70
100
AcDbEntity
  8
Visible
100
AcDbSpline
210
0.0
220
0.0
230
1.0
 70
     8
 71
     3
 72
     9
 73
     5
 74
     0
 42
0.000000001
 43
0.0000000001
 40
0.0
 40
0.0
 40
0.0
 40
0.0
 40
0.0217233446870945
 40
0.0415872993007967
 40
0.0415872993007967
 40
0.0415872993007967
 40
0.0415872993007967
 10
264.706009730191
 20
106.0687783647681
 30
0.0
 10
264.6506354751819
 20
106.0196743493216
 30
0.0
 10
264.5446266745203
 20
105.925669332295
 30
0.0
 10
264.4054757879967
 20
105.9006796818939
 30
0.0
 10
264.3390110994787
 20
105.8887435069155
 30
0.0
  0
SPLINE
  5
EDE
330
70
100
AcDbEntity
  8
Visible
100
AcDbSpline
210
0.0
220
0.0
230
1.0
 70
     8
 71
     3
 72
     9
 73
     5
 74
     0
 42
0.000000001
 43
0.0000000001
 40
0.0
 40
0.0
 40
0.0
 40
0.0
 40
0.0278644343605228
 40
0.0568471227202659
 40
0.0568471227202659
 40
0.0568471227202659
 40
0.0568471227202659
 10
264.8997359631594
 20
106.586873772263
 30
0.0
 10
264.8984516340279
 20
106.491029072451
 30
0.0
 10
264.8958314331339
 20
106.2954932384273
 30
0.0
 10
264.7701080101597
 20
106.1453345921109
 30
0.0
 10
264.706009730191
 20
106.0687783647681
 30
0.0
  0
SPLINE
  5
EDF
330
70
100
AcDbEntity
  8
Visible
100
AcDbSpline
210
0.0
220
0.0
230
1.0
 70
     8
 71
     3
 72
     9
 73
     5
 74
     0
 42
0.000000001
 43
0.0000000001
 40
0.0
 40
0.0
 40
0.0
 40
0.0
 40
0.0503537413161249
 40
0.088177378687118
 40
0.088177378687118
 40
0.088177378687118
 40
0.088177378687118
 10
264.4547704951419
 20
107.3343480327512
 30
0.0
 10
264.5740070583906
 20
107.2115275386622
 30
0.0
 10
264.7828091715219
 20
106.9964493948209
 30
0.0
 10
264.864636273458
 20
106.7098223032208
 30
0.0
 10
264.8997359631594
 20
106.586873772263
 30
0.0
  0
SPLINE
  5
EE0
330
70
100
AcDbEntity
  8
Visible
100
AcDbSpline
210
0.0
220
0.0
230
1.0
 70
     8
 71
     3
 72
     9
 73
     5
 74
     0
 42
0.000000001
 43
0.0000000001
 40
0.0
 40
0.0
 40
0.0
 40
0.0
 40
0.0332380505440873
 40
0.0780265919616802
 40
0.0780265919616802
 40
0.0780265919616802
 40
0.0780265919616802
 10
263.7914262123904
 20
107.7233722702276
 30
0.0
 10
263.9000522765455
 20
107.6942637101947
 30
0.0
 10
264.1550528390162
 20
107.6259311305475
 30
0.0
 10
264.3454686828518
 20
107.4406833132088
 30
0.0
 10
264.4547704951419
 20
107.3343480327512
 30
0.0
  0
SPLINE
  5
EE1
330
70
100
AcDbEntity
  8
Visible
100
AcDbSpline
210
0.0
220
0.0
230
1.0
 70
     8
 71
     3
 72
     9
 73
     5
 74
     0
 42
0.000000001
 43
0.0000000001
 40
0.0
 40
0.0
 40
0.0
 40
0.0
 40
0.0284308733579311
 40
0.0563547148350483
 40
0.0563547148350483
 40
0.0563547148350483
 40
0.0563547148350483
 10
263.2778019695652
 20
107.5288183437369
 30
0.0
 10
263.3529953235247
 20
107.5912385842239
 30
0.0
 10
263.5020410445814
 20
107.7149658721027
 30
0.0
 10
263.6955448173448
 20
107.7205869955523
 30
0.0
 10
263.7914262123904
 20
107.7233722702276
 30
0.0
  0
SPLINE
  5
EE2
330
70
100
AcDbEntity
  8
Visible
100
AcDbSpline
210
0.0
220
0.0
230
1.0
 70
     8
 71
     3
 72
     9
 73
     5
 74
     0
 42
0.000000001
 43
0.0000000001
 40
0.0
 40
0.0
 40
0.0
 40
0.0
 40
0.0164581013338016
 40
0.0336461845204034
 40
0.0336461845204034
 40
0.0336461845204034
 40
0.0336461845204034
 10
263.1110097036835
 20
107.240324608767
 30
0.0
 10
263.1282778700097
 20
107.2930632391035
 30
0.0
 10
263.1635801141019
 20
107.4008796665075
 30
0.0
 10
263.2391812744718
 20
107.4855597167079
 30
0.0
 10
263.2778019695652
 20
107.5288183437369
 30
0.0
  0
SPLINE
  5
EE3
330
70
100
AcDbEntity
  8
Visible
100
AcDbSpline
210
0.0
220
0.0
230
1.0
 70
     8
 71
     3
 72
     9
 73
     5
 74
     0
 42
0.000000001
 43
0.0000000001
 40
0.0
 40
0.0
 40
0.0
 40
0.0
 40
0.0172211634554401
 40
0.0336690992333647
 40
0.0336690992333647
 40
0.0336690992333647
 40
0.0336690992333647
 10
263.12848524533
 20
106.907517432106
 30
0.0
 10
263.1133599462501
 20
106.96366158001
 30
0.0
 10
263.0837884717694
 20
107.0734290119253
 30
0.0
 10
263.1020759534276
 20
107.1855510560653
 30
0.0
 10
263.1110097036835
 20
107.240324608767
 30
0.0
  0
SPLINE
  5
EE4
330
70
100
AcDbEntity
  8
Visible
100
AcDbSpline
210
0.0
220
0.0
230
1.0
 70
     8
 71
     3
 72
     9
 73
     5
 74
     0
 42
0.000000001
 43
0.0000000001
 40
0.0
 40
0.0
 40
0.0
 40
0.0
 40
0.0182746751159
 40
0.0361733884820021
 40
0.0361733884820021
 40
0.0361733884820021
 40
0.0361733884820021
 10
263.3186283106588
 20
106.6027438987857
 30
0.0
 10
263.2775146302574
 20
106.6484094945099
 30
0.0
 10
263.1961330941376
 20
106.7388012155079
 30
0.0
 10
263.1508777437575
 20
106.8516697195537
 30
0.0
 10
263.12848524533
 20
106.907517432106
 30
0.0
  0
SPLINE
  5
EE5
330
70
100
AcDbEntity
  8
Visible
100
AcDbSpline
210
0.0
220
0.0
230
1.0
 70
     8
 71
     3
 72
     9
 73
     5
 74
     0
 42
0.000000001
 43
0.0000000001
 40
0.0
 40
0.0
 40
0.0
 40
0.0
 40
0.0244302394486135
 40
0.0507918244347923
 40
0.0507918244347923
 40
0.0507918244347923
 40
0.0507918244347923
 10
263.7711307914451
 20
106.3945258412259
 30
0.0
 10
263.6886284121429
 20
106.40583973922
 30
0.0
 10
263.5171013841827
 20
106.4293619614145
 30
0.0
 10
263.3864420966529
 20
106.5435031897705
 30
0.0
 10
263.3186283106588
 20
106.6027438987857
 30
0.0
  0
SPLINE
  5
EE6
330
70
100
AcDbEntity
  8
Visible
100
AcDbSpline
210
0.0
220
0.0
230
1.0
 70
     8
 71
     3
 72
     9
 73
     5
 74
     0
 42
0.000000001
 43
0.0000000001
 40
0.0
 40
0.0
 40
0.0
 40
0.0
 40
0.0231768024582069
 40
0.0465849651909627
 40
0.0465849651909627
 40
0.0465849651909627
 40
0.0465849651909627
 10
264.1945668233038
 20
106.5625209650425
 30
0.0
 10
264.1333227958894
 20
106.5121011188221
 30
0.0
 10
264.0102233782527
 20
106.4107581149565
 30
0.0
 10
263.8510917582735
 20
106.3999544842409
 30
0.0
 10
263.7711307914451
 20
106.3945258412259
 30
0.0
  0
SPLINE
  5
EE7
330
70
100
AcDbEntity
  8
Visible
100
AcDbSpline
210
0.0
220
0.0
230
1.0
 70
     8
 71
     3
 72
     9
 73
     5
 74
     0
 42
0.000000001
 43
0.0000000001
 40
0.0
 40
0.0
 40
0.0
 40
0.0
 40
0.014019382568449
 40
0.0278614260995722
 40
0.0278614260995722
 40
0.0278614260995722
 40
0.0278614260995722
 10
264.3382243246251
 20
106.7989143925624
 30
0.0
 10
264.3212627984285
 20
106.7549219920201
 30
0.0
 10
264.2875543018981
 20
106.6674936754953
 30
0.0
 10
264.2254308434421
 20
106.5973630738772
 30
0.0
 10
264.1945668233038
 20
106.5625209650425
 30
0.0
  0
SPLINE
  5
EE8
330
70
100
AcDbEntity
  8
Visible
100
AcDbSpline
210
0.0
220
0.0
230
1.0
 70
     8
 71
     3
 72
     9
 73
     5
 74
     0
 42
0.000000001
 43
0.0000000001
 40
0.0
 40
0.0
 40
0.0
 40
0.0
 40
0.015349625469656
 40
0.0297979548208012
 40
0.0297979548208012
 40
0.0297979548208012
 40
0.0297979548208012
 10
264.3497015150097
 20
107.0941088793588
 30
0.0
 10
264.3576675547574
 20
107.0429955816998
 30
0.0
 10
264.3731318859882
 20
106.943770246371
 30
0.0
 10
264.3496231562531
 20
106.8462161066709
 30
0.0
 10
264.3382243246251
 20
106.7989143925624
 30
0.0
  0
SPLINE
  5
EE9
330
70
100
AcDbEntity
  8
Visible
100
AcDbSpline
210
0.0
220
0.0
230
1.0
 70
     8
 71
     3
 72
     9
 73
     5
 74
     0
 42
0.000000001
 43
0.0000000001
 40
0.0
 40
0.0
 40
0.0
 40
0.0
 40
0.0203249670841158
 40
0.0469599968658788
 40
0.0469599968658788
 40
0.0469599968658788
 40
0.0469599968658788
 10
264.6276539414157
 20
106.7179786309953
 30
0.0
 10
264.5953925547601
 20
106.7778890715744
 30
0.0
 10
264.5208539535433
 20
106.9163096697557
 30
0.0
 10
264.4116438840156
 20
107.029760954525
 30
0.0
 10
264.3497015150097
 20
107.0941088793588
 30
0.0
  0
SPLINE
  5
EEA
330
70
100
AcDbEntity
  8
Visible
100
AcDbSpline
210
0.0
220
0.0
230
1.0
 70
     8
 71
     3
 72
     9
 73
     5
 74
     0
 42
0.000000001
 43
0.0000000001
 40
0.0
 40
0.0
 40
0.0
 40
0.0
 40
0.014687195521497
 40
0.031022176393764
 40
0.031022176393764
 40
0.031022176393764
 40
0.031022176393764
 10
264.6730953919759
 20
106.4141211662936
 30
0.0
 10
264.6761790330511
 20
106.4635298755765
 30
0.0
 10
264.6826922749588
 20
106.5678905544082
 30
0.0
 10
264.6466384028481
 20
106.6662085079188
 30
0.0
 10
264.6276539414157
 20
106.7179786309953
 30
0.0
  0
SPLINE
  5
EEB
330
70
100
AcDbEntity
  8
Visible
100
AcDbSpline
210
0.0
220
0.0
230
1.0
 70
     8
 71
     3
 72
     9
 73
     5
 74
     0
 42
0.000000001
 43
0.0000000001
 40
0.0
 40
0.0
 40
0.0
 40
0.0
 40
0.0111373463285916
 40
0.0219063762090008
 40
0.0219063762090008
 40
0.0219063762090008
 40
0.0219063762090008
 10
264.5737981788607
 20
106.2221177503706
 30
0.0
 10
264.5986201300366
 20
106.2505500390471
 30
0.0
 10
264.6474431606457
 20
106.3064743493687
 30
0.0
 10
264.6646410319918
 20
106.3786433581572
 30
0.0
 10
264.6730953919759
 20
106.4141211662936
 30
0.0
  0
SPLINE
  5
EEC
330
70
100
AcDbEntity
  8
Visible
100
AcDbSpline
210
0.0
220
0.0
230
1.0
 70
     8
 71
     3
 72
     9
 73
     5
 74
     0
 42
0.000000001
 43
0.0000000001
 40
0.0
 40
0.0
 40
0.0
 40
0.0
 40
0.0136270751759461
 40
0.0273192445299891
 40
0.0273192445299891
 40
0.0273192445299891
 40
0.0273192445299891
 10
264.3259099039951
 20
106.122673002259
 30
0.0
 10
264.3724549514427
 20
106.1259047548083
 30
0.0
 10
264.4657673839702
 20
106.1323836974279
 30
0.0
 10
264.5377307576491
 20
106.1921589234662
 30
0.0
 10
264.5737981788607
 20
106.2221177503706
 30
0.0
  0
SPLINE
  5
EED
330
70
100
AcDbEntity
  8
Visible
100
AcDbSpline
210
0.0
220
0.0
230
1.0
 70
     8
 71
     3
 72
     9
 73
     5
 74
     0
 42
0.000000001
 43
0.0000000001
 40
0.0
 40
0.0
 40
0.0
 40
0.0
 40
0.0130948948491228
 40
0.0231453637914996
 40
0.0231453637914996
 40
0.0231453637914996
 40
0.0231453637914996
 10
264.1117244054276
 20
106.2055634466906
 30
0.0
 10
264.1494113414101
 20
106.1825785480468
 30
0.0
 10
264.2160233954619
 20
106.1419524989687
 30
0.0
 10
264.2926403382007
 20
106.1285101199628
 30
0.0
 10
264.3259099039951
 20
106.122673002259
 30
0.0
  0
LINE
  5
EEE
330
70
100
AcDbEntity
  8
Visible
100
AcDbLine
 10
263.952615
 20
106.019328
 30
0.0
 11
264.111724
 21
106.205563
 31
0.0
  0
SPLINE
  5
EEF
330
70
100
AcDbEntity
  8
Visible
100
AcDbSpline
210
0.0
220
0.0
230
1.0
 70
     8
 71
     3
 72
     9
 73
     5
 74
     0
 42
0.000000001
 43
0.0000000001
 40
0.0
 40
0.0
 40
0.0
 40
0.0
 40
0.0198405993399089
 40
0.0414989003178265
 40
0.0414989003178265
 40
0.0414989003178265
 40
0.0414989003178265
 10
264.3390110994787
 20
105.8887435069155
 30
0.0
 10
264.2716266406351
 20
105.8918968708094
 30
0.0
 10
264.1306842783306
 20
105.8984924948436
 30
0.0
 10
264.0136799341744
 20
105.977890137894
 30
0.0
 10
263.9526152967501
 20
106.0193278154438
 30
0.0
  0
LINE
  5
EF0
330
70
100
AcDbEntity
  8
Visible
100
AcDbLine
 10
264.528019
 20
107.533096
 30
0.0
 11
264.353354
 21
107.707643
 31
0.0
  0
LINE
  5
EF1
330
70
100
AcDbEntity
  8
Visible
100
AcDbLine
 10
265.061306
 20
108.06674
 30
0.0
 11
264.528019
 21
107.533096
 31
0.0
  0
LINE
  5
EF2
330
70
100
AcDbEntity
  8
Visible
100
AcDbLine
 10
264.886641
 20
108.241287
 30
0.0
 11
265.061306
 21
108.06674
 31
0.0
  0
LINE
  5
EF3
330
70
100
AcDbEntity
  8
Visible
100
AcDbLine
 10
264.353354
 20
107.707643
 30
0.0
 11
264.886641
 21
108.241287
 31
0.0
  0
SPLINE
  5
EF4
330
70
100
AcDbEntity
  8
Visible
100
AcDbSpline
210
0.0
220
0.0
230
1.0
 70
     8
 71
     3
 72
     9
 73
     5
 74
     0
 42
0.000000001
 43
0.0000000001
 40
0.0
 40
0.0
 40
0.0
 40
0.0
 40
0.0191357970473616
 40
0.0377715237636092
 40
0.0377715237636092
 40
0.0377715237636092
 40
0.0377715237636092
 10
266.8213503561001
 20
110.9628011595268
 30
0.0
 10
266.882841857092
 20
110.9828240843144
 30
0.0
 10
267.0042179192023
 20
111.0223466805019
 30
0.0
 10
267.1307783213451
 20
111.0061349097504
 30
0.0
 10
267.1932207338396
 20
110.9981363410097
 30
0.0
  0
SPLINE
  5
EF5
330
70
100
AcDbEntity
  8
Visible
100
AcDbSpline
210
0.0
220
0.0
230
1.0
 70
     8
 71
     3
 72
     9
 73
     5
 74
     0
 42
0.000000001
 43
0.0000000001
 40
0.0
 40
0.0
 40
0.0
 40
0.0
 40
0.0250271389731883
 40
0.0464160342639283
 40
0.0464160342639283
 40
0.0464160342639283
 40
0.0464160342639283
 10
266.4437690626164
 20
110.6969067772879
 30
0.0
 10
266.5046363581332
 20
110.7547997373349
 30
0.0
 10
266.6175225524894
 20
110.862169645663
 30
0.0
 10
266.7570533856979
 20
110.9310572003906
 30
0.0
 10
266.8213503561001
 20
110.9628011595268
 30
0.0
  0
SPLINE
  5
EF6
330
70
100
AcDbEntity
  8
Visible
100
AcDbSpline
210
0.0
220
0.0
230
1.0
 70
     8
 71
     3
 72
     9
 73
     5
 74
     0
 42
0.000000001
 43
0.0000000001
 40
0.0
 40
0.0
 40
0.0
 40
0.0
 40
0.0191232930157148
 40
0.0395620688881959
 40
0.0395620688881959
 40
0.0395620688881959
 40
0.0395620688881959
 10
266.226827024775
 20
110.3688445354273
 30
0.0
 10
266.253043666502
 20
110.4274365618475
 30
0.0
 10
266.3072803811283
 20
110.5486511342333
 30
0.0
 10
266.3972753577164
 20
110.646404757319
 30
0.0
 10
266.4437690626164
 20
110.6969067772879
 30
0.0
  0
SPLINE
  5
EF7
330
70
100
AcDbEntity
  8
Visible
100
AcDbSpline
210
0.0
220
0.0
230
1.0
 70
     8
 71
     3
 72
     9
 73
     5
 74
     0
 42
0.000000001
 43
0.0000000001
 40
0.0
 40
0.0
 40
0.0
 40
0.0
 40
0.0167790445283972
 40
0.03459512734249
 40
0.03459512734249
 40
0.03459512734249
 40
0.03459512734249
 10
266.19655398949
 20
110.0278219081719
 30
0.0
 10
266.1893146417497
 20
110.0839791429989
 30
0.0
 10
266.1743885143096
 20
110.1997644421371
 30
0.0
 10
266.2090016617985
 20
110.3113693324067
 30
0.0
 10
266.226827024775
 20
110.3688445354273
 30
0.0
  0
SPLINE
  5
EF8
330
70
100
AcDbEntity
  8
Visible
100
AcDbSpline
210
0.0
220
0.0
230
1.0
 70
     8
 71
     3
 72
     9
 73
     5
 74
     0
 42
0.000000001
 43
0.0000000001
 40
0.0
 40
0.0
 40
0.0
 40
0.0
 40
0.0156689066470096
 40
0.031780607967401
 40
0.031780607967401
 40
0.031780607967401
 40
0.031780607967401
 10
266.3447245504922
 20
109.7505273408551
 30
0.0
 10
266.3102461639937
 20
109.7906608834091
 30
0.0
 10
266.2403150507798
 20
109.872062120332
 30
0.0
 10
266.211275876145
 20
109.9754219463266
 30
0.0
 10
266.19655398949
 20
110.0278219081719
 30
0.0
  0
SPLINE
  5
EF9
330
70
100
AcDbEntity
  8
Visible
100
AcDbSpline
210
0.0
220
0.0
230
1.0
 70
     8
 71
     3
 72
     9
 73
     5
 74
     0
 42
0.000000001
 43
0.0000000001
 40
0.0
 40
0.0
 40
0.0
 40
0.0
 40
0.0146776229286485
 40
0.0299800045743233
 40
0.0299800045743233
 40
0.0299800045743233
 40
0.0299800045743233
 10
266.6047520748707
 20
109.6083249723269
 30
0.0
 10
266.5569999111667
 20
109.6217343928401
 30
0.0
 10
266.4594629943767
 20
109.6491240110572
 30
0.0
 10
266.3834983785582
 20
109.7162598787745
 30
0.0
 10
266.3447245504922
 20
109.7505273408551
 30
0.0
  0
SPLINE
  5
EFA
330
70
100
AcDbEntity
  8
Visible
100
AcDbSpline
210
0.0
220
0.0
230
1.0
 70
     8
 71
     3
 72
     9
 73
     5
 74
     0
 42
0.000000001
 43
0.0000000001
 40
0.0
 40
0.0
 40
0.0
 40
0.0
 40
0.0177084533938886
 40
0.0331865910910853
 40
0.0331865910910853
 40
0.0331865910910853
 40
0.0331865910910853
 10
266.9312818028993
 20
109.6465389822733
 30
0.0
 10
266.8744702914737
 20
109.6279651910481
 30
0.0
 10
266.7680024731362
 20
109.593156910465
 30
0.0
 10
266.6566749398789
 20
109.6035006702914
 30
0.0
 10
266.6047520748707
 20
109.6083249723269
 30
0.0
  0
ARC
  5
EFB
330
70
100
AcDbEntity
  8
Visible
100
AcDbCircle
 10
265.860288
 20
112.058956
 30
0.0
 40
2.639466345853331
100
AcDbArc
 50
293.93885
 51
303.952413
  0
SPLINE
  5
EFC
330
70
100
AcDbEntity
  8
Visible
100
AcDbSpline
210
0.0
220
0.0
230
1.0
 70
     8
 71
     3
 72
     9
 73
     5
 74
     0
 42
0.000000001
 43
0.0000000001
 40
0.0
 40
0.0
 40
0.0
 40
0.0
 40
0.0154898205339351
 40
0.0425764655277248
 40
0.0425764655277248
 40
0.0425764655277248
 40
0.0425764655277248
 10
267.717356440131
 20
110.0510010833732
 30
0.0
 10
267.6674784436527
 20
110.0368047019783
 30
0.0
 10
267.5303800961919
 20
109.9977834788642
 30
0.0
 10
267.4106267695097
 20
109.9193881663032
 30
0.0
 10
267.3344411160851
 20
109.8695139934662
 30
0.0
  0
SPLINE
  5
EFD
330
70
100
AcDbEntity
  8
Visible
100
AcDbSpline
210
0.0
220
0.0
230
1.0
 70
     8
 71
     3
 72
     9
 73
     5
 74
     0
 42
0.000000001
 43
0.0000000001
 40
0.0
 40
0.0
 40
0.0
 40
0.0
 40
0.0100131851261928
 40
0.0198429874949278
 40
0.0198429874949278
 40
0.0198429874949278
 40
0.0198429874949278
 10
267.8977742162751
 20
109.9806402306294
 30
0.0
 10
267.8713613419095
 20
110.0026264493936
 30
0.0
 10
267.8190193219489
 20
110.0461962284898
 30
0.0
 10
267.7510346362542
 20
110.049409363346
 30
0.0
 10
267.717356440131
 20
110.0510010833732
 30
0.0
  0
SPLINE
  5
EFE
330
70
100
AcDbEntity
  8
Visible
100
AcDbSpline
210
0.0
220
0.0
230
1.0
 70
     8
 71
     3
 72
     9
 73
     5
 74
     0
 42
0.000000001
 43
0.0000000001
 40
0.0
 40
0.0
 40
0.0
 40
0.0
 40
0.0127277858443899
 40
0.0245616139338761
 40
0.0245616139338761
 40
0.0245616139338761
 40
0.0245616139338761
 10
267.9702010825804
 20
109.7530011861945
 30
0.0
 10
267.9715914342978
 20
109.7968783487376
 30
0.0
 10
267.9742744840096
 20
109.8815508864481
 30
0.0
 10
267.9226479632835
 20
109.9484217384397
 30
0.0
 10
267.8977742162751
 20
109.9806402306294
 30
0.0
  0
SPLINE
  5
EFF
330
70
100
AcDbEntity
  8
Visible
100
AcDbSpline
210
0.0
220
0.0
230
1.0
 70
     8
 71
     3
 72
     9
 73
     5
 74
     0
 42
0.000000001
 43
0.0000000001
 40
0.0
 40
0.0
 40
0.0
 40
0.0
 40
0.0208700144101083
 40
0.0365644730992052
 40
0.0365644730992052
 40
0.0365644730992052
 40
0.0365644730992052
 10
267.7850872883919
 20
109.4432784527926
 30
0.0
 10
267.8344489715455
 20
109.4941969674455
 30
0.0
 10
267.9209311320428
 20
109.5834067122378
 30
0.0
 10
267.95540427796
 20
109.702068391085
 30
0.0
 10
267.9702010825804
 20
109.7530011861945
 30
0.0
  0
SPLINE
  5
F00
330
70
100
AcDbEntity
  8
Visible
100
AcDbSpline
210
0.0
220
0.0
230
1.0
 70
     8
 71
     3
 72
     9
 73
     5
 74
     0
 42
0.000000001
 43
0.0000000001
 40
0.0
 40
0.0
 40
0.0
 40
0.0
 40
0.0163205983275831
 40
0.0367070832001127
 40
0.0367070832001127
 40
0.0367070832001127
 40
0.0367070832001127
 10
267.4701805123805
 20
109.2651903658206
 30
0.0
 10
267.5237032467503
 20
109.2789081252613
 30
0.0
 10
267.6440826240396
 20
109.3097610956574
 30
0.0
 10
267.7347385441499
 20
109.3956032124224
 30
0.0
 10
267.7850872883919
 20
109.4432784527926
 30
0.0
  0
SPLINE
  5
F01
330
70
100
AcDbEntity
  8
Visible
100
AcDbSpline
210
0.0
220
0.0
230
1.0
 70
     8
 71
     3
 72
     9
 73
     5
 74
     0
 42
0.000000001
 43
0.0000000001
 40
0.0
 40
0.0
 40
0.0
 40
0.0
 40
0.0172376325612944
 40
0.032462010660201
 40
0.032462010660201
 40
0.032462010660201
 40
0.032462010660201
 10
267.1696491926486
 20
109.369756993512
 30
0.0
 10
267.2175444202094
 20
109.3353779332556
 30
0.0
 10
267.3077409934413
 20
109.2706350855023
 30
0.0
 10
267.4183199979034
 20
109.2669286494965
 30
0.0
 10
267.4701805123805
 20
109.2651903658206
 30
0.0
  0
LINE
  5
F02
330
70
100
AcDbEntity
  8
Visible
100
AcDbLine
 10
267.00379
 20
109.176766
 30
0.0
 11
267.169649
 21
109.369757
 31
0.0
  0
SPLINE
  5
F03
330
70
100
AcDbEntity
  8
Visible
100
AcDbSpline
210
0.0
220
0.0
230
1.0
 70
     8
 71
     3
 72
     9
 73
     5
 74
     0
 42
0.000000001
 43
0.0000000001
 40
0.0
 40
0.0
 40
0.0
 40
0.0
 40
0.0164158126321344
 40
0.033326712303486
 40
0.033326712303486
 40
0.033326712303486
 40
0.033326712303486
 10
267.2961375441064
 20
109.0234811055725
 30
0.0
 10
267.2428858721905
 20
109.0385841627921
 30
0.0
 10
267.1347765029259
 20
109.0692457726763
 30
0.0
 10
267.0478822441128
 20
109.1405730144106
 30
0.0
 10
267.0037896831837
 20
109.176766438406
 30
0.0
  0
SPLINE
  5
F04
330
70
100
AcDbEntity
  8
Visible
100
AcDbSpline
210
0.0
220
0.0
230
1.0
 70
     8
 71
     3
 72
     9
 73
     5
 74
     0
 42
0.000000001
 43
0.0000000001
 40
0.0
 40
0.0
 40
0.0
 40
0.0
 40
0.0174370352337024
 40
0.0339521618124026
 40
0.0339521618124026
 40
0.0339521618124026
 40
0.0339521618124026
 10
267.629903112831
 20
109.0592857907031
 30
0.0
 10
267.5740946719907
 20
109.0402609530119
 30
0.0
 10
267.4654284229109
 20
109.0032171345465
 30
0.0
 10
267.3515369995002
 20
109.0168498389212
 30
0.0
 10
267.2961375441064
 20
109.0234811055725
 30
0.0
  0
SPLINE
  5
F05
330
70
100
AcDbEntity
  8
Visible
100
AcDbSpline
210
0.0
220
0.0
230
1.0
 70
     8
 71
     3
 72
     9
 73
     5
 74
     0
 42
0.000000001
 43
0.0000000001
 40
0.0
 40
0.0
 40
0.0
 40
0.0
 40
0.0210007593431377
 40
0.0400710557196247
 40
0.0400710557196247
 40
0.0400710557196247
 40
0.0400710557196247
 10
267.9578167380569
 20
109.2860943035866
 30
0.0
 10
267.9063631640856
 20
109.2379527557259
 30
0.0
 10
267.8081858079295
 20
109.1460949988122
 30
0.0
 10
267.6873908724756
 20
109.0872776655615
 30
0.0
 10
267.629903112831
 20
109.0592857907031
 30
0.0
  0
SPLINE
  5
F06
330
70
100
AcDbEntity
  8
Visible
100
AcDbSpline
210
0.0
220
0.0
230
1.0
 70
     8
 71
     3
 72
     9
 73
     5
 74
     0
 42
0.000000001
 43
0.0000000001
 40
0.0
 40
0.0
 40
0.0
 40
0.0
 40
0.0181637346483706
 40
0.0375091632562276
 40
0.0375091632562276
 40
0.0375091632562276
 40
0.0375091632562276
 10
268.1689775078976
 20
109.5938962775581
 30
0.0
 10
268.1423603814546
 20
109.5391233033278
 30
0.0
 10
268.087394474911
 20
109.426013941611
 30
0.0
 10
268.0019070529324
 20
109.3337035692511
 30
0.0
 10
267.9578167380569
 20
109.2860943035866
 30
0.0
  0
SPLINE
  5
F07
330
70
100
AcDbEntity
  8
Visible
100
AcDbSpline
210
0.0
220
0.0
230
1.0
 70
     8
 71
     3
 72
     9
 73
     5
 74
     0
 42
0.000000001
 43
0.0000000001
 40
0.0
 40
0.0
 40
0.0
 40
0.0
 40
0.0156800589399243
 40
0.0324664554033789
 40
0.0324664554033789
 40
0.0324664554033789
 40
0.0324664554033789
 10
268.2050460266728
 20
109.9127335054145
 30
0.0
 10
268.2112627052283
 20
109.8601086318958
 30
0.0
 10
268.2241346923711
 20
109.7511458329827
 30
0.0
 10
268.1877762237345
 20
109.6474901971178
 30
0.0
 10
268.1689775078976
 20
109.5938962775581
 30
0.0
  0
SPLINE
  5
F08
330
70
100
AcDbEntity
  8
Visible
100
AcDbSpline
210
0.0
220
0.0
230
1.0
 70
     8
 71
     3
 72
     9
 73
     5
 74
     0
 42
0.000000001
 43
0.0000000001
 40
0.0
 40
0.0
 40
0.0
 40
0.0
 40
0.0148054551691372
 40
0.0299096711804187
 40
0.0299096711804187
 40
0.0299096711804187
 40
0.0299096711804187
 10
268.0655631293575
 20
110.1736313528872
 30
0.0
 10
268.0982058310274
 20
110.1357483817974
 30
0.0
 10
268.164149934888
 20
110.0592179951491
 30
0.0
 10
268.1913235191787
 20
109.9618857451642
 30
0.0
 10
268.2050460266728
 20
109.9127335054145
 30
0.0
  0
SPLINE
  5
F09
330
70
100
AcDbEntity
  8
Visible
100
AcDbSpline
210
0.0
220
0.0
230
1.0
 70
     8
 71
     3
 72
     9
 73
     5
 74
     0
 42
0.000000001
 43
0.0000000001
 40
0.0
 40
0.0
 40
0.0
 40
0.0
 40
0.01290829597176
 40
0.0261393356132658
 40
0.0261393356132658
 40
0.0261393356132658
 40
0.0261393356132658
 10
267.8397867497006
 20
110.2999282498513
 30
0.0
 10
267.8814672358294
 20
110.2872451750354
 30
0.0
 10
267.9658703373552
 20
110.2615619128992
 30
0.0
 10
268.0320597839
 20
110.2031818135492
 30
0.0
 10
268.0655631293575
 20
110.1736313528872
 30
0.0
  0
SPLINE
  5
F0A
330
70
100
AcDbEntity
  8
Visible
100
AcDbSpline
210
0.0
220
0.0
230
1.0
 70
     8
 71
     3
 72
     9
 73
     5
 74
     0
 42
0.000000001
 43
0.0000000001
 40
0.0
 40
0.0
 40
0.0
 40
0.0
 40
0.0150642485430385
 40
0.0285800466879818
 40
0.0285800466879818
 40
0.0285800466879818
 40
0.0285800466879818
 10
267.5571434745271
 20
110.2805401048044
 30
0.0
 10
267.6062051444205
 20
110.2936901597004
 30
0.0
 10
267.699285447241
 20
110.3186385785866
 30
0.0
 10
267.7946757120044
 20
110.305935612987
 30
0.0
 10
267.8397867497006
 20
110.2999282498513
 30
0.0
  0
ARC
  5
F0B
330
70
100
AcDbEntity
  8
Visible
100
AcDbCircle
 10
268.200232
 20
108.578617
 30
0.0
 40
1.819370012392343
100
AcDbArc
 50
110.699576
 51
123.50454
  0
ARC
  5
F0C
330
70
100
AcDbEntity
  8
Visible
100
AcDbCircle
 10
265.294093
 20
113.057504
 30
0.0
 40
3.519854698287476
100
AcDbArc
 50
296.692902
 51
302.705294
  0
SPLINE
  5
F0D
330
70
100
AcDbEntity
  8
Visible
100
AcDbSpline
210
0.0
220
0.0
230
1.0
 70
     8
 71
     3
 72
     9
 73
     5
 74
     0
 42
0.000000001
 43
0.0000000001
 40
0.0
 40
0.0
 40
0.0
 40
0.0
 40
0.0096981254188203
 40
0.0217250831649888
 40
0.0217250831649888
 40
0.0217250831649888
 40
0.0217250831649888
 10
266.6644746952152
 20
109.8688071387296
 30
0.0
 10
266.6971188676289
 20
109.8687228096241
 30
0.0
 10
266.7702461298486
 20
109.8685339012772
 30
0.0
 10
266.8378282333888
 20
109.8970074900644
 30
0.0
 10
266.8752415356757
 20
109.9127704055226
 30
0.0
  0
SPLINE
  5
F0E
330
70
100
AcDbEntity
  8
Visible
100
AcDbSpline
210
0.0
220
0.0
230
1.0
 70
     8
 71
     3
 72
     9
 73
     5
 74
     0
 42
0.000000001
 43
0.0000000001
 40
0.0
 40
0.0
 40
0.0
 40
0.0
 40
0.00892143845775
 40
0.0175734613034787
 40
0.0175734613034787
 40
0.0175734613034787
 40
0.0175734613034787
 10
266.5096183494134
 20
109.9464115860482
 30
0.0
 10
266.5324848009441
 20
109.9265732531166
 30
0.0
 10
266.5775271674884
 20
109.8874956786021
 30
0.0
 10
266.6357899246305
 20
109.8749726559417
 30
0.0
 10
266.6644746952152
 20
109.8688071387296
 30
0.0
  0
SPLINE
  5
F0F
330
70
100
AcDbEntity
  8
Visible
100
AcDbSpline
210
0.0
220
0.0
230
1.0
 70
     8
 71
     3
 72
     9
 73
     5
 74
     0
 42
0.000000001
 43
0.0000000001
 40
0.0
 40
0.0
 40
0.0
 40
0.0
 40
0.0092365035913934
 40
0.018266969706679
 40
0.018266969706679
 40
0.018266969706679
 40
0.018266969706679
 10
266.4285316042733
 20
110.107485287639
 30
0.0
 10
266.435651229709
 20
110.0770259226174
 30
0.0
 10
266.4497316640281
 20
110.0167866456413
 30
0.0
 10
266.4898067932427
 20
109.9696928786634
 30
0.0
 10
266.5096183494134
 20
109.9464115860482
 30
0.0
  0
SPLINE
  5
F10
330
70
100
AcDbEntity
  8
Visible
100
AcDbSpline
210
0.0
220
0.0
230
1.0
 70
     8
 71
     3
 72
     9
 73
     5
 74
     0
 42
0.000000001
 43
0.0000000001
 40
0.0
 40
0.0
 40
0.0
 40
0.0
 40
0.0114347646646766
 40
0.0214437468047168
 40
0.0214437468047168
 40
0.0214437468047168
 40
0.0214437468047168
 10
266.4631899177384
 20
110.3168312944708
 30
0.0
 10
266.4490445839947
 20
110.2808627967515
 30
0.0
 10
266.4225176755554
 20
110.2134106557878
 30
0.0
 10
266.4266178337639
 20
110.1411931773382
 30
0.0
 10
266.4285316042733
 20
110.107485287639
 30
0.0
  0
SPLINE
  5
F11
330
70
100
AcDbEntity
  8
Visible
100
AcDbSpline
210
0.0
220
0.0
230
1.0
 70
     8
 71
     3
 72
     9
 73
     5
 74
     0
 42
0.000000001
 43
0.0000000001
 40
0.0
 40
0.0
 40
0.0
 40
0.0
 40
0.0143008366715743
 40
0.0272323892441196
 40
0.0272323892441196
 40
0.0272323892441196
 40
0.0272323892441196
 10
266.6203578602453
 20
110.5377945958353
 30
0.0
 10
266.587525605124
 20
110.5028627145711
 30
0.0
 10
266.5250047350655
 20
110.4363436283474
 30
0.0
 10
266.4830923855716
 20
110.355310586061
 30
0.0
 10
266.4631899177384
 20
110.3168312944708
 30
0.0
  0
SPLINE
  5
F12
330
70
100
AcDbEntity
  8
Visible
100
AcDbSpline
210
0.0
220
0.0
230
1.0
 70
     8
 71
     3
 72
     9
 73
     5
 74
     0
 42
0.000000001
 43
0.0000000001
 40
0.0
 40
0.0
 40
0.0
 40
0.0
 40
0.015163172586576
 40
0.0314315106192585
 40
0.0314315106192585
 40
0.0314315106192585
 40
0.0314315106192585
 10
266.8793143501625
 20
110.7129698782792
 30
0.0
 10
266.8332647079242
 20
110.6913678698965
 30
0.0
 10
266.7378091025257
 20
110.6465893941531
 30
0.0
 10
266.6604153565641
 20
110.5748997566534
 30
0.0
 10
266.6203578602453
 20
110.5377945958353
 30
0.0
  0
SPLINE
  5
F13
330
70
100
AcDbEntity
  8
Visible
100
AcDbSpline
210
0.0
220
0.0
230
1.0
 70
     8
 71
     3
 72
     9
 73
     5
 74
     0
 42
0.000000001
 43
0.0000000001
 40
0.0
 40
0.0
 40
0.0
 40
0.0
 40
0.0120019462201877
 40
0.025693751767702
 40
0.025693751767702
 40
0.025693751767702
 40
0.025693751767702
 10
267.1315660462078
 20
110.7453710374011
 30
0.0
 10
267.0912574545127
 20
110.7490082963813
 30
0.0
 10
267.0049648707863
 20
110.7567949359527
 30
0.0
 10
266.9229948922839
 20
110.7282050103604
 30
0.0
 10
266.8793143501625
 20
110.7129698782792
 30
0.0
  0
SPLINE
  5
F14
330
70
100
AcDbEntity
  8
Visible
100
AcDbSpline
210
0.0
220
0.0
230
1.0
 70
     8
 71
     3
 72
     9
 73
     5
 74
     0
 42
0.000000001
 43
0.0000000001
 40
0.0
 40
0.0
 40
0.0
 40
0.0
 40
0.0139745583757252
 40
0.0261550269882281
 40
0.0261550269882281
 40
0.0261550269882281
 40
0.0261550269882281
 10
267.3640914289099
 20
110.6296879241254
 30
0.0
 10
267.3262265446247
 20
110.6575708403052
 30
0.0
 10
267.2553579673331
 20
110.7097569921352
 30
0.0
 10
267.1708988782502
 20
110.7340552645455
 30
0.0
 10
267.1315660462078
 20
110.7453710374011
 30
0.0
  0
LINE
  5
F15
330
70
100
AcDbEntity
  8
Visible
100
AcDbLine
 10
267.525128
 20
110.821712
 30
0.0
 11
267.364091
 21
110.629688
 31
0.0
  0
SPLINE
  5
F16
330
70
100
AcDbEntity
  8
Visible
100
AcDbSpline
210
0.0
220
0.0
230
1.0
 70
     8
 71
     3
 72
     9
 73
     5
 74
     0
 42
0.000000001
 43
0.0000000001
 40
0.0
 40
0.0
 40
0.0
 40
0.0
 40
0.0187130295528205
 40
0.0379654458831241
 40
0.0379654458831241
 40
0.0379654458831241
 40
0.0379654458831241
 10
267.1932207338396
 20
110.9981363410097
 30
0.0
 10
267.2539336889895
 20
110.9808351626725
 30
0.0
 10
267.3771095973407
 20
110.9457341146026
 30
0.0
 10
267.4753234512773
 20
110.8634424132942
 30
0.0
 10
267.525128055473
 20
110.8217119908731
 30
0.0
  0
SPLINE
  5
F17
330
70
100
AcDbEntity
  8
Visible
100
AcDbSpline
210
0.0
220
0.0
230
1.0
 70
     8
 71
     3
 72
     9
 73
     5
 74
     0
 42
0.000000001
 43
0.0000000001
 40
0.0
 40
0.0
 40
0.0
 40
0.0
 40
0.0130537024407303
 40
0.025513158670464
 40
0.025513158670464
 40
0.025513158670464
 40
0.025513158670464
 10
264.983896202566
 20
204.2375414904436
 30
0.0
 10
264.9518813334544
 20
204.268592610435
 30
0.0
 10
264.8893090142883
 20
204.3292813043026
 30
0.0
 10
264.8036679490597
 20
204.3449057097969
 30
0.0
 10
264.7618447817495
 20
204.3525359526393
 30
0.0
  0
SPLINE
  5
F18
330
70
100
AcDbEntity
  8
Visible
100
AcDbSpline
210
0.0
220
0.0
230
1.0
 70
     8
 71
     3
 72
     9
 73
     5
 74
     0
 42
0.000000001
 43
0.0000000001
 40
0.0
 40
0.0
 40
0.0
 40
0.0
 40
0.0125575905611049
 40
0.0255362611757932
 40
0.0255362611757932
 40
0.0255362611757932
 40
0.0255362611757932
 10
265.0691250446671
 20
204.0023359958977
 30
0.0
 10
265.0670784005397
 20
204.0451657523899
 30
0.0
 10
265.0629164843885
 20
204.1322614291057
 30
0.0
 10
265.0105242702266
 20
204.2020644643944
 30
0.0
 10
264.983896202566
 20
204.2375414904436
 30
0.0
  0
SPLINE
  5
F19
330
70
100
AcDbEntity
  8
Visible
100
AcDbSpline
210
0.0
220
0.0
230
1.0
 70
     8
 71
     3
 72
     9
 73
     5
 74
     0
 42
0.000000001
 43
0.0000000001
 40
0.0
 40
0.0
 40
0.0
 40
0.0
 40
0.0126494038477423
 40
0.0250939453097645
 40
0.0250939453097645
 40
0.0250939453097645
 40
0.0250939453097645
 10
264.9609881906254
 20
203.7817998948194
 30
0.0
 10
264.9907659783039
 20
203.813188807977
 30
0.0
 10
265.0498392899353
 20
203.8754582777183
 30
0.0
 10
265.0627315430902
 20
203.9602742304869
 30
0.0
 10
265.0691250446671
 20
204.0023359958977
 30
0.0
  0
SPLINE
  5
F1A
330
70
100
AcDbEntity
  8
Visible
100
AcDbSpline
210
0.0
220
0.0
230
1.0
 70
     8
 71
     3
 72
     9
 73
     5
 74
     0
 42
0.000000001
 43
0.0000000001
 40
0.0
 40
0.0
 40
0.0
 40
0.0
 40
0.0120475308112624
 40
0.0242150957948681
 40
0.0242150957948681
 40
0.0242150957948681
 40
0.0242150957948681
 10
264.7369012191193
 20
203.7045933356294
 30
0.0
 10
264.7780786096719
 20
203.7057055450278
 30
0.0
 10
264.8608436569193
 20
203.7079410451915
 30
0.0
 10
264.9274965466521
 20
203.7570990529002
 30
0.0
 10
264.9609881906254
 20
203.7817998948194
 30
0.0
  0
SPLINE
  5
F1B
330
70
100
AcDbEntity
  8
Visible
100
AcDbSpline
210
0.0
220
0.0
230
1.0
 70
     8
 71
     3
 72
     9
 73
     5
 74
     0
 42
0.000000001
 43
0.0000000001
 40
0.0
 40
0.0
 40
0.0
 40
0.0
 40
0.0131010476081777
 40
0.0254324993220394
 40
0.0254324993220394
 40
0.0254324993220394
 40
0.0254324993220394
 10
264.5158133500263
 20
203.8195285137881
 30
0.0
 10
264.5478583612494
 20
203.7882350930777
 30
0.0
 10
264.6100659610183
 20
203.7274865235886
 30
0.0
 10
264.6954843965159
 20
203.7120688839805
 30
0.0
 10
264.7369012191193
 20
203.7045933356294
 30
0.0
  0
SPLINE
  5
F1C
330
70
100
AcDbEntity
  8
Visible
100
AcDbSpline
210
0.0
220
0.0
230
1.0
 70
     8
 71
     3
 72
     9
 73
     5
 74
     0
 42
0.000000001
 43
0.0000000001
 40
0.0
 40
0.0
 40
0.0
 40
0.0
 40
0.0124882137811549
 40
0.0259116063109634
 40
0.0259116063109634
 40
0.0259116063109634
 40
0.0259116063109634
 10
264.4258868556499
 20
204.0569533214148
 30
0.0
 10
264.4284782303021
 20
204.0144199543683
 30
0.0
 10
264.4338550344619
 20
203.9261681129701
 30
0.0
 10
264.4878443993893
 20
203.8559201558692
 30
0.0
 10
264.5158133500263
 20
203.8195285137881
 30
0.0
  0
SPLINE
  5
F1D
330
70
100
AcDbEntity
  8
Visible
100
AcDbSpline
210
0.0
220
0.0
230
1.0
 70
     8
 71
     3
 72
     9
 73
     5
 74
     0
 42
0.000000001
 43
0.0000000001
 40
0.0
 40
0.0
 40
0.0
 40
0.0
 40
0.0130931820271066
 40
0.0254660858772545
 40
0.0254660858772545
 40
0.0254660858772545
 40
0.0254660858772545
 10
264.5389557087638
 20
204.2791218470374
 30
0.0
 10
264.5077262919222
 20
204.2469902505563
 30
0.0
 10
264.4469854414874
 20
204.1844946712808
 30
0.0
 10
264.4327858446504
 20
204.0986578402244
 30
0.0
 10
264.4258868556499
 20
204.0569533214148
 30
0.0
  0
SPLINE
  5
F1E
330
70
100
AcDbEntity
  8
Visible
100
AcDbSpline
210
0.0
220
0.0
230
1.0
 70
     8
 71
     3
 72
     9
 73
     5
 74
     0
 42
0.000000001
 43
0.0000000001
 40
0.0
 40
0.0
 40
0.0
 40
0.0
 40
0.0120929547623178
 40
0.023985688724165
 40
0.023985688724165
 40
0.023985688724165
 40
0.023985688724165
 10
264.7618447817495
 20
204.3525359526393
 30
0.0
 10
264.7204631418754
 20
204.3520392940318
 30
0.0
 10
264.6383850102338
 20
204.3510541998985
 30
0.0
 10
264.5719138530148
 20
204.3029654909824
 30
0.0
 10
264.5389557087638
 20
204.2791218470374
 30
0.0
  0
SPLINE
  5
F1F
330
70
100
AcDbEntity
  8
Visible
100
AcDbSpline
210
0.0
220
0.0
230
1.0
 70
     8
 71
     3
 72
     9
 73
     5
 74
     0
 42
0.000000001
 43
0.0000000001
 40
0.0
 40
0.0
 40
0.0
 40
0.0
 40
0.0160994040716549
 40
0.0315797636592301
 40
0.0315797636592301
 40
0.0315797636592301
 40
0.0315797636592301
 10
264.3611309547614
 20
203.6917063804667
 30
0.0
 10
264.321459935858
 20
203.7298978663621
 30
0.0
 10
264.2436433039184
 20
203.8048123223889
 30
0.0
 10
264.1371672923378
 20
203.8222334976854
 30
0.0
 10
264.0849728882094
 20
203.8307733354413
 30
0.0
  0
SPLINE
  5
F20
330
70
100
AcDbEntity
  8
Visible
100
AcDbSpline
210
0.0
220
0.0
230
1.0
 70
     8
 71
     3
 72
     9
 73
     5
 74
     0
 42
0.000000001
 43
0.0000000001
 40
0.0
 40
0.0
 40
0.0
 40
0.0
 40
0.0158781740385917
 40
0.032386405409953
 40
0.032386405409953
 40
0.032386405409953
 40
0.032386405409953
 10
264.4700801711952
 20
203.3936871241112
 30
0.0
 10
264.4673218908538
 20
203.4478237188996
 30
0.0
 10
264.4616958796287
 20
203.5582450873808
 30
0.0
 10
264.3950845569725
 20
203.6466460210813
 30
0.0
 10
264.3611309547614
 20
203.6917063804667
 30
0.0
  0
SPLINE
  5
F21
330
70
100
AcDbEntity
  8
Visible
100
AcDbSpline
210
0.0
220
0.0
230
1.0
 70
     8
 71
     3
 72
     9
 73
     5
 74
     0
 42
0.000000001
 43
0.0000000001
 40
0.0
 40
0.0
 40
0.0
 40
0.0
 40
0.0164669731750063
 40
0.0323022140698063
 40
0.0323022140698063
 40
0.0323022140698063
 40
0.0323022140698063
 10
264.3286770726936
 20
203.1109068351216
 30
0.0
 10
264.3677345131073
 20
203.1515200391332
 30
0.0
 10
264.4443510101337
 20
203.2311883786697
 30
0.0
 10
264.461616336459
 20
203.3402317268319
 30
0.0
 10
264.4700801711952
 20
203.3936871241112
 30
0.0
  0
SPLINE
  5
F22
330
70
100
AcDbEntity
  8
Visible
100
AcDbSpline
210
0.0
220
0.0
230
1.0
 70
     8
 71
     3
 72
     9
 73
     5
 74
     0
 42
0.000000001
 43
0.0000000001
 40
0.0
 40
0.0
 40
0.0
 40
0.0
 40
0.0154661264502125
 40
0.0316494411536573
 40
0.0316494411536573
 40
0.0316494411536573
 40
0.0316494411536573
 10
264.0371803442431
 20
203.0059091240091
 30
0.0
 10
264.0899826770728
 20
203.0080195872961
 30
0.0
 10
264.1980358687415
 20
203.0123383793216
 30
0.0
 10
264.2844770746196
 20
203.0775580490972
 30
0.0
 10
264.3286770726936
 20
203.1109068351216
 30
0.0
  0
SPLINE
  5
F23
330
70
100
AcDbEntity
  8
Visible
100
AcDbSpline
210
0.0
220
0.0
230
1.0
 70
     8
 71
     3
 72
     9
 73
     5
 74
     0
 42
0.000000001
 43
0.0000000001
 40
0.0
 40
0.0
 40
0.0
 40
0.0
 40
0.0163116266425571
 40
0.0318352168051982
 40
0.0318352168051982
 40
0.0318352168051982
 40
0.0318352168051982
 10
263.7597831876592
 20
203.1484341345695
 30
0.0
 10
263.7998099123961
 20
203.1096051280001
 30
0.0
 10
263.8779296173106
 20
203.0338229960526
 30
0.0
 10
263.9849800635293
 20
203.0150589218429
 30
0.0
 10
264.0371803442431
 20
203.0059091240091
 30
0.0
  0
SPLINE
  5
F24
330
70
100
AcDbEntity
  8
Visible
100
AcDbSpline
210
0.0
220
0.0
230
1.0
 70
     8
 71
     3
 72
     9
 73
     5
 74
     0
 42
0.000000001
 43
0.0000000001
 40
0.0
 40
0.0
 40
0.0
 40
0.0
 40
0.0109694645102999
 40
0.0220002204119889
 40
0.0220002204119889
 40
0.0220002204119889
 40
0.0220002204119889
 10
263.6599691493247
 20
203.3424861368167
 30
0.0
 10
263.670352219433
 20
203.3070447441241
 30
0.0
 10
263.6911763745902
 20
203.2359639315473
 30
0.0
 10
263.7368718149828
 20
203.1776648728755
 30
0.0
 10
263.7597831876592
 20
203.1484341345695
 30
0.0
  0
SPLINE
  5
F25
330
70
100
AcDbEntity
  8
Visible
100
AcDbSpline
210
0.0
220
0.0
230
1.0
 70
     8
 71
     3
 72
     9
 73
     5
 74
     0
 42
0.000000001
 43
0.0000000001
 40
0.0
 40
0.0
 40
0.0
 40
0.0
 40
0.0106891103139396
 40
0.0214770462262649
 40
0.0214770462262649
 40
0.0214770462262649
 40
0.0214770462262649
 10
263.6757519456896
 20
203.5541470169155
 30
0.0
 10
263.6649776607464
 20
203.5196465213412
 30
0.0
 10
263.6433294777835
 20
203.4503265577005
 30
0.0
 10
263.6544056033908
 20
203.3785430465723
 30
0.0
 10
263.6599691493247
 20
203.3424861368167
 30
0.0
  0
SPLINE
  5
F26
330
70
100
AcDbEntity
  8
Visible
100
AcDbSpline
210
0.0
220
0.0
230
1.0
 70
     8
 71
     3
 72
     9
 73
     5
 74
     0
 42
0.000000001
 43
0.0000000001
 40
0.0
 40
0.0
 40
0.0
 40
0.0
 40
0.0104089660394051
 40
0.0210771670835933
 40
0.0210771670835933
 40
0.0210771670835933
 40
0.0210771670835933
 10
263.7949499313108
 20
203.7261696026781
 30
0.0
 10
263.7702388514117
 20
203.7013892118775
 30
0.0
 10
263.7202012628659
 20
203.6512112753426
 30
0.0
 10
263.6906893768773
 20
203.5867659810101
 30
0.0
 10
263.6757519456896
 20
203.5541470169155
 30
0.0
  0
SPLINE
  5
F27
330
70
100
AcDbEntity
  8
Visible
100
AcDbSpline
210
0.0
220
0.0
230
1.0
 70
     8
 71
     3
 72
     9
 73
     5
 74
     0
 42
0.000000001
 43
0.0000000001
 40
0.0
 40
0.0
 40
0.0
 40
0.0
 40
0.0154661736204938
 40
0.0314786113535241
 40
0.0314786113535241
 40
0.0314786113535241
 40
0.0314786113535241
 10
264.0849728882094
 20
203.8307733354413
 30
0.0
 10
264.0322015132078
 20
203.8284273150803
 30
0.0
 10
263.9247948821303
 20
203.8236524130935
 30
0.0
 10
263.8387294272343
 20
203.7590376370099
 30
0.0
 10
263.7949499313108
 20
203.7261696026781
 30
0.0
  0
SPLINE
  5
F28
330
70
100
AcDbEntity
  8
Visible
100
AcDbSpline
210
0.0
220
0.0
230
1.0
 70
     8
 71
     3
 72
     9
 73
     5
 74
     0
 42
0.000000001
 43
0.0000000001
 40
0.0
 40
0.0
 40
0.0
 40
0.0
 40
0.0180927040736575
 40
0.0346039322089207
 40
0.0346039322089207
 40
0.0346039322089207
 40
0.0346039322089207
 10
263.6286790056383
 20
203.9160519399557
 30
0.0
 10
263.6767565592454
 20
203.9541869079112
 30
0.0
 10
263.7687092269625
 20
204.0271234817155
 30
0.0
 10
263.8839176395886
 20
204.048411544105
 30
0.0
 10
263.9388892067636
 20
204.0585691196247
 30
0.0
  0
SPLINE
  5
F29
330
70
100
AcDbEntity
  8
Visible
100
AcDbSpline
210
0.0
220
0.0
230
1.0
 70
     8
 71
     3
 72
     9
 73
     5
 74
     0
 42
0.000000001
 43
0.0000000001
 40
0.0
 40
0.0
 40
0.0
 40
0.0
 40
0.0239403666720935
 40
0.0483927438185614
 40
0.0483927438185614
 40
0.0483927438185614
 40
0.0483927438185614
 10
263.4215566980783
 20
203.4903695487228
 30
0.0
 10
263.4332756097974
 20
203.5714204660071
 30
0.0
 10
263.4569640645477
 20
203.7352557292743
 30
0.0
 10
263.5710383778842
 20
203.8553629456655
 30
0.0
 10
263.6286790056383
 20
203.9160519399557
 30
0.0
  0
SPLINE
  5
F2A
330
70
100
AcDbEntity
  8
Visible
100
AcDbSpline
210
0.0
220
0.0
230
1.0
 70
     8
 71
     3
 72
     9
 73
     5
 74
     0
 42
0.000000001
 43
0.0000000001
 40
0.0
 40
0.0
 40
0.0
 40
0.0
 40
0.0270961456699345
 40
0.051880656102135
 40
0.051880656102135
 40
0.051880656102135
 40
0.051880656102135
 10
263.6067920802871
 20
203.0166435795054
 30
0.0
 10
263.5499634368825
 20
203.0897573614111
 30
0.0
 10
263.441154333881
 20
203.2297474183579
 30
0.0
 10
263.4278922717294
 20
203.4061149621757
 30
0.0
 10
263.4215566980783
 20
203.4903695487228
 30
0.0
  0
SPLINE
  5
F2B
330
70
100
AcDbEntity
  8
Visible
100
AcDbSpline
210
0.0
220
0.0
230
1.0
 70
     8
 71
     3
 72
     9
 73
     5
 74
     0
 42
0.000000001
 43
0.0000000001
 40
0.0
 40
0.0
 40
0.0
 40
0.0
 40
0.0247574185579935
 40
0.0518509298442285
 40
0.0518509298442285
 40
0.0518509298442285
 40
0.0518509298442285
 10
264.0540438294975
 20
202.7748650826397
 30
0.0
 10
263.9713152611166
 20
202.7915207223141
 30
0.0
 10
263.7980519144094
 20
202.8264036161945
 30
0.0
 10
263.6724319201567
 20
202.9513537564453
 30
0.0
 10
263.6067920802871
 20
203.0166435795054
 30
0.0
  0
SPLINE
  5
F2C
330
70
100
AcDbEntity
  8
Visible
100
AcDbSpline
210
0.0
220
0.0
230
1.0
 70
     8
 71
     3
 72
     9
 73
     5
 74
     0
 42
0.000000001
 43
0.0000000001
 40
0.0
 40
0.0
 40
0.0
 40
0.0
 40
0.0240335849623148
 40
0.0478198417889728
 40
0.0478198417889728
 40
0.0478198417889728
 40
0.0478198417889728
 10
264.4971083237197
 20
202.9247582636763
 30
0.0
 10
264.4308551890608
 20
202.8759943949608
 30
0.0
 10
264.29903072665
 20
202.7789684834879
 30
0.0
 10
264.1354240662022
 20
202.7762281585274
 30
0.0
 10
264.0540438294975
 20
202.7748650826397
 30
0.0
  0
SPLINE
  5
F2D
330
70
100
AcDbEntity
  8
Visible
100
AcDbSpline
210
0.0
220
0.0
230
1.0
 70
     8
 71
     3
 72
     9
 73
     5
 74
     0
 42
0.000000001
 43
0.0000000001
 40
0.0
 40
0.0
 40
0.0
 40
0.0
 40
0.0163437865265581
 40
0.0337683294247236
 40
0.0337683294247236
 40
0.0337683294247236
 40
0.0337683294247236
 10
264.6723879152323
 20
203.2083765191546
 30
0.0
 10
264.6552922405626
 20
203.15578791197
 30
0.0
 10
264.6199704151677
 20
203.0471332003744
 30
0.0
 10
264.5389269536554
 20
202.9664110805115
 30
0.0
 10
264.4971083237197
 20
202.9247582636763
 30
0.0
  0
SPLINE
  5
F2E
330
70
100
AcDbEntity
  8
Visible
100
AcDbSpline
210
0.0
220
0.0
230
1.0
 70
     8
 71
     3
 72
     9
 73
     5
 74
     0
 42
0.000000001
 43
0.0000000001
 40
0.0
 40
0.0
 40
0.0
 40
0.0
 40
0.0180151613548658
 40
0.0345244910103513
 40
0.0345244910103513
 40
0.0345244910103513
 40
0.0345244910103513
 10
264.6316112100085
 20
203.5467040824351
 30
0.0
 10
264.652862735833
 20
203.4894614111872
 30
0.0
 10
264.6935894380713
 20
203.3797608067926
 30
0.0
 10
264.6792465616199
 20
203.2638189623321
 30
0.0
 10
264.6723879152323
 20
203.2083765191546
 30
0.0
  0
SPLINE
  5
F2F
330
70
100
AcDbEntity
  8
Visible
100
AcDbSpline
210
0.0
220
0.0
230
1.0
 70
     8
 71
     3
 72
     9
 73
     5
 74
     0
 42
0.000000001
 43
0.0000000001
 40
0.0
 40
0.0
 40
0.0
 40
0.0
 40
0.0129509103796083
 40
0.0275881683427134
 40
0.0275881683427134
 40
0.0275881683427134
 40
0.0275881683427134
 10
264.8975625912735
 20
203.4860581177654
 30
0.0
 10
264.8538350274521
 20
203.4858747254093
 30
0.0
 10
264.7606861015029
 20
203.4854840610424
 30
0.0
 10
264.6763544523783
 20
203.5254824317835
 30
0.0
 10
264.6316112100085
 20
203.5467040824351
 30
0.0
  0
SPLINE
  5
F30
330
70
100
AcDbEntity
  8
Visible
100
AcDbSpline
210
0.0
220
0.0
230
1.0
 70
     8
 71
     3
 72
     9
 73
     5
 74
     0
 42
0.000000001
 43
0.0000000001
 40
0.0
 40
0.0
 40
0.0
 40
0.0
 40
0.0131389082972833
 40
0.0256086206212479
 40
0.0256086206212479
 40
0.0256086206212479
 40
0.0256086206212479
 10
265.1272581029825
 20
203.5919182525959
 30
0.0
 10
265.0922138261831
 20
203.5645153452679
 30
0.0
 10
265.0239101612806
 20
203.5111052261163
 30
0.0
 10
264.9389382957488
 20
203.4942604263106
 30
0.0
 10
264.8975625912735
 20
203.4860581177654
 30
0.0
  0
SPLINE
  5
F31
330
70
100
AcDbEntity
  8
Visible
100
AcDbSpline
210
0.0
220
0.0
230
1.0
 70
     8
 71
     3
 72
     9
 73
     5
 74
     0
 42
0.000000001
 43
0.0000000001
 40
0.0
 40
0.0
 40
0.0
 40
0.0
 40
0.0206824241279502
 40
0.0412472271516114
 40
0.0412472271516114
 40
0.0412472271516114
 40
0.0412472271516114
 10
265.2987954803921
 20
203.9569465384539
 30
0.0
 10
265.2897019775937
 20
203.8867203262435
 30
0.0
 10
265.2715666868171
 20
203.7466672788305
 30
0.0
 10
265.1752694301103
 20
203.6434031048738
 30
0.0
 10
265.1272581029825
 20
203.5919182525959
 30
0.0
  0
SPLINE
  5
F32
330
70
100
AcDbEntity
  8
Visible
100
AcDbSpline
210
0.0
220
0.0
230
1.0
 70
     8
 71
     3
 72
     9
 73
     5
 74
     0
 42
0.000000001
 43
0.0000000001
 40
0.0
 40
0.0
 40
0.0
 40
0.0
 40
0.0239397207975136
 40
0.0456914464944384
 40
0.0456914464944384
 40
0.0456914464944384
 40
0.0456914464944384
 10
265.1332700434887
 20
204.3734184390451
 30
0.0
 10
265.183607160041
 20
204.3089638572837
 30
0.0
 10
265.2796807812483
 20
204.1859455857375
 30
0.0
 10
265.2926306207173
 20
204.0308031543209
 30
0.0
 10
265.2987954803921
 20
203.9569465384539
 30
0.0
  0
SPLINE
  5
F33
330
70
100
AcDbEntity
  8
Visible
100
AcDbSpline
210
0.0
220
0.0
230
1.0
 70
     8
 71
     3
 72
     9
 73
     5
 74
     0
 42
0.000000001
 43
0.0000000001
 40
0.0
 40
0.0
 40
0.0
 40
0.0
 40
0.0214145604516651
 40
0.0451723829861349
 40
0.0451723829861349
 40
0.0451723829861349
 40
0.0451723829861349
 10
264.7452157548687
 20
204.5874318304031
 30
0.0
 10
264.8165558345754
 20
204.5722298128749
 30
0.0
 10
264.9670422949475
 20
204.5401623156431
 30
0.0
 10
265.075977172819
 20
204.4308892009413
 30
0.0
 10
265.1332700434887
 20
204.3734184390451
 30
0.0
  0
SPLINE
  5
F34
330
70
100
AcDbEntity
  8
Visible
100
AcDbSpline
210
0.0
220
0.0
230
1.0
 70
     8
 71
     3
 72
     9
 73
     5
 74
     0
 42
0.000000001
 43
0.0000000001
 40
0.0
 40
0.0
 40
0.0
 40
0.0
 40
0.0204680045070648
 40
0.0408233629805513
 40
0.0408233629805513
 40
0.0408233629805513
 40
0.0408233629805513
 10
264.366439176285
 20
204.4616523454079
 30
0.0
 10
264.4229821597019
 20
204.5030731192619
 30
0.0
 10
264.535756941199
 20
204.5856867069943
 30
0.0
 10
264.6755247064721
 20
204.5868511936769
 30
0.0
 10
264.7452157548687
 20
204.5874318304031
 30
0.0
  0
SPLINE
  5
F35
330
70
100
AcDbEntity
  8
Visible
100
AcDbSpline
210
0.0
220
0.0
230
1.0
 70
     8
 71
     3
 72
     9
 73
     5
 74
     0
 42
0.000000001
 43
0.0000000001
 40
0.0
 40
0.0
 40
0.0
 40
0.0
 40
0.0126607504414867
 40
0.026224298017597
 40
0.026224298017597
 40
0.026224298017597
 40
0.026224298017597
 10
264.2293562479717
 20
204.2419124875687
 30
0.0
 10
264.2428564273869
 20
204.2825504865886
 30
0.0
 10
264.2708194403149
 20
204.3667242488009
 30
0.0
 10
264.3338427182789
 20
204.4292916650174
 30
0.0
 10
264.366439176285
 20
204.4616523454079
 30
0.0
  0
SPLINE
  5
F36
330
70
100
AcDbEntity
  8
Visible
100
AcDbSpline
210
0.0
220
0.0
230
1.0
 70
     8
 71
     3
 72
     9
 73
     5
 74
     0
 42
0.000000001
 43
0.0000000001
 40
0.0
 40
0.0
 40
0.0
 40
0.0
 40
0.0149330205407246
 40
0.0280290651315519
 40
0.0280290651315519
 40
0.0280290651315519
 40
0.0280290651315519
 10
264.2599512984107
 20
203.9665418603308
 30
0.0
 10
264.2435019934455
 20
204.0143328953436
 30
0.0
 10
264.2126268842239
 20
204.1040359818289
 30
0.0
 10
264.2240288824014
 20
204.1980065410716
 30
0.0
 10
264.2293562479717
 20
204.2419124875687
 30
0.0
  0
SPLINE
  5
F37
330
70
100
AcDbEntity
  8
Visible
100
AcDbSpline
210
0.0
220
0.0
230
1.0
 70
     8
 71
     3
 72
     9
 73
     5
 74
     0
 42
0.000000001
 43
0.0000000001
 40
0.0
 40
0.0
 40
0.0
 40
0.0
 40
0.0163159902646884
 40
0.0338982666231527
 40
0.0338982666231527
 40
0.0338982666231527
 40
0.0338982666231527
 10
263.9388892067636
 20
204.0585691196247
 30
0.0
 10
263.9942064227816
 20
204.0574143894446
 30
0.0
 10
264.1091340310359
 20
204.0550153103304
 30
0.0
 10
264.2084423064498
 20
203.9967584151327
 30
0.0
 10
264.2599512984107
 20
203.9665418603308
 30
0.0
  0
ARC
  5
F38
330
70
100
AcDbEntity
  8
Visible
100
AcDbCircle
 10
265.773642
 20
200.331822
 30
0.0
 40
0.8075952630340397
100
AcDbArc
 50
87.587273
 51
99.574278
  0
ARC
  5
F39
330
70
100
AcDbEntity
  8
Visible
100
AcDbCircle
 10
265.482636
 20
196.880326
 30
0.0
 40
4.2707595911438
100
AcDbArc
 50
80.545109
 51
85.635586
  0
ARC
  5
F3A
330
70
100
AcDbEntity
  8
Visible
100
AcDbCircle
 10
266.826038
 20
205.012573
 30
0.0
 40
3.97170954811899
100
AcDbArc
 50
260.700047
 51
268.162482
  0
SPLINE
  5
F3B
330
70
100
AcDbEntity
  8
Visible
100
AcDbSpline
210
0.0
220
0.0
230
1.0
 70
     8
 71
     3
 72
     9
 73
     5
 74
     0
 42
0.000000001
 43
0.0000000001
 40
0.0
 40
0.0
 40
0.0
 40
0.0
 40
0.0135773084206909
 40
0.0294567831649851
 40
0.0294567831649851
 40
0.0294567831649851
 40
0.0294567831649851
 10
266.989594644092
 20
201.0827032428279
 30
0.0
 10
266.9456929314892
 20
201.0710448425907
 30
0.0
 10
266.850445538661
 20
201.0457512455669
 30
0.0
 10
266.7518401220732
 20
201.0439026986187
 30
0.0
 10
266.6986842084243
 20
201.0429061894484
 30
0.0
  0
SPLINE
  5
F3C
330
70
100
AcDbEntity
  8
Visible
100
AcDbSpline
210
0.0
220
0.0
230
1.0
 70
     8
 71
     3
 72
     9
 73
     5
 74
     0
 42
0.000000001
 43
0.0000000001
 40
0.0
 40
0.0
 40
0.0
 40
0.0
 40
0.0119662714242988
 40
0.0242310136237364
 40
0.0242310136237364
 40
0.0242310136237364
 40
0.0242310136237364
 10
267.1988687628454
 20
201.2023701012531
 30
0.0
 10
267.1674367947471
 20
201.177409683598
 30
0.0
 10
267.1037888613028
 20
201.1268662687944
 30
0.0
 10
267.0279706854472
 20
201.0975446433131
 30
0.0
 10
266.989594644092
 20
201.0827032428279
 30
0.0
  0
SPLINE
  5
F3D
330
70
100
AcDbEntity
  8
Visible
100
AcDbSpline
210
0.0
220
0.0
230
1.0
 70
     8
 71
     3
 72
     9
 73
     5
 74
     0
 42
0.000000001
 43
0.0000000001
 40
0.0
 40
0.0
 40
0.0
 40
0.0
 40
0.0218583942003532
 40
0.0439520085228122
 40
0.0439520085228122
 40
0.0439520085228122
 40
0.0439520085228122
 10
267.3838779591952
 20
201.5902571161459
 30
0.0
 10
267.3739406167369
 20
201.5160957368407
 30
0.0
 10
267.3539589951943
 20
201.3669749210367
 30
0.0
 10
267.2507496238486
 20
201.2574337867373
 30
0.0
 10
267.1988687628454
 20
201.2023701012531
 30
0.0
  0
SPLINE
  5
F3E
330
70
100
AcDbEntity
  8
Visible
100
AcDbSpline
210
0.0
220
0.0
230
1.0
 70
     8
 71
     3
 72
     9
 73
     5
 74
     0
 42
0.000000001
 43
0.0000000001
 40
0.0
 40
0.0
 40
0.0
 40
0.0
 40
0.0260913305422841
 40
0.0492133833917367
 40
0.0492133833917367
 40
0.0492133833917367
 40
0.0492133833917367
 10
267.2013640940604
 20
202.0372396272378
 30
0.0
 10
267.2566993657692
 20
201.9673523880538
 30
0.0
 10
267.3610725765284
 20
201.835531303248
 30
0.0
 10
267.3765882089611
 20
201.6686591139969
 30
0.0
 10
267.3838779591952
 20
201.5902571161459
 30
0.0
  0
SPLINE
  5
F3F
330
70
100
AcDbEntity
  8
Visible
100
AcDbSpline
210
0.0
220
0.0
230
1.0
 70
     8
 71
     3
 72
     9
 73
     5
 74
     0
 42
0.000000001
 43
0.0000000001
 40
0.0
 40
0.0
 40
0.0
 40
0.0
 40
0.0227137027764026
 40
0.0485936619646136
 40
0.0485936619646136
 40
0.0485936619646136
 40
0.0485936619646136
 10
266.7894043642973
 20
202.2792862428596
 30
0.0
 10
266.8641002658314
 20
202.2599669071787
 30
0.0
 10
267.0239045665676
 20
202.2186351491382
 30
0.0
 10
267.1396960126913
 20
202.1002754865258
 30
0.0
 10
267.2013640940604
 20
202.0372396272378
 30
0.0
  0
SPLINE
  5
F40
330
70
100
AcDbEntity
  8
Visible
100
AcDbSpline
210
0.0
220
0.0
230
1.0
 70
     8
 71
     3
 72
     9
 73
     5
 74
     0
 42
0.000000001
 43
0.0000000001
 40
0.0
 40
0.0
 40
0.0
 40
0.0
 40
0.0256350189834194
 40
0.048166864837064
 40
0.048166864837064
 40
0.048166864837064
 40
0.048166864837064
 10
266.3378078904498
 20
202.140059979627
 30
0.0
 10
266.411056607356
 20
202.1880817273031
 30
0.0
 10
266.5486871294561
 20
202.2783120887907
 30
0.0
 10
266.7126872137742
 20
202.2789757776591
 30
0.0
 10
266.7894043642973
 20
202.2792862428596
 30
0.0
  0
LINE
  5
F41
330
70
100
AcDbEntity
  8
Visible
100
AcDbLine
 10
266.485692
 20
201.9339
 30
0.0
 11
266.337808
 21
202.14006
 31
0.0
  0
SPLINE
  5
F42
330
70
100
AcDbEntity
  8
Visible
100
AcDbSpline
210
0.0
220
0.0
230
1.0
 70
     8
 71
     3
 72
     9
 73
     5
 74
     0
 42
0.000000001
 43
0.0000000001
 40
0.0
 40
0.0
 40
0.0
 40
0.0
 40
0.0150071612845657
 40
0.0320133977432717
 40
0.0320133977432717
 40
0.0320133977432717
 40
0.0320133977432717
 10
266.7777744285813
 20
202.04852688967
 30
0.0
 10
266.7267511162627
 20
202.0448591310251
 30
0.0
 10
266.6179077740453
 20
202.0370350386438
 30
0.0
 10
266.5315609690715
 20
201.9696806135235
 30
0.0
 10
266.4856916054177
 20
201.9339004289486
 30
0.0
  0
SPLINE
  5
F43
330
70
100
AcDbEntity
  8
Visible
100
AcDbSpline
210
0.0
220
0.0
230
1.0
 70
     8
 71
     3
 72
     9
 73
     5
 74
     0
 42
0.000000001
 43
0.0000000001
 40
0.0
 40
0.0
 40
0.0
 40
0.0
 40
0.0161819405698574
 40
0.0309407452676644
 40
0.0309407452676644
 40
0.0309407452676644
 40
0.0309407452676644
 10
267.0455427239849
 20
201.9065878750498
 30
0.0
 10
267.0062531900967
 20
201.9456009692531
 30
0.0
 10
266.9311294770632
 20
202.0201961146613
 30
0.0
 10
266.8273008946344
 20
202.039377382167
 30
0.0
 10
266.7777744285813
 20
202.04852688967
 30
0.0
  0
SPLINE
  5
F44
330
70
100
AcDbEntity
  8
Visible
100
AcDbSpline
210
0.0
220
0.0
230
1.0
 70
     8
 71
     3
 72
     9
 73
     5
 74
     0
 42
0.000000001
 43
0.0000000001
 40
0.0
 40
0.0
 40
0.0
 40
0.0
 40
0.0141808962007153
 40
0.0295807155914065
 40
0.0295807155914065
 40
0.0295807155914065
 40
0.0295807155914065
 10
267.1508664739213
 20
201.6363332042129
 30
0.0
 10
267.1472344267695
 20
201.6845382374159
 30
0.0
 10
267.1396581387653
 20
201.7850917819178
 30
0.0
 10
267.0777646704337
 20
201.864991707027
 30
0.0
 10
267.0455427239849
 20
201.9065878750498
 30
0.0
  0
SPLINE
  5
F45
330
70
100
AcDbEntity
  8
Visible
100
AcDbSpline
210
0.0
220
0.0
230
1.0
 70
     8
 71
     3
 72
     9
 73
     5
 74
     0
 42
0.000000001
 43
0.0000000001
 40
0.0
 40
0.0
 40
0.0
 40
0.0
 40
0.0137056154905828
 40
0.027345035434966
 40
0.027345035434966
 40
0.027345035434966
 40
0.027345035434966
 10
267.0356625582481
 20
201.3949654720473
 30
0.0
 10
267.0677854770474
 20
201.4291533936011
 30
0.0
 10
267.13187616699
 20
201.497364115472
 30
0.0
 10
267.1445465955985
 20
201.5900849927129
 30
0.0
 10
267.1508664739213
 20
201.6363332042129
 30
0.0
  0
SPLINE
  5
F46
330
70
100
AcDbEntity
  8
Visible
100
AcDbSpline
210
0.0
220
0.0
230
1.0
 70
     8
 71
     3
 72
     9
 73
     5
 74
     0
 42
0.000000001
 43
0.0000000001
 40
0.0
 40
0.0
 40
0.0
 40
0.0
 40
0.0174568046872752
 40
0.0320819188088671
 40
0.0320819188088671
 40
0.0320819188088671
 40
0.0320819188088671
 10
266.7385475092178
 20
201.2849941624627
 30
0.0
 10
266.7972648896302
 20
201.2924434934648
 30
0.0
 10
266.9051750292438
 20
201.3061337899781
 30
0.0
 10
266.9948037221511
 20
201.3671501002209
 30
0.0
 10
267.0356625582481
 20
201.3949654720473
 30
0.0
  0
ARC
  5
F47
330
70
100
AcDbEntity
  8
Visible
100
AcDbCircle
 10
266.651614
 20
204.007256
 30
0.0
 40
2.723649107119602
100
AcDbArc
 50
258.943635
 51
271.829073
  0
ARC
  5
F48
330
70
100
AcDbEntity
  8
Visible
100
AcDbCircle
 10
265.6819
 20
198.841175
 30
0.0
 40
2.532811260813707
100
AcDbArc
 50
79.826076
 51
89.826836
  0
SPLINE
  5
F49
330
70
100
AcDbEntity
  8
Visible
100
AcDbSpline
210
0.0
220
0.0
230
1.0
 70
     8
 71
     3
 72
     9
 73
     5
 74
     0
 42
0.000000001
 43
0.0000000001
 40
0.0
 40
0.0
 40
0.0
 40
0.0
 40
0.0149254103957732
 40
0.0312470635170919
 40
0.0312470635170919
 40
0.0312470635170919
 40
0.0312470635170919
 10
265.3832042259255
 20
201.3186874967978
 30
0.0
 10
265.4307913582688
 20
201.3339396220963
 30
0.0
 10
265.5304173053919
 20
201.365870678952
 30
0.0
 10
265.6349519447013
 20
201.3711937424286
 30
0.0
 10
265.689554775492
 20
201.3739742019607
 30
0.0
  0
SPLINE
  5
F4A
330
70
100
AcDbEntity
  8
Visible
100
AcDbSpline
210
0.0
220
0.0
230
1.0
 70
     8
 71
     3
 72
     9
 73
     5
 74
     0
 42
0.000000001
 43
0.0000000001
 40
0.0
 40
0.0
 40
0.0
 40
0.0
 40
0.0087164553368139
 40
0.0173793260521727
 40
0.0173793260521727
 40
0.0173793260521727
 40
0.0173793260521727
 10
265.2365269580696
 20
201.2271029536951
 30
0.0
 10
265.2587433934277
 20
201.2461084685019
 30
0.0
 10
265.3030396880695
 20
201.2840026612521
 30
0.0
 10
265.356537695694
 20
201.3071496742104
 30
0.0
 10
265.3832042259255
 20
201.3186874967978
 30
0.0
  0
LINE
  5
F4B
330
70
100
AcDbEntity
  8
Visible
100
AcDbLine
 10
266.112776
 20
200.237266
 30
0.0
 11
265.236527
 21
201.227103
 31
0.0
  0
LINE
  5
F4C
330
70
100
AcDbEntity
  8
Visible
100
AcDbLine
 10
266.289497
 20
200.393707
 30
0.0
 11
266.112776
 21
200.237266
 31
0.0
  0
LINE
  5
F4D
330
70
100
AcDbEntity
  8
Visible
100
AcDbLine
 10
265.639317
 20
201.128168
 30
0.0
 11
266.289497
 21
200.393707
 31
0.0
  0
LINE
  5
F4E
330
70
100
AcDbEntity
  8
Visible
100
AcDbLine
 10
261.068555
 20
206.980931
 30
0.0
 11
260.549632
 21
206.521555
 31
0.0
  0
LINE
  5
F4F
330
70
100
AcDbEntity
  8
Visible
100
AcDbLine
 10
261.524615
 20
206.947372
 30
0.0
 11
261.068555
 21
206.980931
 31
0.0
  0
LINE
  5
F50
330
70
100
AcDbEntity
  8
Visible
100
AcDbLine
 10
261.238695
 20
205.74317
 30
0.0
 11
261.524615
 21
206.947372
 31
0.0
  0
LINE
  5
F51
330
70
100
AcDbEntity
  8
Visible
100
AcDbLine
 10
261.470191
 20
205.481665
 30
0.0
 11
261.238695
 21
205.74317
 31
0.0
  0
LINE
  5
F52
330
70
100
AcDbEntity
  8
Visible
100
AcDbLine
 10
261.780393
 20
206.926004
 30
0.0
 11
261.470191
 21
205.481665
 31
0.0
  0
LINE
  5
F53
330
70
100
AcDbEntity
  8
Visible
100
AcDbLine
 10
262.943299
 20
206.834923
 30
0.0
 11
261.780393
 21
206.926004
 31
0.0
  0
LINE
  5
F54
330
70
100
AcDbEntity
  8
Visible
100
AcDbLine
 10
262.705473
 20
207.103579
 30
0.0
 11
262.943299
 21
206.834923
 31
0.0
  0
LINE
  5
F55
330
70
100
AcDbEntity
  8
Visible
100
AcDbLine
 10
261.304523
 20
207.18982
 30
0.0
 11
262.705473
 21
207.103579
 31
0.0
  0
LINE
  5
F56
330
70
100
AcDbEntity
  8
Visible
100
AcDbLine
 10
262.047156
 20
207.847233
 30
0.0
 11
261.304523
 21
207.18982
 31
0.0
  0
LINE
  5
F57
330
70
100
AcDbEntity
  8
Visible
100
AcDbLine
 10
261.871725
 20
208.045405
 30
0.0
 11
262.047156
 21
207.847233
 31
0.0
  0
LINE
  5
F58
330
70
100
AcDbEntity
  8
Visible
100
AcDbLine
 10
260.374201
 20
206.719727
 30
0.0
 11
261.871725
 21
208.045405
 31
0.0
  0
LINE
  5
F59
330
70
100
AcDbEntity
  8
Visible
100
AcDbLine
 10
260.549632
 20
206.521555
 30
0.0
 11
260.374201
 21
206.719727
 31
0.0
  0
LINE
  5
F5A
330
70
100
AcDbEntity
  8
Visible
100
AcDbLine
 10
168.96665
 20
206.005358
 30
0.0
 11
169.073239
 21
206.122333
 31
0.0
  0
SPLINE
  5
F5B
330
70
100
AcDbEntity
  8
Visible
100
AcDbSpline
210
0.0
220
0.0
230
1.0
 70
     8
 71
     3
 72
     9
 73
     5
 74
     0
 42
0.000000001
 43
0.0000000001
 40
0.0
 40
0.0
 40
0.0
 40
0.0
 40
0.0189098699419151
 40
0.0346695024286515
 40
0.0346695024286515
 40
0.0346695024286515
 40
0.0346695024286515
 10
169.0172787342035
 20
205.663915531748
 30
0.0
 10
169.0165799703554
 20
205.7273293086655
 30
0.0
 10
169.0152988512891
 20
205.8435926198145
 30
0.0
 10
168.9818533796224
 20
205.9548045425854
 30
0.0
 10
168.9666501518604
 20
206.0053578793286
 30
0.0
  0
ARC
  5
F5C
330
70
100
AcDbEntity
  8
Visible
100
AcDbCircle
 10
167.534418
 20
205.68779
 30
0.0
 40
1.483053064301573
100
AcDbArc
 50
342.411876
 51
359.077618
  0
LINE
  5
F5D
330
70
100
AcDbEntity
  8
Visible
100
AcDbLine
 10
169.123605
 20
205.079769
 30
0.0
 11
168.948143
 21
205.239652
 31
0.0
  0
ARC
  5
F5E
330
70
100
AcDbEntity
  8
Visible
100
AcDbCircle
 10
167.586375
 20
205.676318
 30
0.0
 40
1.648923216267156
100
AcDbArc
 50
338.790388
 51
348.809772
  0
ARC
  5
F5F
330
70
100
AcDbEntity
  8
Visible
100
AcDbCircle
 10
167.966439
 20
205.6379
 30
0.0
 40
1.269141645422982
100
AcDbArc
 50
347.181158
 51
0.193597
  0
LINE
  5
F60
330
70
100
AcDbEntity
  8
Visible
100
AcDbLine
 10
170.392212
 20
204.588246
 30
0.0
 11
169.235574
 21
205.642188
 31
0.0
  0
LINE
  5
F61
330
70
100
AcDbEntity
  8
Visible
100
AcDbLine
 10
170.557609
 20
204.769759
 30
0.0
 11
170.392212
 21
204.588246
 31
0.0
  0
LINE
  5
F62
330
70
100
AcDbEntity
  8
Visible
100
AcDbLine
 10
169.073239
 20
206.122333
 30
0.0
 11
170.557609
 21
204.769759
 31
0.0
  0
SPLINE
  5
F63
330
70
100
AcDbEntity
  8
Visible
100
AcDbSpline
210
0.0
220
0.0
230
1.0
 70
     8
 71
     3
 72
     9
 73
     5
 74
     0
 42
0.000000001
 43
0.0000000001
 40
0.0
 40
0.0
 40
0.0
 40
0.0
 40
0.0156688165040323
 40
0.0313367853906389
 40
0.0313367853906389
 40
0.0313367853906389
 40
0.0313367853906389
 10
167.4939441846727
 20
203.0117881866154
 30
0.0
 10
167.4616699124399
 20
202.9689850748618
 30
0.0
 10
167.3971231138766
 20
202.8833811668228
 30
0.0
 10
167.393690270299
 20
202.7762247577812
 30
0.0
 10
167.3919738949389
 20
202.7226480024783
 30
0.0
  0
SPLINE
  5
F64
330
70
100
AcDbEntity
  8
Visible
100
AcDbSpline
210
0.0
220
0.0
230
1.0
 70
     8
 71
     3
 72
     9
 73
     5
 74
     0
 42
0.000000001
 43
0.0000000001
 40
0.0
 40
0.0
 40
0.0
 40
0.0
 40
0.015361592324301
 40
0.0309969696775624
 40
0.0309969696775624
 40
0.0309969696775624
 40
0.0309969696775624
 10
167.7696286884329
 20
203.1371019092003
 30
0.0
 10
167.7173128897029
 20
203.1313803919984
 30
0.0
 10
167.6117488835334
 20
203.1198353847176
 30
0.0
 10
167.5334429669128
 20
203.0480153727185
 30
0.0
 10
167.4939441846727
 20
203.0117881866154
 30
0.0
  0
SPLINE
  5
F65
330
70
100
AcDbEntity
  8
Visible
100
AcDbSpline
210
0.0
220
0.0
230
1.0
 70
     8
 71
     3
 72
     9
 73
     5
 74
     0
 42
0.000000001
 43
0.0000000001
 40
0.0
 40
0.0
 40
0.0
 40
0.0
 40
0.0187415669278832
 40
0.0351289309967423
 40
0.0351289309967423
 40
0.0351289309967423
 40
0.0351289309967423
 10
168.0855693851554
 20
202.9987137329044
 30
0.0
 10
168.0361599229291
 20
203.039356713216
 30
0.0
 10
167.9435475177961
 20
203.1155373472229
 30
0.0
 10
167.8249523713875
 20
203.1302422092231
 30
0.0
 10
167.7696286884329
 20
203.1371019092003
 30
0.0
  0
SPLINE
  5
F66
330
70
100
AcDbEntity
  8
Visible
100
AcDbSpline
210
0.0
220
0.0
230
1.0
 70
     8
 71
     3
 72
     9
 73
     5
 74
     0
 42
0.000000001
 43
0.0000000001
 40
0.0
 40
0.0
 40
0.0
 40
0.0
 40
0.0170147259968788
 40
0.0365204859015613
 40
0.0365204859015613
 40
0.0365204859015613
 40
0.0365204859015613
 10
168.2623228707744
 20
202.6863071281605
 30
0.0
 10
168.2489700840724
 20
202.7425620661688
 30
0.0
 10
168.2203096014691
 20
202.8633079230713
 30
0.0
 10
168.1324797263914
 20
202.9515716626429
 30
0.0
 10
168.0855693851554
 20
202.9987137329044
 30
0.0
  0
SPLINE
  5
F67
330
70
100
AcDbEntity
  8
Visible
100
AcDbSpline
210
0.0
220
0.0
230
1.0
 70
     8
 71
     3
 72
     9
 73
     5
 74
     0
 42
0.000000001
 43
0.0000000001
 40
0.0
 40
0.0
 40
0.0
 40
0.0
 40
0.0147976074719422
 40
0.0302691215114168
 40
0.0302691215114168
 40
0.0302691215114168
 40
0.0302691215114168
 10
168.1749981284429
 20
202.4041244947621
 30
0.0
 10
168.204757555186
 20
202.4452171885532
 30
0.0
 10
168.2656317002729
 20
202.529274002738
 30
0.0
 10
168.2634420638387
 20
202.6331915521441
 30
0.0
 10
168.2623228707744
 20
202.6863071281605
 30
0.0
  0
SPLINE
  5
F68
330
70
100
AcDbEntity
  8
Visible
100
AcDbSpline
210
0.0
220
0.0
230
1.0
 70
     8
 71
     3
 72
     9
 73
     5
 74
     0
 42
0.000000001
 43
0.0000000001
 40
0.0
 40
0.0
 40
0.0
 40
0.0
 40
0.0109195732283831
 40
0.0214321776759648
 40
0.0214321776759648
 40
0.0214321776759648
 40
0.0214321776759648
 10
167.993212670206
 20
202.2947618040289
 30
0.0
 10
168.0280787762676
 20
202.3067381855926
 30
0.0
 10
168.0965115404724
 20
202.3302445930531
 30
0.0
 10
168.1491692324871
 20
202.3798115982045
 30
0.0
 10
168.1749981284429
 20
202.4041244947621
 30
0.0
  0
SPLINE
  5
F69
330
70
100
AcDbEntity
  8
Visible
100
AcDbSpline
210
0.0
220
0.0
230
1.0
 70
     8
 71
     3
 72
     9
 73
     5
 74
     0
 42
0.000000001
 43
0.0000000001
 40
0.0
 40
0.0
 40
0.0
 40
0.0
 40
0.0120878467200111
 40
0.0234764427418455
 40
0.0234764427418455
 40
0.0234764427418455
 40
0.0234764427418455
 10
167.761089610949
 20
202.3023266181572
 30
0.0
 10
167.800682713716
 20
202.2922869560607
 30
0.0
 10
167.8775785605612
 20
202.272788400378
 30
0.0
 10
167.9554410167748
 20
202.2875842351441
 30
0.0
 10
167.993212670206
 20
202.2947618040289
 30
0.0
  0
SPLINE
  5
F6A
330
70
100
AcDbEntity
  8
Visible
100
AcDbSpline
210
0.0
220
0.0
230
1.0
 70
     8
 71
     3
 72
     9
 73
     5
 74
     0
 42
0.000000001
 43
0.0000000001
 40
0.0
 40
0.0
 40
0.0
 40
0.0
 40
0.0124876045799258
 40
0.0250258984489878
 40
0.0250258984489878
 40
0.0250258984489878
 40
0.0250258984489878
 10
167.5452986178497
 20
202.4260533033357
 30
0.0
 10
167.5777762307225
 20
202.3995214753449
 30
0.0
 10
167.6428632885636
 20
202.3463501222104
 30
0.0
 10
167.721627658444
 20
202.3170209213458
 30
0.0
 10
167.761089610949
 20
202.3023266181572
 30
0.0
  0
SPLINE
  5
F6B
330
70
100
AcDbEntity
  8
Visible
100
AcDbSpline
210
0.0
220
0.0
230
1.0
 70
     8
 71
     3
 72
     9
 73
     5
 74
     0
 42
0.000000001
 43
0.0000000001
 40
0.0
 40
0.0
 40
0.0
 40
0.0
 40
0.016308640718244
 40
0.0340605935119238
 40
0.0340605935119238
 40
0.0340605935119238
 40
0.0340605935119238
 10
167.3919738949389
 20
202.7226480024783
 30
0.0
 10
167.4018435027428
 20
202.667919519612
 30
0.0
 10
167.4224561770516
 20
202.5536190919666
 30
0.0
 10
167.5032104873553
 20
202.469759741627
 30
0.0
 10
167.5452986178497
 20
202.4260533033357
 30
0.0
  0
SPLINE
  5
F6C
330
70
100
AcDbEntity
  8
Visible
100
AcDbSpline
210
0.0
220
0.0
230
1.0
 70
     8
 71
     3
 72
     9
 73
     5
 74
     0
 42
0.000000001
 43
0.0000000001
 40
0.0
 40
0.0
 40
0.0
 40
0.0
 40
0.0217233741417854
 40
0.0415873287554876
 40
0.0415873287554876
 40
0.0415873287554876
 40
0.0415873287554876
 10
166.8330392413008
 20
203.6638454914664
 30
0.0
 10
166.8860924049895
 20
203.7154486848885
 30
0.0
 10
166.987657628948
 20
203.8142380790105
 30
0.0
 10
167.1255095117121
 20
203.8456122528915
 30
0.0
 10
167.1913536912889
 20
203.8605979512922
 30
0.0
  0
SPLINE
  5
F6D
330
70
100
AcDbEntity
  8
Visible
100
AcDbSpline
210
0.0
220
0.0
230
1.0
 70
     8
 71
     3
 72
     9
 73
     5
 74
     0
 42
0.000000001
 43
0.0000000001
 40
0.0
 40
0.0
 40
0.0
 40
0.0
 40
0.0278644109049069
 40
0.0568471284787506
 40
0.0568471284787506
 40
0.0568471284787506
 40
0.0568471284787506
 10
166.6633887014759
 20
203.1373747905291
 30
0.0
 10
166.6602557894421
 20
203.233176809219
 30
0.0
 10
166.6538642294854
 20
203.4286257524454
 30
0.0
 10
166.7725360596851
 20
203.5844173254209
 30
0.0
 10
166.8330392413008
 20
203.6638454914664
 30
0.0
  0
SPLINE
  5
F6E
330
70
100
AcDbEntity
  8
Visible
100
AcDbSpline
210
0.0
220
0.0
230
1.0
 70
     8
 71
     3
 72
     9
 73
     5
 74
     0
 42
0.000000001
 43
0.0000000001
 40
0.0
 40
0.0
 40
0.0
 40
0.0
 40
0.0503537381468864
 40
0.0881773881752574
 40
0.0881773881752574
 40
0.0881773881752574
 40
0.0881773881752574
 10
167.1423197014264
 20
202.4111949676844
 30
0.0
 10
167.0175509865748
 20
202.5283914029151
 30
0.0
 10
166.7990611622517
 20
202.7336209636705
 30
0.0
 10
166.7041155696679
 20
203.0161738570896
 30
0.0
 10
166.6633887014759
 20
203.1373747905291
 30
0.0
  0
SPLINE
  5
F6F
330
70
100
AcDbEntity
  8
Visible
100
AcDbSpline
210
0.0
220
0.0
230
1.0
 70
     8
 71
     3
 72
     9
 73
     5
 74
     0
 42
0.000000001
 43
0.0000000001
 40
0.0
 40
0.0
 40
0.0
 40
0.0
 40
0.0332380505440873
 40
0.0780265919616802
 40
0.0780265919616802
 40
0.0780265919616802
 40
0.0780265919616802
 10
167.8228829136442
 20
202.053145796508
 30
0.0
 10
167.7130310944212
 20
202.0772187667026
 30
0.0
 10
167.4551530620301
 20
202.1337302585616
 30
0.0
 10
167.2564045828476
 20
202.3100084178295
 30
0.0
 10
167.1423197014264
 20
202.4111949676844
 30
0.0
  0
SPLINE
  5
F70
330
70
100
AcDbEntity
  8
Visible
100
AcDbSpline
210
0.0
220
0.0
230
1.0
 70
     8
 71
     3
 72
     9
 73
     5
 74
     0
 42
0.000000001
 43
0.0000000001
 40
0.0
 40
0.0
 40
0.0
 40
0.0
 40
0.0284309025669827
 40
0.0563547203471585
 40
0.0563547203471585
 40
0.0563547203471585
 40
0.0563547203471585
 10
168.3269981422963
 20
202.2711571021136
 30
0.0
 10
168.2547604429182
 20
202.2053386847201
 30
0.0
 10
168.1115734534305
 20
202.0748757668735
 30
0.0
 10
167.9185340984768
 20
202.0603455385335
 30
0.0
 10
167.8228829136442
 20
202.053145796508
 30
0.0
  0
SPLINE
  5
F71
330
70
100
AcDbEntity
  8
Visible
100
AcDbSpline
210
0.0
220
0.0
230
1.0
 70
     8
 71
     3
 72
     9
 73
     5
 74
     0
 42
0.000000001
 43
0.0000000001
 40
0.0
 40
0.0
 40
0.0
 40
0.0
 40
0.0164581013338016
 40
0.033646154951874
 40
0.033646154951874
 40
0.033646154951874
 40
0.033646154951874
 10
168.4803214492331
 20
202.5670288086331
 30
0.0
 10
168.4655014235322
 20
202.5135505934322
 30
0.0
 10
168.4352040720296
 20
202.4042222888656
 30
0.0
 10
168.3635847121368
 20
202.3161490795428
 30
0.0
 10
168.3269981422963
 20
202.2711571021136
 30
0.0
  0
SPLINE
  5
F72
330
70
100
AcDbEntity
  8
Visible
100
AcDbSpline
210
0.0
220
0.0
230
1.0
 70
     8
 71
     3
 72
     9
 73
     5
 74
     0
 42
0.000000001
 43
0.0000000001
 40
0.0
 40
0.0
 40
0.0
 40
0.0
 40
0.0172211634554401
 40
0.0336690992333647
 40
0.0336690992333647
 40
0.0336690992333647
 40
0.0336690992333647
 10
168.4475311909245
 20
202.8986774334644
 30
0.0
 10
168.4652271322411
 20
202.8432897662733
 30
0.0
 10
168.499824469738
 20
202.7350013299074
 30
0.0
 10
168.4867221556724
 20
202.6221557977242
 30
0.0
 10
168.4803214492331
 20
202.5670288086331
 30
0.0
  0
SPLINE
  5
F73
330
70
100
AcDbEntity
  8
Visible
100
AcDbSpline
210
0.0
220
0.0
230
1.0
 70
     8
 71
     3
 72
     9
 73
     5
 74
     0
 42
0.000000001
 43
0.0000000001
 40
0.0
 40
0.0
 40
0.0
 40
0.0
 40
0.0182746751159
 40
0.0361733884820021
 40
0.0361733884820021
 40
0.0361733884820021
 40
0.0361733884820021
 10
168.2435483465215
 20
203.1943669515331
 30
0.0
 10
168.2867222984223
 20
203.1506440602043
 30
0.0
 10
168.3721819919355
 20
203.0640977810744
 30
0.0
 10
168.4225894248575
 20
202.9534341617146
 30
0.0
 10
168.4475311909245
 20
202.8986774334644
 30
0.0
  0
SPLINE
  5
F74
330
70
100
AcDbEntity
  8
Visible
100
AcDbSpline
210
0.0
220
0.0
230
1.0
 70
     8
 71
     3
 72
     9
 73
     5
 74
     0
 42
0.000000001
 43
0.0000000001
 40
0.0
 40
0.0
 40
0.0
 40
0.0
 40
0.024430207869379
 40
0.0507917928555577
 40
0.0507917928555577
 40
0.0507917928555577
 40
0.0507917928555577
 10
167.7819336451284
 20
203.381516400741
 30
0.0
 10
167.8648695282991
 20
203.3740154109783
 30
0.0
 10
168.0372979505555
 20
203.3584204262643
 30
0.0
 10
168.1730771955008
 20
203.2504203575845
 30
0.0
 10
168.2435483465215
 20
203.1943669515331
 30
0.0
  0
SPLINE
  5
F75
330
70
100
AcDbEntity
  8
Visible
100
AcDbSpline
210
0.0
220
0.0
230
1.0
 70
     8
 71
     3
 72
     9
 73
     5
 74
     0
 42
0.000000001
 43
0.0000000001
 40
0.0
 40
0.0
 40
0.0
 40
0.0
 40
0.0231767732278944
 40
0.0465849845507701
 40
0.0465849845507701
 40
0.0465849845507701
 40
0.0465849845507701
 10
167.3666870238703
 20
203.1941906751472
 30
0.0
 10
167.4255429970508
 20
203.2473785221082
 30
0.0
 10
167.543842666053
 20
203.3542853380259
 30
0.0
 10
167.7023075631532
 20
203.3724093659421
 30
0.0
 10
167.7819336451284
 20
203.381516400741
 30
0.0
  0
SPLINE
  5
F76
330
70
100
AcDbEntity
  8
Visible
100
AcDbSpline
210
0.0
220
0.0
230
1.0
 70
     8
 71
     3
 72
     9
 73
     5
 74
     0
 42
0.000000001
 43
0.0000000001
 40
0.0
 40
0.0
 40
0.0
 40
0.0
 40
0.0140194157023846
 40
0.0278614296403588
 40
0.0278614296403588
 40
0.0278614296403588
 40
0.0278614296403588
 10
167.2340734302015
 20
202.9514295074295
 30
0.0
 10
167.2489901215522
 20
202.9961567654245
 30
0.0
 10
167.2786347483615
 20
203.0850453024395
 30
0.0
 10
167.3374611201961
 20
203.1579636482966
 30
0.0
 10
167.3666870238703
 20
203.1941906751472
 30
0.0
  0
SPLINE
  5
F77
330
70
100
AcDbEntity
  8
Visible
100
AcDbSpline
210
0.0
220
0.0
230
1.0
 70
     8
 71
     3
 72
     9
 73
     5
 74
     0
 42
0.000000001
 43
0.0000000001
 40
0.0
 40
0.0
 40
0.0
 40
0.0
 40
0.015349625469656
 40
0.0297979462731753
 40
0.0297979462731753
 40
0.0297979462731753
 40
0.0297979462731753
 10
167.2362086789544
 20
202.6560198056941
 30
0.0
 10
167.2258961665775
 20
202.7067118116447
 30
0.0
 10
167.2058766755217
 20
202.8051192726471
 30
0.0
 10
167.2248659696815
 20
202.9036528847082
 30
0.0
 10
167.2340734302015
 20
202.9514295074295
 30
0.0
  0
SPLINE
  5
F78
330
70
100
AcDbEntity
  8
Visible
100
AcDbSpline
210
0.0
220
0.0
230
1.0
 70
     8
 71
     3
 72
     9
 73
     5
 74
     0
 42
0.000000001
 43
0.0000000001
 40
0.0
 40
0.0
 40
0.0
 40
0.0
 40
0.0203249670841158
 40
0.0469599968658788
 40
0.0469599968658788
 40
0.0469599968658788
 40
0.0469599968658788
 10
166.9412221330021
 20
203.0189446640143
 30
0.0
 10
166.9762094877151
 20
202.9605842067704
 30
0.0
 10
167.0570463255208
 20
202.8257447810611
 30
0.0
 10
167.1713674140374
 20
202.7174455565855
 30
0.0
 10
167.2362086789544
 20
202.6560198056941
 30
0.0
  0
SPLINE
  5
F79
330
70
100
AcDbEntity
  8
Visible
100
AcDbSpline
210
0.0
220
0.0
230
1.0
 70
     8
 71
     3
 72
     9
 73
     5
 74
     0
 42
0.000000001
 43
0.0000000001
 40
0.0
 40
0.0
 40
0.0
 40
0.0
 40
0.014687195521497
 40
0.031022176393764
 40
0.031022176393764
 40
0.031022176393764
 40
0.031022176393764
 10
166.8818294498196
 20
203.32038585806
 30
0.0
 10
166.8810254683121
 20
203.2708875448679
 30
0.0
 10
166.8793273050305
 20
203.1663376053748
 30
0.0
 10
166.9198726498543
 20
203.0697851497353
 30
0.0
 10
166.9412221330021
 20
203.0189446640143
 30
0.0
  0
SPLINE
  5
F7A
330
70
100
AcDbEntity
  8
Visible
100
AcDbSpline
210
0.0
220
0.0
230
1.0
 70
     8
 71
     3
 72
     9
 73
     5
 74
     0
 42
0.000000001
 43
0.0000000001
 40
0.0
 40
0.0
 40
0.0
 40
0.0
 40
0.0111373168499926
 40
0.0219063732529658
 40
0.0219063732529658
 40
0.0219063732529658
 40
0.0219063732529658
 10
166.9721751326306
 20
203.5167602603014
 30
0.0
 10
166.9486895837635
 20
203.4872146151538
 30
0.0
 10
166.9024950463827
 20
203.4291002650534
 30
0.0
 10
166.8886403464876
 20
203.3562155806703
 30
0.0
 10
166.8818294498196
 20
203.32038585806
 30
0.0
  0
SPLINE
  5
F7B
330
70
100
AcDbEntity
  8
Visible
100
AcDbSpline
210
0.0
220
0.0
230
1.0
 70
     8
 71
     3
 72
     9
 73
     5
 74
     0
 42
0.000000001
 43
0.0000000001
 40
0.0
 40
0.0
 40
0.0
 40
0.0
 40
0.0136270508594776
 40
0.0273192202135205
 40
0.0273192202135205
 40
0.0273192202135205
 40
0.0273192202135205
 10
167.2152183005783
 20
203.6275200313739
 30
0.0
 10
167.168871643682
 20
203.6221473376027
 30
0.0
 10
167.0759568568391
 20
203.611376275996
 30
0.0
 10
167.0068239694228
 20
203.5483490097722
 30
0.0
 10
166.9721751326306
 20
203.5167602603014
 30
0.0
  0
SPLINE
  5
F7C
330
70
100
AcDbEntity
  8
Visible
100
AcDbSpline
210
0.0
220
0.0
230
1.0
 70
     8
 71
     3
 72
     9
 73
     5
 74
     0
 42
0.000000001
 43
0.0000000001
 40
0.0
 40
0.0
 40
0.0
 40
0.0
 40
0.0130948948491228
 40
0.0231453953456755
 40
0.0231453953456755
 40
0.0231453953456755
 40
0.0231453953456755
 10
167.4329957300797
 20
203.5545861204409
 30
0.0
 10
167.3942898511031
 20
203.5758103353346
 30
0.0
 10
167.3258767113711
 20
203.6133244085886
 30
0.0
 10
167.2487216112858
 20
203.6232221171212
 30
0.0
 10
167.2152183005783
 20
203.6275200313739
 30
0.0
  0
LINE
  5
F7D
330
70
100
AcDbEntity
  8
Visible
100
AcDbLine
 10
167.583355
 20
203.747954
 30
0.0
 11
167.432996
 21
203.554586
 31
0.0
  0
SPLINE
  5
F7E
330
70
100
AcDbEntity
  8
Visible
100
AcDbSpline
210
0.0
220
0.0
230
1.0
 70
     8
 71
     3
 72
     9
 73
     5
 74
     0
 42
0.000000001
 43
0.0000000001
 40
0.0
 40
0.0
 40
0.0
 40
0.0
 40
0.0198405993399089
 40
0.041498883751214
 40
0.041498883751214
 40
0.041498883751214
 40
0.041498883751214
 10
167.1913536912889
 20
203.8605979512922
 30
0.0
 10
167.2588118969179
 20
203.8605525493003
 30
0.0
 10
167.3999084527968
 20
203.8604575858426
 30
0.0
 10
167.520446350778
 20
203.7865345639548
 30
0.0
 10
167.5833551290598
 20
203.7479541085813
 30
0.0
  0
LINE
  5
F7F
330
70
100
AcDbEntity
  8
Visible
100
AcDbLine
 10
167.078306
 20
202.209284
 30
0.0
 11
167.260827
 21
202.042969
 31
0.0
  0
LINE
  5
F80
330
70
100
AcDbEntity
  8
Visible
100
AcDbLine
 10
166.570172
 20
201.651637
 30
0.0
 11
167.078306
 21
202.209284
 31
0.0
  0
LINE
  5
F81
330
70
100
AcDbEntity
  8
Visible
100
AcDbLine
 10
166.752693
 20
201.485321
 30
0.0
 11
166.570172
 21
201.651637
 31
0.0
  0
LINE
  5
F82
330
70
100
AcDbEntity
  8
Visible
100
AcDbLine
 10
167.260827
 20
202.042969
 30
0.0
 11
166.752693
 21
201.485321
 31
0.0
  0
SPLINE
  5
F83
330
70
100
AcDbEntity
  8
Visible
100
AcDbSpline
210
0.0
220
0.0
230
1.0
 70
     8
 71
     3
 72
     9
 73
     5
 74
     0
 42
0.000000001
 43
0.0000000001
 40
0.0
 40
0.0
 40
0.0
 40
0.0
 40
0.0191357954538293
 40
0.0377715234109322
 40
0.0377715234109322
 40
0.0377715234109322
 40
0.0377715234109322
 10
164.9454249941736
 20
198.6775605484163
 30
0.0
 10
164.8849213022113
 20
198.6547258233477
 30
0.0
 10
164.7654950351971
 20
198.6096531032417
 30
0.0
 10
164.6383221118612
 20
198.6200166860835
 30
0.0
 10
164.5755774886947
 20
198.6251298743536
 30
0.0
  0
SPLINE
  5
F84
330
70
100
AcDbEntity
  8
Visible
100
AcDbSpline
210
0.0
220
0.0
230
1.0
 70
     8
 71
     3
 72
     9
 73
     5
 74
     0
 42
0.000000001
 43
0.0000000001
 40
0.0
 40
0.0
 40
0.0
 40
0.0
 40
0.0250271389731883
 40
0.0464160342639283
 40
0.0464160342639283
 40
0.0464160342639283
 40
0.0464160342639283
 10
165.3103549015395
 20
198.9605687080256
 30
0.0
 10
165.2522195172933
 20
198.8999329134385
 30
0.0
 10
165.1444000022457
 20
198.7874760672021
 30
0.0
 10
165.0081911623711
 20
198.7122331236642
 30
0.0
 10
164.9454249941736
 20
198.6775605484163
 30
0.0
  0
SPLINE
  5
F85
330
70
100
AcDbEntity
  8
Visible
100
AcDbSpline
210
0.0
220
0.0
230
1.0
 70
     8
 71
     3
 72
     9
 73
     5
 74
     0
 42
0.000000001
 43
0.0000000001
 40
0.0
 40
0.0
 40
0.0
 40
0.0
 40
0.0191232930157148
 40
0.0395620688881959
 40
0.0395620688881959
 40
0.0395620688881959
 40
0.0395620688881959
 10
165.5119519050804
 20
199.2982776514672
 30
0.0
 10
165.4884625867398
 20
199.2385399766936
 30
0.0
 10
165.4398681302536
 20
199.1149552989591
 30
0.0
 10
165.3544724779622
 20
199.0131591830832
 30
0.0
 10
165.3103549015395
 20
198.9605687080256
 30
0.0
  0
SPLINE
  5
F86
330
70
100
AcDbEntity
  8
Visible
100
AcDbSpline
210
0.0
220
0.0
230
1.0
 70
     8
 71
     3
 72
     9
 73
     5
 74
     0
 42
0.000000001
 43
0.0000000001
 40
0.0
 40
0.0
 40
0.0
 40
0.0
 40
0.0167790445283972
 40
0.03459512734249
 40
0.03459512734249
 40
0.03459512734249
 40
0.03459512734249
 10
165.5264810125918
 20
199.6403329013901
 30
0.0
 10
165.5362999796361
 20
199.5845688353147
 30
0.0
 10
165.5565447805056
 20
199.4695941736936
 30
0.0
 10
165.5271103102986
 20
199.3565130812221
 30
0.0
 10
165.5119519050804
 20
199.2982776514672
 30
0.0
  0
SPLINE
  5
F87
330
70
100
AcDbEntity
  8
Visible
100
AcDbSpline
210
0.0
220
0.0
230
1.0
 70
     8
 71
     3
 72
     9
 73
     5
 74
     0
 42
0.000000001
 43
0.0000000001
 40
0.0
 40
0.0
 40
0.0
 40
0.0
 40
0.015668904473846
 40
0.0317806121345527
 40
0.0317806121345527
 40
0.0317806121345527
 40
0.0317806121345527
 10
165.3656921276924
 20
199.9105064136074
 30
0.0
 10
165.4019830074321
 20
199.8720040437729
 30
0.0
 10
165.4755903470468
 20
199.7939112272615
 30
0.0
 10
165.5093606156388
 20
199.6919989952439
 30
0.0
 10
165.5264810125918
 20
199.6403329013901
 30
0.0
  0
SPLINE
  5
F88
330
70
100
AcDbEntity
  8
Visible
100
AcDbSpline
210
0.0
220
0.0
230
1.0
 70
     8
 71
     3
 72
     9
 73
     5
 74
     0
 42
0.000000001
 43
0.0000000001
 40
0.0
 40
0.0
 40
0.0
 40
0.0
 40
0.0146776165921122
 40
0.0299800002637302
 40
0.0299800002637302
 40
0.0299800002637302
 40
0.0299800002637302
 10
165.0993891022863
 20
200.0405776468178
 30
0.0
 10
165.147708319555
 20
200.0293824704931
 30
0.0
 10
165.2464035087505
 20
200.0065155842349
 30
0.0
 10
165.3253806410594
 20
199.9429510209193
 30
0.0
 10
165.3656921276924
 20
199.9105064136074
 30
0.0
  0
SPLINE
  5
F89
330
70
100
AcDbEntity
  8
Visible
100
AcDbSpline
210
0.0
220
0.0
230
1.0
 70
     8
 71
     3
 72
     9
 73
     5
 74
     0
 42
0.000000001
 43
0.0000000001
 40
0.0
 40
0.0
 40
0.0
 40
0.0
 40
0.0177084533938886
 40
0.0331865910910853
 40
0.0331865910910853
 40
0.0331865910910853
 40
0.0331865910910853
 10
164.7749667340795
 20
199.987360160505
 30
0.0
 10
164.8308621753058
 20
200.0085316791374
 30
0.0
 10
164.9356132289722
 20
200.0482082401559
 30
0.0
 10
165.0472991064762
 20
200.0430046073161
 30
0.0
 10
165.0993891022863
 20
200.0405776468178
 30
0.0
  0
ARC
  5
F8A
330
70
100
AcDbEntity
  8
Visible
100
AcDbCircle
 10
165.955969
 20
197.626848
 30
0.0
 40
2.639466345855321
100
AcDbArc
 50
116.579547
 51
126.59311
  0
SPLINE
  5
F8B
330
70
100
AcDbEntity
  8
Visible
100
AcDbSpline
210
0.0
220
0.0
230
1.0
 70
     8
 71
     3
 72
     9
 73
     5
 74
     0
 42
0.000000001
 43
0.0000000001
 40
0.0
 40
0.0
 40
0.0
 40
0.0
 40
0.0154898137586062
 40
0.0425764627207603
 40
0.0425764627207603
 40
0.0425764627207603
 40
0.0425764627207603
 10
164.0083614311261
 20
199.5471110991639
 30
0.0
 10
164.0575323556604
 20
199.5635904582395
 30
0.0
 10
164.1926872431213
 20
199.6088868593651
 30
0.0
 10
164.3087015896526
 20
199.6927161404146
 30
0.0
 10
164.3825085636981
 20
199.7460473512165
 30
0.0
  0
SPLINE
  5
F8C
330
70
100
AcDbEntity
  8
Visible
100
AcDbSpline
210
0.0
220
0.0
230
1.0
 70
     8
 71
     3
 72
     9
 73
     5
 74
     0
 42
0.000000001
 43
0.0000000001
 40
0.0
 40
0.0
 40
0.0
 40
0.0
 40
0.0100131851261928
 40
0.0198429874949278
 40
0.0198429874949278
 40
0.0198429874949278
 40
0.0198429874949278
 10
163.8248935376305
 20
199.6090849291522
 30
0.0
 10
163.852291325149
 20
199.5883389660048
 30
0.0
 10
163.906585133589
 20
199.547226983941
 30
0.0
 10
163.9746456634075
 20
199.5471494886933
 30
0.0
 10
164.0083614311261
 20
199.5471110991639
 30
0.0
  0
SPLINE
  5
F8D
330
70
100
AcDbEntity
  8
Visible
100
AcDbSpline
210
0.0
220
0.0
230
1.0
 70
     8
 71
     3
 72
     9
 73
     5
 74
     0
 42
0.000000001
 43
0.0000000001
 40
0.0
 40
0.0
 40
0.0
 40
0.0
 40
0.0127277858443899
 40
0.0245616139338761
 40
0.0245616139338761
 40
0.0245616139338761
 40
0.0245616139338761
 10
163.7420556712968
 20
199.8331453527316
 30
0.0
 10
163.7426883285934
 20
199.7892507264605
 30
0.0
 10
163.7439092074219
 20
199.7045444878895
 30
0.0
 10
163.7985618161747
 20
199.6401232115513
 30
0.0
 10
163.8248935376305
 20
199.6090849291522
 30
0.0
  0
SPLINE
  5
F8E
330
70
100
AcDbEntity
  8
Visible
100
AcDbSpline
210
0.0
220
0.0
230
1.0
 70
     8
 71
     3
 72
     9
 73
     5
 74
     0
 42
0.000000001
 43
0.0000000001
 40
0.0
 40
0.0
 40
0.0
 40
0.0
 40
0.0208700144101083
 40
0.0365644730992052
 40
0.0365644730992052
 40
0.0365644730992052
 40
0.0365644730992052
 10
163.9127031775588
 20
200.1510678542818
 30
0.0
 10
163.8657398573687
 20
200.0979291917556
 30
0.0
 10
163.78345965267
 20
200.0048297257799
 30
0.0
 10
163.7544901595829
 20
199.8847057885887
 30
0.0
 10
163.7420556712968
 20
199.8331453527316
 30
0.0
  0
SPLINE
  5
F8F
330
70
100
AcDbEntity
  8
Visible
100
AcDbSpline
210
0.0
220
0.0
230
1.0
 70
     8
 71
     3
 72
     9
 73
     5
 74
     0
 42
0.000000001
 43
0.0000000001
 40
0.0
 40
0.0
 40
0.0
 40
0.0
 40
0.0163205983275831
 40
0.0367070832001127
 40
0.0367070832001127
 40
0.0367070832001127
 40
0.0367070832001127
 10
164.2190705813373
 20
200.3434753858419
 30
0.0
 10
164.166236695055
 20
200.3273062646931
 30
0.0
 10
164.0474066239585
 20
200.2909398727606
 30
0.0
 10
163.9608019365787
 20
200.2010121629846
 30
0.0
 10
163.9127031775588
 20
200.1510678542818
 30
0.0
  0
SPLINE
  5
F90
330
70
100
AcDbEntity
  8
Visible
100
AcDbSpline
210
0.0
220
0.0
230
1.0
 70
     8
 71
     3
 72
     9
 73
     5
 74
     0
 42
0.000000001
 43
0.0000000001
 40
0.0
 40
0.0
 40
0.0
 40
0.0
 40
0.0172376325612944
 40
0.032462010660201
 40
0.032462010660201
 40
0.032462010660201
 40
0.032462010660201
 10
164.5241004165655
 20
200.2528660409225
 30
0.0
 10
164.4746721182782
 20
200.2850019388497
 30
0.0
 10
164.3815884572705
 20
200.3455204501588
 30
0.0
 10
164.2709561121028
 20
200.3441282940039
 30
0.0
 10
164.2190705813373
 20
200.3434753858419
 30
0.0
  0
LINE
  5
F91
330
70
100
AcDbEntity
  8
Visible
100
AcDbLine
 10
164.680892
 20
200.453293
 30
0.0
 11
164.5241
 21
200.252866
 31
0.0
  0
SPLINE
  5
F92
330
70
100
AcDbEntity
  8
Visible
100
AcDbSpline
210
0.0
220
0.0
230
1.0
 70
     8
 71
     3
 72
     9
 73
     5
 74
     0
 42
0.000000001
 43
0.0000000001
 40
0.0
 40
0.0
 40
0.0
 40
0.0
 40
0.0164158126321344
 40
0.033326712303486
 40
0.033326712303486
 40
0.033326712303486
 40
0.033326712303486
 10
164.3817925717158
 20
200.5929465768513
 30
0.0
 10
164.4356835317921
 20
200.5803129977321
 30
0.0
 10
164.5450907577669
 20
200.554664821424
 30
0.0
 10
164.6351789708915
 20
200.487416762091
 30
0.0
 10
164.6808922329692
 20
200.4532932285692
 30
0.0
  0
SPLINE
  5
F93
330
70
100
AcDbEntity
  8
Visible
100
AcDbSpline
210
0.0
220
0.0
230
1.0
 70
     8
 71
     3
 72
     9
 73
     5
 74
     0
 42
0.000000001
 43
0.0000000001
 40
0.0
 40
0.0
 40
0.0
 40
0.0
 40
0.0174370352337024
 40
0.0339521618124026
 40
0.0339521618124026
 40
0.0339521618124026
 40
0.0339521618124026
 10
164.0500310428506
 20
200.5418024832798
 30
0.0
 10
164.1049036977947
 20
200.5633783553931
 30
0.0
 10
164.2117478507625
 20
200.6053893676671
 30
0.0
 10
164.326146425863
 20
200.5970184077705
 30
0.0
 10
164.3817925717158
 20
200.5929465768513
 30
0.0
  0
SPLINE
  5
F94
330
70
100
AcDbEntity
  8
Visible
100
AcDbSpline
210
0.0
220
0.0
230
1.0
 70
     8
 71
     3
 72
     9
 73
     5
 74
     0
 42
0.000000001
 43
0.0000000001
 40
0.0
 40
0.0
 40
0.0
 40
0.0
 40
0.0210007593431377
 40
0.0400710557196247
 40
0.0400710557196247
 40
0.0400710557196247
 40
0.0400710557196247
 10
163.7329152759484
 20
200.3001270035365
 30
0.0
 10
163.782096207502
 20
200.3505880268767
 30
0.0
 10
163.8759371880278
 20
200.4468715204821
 30
0.0
 10
163.9938939866097
 20
200.5111917256327
 30
0.0
 10
164.0500310428506
 20
200.5418024832798
 30
0.0
  0
SPLINE
  5
F95
330
70
100
AcDbEntity
  8
Visible
100
AcDbSpline
210
0.0
220
0.0
230
1.0
 70
     8
 71
     3
 72
     9
 73
     5
 74
     0
 42
0.000000001
 43
0.0000000001
 40
0.0
 40
0.0
 40
0.0
 40
0.0
 40
0.0181637346483706
 40
0.0375091632562276
 40
0.0375091632562276
 40
0.0375091632562276
 40
0.0375091632562276
 10
163.5361599591306
 20
199.982923171272
 30
0.0
 10
163.56022529037
 20
200.0388643006718
 30
0.0
 10
163.6099215921349
 20
200.1543859704161
 30
0.0
 10
163.6910652608239
 20
200.2505369412574
 30
0.0
 10
163.7329152759484
 20
200.3001270035365
 30
0.0
  0
SPLINE
  5
F96
330
70
100
AcDbEntity
  8
Visible
100
AcDbSpline
210
0.0
220
0.0
230
1.0
 70
     8
 71
     3
 72
     9
 73
     5
 74
     0
 42
0.000000001
 43
0.0000000001
 40
0.0
 40
0.0
 40
0.0
 40
0.0
 40
0.0156800589399243
 40
0.0324664554033789
 40
0.0324664554033789
 40
0.0324664554033789
 40
0.0324664554033789
 10
163.5148193845362
 20
199.6627627493108
 30
0.0
 10
163.5061847455799
 20
199.7150453220783
 30
0.0
 10
163.4883062336648
 20
199.8232993677848
 30
0.0
 10
163.5198504140499
 20
199.9285200585837
 30
0.0
 10
163.5361599591306
 20
199.982923171272
 30
0.0
  0
SPLINE
  5
F97
330
70
100
AcDbEntity
  8
Visible
100
AcDbSpline
210
0.0
220
0.0
230
1.0
 70
     8
 71
     3
 72
     9
 73
     5
 74
     0
 42
0.000000001
 43
0.0000000001
 40
0.0
 40
0.0
 40
0.0
 40
0.0
 40
0.0148054551691372
 40
0.0299096711804187
 40
0.0299096711804187
 40
0.0299096711804187
 40
0.0299096711804187
 10
163.6661743925779
 20
199.408568282417
 30
0.0
 10
163.6318209893779
 20
199.4449070930659
 30
0.0
 10
163.5624209620273
 20
199.5183179990545
 30
0.0
 10
163.5307918888829
 20
199.6142949353598
 30
0.0
 10
163.5148193845362
 20
199.6627627493108
 30
0.0
  0
SPLINE
  5
F98
330
70
100
AcDbEntity
  8
Visible
100
AcDbSpline
210
0.0
220
0.0
230
1.0
 70
     8
 71
     3
 72
     9
 73
     5
 74
     0
 42
0.000000001
 43
0.0000000001
 40
0.0
 40
0.0
 40
0.0
 40
0.0
 40
0.01290829597176
 40
0.026139320843996
 40
0.026139320843996
 40
0.026139320843996
 40
0.026139320843996
 10
163.8975297289598
 20
199.2928076936114
 30
0.0
 10
163.8553091620779
 20
199.3035569738713
 30
0.0
 10
163.7698124438138
 20
199.3253242843002
 30
0.0
 10
163.7010035922885
 20
199.3805928255224
 30
0.0
 10
163.6661743925779
 20
199.408568282417
 30
0.0
  0
SPLINE
  5
F99
330
70
100
AcDbEntity
  8
Visible
100
AcDbSpline
210
0.0
220
0.0
230
1.0
 70
     8
 71
     3
 72
     9
 73
     5
 74
     0
 42
0.000000001
 43
0.0000000001
 40
0.0
 40
0.0
 40
0.0
 40
0.0
 40
0.0150642469974544
 40
0.0285800576240089
 40
0.0285800576240089
 40
0.0285800576240089
 40
0.0285800576240089
 10
164.1789797131659
 20
199.3251972452908
 30
0.0
 10
164.1305760020859
 20
199.3098007577791
 30
0.0
 10
164.0387439409078
 20
199.2805903697463
 30
0.0
 10
163.9428696785981
 20
199.2888850512572
 30
0.0
 10
163.8975297289598
 20
199.2928076936114
 30
0.0
  0
ARC
  5
F9A
330
70
100
AcDbEntity
  8
Visible
100
AcDbCircle
 10
163.458162
 20
200.995685
 30
0.0
 40
1.819370012393892
100
AcDbArc
 50
293.340274
 51
306.145237
  0
ARC
  5
F9B
330
70
100
AcDbEntity
  8
Visible
100
AcDbCircle
 10
166.567568
 20
196.655447
 30
0.0
 40
3.519854698287795
100
AcDbArc
 50
119.3336
 51
125.345992
  0
SPLINE
  5
F9C
330
70
100
AcDbEntity
  8
Visible
100
AcDbSpline
210
0.0
220
0.0
230
1.0
 70
     8
 71
     3
 72
     9
 73
     5
 74
     0
 42
0.000000001
 43
0.0000000001
 40
0.0
 40
0.0
 40
0.0
 40
0.0
 40
0.0096981254188203
 40
0.0217250831649888
 40
0.0217250831649888
 40
0.0217250831649888
 40
0.0217250831649888
 10
165.0517309782353
 20
199.7776205141781
 30
0.0
 10
165.0191175855288
 20
199.7762007535948
 30
0.0
 10
164.9460592739215
 20
199.7730203021765
 30
0.0
 10
164.879860786792
 20
199.741463270011
 30
0.0
 10
164.8432134514733
 20
199.7239933671535
 30
0.0
  0
SPLINE
  5
F9D
330
70
100
AcDbEntity
  8
Visible
100
AcDbSpline
210
0.0
220
0.0
230
1.0
 70
     8
 71
     3
 72
     9
 73
     5
 74
     0
 42
0.000000001
 43
0.0000000001
 40
0.0
 40
0.0
 40
0.0
 40
0.0
 40
0.00892143845775
 40
0.0175734613034787
 40
0.0175734613034787
 40
0.0175734613034787
 40
0.0175734613034787
 10
165.2099983160096
 20
199.7072331014351
 30
0.0
 10
165.1862421439364
 20
199.7259968523267
 30
0.0
 10
165.1394472046868
 20
199.7629577137159
 30
0.0
 10
165.080669349436
 20
199.7727831245665
 30
0.0
 10
165.0517309782353
 20
199.7776205141781
 30
0.0
  0
SPLINE
  5
F9E
330
70
100
AcDbEntity
  8
Visible
100
AcDbSpline
210
0.0
220
0.0
230
1.0
 70
     8
 71
     3
 72
     9
 73
     5
 74
     0
 42
0.000000001
 43
0.0000000001
 40
0.0
 40
0.0
 40
0.0
 40
0.0
 40
0.0092365035913934
 40
0.018266969706679
 40
0.018266969706679
 40
0.018266969706679
 40
0.018266969706679
 10
165.2984200303944
 20
199.5500663173898
 30
0.0
 10
165.289904624813
 20
199.5801653182316
 30
0.0
 10
165.2730637656896
 20
199.6396919054441
 30
0.0
 10
165.2308614626472
 20
199.6848893001424
 30
0.0
 10
165.2099983160096
 20
199.7072331014351
 30
0.0
  0
SPLINE
  5
F9F
330
70
100
AcDbEntity
  8
Visible
100
AcDbSpline
210
0.0
220
0.0
230
1.0
 70
     8
 71
     3
 72
     9
 73
     5
 74
     0
 42
0.000000001
 43
0.0000000001
 40
0.0
 40
0.0
 40
0.0
 40
0.0
 40
0.0114347646646766
 40
0.0214437468047168
 40
0.0214437468047168
 40
0.0214437468047168
 40
0.0214437468047168
 10
165.2734436242735
 20
199.3393458190858
 30
0.0
 10
165.2859167767674
 20
199.3759278332691
 30
0.0
 10
165.3093078243091
 20
199.4445305087756
 30
0.0
 10
165.3018847769672
 20
199.5164823944996
 30
0.0
 10
165.2984200303944
 20
199.5500663173898
 30
0.0
  0
SPLINE
  5
FA0
330
70
100
AcDbEntity
  8
Visible
100
AcDbSpline
210
0.0
220
0.0
230
1.0
 70
     8
 71
     3
 72
     9
 73
     5
 74
     0
 42
0.000000001
 43
0.0000000001
 40
0.0
 40
0.0
 40
0.0
 40
0.0
 40
0.0143008366715743
 40
0.0272323892441196
 40
0.0272323892441196
 40
0.0272323892441196
 40
0.0272323892441196
 10
165.1266229208631
 20
199.1113760321568
 30
0.0
 10
165.1578109105849
 20
199.147783484721
 30
0.0
 10
165.21720068584
 20
199.2171124297601
 30
0.0
 10
165.2553351298811
 20
199.2999904314238
 30
0.0
 10
165.2734436242735
 20
199.3393458190858
 30
0.0
  0
SPLINE
  5
FA1
330
70
100
AcDbEntity
  8
Visible
100
AcDbSpline
210
0.0
220
0.0
230
1.0
 70
     8
 71
     3
 72
     9
 73
     5
 74
     0
 42
0.000000001
 43
0.0000000001
 40
0.0
 40
0.0
 40
0.0
 40
0.0
 40
0.015163172586576
 40
0.0314315106192585
 40
0.0314315106192585
 40
0.0314315106192585
 40
0.0314315106192585
 10
164.8760121890518
 20
198.9244559841427
 30
0.0
 10
164.9210176714823
 20
198.9481566775412
 30
0.0
 10
165.0143088538425
 20
198.997285485646
 30
0.0
 10
165.0883174909777
 20
199.0724647225943
 30
0.0
 10
165.1266229208631
 20
199.1113760321568
 30
0.0
  0
SPLINE
  5
FA2
330
70
100
AcDbEntity
  8
Visible
100
AcDbSpline
210
0.0
220
0.0
230
1.0
 70
     8
 71
     3
 72
     9
 73
     5
 74
     0
 42
0.000000001
 43
0.0000000001
 40
0.0
 40
0.0
 40
0.0
 40
0.0
 40
0.0120019462201877
 40
0.025693751767702
 40
0.025693751767702
 40
0.025693751767702
 40
0.025693751767702
 10
164.6255211638836
 20
198.8804673540235
 30
0.0
 10
164.6659545295206
 20
198.8786910769122
 30
0.0
 10
164.7525142291561
 20
198.8748884250453
 30
0.0
 10
164.8330799527793
 20
198.9072245565112
 30
0.0
 10
164.8760121890518
 20
198.9244559841427
 30
0.0
  0
SPLINE
  5
FA3
330
70
100
AcDbEntity
  8
Visible
100
AcDbSpline
210
0.0
220
0.0
230
1.0
 70
     8
 71
     3
 72
     9
 73
     5
 74
     0
 42
0.000000001
 43
0.0000000001
 40
0.0
 40
0.0
 40
0.0
 40
0.0
 40
0.0139745583757252
 40
0.0261550269882281
 40
0.0261550269882281
 40
0.0261550269882281
 40
0.0261550269882281
 10
164.3879128851404
 20
198.9853145865636
 30
0.0
 10
164.4270221975111
 20
198.9592058109811
 30
0.0
 10
164.5002198680977
 20
198.9103401716093
 30
0.0
 10
164.5857087530476
 20
198.8899589469001
 30
0.0
 10
164.6255211638836
 20
198.8804673540235
 30
0.0
  0
LINE
  5
FA4
330
70
100
AcDbEntity
  8
Visible
100
AcDbLine
 10
164.235894
 20
198.786075
 30
0.0
 11
164.387913
 21
198.985315
 31
0.0
  0
SPLINE
  5
FA5
330
70
100
AcDbEntity
  8
Visible
100
AcDbSpline
210
0.0
220
0.0
230
1.0
 70
     8
 71
     3
 72
     9
 73
     5
 74
     0
 42
0.000000001
 43
0.0000000001
 40
0.0
 40
0.0
 40
0.0
 40
0.0
 40
0.0187130295528205
 40
0.0379654458831241
 40
0.0379654458831241
 40
0.0379654458831241
 40
0.0379654458831241
 10
164.5755774886947
 20
198.6251298743536
 30
0.0
 10
164.514131895512
 20
198.6396154800804
 30
0.0
 10
164.3894695934414
 20
198.6690042264999
 30
0.0
 10
164.2875686449442
 20
198.7466835796404
 30
0.0
 10
164.2358943016206
 20
198.7860750634517
 30
0.0
  0
CIRCLE
  5
FA6
330
70
100
AcDbEntity
  8
Visible
100
AcDbCircle
 10
-160.310561
 20
209.240926
 30
0.0
 40
4.500000000000001
210
0.0
220
0.0
230
-1.0
  0
CIRCLE
  5
FA7
330
70
100
AcDbEntity
  8
Visible
100
AcDbCircle
 10
-161.60882
 20
99.533739
 30
0.0
 40
4.500000000000001
210
0.0
220
0.0
230
-1.0
  0
CIRCLE
  5
FA8
330
70
100
AcDbEntity
  8
Visible
100
AcDbCircle
 10
-270.017748
 20
210.539185
 30
0.0
 40
4.50000000000001
210
0.0
220
0.0
230
-1.0
  0
CIRCLE
  5
FA9
330
70
100
AcDbEntity
  8
Visible
100
AcDbCircle
 10
-271.316007
 20
100.831999
 30
0.0
 40
4.499999999999992
210
0.0
220
0.0
230
-1.0
  0
ARC
  5
FAA
330
70
100
AcDbEntity
  8
Visible
100
AcDbCircle
 10
-270.017748
 20
210.539185
 30
0.0
 40
10.5
210
0.0
220
0.0
230
-1.0
100
AcDbArc
 50
26.370467
 51
62.437952
  0
LINE
  5
FAB
330
70
100
AcDbEntity
  8
Visible
100
AcDbLine
 10
265.159304
 20
219.847543
 30
0.0
 11
266.642269
 21
218.34022
 31
0.0
  0
ARC
  5
FAC
330
70
100
AcDbEntity
  8
Visible
100
AcDbCircle
 10
270.017748
 20
210.539185
 30
0.0
 40
8.499999999999996
100
AcDbArc
 50
113.397953
 51
158.370145
  0
LINE
  5
FAD
330
70
100
AcDbEntity
  8
Visible
100
AcDbLine
 10
262.116279
 20
213.672362
 30
0.0
 11
260.610369
 21
215.203006
 31
0.0
  0
ARC
  5
FAE
330
70
100
AcDbEntity
  8
Visible
100
AcDbCircle
 10
-161.60882
 20
99.533739
 30
0.0
 40
10.5
210
0.0
220
0.0
230
-1.0
100
AcDbArc
 50
206.370467
 51
242.437952
  0
LINE
  5
FAF
330
70
100
AcDbEntity
  8
Visible
100
AcDbLine
 10
166.467264
 20
90.225382
 30
0.0
 11
164.984299
 21
91.732705
 31
0.0
  0
ARC
  5
FB0
330
70
100
AcDbEntity
  8
Visible
100
AcDbCircle
 10
161.60882
 20
99.533739
 30
0.0
 40
8.5
100
AcDbArc
 50
293.397953
 51
338.370145
  0
LINE
  5
FB1
330
70
100
AcDbEntity
  8
Visible
100
AcDbLine
 10
169.510289
 20
96.400563
 30
0.0
 11
171.016199
 21
94.869918
 31
0.0
  0
ARC
  5
FB2
330
70
100
AcDbEntity
  8
Visible
100
AcDbCircle
 10
-271.316007
 20
100.831999
 30
0.0
 40
10.5
210
0.0
220
0.0
230
-1.0
100
AcDbArc
 50
298.49544
 51
334.562925
  0
LINE
  5
FB3
330
70
100
AcDbEntity
  8
Visible
100
AcDbLine
 10
261.833903
 20
96.322043
 30
0.0
 11
263.364547
 21
97.827953
 31
0.0
  0
ARC
  5
FB4
330
70
100
AcDbEntity
  8
Visible
100
AcDbCircle
 10
271.316007
 20
100.831999
 30
0.0
 40
8.499999999999996
100
AcDbArc
 50
200.696464
 51
245.668655
  0
LINE
  5
FB5
330
70
100
AcDbEntity
  8
Visible
100
AcDbLine
 10
267.813897
 20
93.086985
 30
0.0
 11
266.306574
 21
91.60402
 31
0.0
  0
ARC
  5
FB6
330
70
100
AcDbEntity
  8
Visible
100
AcDbCircle
 10
-160.310561
 20
209.240926
 30
0.0
 40
10.5
210
0.0
220
0.0
230
-1.0
100
AcDbArc
 50
296.370467
 51
332.437952
  0
LINE
  5
FB7
330
70
100
AcDbEntity
  8
Visible
100
AcDbLine
 10
151.002203
 20
204.382482
 30
0.0
 11
152.509526
 21
205.865448
 31
0.0
  0
ARC
  5
FB8
330
70
100
AcDbEntity
  8
Visible
100
AcDbCircle
 10
160.310561
 20
209.240926
 30
0.0
 40
8.5
100
AcDbArc
 50
203.397953
 51
248.370145
  0
LINE
  5
FB9
330
70
100
AcDbEntity
  8
Visible
100
AcDbLine
 10
157.177385
 20
201.339458
 30
0.0
 11
155.64674
 21
199.833547
 31
0.0
  0
ARC
  5
FBA
330
70
100
AcDbEntity
  8
Visible
100
AcDbCircle
 10
-270.017748
 20
210.539185
 30
0.0
 40
10.5
210
0.0
220
0.0
230
-1.0
100
AcDbArc
 50
208.49544
 51
244.562925
  0
LINE
  5
FBB
330
70
100
AcDbEntity
  8
Visible
100
AcDbLine
 10
274.527703
 20
201.057081
 30
0.0
 11
273.021793
 21
202.587726
 31
0.0
  0
ARC
  5
FBC
330
70
100
AcDbEntity
  8
Visible
100
AcDbCircle
 10
270.017748
 20
210.539185
 30
0.0
 40
8.499999999999998
100
AcDbArc
 50
290.696464
 51
335.668655
  0
LINE
  5
FBD
330
70
100
AcDbEntity
  8
Visible
100
AcDbLine
 10
277.762761
 20
207.037076
 30
0.0
 11
279.245726
 21
205.529753
 31
0.0
  0
ARC
  5
FBE
330
70
100
AcDbEntity
  8
Visible
100
AcDbCircle
 10
-161.60882
 20
99.533739
 30
0.0
 40
10.5
210
0.0
220
0.0
230
-1.0
100
AcDbArc
 50
28.49544
 51
64.562925
  0
LINE
  5
FBF
330
70
100
AcDbEntity
  8
Visible
100
AcDbLine
 10
157.098865
 20
109.015844
 30
0.0
 11
158.604775
 21
107.485199
 31
0.0
  0
ARC
  5
FC0
330
70
100
AcDbEntity
  8
Visible
100
AcDbCircle
 10
161.60882
 20
99.533739
 30
0.0
 40
8.5
100
AcDbArc
 50
110.696464
 51
155.668655
  0
LINE
  5
FC1
330
70
100
AcDbEntity
  8
Visible
100
AcDbLine
 10
153.863807
 20
103.035849
 30
0.0
 11
152.380842
 21
104.543172
 31
0.0
  0
ARC
  5
FC2
330
70
100
AcDbEntity
  8
Visible
100
AcDbCircle
 10
-271.316007
 20
100.831999
 30
0.0
 40
10.5
210
0.0
220
0.0
230
-1.0
100
AcDbArc
 50
116.370467
 51
152.437952
  0
LINE
  5
FC3
330
70
100
AcDbEntity
  8
Visible
100
AcDbLine
 10
280.624365
 20
105.690442
 30
0.0
 11
279.117042
 21
104.207477
 31
0.0
  0
ARC
  5
FC4
330
70
100
AcDbEntity
  8
Visible
100
AcDbCircle
 10
271.316007
 20
100.831999
 30
0.0
 40
8.499999999999996
100
AcDbArc
 50
23.397953
 51
68.370145
  0
LINE
  5
FC5
330
70
100
AcDbEntity
  8
Visible
100
AcDbLine
 10
274.449183
 20
108.733467
 30
0.0
 11
275.979828
 21
110.239377
 31
0.0
  0
ARC
  5
FC6
330
70
100
AcDbEntity
  8
Visible
100
AcDbCircle
 10
-160.310561
 20
209.240926
 30
0.0
 40
10.5
210
0.0
220
0.0
230
-1.0
100
AcDbArc
 50
118.49544
 51
154.562925
  0
LINE
  5
FC7
330
70
100
AcDbEntity
  8
Visible
100
AcDbLine
 10
169.792665
 20
213.750882
 30
0.0
 11
168.262021
 21
212.244972
 31
0.0
  0
ARC
  5
FC8
330
70
100
AcDbEntity
  8
Visible
100
AcDbCircle
 10
160.310561
 20
209.240926
 30
0.0
 40
8.500000000000001
100
AcDbArc
 50
20.696464
 51
65.668655
  0
LINE
  5
FC9
330
70
100
AcDbEntity
  8
Visible
100
AcDbLine
 10
163.812671
 20
216.985939
 30
0.0
 11
165.319994
 21
218.468905
 31
0.0
  0
CIRCLE
  5
FCA
330
70
100
AcDbEntity
  8
Visible
100
AcDbCircle
 10
-215.808819
 20
228.03374
 30
0.0
 40
1.499999999999999
210
0.0
220
0.0
230
-1.0
  0
CIRCLE
  5
FCB
330
70
100
AcDbEntity
  8
Visible
100
AcDbCircle
 10
-142.808821
 20
155.033738
 30
0.0
 40
1.500000000000003
210
0.0
220
0.0
230
-1.0
  0
CIRCLE
  5
FCC
330
70
100
AcDbEntity
  8
Visible
100
AcDbCircle
 10
-288.808821
 20
155.033742
 30
0.0
 40
1.500000000000003
210
0.0
220
0.0
230
-1.0
  0
CIRCLE
  5
FCD
330
70
100
AcDbEntity
  8
Visible
100
AcDbCircle
 10
-215.808823
 20
82.03374
 30
0.0
 40
1.499999999999999
210
0.0
220
0.0
230
-1.0
  0
CIRCLE
  5
FCE
330
70
100
AcDbEntity
  8
Visible
100
AcDbCircle
 10
-268.812656
 20
63.237407
 30
0.0
 40
1.999999999999992
210
0.0
220
0.0
230
-1.0
  0
LINE
  5
FCF
330
70
100
AcDbEntity
  8
Visible
100
AcDbLine
 10
132.126206
 20
178.572727
 30
0.0
 11
132.126206
 21
192.472727
 31
0.0
  0
LINE
  5
FD0
330
70
100
AcDbEntity
  8
Visible
100
AcDbLine
 10
132.126206
 20
192.472727
 30
0.0
 11
146.026206
 21
192.472727
 31
0.0
  0
LINE
  5
FD1
330
70
100
AcDbEntity
  8
Visible
100
AcDbLine
 10
146.026206
 20
192.472727
 30
0.0
 11
146.026206
 21
178.572727
 31
0.0
  0
LINE
  5
FD2
330
70
100
AcDbEntity
  8
Visible
100
AcDbLine
 10
146.026206
 20
178.572727
 30
0.0
 11
132.126206
 21
178.572727
 31
0.0
  0
CIRCLE
  5
FD3
330
70
100
AcDbEntity
  8
Visible
100
AcDbCircle
 10
-162.812656
 20
63.238132
 30
0.0
 40
1.999999999999999
210
0.0
220
0.0
230
-1.0
  0
CIRCLE
  5
FD4
330
70
100
AcDbEntity
  8
Visible
100
AcDbCircle
 10
-109.813284
 20
155.037188
 30
0.0
 40
2.000000000000001
210
0.0
220
0.0
230
-1.0
  0
LINE
  5
FD5
330
70
100
AcDbEntity
  8
Visible
100
AcDbLine
 10
192.277019
 20
85.249385
 30
0.0
 11
192.277019
 21
71.349385
 31
0.0
  0
LINE
  5
FD6
330
70
100
AcDbEntity
  8
Visible
100
AcDbLine
 10
192.277019
 20
71.349385
 30
0.0
 11
178.377019
 21
71.349385
 31
0.0
  0
LINE
  5
FD7
330
70
100
AcDbEntity
  8
Visible
100
AcDbLine
 10
178.377019
 20
71.349385
 30
0.0
 11
178.377019
 21
85.249385
 31
0.0
  0
LINE
  5
FD8
330
70
100
AcDbEntity
  8
Visible
100
AcDbLine
 10
178.377019
 20
85.249385
 30
0.0
 11
192.277019
 21
85.249385
 31
0.0
  0
CIRCLE
  5
FD9
330
70
100
AcDbEntity
  8
Visible
100
AcDbCircle
 10
-215.813284
 20
155.036462
 30
0.0
 40
41.5
210
0.0
220
0.0
230
-1.0
  0
LINE
  5
FDA
330
70
100
AcDbEntity
  8
Visible
100
AcDbLine
 10
146.562789
 20
131.486161
 30
0.0
 11
146.562789
 21
117.586161
 31
0.0
  0
LINE
  5
FDB
330
70
100
AcDbEntity
  8
Visible
100
AcDbLine
 10
146.562789
 20
117.586161
 30
0.0
 11
132.662789
 21
117.586161
 31
0.0
  0
LINE
  5
FDC
330
70
100
AcDbEntity
  8
Visible
100
AcDbLine
 10
132.662789
 20
117.586161
 30
0.0
 11
132.662789
 21
131.486161
 31
0.0
  0
LINE
  5
FDD
330
70
100
AcDbEntity
  8
Visible
100
AcDbLine
 10
132.662789
 20
131.486161
 30
0.0
 11
146.562789
 21
131.486161
 31
0.0
  0
LINE
  5
FDE
330
70
100
AcDbEntity
  8
Visible
100
AcDbLine
 10
298.963779
 20
192.486764
 30
0.0
 11
298.963779
 21
178.586764
 31
0.0
  0
LINE
  5
FDF
330
70
100
AcDbEntity
  8
Visible
100
AcDbLine
 10
298.963779
 20
178.586764
 30
0.0
 11
285.063779
 21
178.586764
 31
0.0
  0
LINE
  5
FE0
330
70
100
AcDbEntity
  8
Visible
100
AcDbLine
 10
285.063779
 20
178.586764
 30
0.0
 11
285.063779
 21
192.486764
 31
0.0
  0
LINE
  5
FE1
330
70
100
AcDbEntity
  8
Visible
100
AcDbLine
 10
285.063779
 20
192.486764
 30
0.0
 11
298.963779
 21
192.486764
 31
0.0
  0
LINE
  5
FE2
330
70
100
AcDbEntity
  8
Visible
100
AcDbLine
 10
299.500362
 20
131.500198
 30
0.0
 11
299.500362
 21
117.600198
 31
0.0
  0
LINE
  5
FE3
330
70
100
AcDbEntity
  8
Visible
100
AcDbLine
 10
299.500362
 20
117.600198
 30
0.0
 11
285.600362
 21
117.600198
 31
0.0
  0
LINE
  5
FE4
330
70
100
AcDbEntity
  8
Visible
100
AcDbLine
 10
285.600362
 20
117.600198
 30
0.0
 11
285.600362
 21
131.500198
 31
0.0
  0
LINE
  5
FE5
330
70
100
AcDbEntity
  8
Visible
100
AcDbLine
 10
285.600362
 20
131.500198
 30
0.0
 11
299.500362
 21
131.500198
 31
0.0
  0
CIRCLE
  5
FE6
330
70
100
AcDbEntity
  8
Visible
100
AcDbCircle
 10
-268.813912
 20
246.834793
 30
0.0
 40
1.999999999999992
210
0.0
220
0.0
230
-1.0
  0
LINE
  5
FE7
330
70
100
AcDbEntity
  8
Visible
100
AcDbLine
 10
239.349548
 20
238.72354
 30
0.0
 11
253.249548
 21
238.72354
 31
0.0
  0
LINE
  5
FE8
330
70
100
AcDbEntity
  8
Visible
100
AcDbLine
 10
253.249548
 20
238.72354
 30
0.0
 11
253.249548
 21
224.82354
 31
0.0
  0
LINE
  5
FE9
330
70
100
AcDbEntity
  8
Visible
100
AcDbLine
 10
253.249548
 20
224.82354
 30
0.0
 11
239.349548
 21
224.82354
 31
0.0
  0
LINE
  5
FEA
330
70
100
AcDbEntity
  8
Visible
100
AcDbLine
 10
239.349548
 20
224.82354
 30
0.0
 11
239.349548
 21
238.72354
 31
0.0
  0
LINE
  5
FEB
330
70
100
AcDbEntity
  8
Visible
100
AcDbLine
 10
253.263586
 20
71.885967
 30
0.0
 11
239.363586
 21
71.885967
 31
0.0
  0
LINE
  5
FEC
330
70
100
AcDbEntity
  8
Visible
100
AcDbLine
 10
239.363586
 20
71.885967
 30
0.0
 11
239.363586
 21
85.785967
 31
0.0
  0
LINE
  5
FED
330
70
100
AcDbEntity
  8
Visible
100
AcDbLine
 10
239.363586
 20
85.785967
 30
0.0
 11
253.263586
 21
85.785967
 31
0.0
  0
LINE
  5
FEE
330
70
100
AcDbEntity
  8
Visible
100
AcDbLine
 10
253.263586
 20
85.785967
 30
0.0
 11
253.263586
 21
71.885967
 31
0.0
  0
CIRCLE
  5
FEF
330
70
100
AcDbEntity
  8
Visible
100
AcDbCircle
 10
-321.813284
 20
155.035737
 30
0.0
 40
1.999999999999992
210
0.0
220
0.0
230
-1.0
  0
LINE
  5
FF0
330
70
100
AcDbEntity
  8
Visible
100
AcDbLine
 10
178.362982
 20
238.186957
 30
0.0
 11
192.262982
 21
238.186957
 31
0.0
  0
LINE
  5
FF1
330
70
100
AcDbEntity
  8
Visible
100
AcDbLine
 10
192.262982
 20
238.186957
 30
0.0
 11
192.262982
 21
224.286957
 31
0.0
  0
LINE
  5
FF2
330
70
100
AcDbEntity
  8
Visible
100
AcDbLine
 10
192.262982
 20
224.286957
 30
0.0
 11
178.362982
 21
224.286957
 31
0.0
  0
LINE
  5
FF3
330
70
100
AcDbEntity
  8
Visible
100
AcDbLine
 10
178.362982
 20
224.286957
 30
0.0
 11
178.362982
 21
238.186957
 31
0.0
  0
CIRCLE
  5
FF4
330
70
100
AcDbEntity
  8
Visible
100
AcDbCircle
 10
-162.813912
 20
246.835518
 30
0.0
 40
1.999999999999999
210
0.0
220
0.0
230
-1.0
  0
CIRCLE
  5
FF5
330
70
100
AcDbEntity
  8
Visible
100
AcDbCircle
 10
215.813284
 20
155.036462
 30
0.0
 40
112.0
  0
ENDSEC
  0
SECTION
  2
OBJECTS
  0
DICTIONARY
  5
C
330
0
100
AcDbDictionary
281
     1
  3
ACAD_COLOR
350
63
  3
ACAD_DETAILVIEWSTYLE
350
6A
  3
ACAD_GROUP
350
D
  3
ACAD_LAYOUT
350
62
  3
ACAD_MATERIAL
350
10
  3
ACAD_MLEADERSTYLE
350
66
  3
ACAD_MLINESTYLE
350
5F
  3
ACAD_PLOTSETTINGS
350
61
  3
ACAD_PLOTSTYLENAME
350
E
  3
ACAD_SCALELIST
350
42
  3
ACAD_SECTIONVIEWSTYLE
350
68
  3
ACAD_TABLESTYLE
350
64
  3
ACAD_VISUALSTYLE
350
29
  3
ACDB_RECOMPOSE_DATA
350
1000
  3
AcDbVariableDictionary
350
FF7
  0
DICTIONARY
  5
9E
330
70
100
AcDbDictionary
280
     1
281
     1
  3
ACAD_SORTENTS
360
9F
  0
DICTIONARY
  5
63
102
{ACAD_REACTORS
330
C
102
}
330
C
100
AcDbDictionary
281
     1
  0
DICTIONARY
  5
6A
102
{ACAD_REACTORS
330
C
102
}
330
C
100
AcDbDictionary
281
     1
  3
Imperial24
350
6B
  0
DICTIONARY
  5
D
102
{ACAD_REACTORS
330
C
102
}
330
C
100
AcDbDictionary
281
     1
  0
DICTIONARY
  5
62
102
{ACAD_REACTORS
330
C
102
}
330
C
100
AcDbDictionary
281
     1
  3
Model
350
73
  3
Sheet1
350
6F
  3
Sheet2
350
77
  0
DICTIONARY
  5
10
102
{ACAD_REACTORS
330
C
102
}
330
C
100
AcDbDictionary
281
     1
  3
ByBlock
350
19
  3
ByLayer
350
11
  3
Global
350
21
  0
DICTIONARY
  5
66
102
{ACAD_REACTORS
330
C
102
}
330
C
100
AcDbDictionary
281
     1
  3
Standard
350
67
  0
DICTIONARY
  5
5F
102
{ACAD_REACTORS
330
C
102
}
330
C
100
AcDbDictionary
281
     1
  3
Standard
350
60
  0
DICTIONARY
  5
61
102
{ACAD_REACTORS
330
C
102
}
330
C
100
AcDbDictionary
281
     1
  0
ACDBDICTIONARYWDFLT
  5
E
102
{ACAD_REACTORS
330
C
102
}
330
C
100
AcDbDictionary
281
     1
  3
Normal
350
F
100
AcDbDictionaryWithDefault
340
F
  0
DICTIONARY
  5
42
102
{ACAD_REACTORS
330
C
102
}
330
C
100
AcDbDictionary
281
     1
  3
A0
350
43
  3
A1
350
44
  3
A2
350
45
  3
A3
350
46
  3
A4
350
47
  3
A5
350
48
  3
A6
350
49
  3
A7
350
4A
  3
A8
350
4B
  3
A9
350
4C
  3
B0
350
4D
  3
B1
350
4E
  3
B2
350
4F
  3
B3
350
50
  3
B4
350
51
  3
B5
350
52
  3
B6
350
53
  0
DICTIONARY
  5
68
102
{ACAD_REACTORS
330
C
102
}
330
C
100
AcDbDictionary
281
     1
  3
Imperial24
350
69
  0
DICTIONARY
  5
64
102
{ACAD_REACTORS
330
C
102
}
330
C
100
AcDbDictionary
281
     1
  3
Standard
350
65
  0
DICTIONARY
  5
29
102
{ACAD_REACTORS
330
C
102
}
330
C
100
AcDbDictionary
281
     1
  3
2dWireframe
350
2F
  3
Basic
350
2E
  3
Brighten
350
35
  3
ColorChange
350
39
  3
Conceptual
350
32
  3
Dim
350
34
  3
EdgeColorOff
350
41
  3
Facepattern
350
38
  3
Flat
350
2A
  3
FlatWithEdges
350
2B
  3
Gouraud
350
2C
  3
GouraudWithEdges
350
2D
  3
Hidden
350
31
  3
JitterOff
350
3F
  3
Linepattern
350
37
  3
OverhangOff
350
40
  3
Realistic
350
33
  3
Shaded
350
3E
  3
Shaded with edges
350
3D
  3
Shades of Gray
350
3A
  3
Sketchy
350
3B
  3
Thicken
350
36
  3
Wireframe
350
30
  3
X-Ray
350
3C
  0
XRECORD
  5
1000
102
{ACAD_REACTORS
330
C
102
}
330
C
100
AcDbXrecord
280
     1
 90
        1
330
65
  0
DICTIONARY
  5
FF7
102
{ACAD_REACTORS
330
C
102
}
330
C
100
AcDbDictionary
281
     1
  3
ANNOALLVISIBLE
350
FFC
  3
CANNOSCALE
350
FFD
  3
CMLEADERSTYLE
350
FF9
  3
CTABLESTYLE
350
FF8
  3
CVIEWDETAILSTYLE
350
FFA
  3
CVIEWSECTIONSTYLE
350
FFB
  0
SORTENTSTABLE
  5
9F
102
{ACAD_REACTORS
330
9E
102
}
330
9E
100
AcDbSortentsTable
330
70
  0
ACDBDETAILVIEWSTYLE
  5
6B
102
{ACAD_XDICTIONARY
360
1003
102
}
102
{ACAD_REACTORS
330
6A
102
}
330
6A
100
AcDbModelDocViewStyle
 70
     0
  3
Imperial24
290
     0
100
AcDbDetailViewStyle
 70
     0
 71
     0
 90
        3
 71
     1
340
55
 62
   256
 40
0.24
340
0
 62
   256
 40
0.24
300

 40
0.36
280
     3
 71
     2
340
5D
 90
       25
 62
   256
 71
     3
340
55
 62
   256
 40
0.24
 90
        1
 40
0.75
 90
        1
300
%<\AcVar ViewType \f "%tc1">% %<\AcVar ViewDetailId>%\PSCALE %<\AcVar ViewScale \f "%sn">%
 71
     4
340
5D
 90
       25
 62
   256
340
5D
 90
       25
 62
   256
280
     0
  0
LAYOUT
  5
73
102
{ACAD_REACTORS
330
62
102
}
330
62
100
AcDbPlotSettings
  1

  2
AutoCAD PDF (High Quality Print).pc3
  4
ISO_full_bleed_A3_(420.00_x_297.00_MM)
  6

 40
0.0
 41
0.0
 42
0.0
 43
0.0
 44
420.0
 45
297.0
 46
0.0
 47
0.0
 48
0.0
 49
0.0
140
0.0
141
0.0
142
1.0
143
1.77236
 70
 11952
 72
     1
 73
     0
 74
     0
  7

 75
     0
147
0.564219
 76
     0
 77
     2
 78
   300
148
162.195699
149
8.956227
100
AcDbLayout
  1
Model
 70
     1
 71
     0
 10
0.0
 20
0.0
 11
12.0
 21
9.0
 12
0.0
 22
0.0
 32
0.0
 14
0.0
 24
0.0
 34
0.0
 15
0.0
 25
0.0
 35
0.0
146
0.0
 13
0.0
 23
0.0
 33
0.0
 16
1.0
 26
0.0
 36
0.0
 17
0.0
 27
1.0
 37
0.0
 76
     0
330
70
1001
ACAD_PSEXT
1000
AutoCAD PDF (High Quality Print).pc3
1000
DWG To PDF
1000
File
1000

1070
     0
  0
LAYOUT
  5
6F
102
{ACAD_REACTORS
330
62
102
}
330
62
100
AcDbPlotSettings
  1

  2
None
  4

  6

 40
0.0
 41
0.0
 42
0.0
 43
0.0
 44
0.0
 45
0.0
 46
0.0
 47
0.0
 48
0.0
 49
0.0
140
0.0
141
0.0
142
1.0
143
1.0
 70
   688
 72
     0
 73
     0
 74
     5
  7

 75
    16
147
1.0
 76
     0
 77
     2
 78
   300
148
0.0
149
0.0
100
AcDbLayout
  1
Sheet1
 70
     1
 71
     1
 10
0.0
 20
0.0
 11
12.0
 21
9.0
 12
0.0
 22
0.0
 32
0.0
 14
0.0
 24
0.0
 34
0.0
 15
0.0
 25
0.0
 35
0.0
146
0.0
 13
0.0
 23
0.0
 33
0.0
 16
1.0
 26
0.0
 36
0.0
 17
0.0
 27
1.0
 37
0.0
 76
     0
330
6C
  0
LAYOUT
  5
77
102
{ACAD_REACTORS
330
62
102
}
330
62
100
AcDbPlotSettings
  1

  2
None
  4

  6

 40
0.0
 41
0.0
 42
0.0
 43
0.0
 44
0.0
 45
0.0
 46
0.0
 47
0.0
 48
0.0
 49
0.0
140
0.0
141
0.0
142
1.0
143
1.0
 70
   688
 72
     0
 73
     0
 74
     5
  7

 75
    16
147
1.0
 76
     0
 77
     2
 78
   300
148
0.0
149
0.0
100
AcDbLayout
  1
Sheet2
 70
     1
 71
     2
 10
0.0
 20
0.0
 11
12.0
 21
9.0
 12
0.0
 22
0.0
 32
0.0
 14
0.0
 24
0.0
 34
0.0
 15
0.0
 25
0.0
 35
0.0
146
0.0
 13
0.0
 23
0.0
 33
0.0
 16
1.0
 26
0.0
 36
0.0
 17
0.0
 27
1.0
 37
0.0
 76
     0
330
74
  0
MATERIAL
  5
19
102
{ACAD_XDICTIONARY
360
1A
102
}
102
{ACAD_REACTORS
330
10
102
}
330
10
100
AcDbMaterial
  1
ByBlock
 72
     0
 43
0.020833
 43
0.0
 43
0.0
 43
0.0
 43
0.0
 43
0.020833
 43
0.0
 43
0.0
 43
0.0
 43
0.0
 43
1.0
 43
0.0
 43
0.0
 43
0.0
 43
0.0
 43
1.0
 77
     0
 47
0.020833
 47
0.0
 47
0.0
 47
0.0
 47
0.0
 47
0.020833
 47
0.0
 47
0.0
 47
0.0
 47
0.0
 47
1.0
 47
0.0
 47
0.0
 47
0.0
 47
0.0
 47
1.0
171
     0
 49
0.020833
 49
0.0
 49
0.0
 49
0.0
 49
0.0
 49
0.020833
 49
0.0
 49
0.0
 49
0.0
 49
0.0
 49
1.0
 49
0.0
 49
0.0
 49
0.0
 49
0.0
 49
1.0
175
     0
142
0.020833
142
0.0
142
0.0
142
0.0
142
0.0
142
0.020833
142
0.0
142
0.0
142
0.0
142
0.0
142
1.0
142
0.0
142
0.0
142
0.0
142
0.0
142
1.0
179
     0
144
0.020833
144
0.0
144
0.0
144
0.0
144
0.0
144
0.020833
144
0.0
144
0.0
144
0.0
144
0.0
144
1.0
144
0.0
144
0.0
144
0.0
144
0.0
144
1.0
147
0.020833
147
0.0
147
0.0
147
0.0
147
0.0
147
0.020833
147
0.0
147
0.0
147
0.0
147
0.0
147
1.0
147
0.0
147
0.0
147
0.0
147
0.0
147
1.0
  0
MATERIAL
  5
11
102
{ACAD_XDICTIONARY
360
12
102
}
102
{ACAD_REACTORS
330
10
102
}
330
10
100
AcDbMaterial
  1
ByLayer
 72
     0
 43
0.020833
 43
0.0
 43
0.0
 43
0.0
 43
0.0
 43
0.020833
 43
0.0
 43
0.0
 43
0.0
 43
0.0
 43
1.0
 43
0.0
 43
0.0
 43
0.0
 43
0.0
 43
1.0
 77
     0
 47
0.020833
 47
0.0
 47
0.0
 47
0.0
 47
0.0
 47
0.020833
 47
0.0
 47
0.0
 47
0.0
 47
0.0
 47
1.0
 47
0.0
 47
0.0
 47
0.0
 47
0.0
 47
1.0
171
     0
 49
0.020833
 49
0.0
 49
0.0
 49
0.0
 49
0.0
 49
0.020833
 49
0.0
 49
0.0
 49
0.0
 49
0.0
 49
1.0
 49
0.0
 49
0.0
 49
0.0
 49
0.0
 49
1.0
175
     0
142
0.020833
142
0.0
142
0.0
142
0.0
142
0.0
142
0.020833
142
0.0
142
0.0
142
0.0
142
0.0
142
1.0
142
0.0
142
0.0
142
0.0
142
0.0
142
1.0
179
     0
144
0.020833
144
0.0
144
0.0
144
0.0
144
0.0
144
0.020833
144
0.0
144
0.0
144
0.0
144
0.0
144
1.0
144
0.0
144
0.0
144
0.0
144
0.0
144
1.0
147
0.020833
147
0.0
147
0.0
147
0.0
147
0.0
147
0.020833
147
0.0
147
0.0
147
0.0
147
0.0
147
1.0
147
0.0
147
0.0
147
0.0
147
0.0
147
1.0
  0
MATERIAL
  5
21
102
{ACAD_XDICTIONARY
360
22
102
}
102
{ACAD_REACTORS
330
10
102
}
330
10
100
AcDbMaterial
  1
Global
 72
     0
 43
0.020833
 43
0.0
 43
0.0
 43
0.0
 43
0.0
 43
0.020833
 43
0.0
 43
0.0
 43
0.0
 43
0.0
 43
1.0
 43
0.0
 43
0.0
 43
0.0
 43
0.0
 43
1.0
 77
     0
 47
0.020833
 47
0.0
 47
0.0
 47
0.0
 47
0.0
 47
0.020833
 47
0.0
 47
0.0
 47
0.0
 47
0.0
 47
1.0
 47
0.0
 47
0.0
 47
0.0
 47
0.0
 47
1.0
171
     0
 49
0.020833
 49
0.0
 49
0.0
 49
0.0
 49
0.0
 49
0.020833
 49
0.0
 49
0.0
 49
0.0
 49
0.0
 49
1.0
 49
0.0
 49
0.0
 49
0.0
 49
0.0
 49
1.0
175
     0
142
0.020833
142
0.0
142
0.0
142
0.0
142
0.0
142
0.020833
142
0.0
142
0.0
142
0.0
142
0.0
142
1.0
142
0.0
142
0.0
142
0.0
142
0.0
142
1.0
179
     0
144
0.020833
144
0.0
144
0.0
144
0.0
144
0.0
144
0.020833
144
0.0
144
0.0
144
0.0
144
0.0
144
1.0
144
0.0
144
0.0
144
0.0
144
0.0
144
1.0
147
0.020833
147
0.0
147
0.0
147
0.0
147
0.0
147
0.020833
147
0.0
147
0.0
147
0.0
147
0.0
147
1.0
147
0.0
147
0.0
147
0.0
147
0.0
147
1.0
  0
MLEADERSTYLE
  5
67
102
{ACAD_REACTORS
330
66
102
}
330
66
100
AcDbMLeaderStyle
179
     2
170
     2
171
     1
172
     0
 90
        2
 40
0.0
 41
0.0
173
     1
 91
-1056964608
340
5B
 92
       -2
290
     1
 42
0.09
291
     1
 43
0.36
  3
Standard
 44
0.18
300

342
55
174
     1
178
     6
175
     1
176
     0
 93
-1056964608
 45
0.18
292
     0
297
     0
 46
0.18
 94
-1056964608
 47
1.0
 49
1.0
140
1.0
293
     1
141
0.0
294
     1
177
     0
142
1.0
295
     0
296
     0
143
0.125
271
     0
272
     9
273
     9
298
     1
  0
MLINESTYLE
  5
60
102
{ACAD_REACTORS
330
5F
102
}
330
5F
100
AcDbMlineStyle
  2
STANDARD
 70
     0
  3

 62
   256
 51
90.0
 52
90.0
 71
     0
  0
ACDBPLACEHOLDER
  5
F
102
{ACAD_REACTORS
330
E
102
}
330
E
  0
SCALE
  5
43
102
{ACAD_REACTORS
330
42
102
}
330
42
100
AcDbScale
 70
     0
300
1:1
140
1.0
141
1.0
290
     1
  0
SCALE
  5
44
102
{ACAD_REACTORS
330
42
102
}
330
42
100
AcDbScale
 70
     0
300
1:2
140
1.0
141
2.0
290
     0
  0
SCALE
  5
45
102
{ACAD_REACTORS
330
42
102
}
330
42
100
AcDbScale
 70
     0
300
1:4
140
1.0
141
4.0
290
     0
  0
SCALE
  5
46
102
{ACAD_REACTORS
330
42
102
}
330
42
100
AcDbScale
 70
     0
300
1:5
140
1.0
141
5.0
290
     0
  0
SCALE
  5
47
102
{ACAD_REACTORS
330
42
102
}
330
42
100
AcDbScale
 70
     0
300
1:8
140
1.0
141
8.0
290
     0
  0
SCALE
  5
48
102
{ACAD_REACTORS
330
42
102
}
330
42
100
AcDbScale
 70
     0
300
1:10
140
1.0
141
10.0
290
     0
  0
SCALE
  5
49
102
{ACAD_REACTORS
330
42
102
}
330
42
100
AcDbScale
 70
     0
300
1:16
140
1.0
141
16.0
290
     0
  0
SCALE
  5
4A
102
{ACAD_REACTORS
330
42
102
}
330
42
100
AcDbScale
 70
     0
300
1:20
140
1.0
141
20.0
290
     0
  0
SCALE
  5
4B
102
{ACAD_REACTORS
330
42
102
}
330
42
100
AcDbScale
 70
     0
300
1:30
140
1.0
141
30.0
290
     0
  0
SCALE
  5
4C
102
{ACAD_REACTORS
330
42
102
}
330
42
100
AcDbScale
 70
     0
300
1:40
140
1.0
141
40.0
290
     0
  0
SCALE
  5
4D
102
{ACAD_REACTORS
330
42
102
}
330
42
100
AcDbScale
 70
     0
300
1:50
140
1.0
141
50.0
290
     0
  0
SCALE
  5
4E
102
{ACAD_REACTORS
330
42
102
}
330
42
100
AcDbScale
 70
     0
300
1:100
140
1.0
141
100.0
290
     0
  0
SCALE
  5
4F
102
{ACAD_REACTORS
330
42
102
}
330
42
100
AcDbScale
 70
     0
300
2:1
140
2.0
141
1.0
290
     0
  0
SCALE
  5
50
102
{ACAD_REACTORS
330
42
102
}
330
42
100
AcDbScale
 70
     0
300
4:1
140
4.0
141
1.0
290
     0
  0
SCALE
  5
51
102
{ACAD_REACTORS
330
42
102
}
330
42
100
AcDbScale
 70
     0
300
8:1
140
8.0
141
1.0
290
     0
  0
SCALE
  5
52
102
{ACAD_REACTORS
330
42
102
}
330
42
100
AcDbScale
 70
     0
300
10:1
140
10.0
141
1.0
290
     0
  0
SCALE
  5
53
102
{ACAD_REACTORS
330
42
102
}
330
42
100
AcDbScale
 70
     0
300
100:1
140
100.0
141
1.0
290
     0
  0
ACDBSECTIONVIEWSTYLE
  5
69
102
{ACAD_XDICTIONARY
360
1001
102
}
102
{ACAD_REACTORS
330
68
102
}
330
68
100
AcDbModelDocViewStyle
 70
     0
  3
Imperial24
290
     0
100
AcDbSectionViewStyle
 70
     0
 71
     0
 90
       78
 71
     1
340
55
 62
   256
 40
0.24
340
0
340
0
 62
   256
 40
0.24
300
I, O, Q, S, X, Z
 40
0.48
 90
        3
 40
0.18
 90
        1
 71
     2
340
5D
 90
       25
 62
   256
340
5D
 90
       50
 62
   256
 40
0.24
 40
0.0
 40
0.24
 71
     3
340
55
 62
   256
 40
0.24
 90
        1
 40
0.75
 90
        1
300
%<\AcVar ViewType \f "%tc1">% %<\AcVar ViewSectionStartId>%-%<\AcVar ViewSectionEndId>%\PSCALE %<\AcVar ViewScale \f "%sn">%
 71
     4
 62
   256
 62
   257
300
ANSI31
 40
1.0
 90
        0
290
     0
290
     0
 90
        6
 40
0.0
 40
1.570796
 40
0.261799
 40
1.308997
 40
-0.261799
 40
1.832596
  0
TABLESTYLE
  5
65
102
{ACAD_XDICTIONARY
360
FFE
102
}
102
{ACAD_REACTORS
330
64
102
}
330
64
100
AcDbTableStyle
280
     0
  3
Standard
 70
     0
 71
     0
 40
1.5
 41
1.5
280
     0
281
     0
  7
Standard
140
0.18
170
     2
 62
     0
 63
     7
283
     0
 90
      512
 91
        0
  1

274
    -2
284
     1
 64
     0
275
    -2
285
     1
 65
     0
276
    -2
286
     1
 66
     0
277
    -2
287
     1
 67
     0
278
    -2
288
     1
 68
     0
279
    -2
289
     1
 69
     0
  7
Standard
140
0.25
170
     5
 62
     0
 63
     7
283
     0
 90
      512
 91
        0
  1

274
    -2
284
     1
 64
     0
275
    -2
285
     1
 65
     0
276
    -2
286
     1
 66
     0
277
    -2
287
     1
 67
     0
278
    -2
288
     1
 68
     0
279
    -2
289
     1
 69
     0
  7
Standard
140
0.18
170
     5
 62
     0
 63
     7
283
     0
 90
      512
 91
        0
  1

274
    -2
284
     1
 64
     0
275
    -2
285
     1
 65
     0
276
    -2
286
     1
 66
     0
277
    -2
287
     1
 67
     0
278
    -2
288
     1
 68
     0
279
    -2
289
     1
 69
     0
  0
VISUALSTYLE
  5
2F
102
{ACAD_REACTORS
330
29
102
}
330
29
100
AcDbVisualStyle
  2
2dWireframe
 70
     4
177
     3
291
     0
 70
    58
 90
        0
176
     1
 90
        2
176
     1
 90
        0
176
     1
 90
        0
176
     1
 40
0.6
176
     1
 40
30.0
176
     1
 62
     7
420
 16777215
176
     1
 90
        1
176
     1
 90
        4
176
     1
 62
     7
176
     1
 62
   257
176
     1
 90
        1
176
     1
 90
        1
176
     1
 40
1.0
176
     1
 90
        0
176
     1
 62
   257
176
     1
 40
1.0
176
     1
 90
        1
176
     1
 90
        6
176
     1
 90
        2
176
     1
 62
     7
176
     1
 90
        5
176
     1
 90
        0
176
     1
 90
        0
176
     1
290
     0
176
     1
 90
        1
176
     1
 40
0.0
176
     1
 90
        0
176
     1
290
     1
176
     1
290
     1
176
     1
290
     0
176
     1
290
     0
176
     1
290
     0
176
     1
290
     0
176
     1
290
     0
176
     1
290
     0
176
     1
290
     0
176
     1
 90
       50
176
     1
 40
0.0
176
     1
 40
1.0
176
     1
 90
        0
176
     1
 62
    18
420
        0
176
     1
 90
       50
176
     1
 90
        3
176
     1
 62
     5
420
      255
176
     1
290
     0
176
     1
 90
       50
176
     1
 90
       50
176
     1
 90
       50
176
     1
290
     0
176
     1
 90
       50
176
     1
 62
   256
176
     0
 40
1.0
176
     0
 90
        2
176
     1
  1
strokes_ogs.tif
176
     1
290
     0
176
     1
 40
1.0
176
     1
 40
1.0
176
     1
1001
ACAD
1000
AcDbSavedByObjectVersion
1070
     0
  0
VISUALSTYLE
  5
2E
102
{ACAD_REACTORS
330
29
102
}
330
29
100
AcDbVisualStyle
  2
Basic
 70
     7
177
     3
291
     1
 70
    58
 90
        1
176
     1
 90
        0
176
     1
 90
        1
176
     1
 90
        0
176
     1
 40
0.6
176
     1
 40
30.0
176
     1
 62
     7
420
 16777215
176
     1
 90
        0
176
     1
 90
        4
176
     1
 62
     7
176
     1
 62
   257
176
     1
 90
        1
176
     1
 90
        1
176
     1
 40
1.0
176
     1
 90
        8
176
     1
 62
     7
176
     1
 40
1.0
176
     1
 90
        1
176
     1
 90
        6
176
     1
 90
        2
176
     1
 62
     7
176
     1
 90
        5
176
     1
 90
        0
176
     1
 90
        0
176
     1
290
     0
176
     1
 90
        1
176
     1
 40
0.0
176
     1
 90
        0
176
     1
290
     0
176
     1
290
     1
176
     1
290
     1
176
     1
290
     0
176
     1
290
     0
176
     1
290
     0
176
     1
290
     0
176
     1
290
     0
176
     1
290
     0
176
     1
 90
       50
176
     1
 40
0.0
176
     1
 40
1.0
176
     1
 90
        0
176
     1
 62
    18
420
        0
176
     1
 90
       50
176
     1
 90
        3
176
     1
 62
     5
420
      255
176
     1
290
     0
176
     1
 90
       50
176
     1
 90
       50
176
     1
 90
       50
176
     1
290
     0
176
     1
 90
       50
176
     1
 62
   256
176
     0
 40
1.0
176
     0
 90
        2
176
     1
  1
strokes_ogs.tif
176
     1
290
     0
176
     1
 40
1.0
176
     1
 40
1.0
176
     1
1001
ACAD
1000
AcDbSavedByObjectVersion
1070
     0
  0
VISUALSTYLE
  5
35
102
{ACAD_REACTORS
330
29
102
}
330
29
100
AcDbVisualStyle
  2
Brighten
 70
    12
177
     3
291
     1
 70
    58
 90
        2
176
     1
 90
        2
176
     1
 90
        0
176
     1
 90
        0
176
     1
 40
0.6
176
     1
 40
30.0
176
     1
 62
     7
420
 16777215
176
     1
 90
        1
176
     1
 90
        4
176
     1
 62
     7
176
     1
 62
   257
176
     1
 90
        1
176
     1
 90
        1
176
     1
 40
1.0
176
     1
 90
        8
176
     1
 62
     7
176
     1
 40
1.0
176
     1
 90
        1
176
     1
 90
        6
176
     1
 90
        2
176
     1
 62
     7
176
     1
 90
        5
176
     1
 90
        0
176
     1
 90
        0
176
     1
290
     0
176
     1
 90
        1
176
     1
 40
50.0
176
     1
 90
        0
176
     1
290
     0
176
     1
290
     1
176
     1
290
     1
176
     1
290
     0
176
     1
290
     0
176
     1
290
     0
176
     1
290
     0
176
     1
290
     0
176
     1
290
     0
176
     1
 90
       50
176
     1
 40
0.0
176
     1
 40
1.0
176
     1
 90
        0
176
     1
 62
    18
420
        0
176
     1
 90
       50
176
     1
 90
        3
176
     1
 62
     5
420
      255
176
     1
290
     0
176
     1
 90
       50
176
     1
 90
       50
176
     1
 90
       50
176
     1
290
     0
176
     1
 90
       50
176
     1
 62
   256
176
     0
 40
1.0
176
     0
 90
        2
176
     1
  1
strokes_ogs.tif
176
     1
290
     0
176
     1
 40
1.0
176
     1
 40
1.0
176
     1
1001
ACAD
1000
AcDbSavedByObjectVersion
1070
     0
  0
VISUALSTYLE
  5
39
102
{ACAD_REACTORS
330
29
102
}
330
29
100
AcDbVisualStyle
  2
ColorChange
 70
    16
177
     3
291
     1
 70
    58
 90
        2
176
     1
 90
        2
176
     1
 90
        3
176
     1
 90
        0
176
     1
 40
0.6
176
     1
 40
30.0
176
     1
 62
     8
420
  8421504
176
     1
 90
        1
176
     1
 90
        4
176
     1
 62
     7
176
     1
 62
   257
176
     1
 90
        1
176
     1
 90
        1
176
     1
 40
1.0
176
     1
 90
        8
176
     1
 62
     8
420
  8421504
176
     1
 40
1.0
176
     1
 90
        1
176
     1
 90
        6
176
     1
 90
        2
176
     1
 62
     7
176
     1
 90
        5
176
     1
 90
        0
176
     1
 90
        0
176
     1
290
     0
176
     1
 90
        1
176
     1
 40
0.0
176
     1
 90
        0
176
     1
290
     0
176
     1
290
     1
176
     1
290
     1
176
     1
290
     0
176
     1
290
     0
176
     1
290
     0
176
     1
290
     0
176
     1
290
     0
176
     1
290
     0
176
     1
 90
       50
176
     1
 40
0.0
176
     1
 40
1.0
176
     1
 90
        0
176
     1
 62
    18
420
        0
176
     1
 90
       50
176
     1
 90
        3
176
     1
 62
     5
420
      255
176
     1
290
     0
176
     1
 90
       50
176
     1
 90
       50
176
     1
 90
       50
176
     1
290
     0
176
     1
 90
       50
176
     1
 62
   256
176
     0
 40
1.0
176
     0
 90
        2
176
     1
  1
strokes_ogs.tif
176
     1
290
     0
176
     1
 40
1.0
176
     1
 40
1.0
176
     1
1001
ACAD
1000
AcDbSavedByObjectVersion
1070
     0
  0
VISUALSTYLE
  5
32
102
{ACAD_REACTORS
330
29
102
}
330
29
100
AcDbVisualStyle
  2
Conceptual
 70
     9
177
     3
291
     0
 70
    58
 90
        3
176
     1
 90
        2
176
     1
 90
        0
176
     1
 90
        0
176
     1
 40
0.6
176
     1
 40
30.0
176
     1
 62
     7
420
 16777215
176
     1
 90
        2
176
     1
 90
        2
176
     1
 62
     7
176
     1
 62
   257
176
     1
 90
        1
176
     1
 90
        1
176
     1
 40
179.0
176
     1
 90
        8
176
     1
 62
     7
176
     1
 40
1.0
176
     1
 90
        1
176
     1
 90
        6
176
     1
 90
        2
176
     1
 62
     7
176
     1
 90
        3
176
     1
 90
        0
176
     1
 90
        0
176
     1
290
     0
176
     1
 90
        1
176
     1
 40
0.0
176
     1
 90
        0
176
     1
290
     0
176
     1
290
     1
176
     1
290
     1
176
     1
290
     0
176
     1
290
     0
176
     1
290
     0
176
     1
290
     0
176
     1
290
     0
176
     1
290
     0
176
     1
 90
       50
176
     1
 40
0.0
176
     1
 40
1.0
176
     1
 90
        0
176
     1
 62
    18
420
        0
176
     1
 90
       50
176
     1
 90
        3
176
     1
 62
     5
420
      255
176
     1
290
     0
176
     1
 90
       50
176
     1
 90
       50
176
     1
 90
       50
176
     1
290
     0
176
     1
 90
       50
176
     1
 62
   256
176
     0
 40
1.0
176
     0
 90
        2
176
     1
  1
strokes_ogs.tif
176
     1
290
     0
176
     1
 40
1.0
176
     1
 40
1.0
176
     1
1001
ACAD
1000
AcDbSavedByObjectVersion
1070
     0
  0
VISUALSTYLE
  5
34
102
{ACAD_REACTORS
330
29
102
}
330
29
100
AcDbVisualStyle
  2
Dim
 70
    11
177
     3
291
     1
 70
    58
 90
        2
176
     1
 90
        2
176
     1
 90
        0
176
     1
 90
        0
176
     1
 40
0.6
176
     1
 40
30.0
176
     1
 62
     7
420
 16777215
176
     1
 90
        1
176
     1
 90
        4
176
     1
 62
     7
176
     1
 62
   257
176
     1
 90
        1
176
     1
 90
        1
176
     1
 40
1.0
176
     1
 90
        8
176
     1
 62
     7
176
     1
 40
1.0
176
     1
 90
        1
176
     1
 90
        6
176
     1
 90
        2
176
     1
 62
     7
176
     1
 90
        5
176
     1
 90
        0
176
     1
 90
        0
176
     1
290
     0
176
     1
 90
        1
176
     1
 40
-50.0
176
     1
 90
        0
176
     1
290
     0
176
     1
290
     1
176
     1
290
     1
176
     1
290
     0
176
     1
290
     0
176
     1
290
     0
176
     1
290
     0
176
     1
290
     0
176
     1
290
     0
176
     1
 90
       50
176
     1
 40
0.0
176
     1
 40
1.0
176
     1
 90
        0
176
     1
 62
    18
420
        0
176
     1
 90
       50
176
     1
 90
        3
176
     1
 62
     5
420
      255
176
     1
290
     0
176
     1
 90
       50
176
     1
 90
       50
176
     1
 90
       50
176
     1
290
     0
176
     1
 90
       50
176
     1
 62
   256
176
     0
 40
1.0
176
     0
 90
        2
176
     1
  1
strokes_ogs.tif
176
     1
290
     0
176
     1
 40
1.0
176
     1
 40
1.0
176
     1
1001
ACAD
1000
AcDbSavedByObjectVersion
1070
     0
  0
VISUALSTYLE
  5
41
102
{ACAD_REACTORS
330
29
102
}
330
29
100
AcDbVisualStyle
  2
EdgeColorOff
 70
    22
177
     3
291
     1
 70
    58
 90
        2
176
     0
 90
        2
176
     0
 90
        0
176
     0
 90
        0
176
     0
 40
0.6
176
     0
 40
30.0
176
     0
 62
     7
420
 16777215
176
     0
 90
        1
176
     0
 90
        4
176
     0
 62
     7
176
     0
 62
   257
176
     0
 90
        1
176
     0
 90
        1
176
     0
 40
1.0
176
     0
 90
        8
176
     2
 62
     7
176
     0
 40
1.0
176
     0
 90
        1
176
     0
 90
        6
176
     0
 90
        2
176
     0
 62
     7
176
     0
 90
        5
176
     0
 90
        0
176
     0
 90
        0
176
     0
290
     0
176
     0
 90
        1
176
     0
 40
0.0
176
     0
 90
        0
176
     0
290
     0
176
     0
290
     1
176
     0
290
     1
176
     0
290
     0
176
     0
290
     0
176
     0
290
     0
176
     0
290
     0
176
     0
290
     0
176
     0
290
     0
176
     0
 90
       50
176
     0
 40
0.0
176
     0
 40
1.0
176
     0
 90
        0
176
     0
 62
    18
420
        0
176
     0
 90
       50
176
     0
 90
        3
176
     0
 62
     5
420
      255
176
     0
290
     0
176
     0
 90
       50
176
     0
 90
       50
176
     0
 90
       50
176
     0
290
     0
176
     0
 90
       50
176
     0
 62
   256
176
     0
 40
1.0
176
     0
 90
        2
176
     0
  1
strokes_ogs.tif
176
     0
290
     0
176
     0
 40
1.0
176
     0
 40
1.0
176
     0
1001
ACAD
1000
AcDbSavedByObjectVersion
1070
     0
  0
VISUALSTYLE
  5
38
102
{ACAD_REACTORS
330
29
102
}
330
29
100
AcDbVisualStyle
  2
Facepattern
 70
    15
177
     3
291
     1
 70
    58
 90
        2
176
     1
 90
        2
176
     1
 90
        0
176
     1
 90
        0
176
     1
 40
0.6
176
     1
 40
30.0
176
     1
 62
     7
420
 16777215
176
     1
 90
        1
176
     1
 90
        4
176
     1
 62
     7
176
     1
 62
   257
176
     1
 90
        1
176
     1
 90
        1
176
     1
 40
1.0
176
     1
 90
        8
176
     1
 62
     7
176
     1
 40
1.0
176
     1
 90
        1
176
     1
 90
        6
176
     1
 90
        2
176
     1
 62
     7
176
     1
 90
        5
176
     1
 90
        0
176
     1
 90
        0
176
     1
290
     0
176
     1
 90
        1
176
     1
 40
0.0
176
     1
 90
        0
176
     1
290
     0
176
     1
290
     1
176
     1
290
     1
176
     1
290
     0
176
     1
290
     0
176
     1
290
     0
176
     1
290
     0
176
     1
290
     0
176
     1
290
     0
176
     1
 90
       50
176
     1
 40
0.0
176
     1
 40
1.0
176
     1
 90
        0
176
     1
 62
    18
420
        0
176
     1
 90
       50
176
     1
 90
        3
176
     1
 62
     5
420
      255
176
     1
290
     0
176
     1
 90
       50
176
     1
 90
       50
176
     1
 90
       50
176
     1
290
     0
176
     1
 90
       50
176
     1
 62
   256
176
     0
 40
1.0
176
     0
 90
        2
176
     1
  1
strokes_ogs.tif
176
     1
290
     0
176
     1
 40
1.0
176
     1
 40
1.0
176
     1
1001
ACAD
1000
AcDbSavedByObjectVersion
1070
     0
  0
VISUALSTYLE
  5
2A
102
{ACAD_REACTORS
330
29
102
}
330
29
100
AcDbVisualStyle
  2
Flat
 70
     0
177
     3
291
     1
 70
    58
 90
        2
176
     1
 90
        1
176
     1
 90
        1
176
     1
 90
        2
176
     1
 40
0.6
176
     1
 40
30.0
176
     1
 62
     7
420
 16777215
176
     1
 90
        0
176
     1
 90
        0
176
     1
 62
     7
176
     1
 62
   257
176
     1
 90
        1
176
     1
 90
        1
176
     1
 40
1.0
176
     1
 90
        8
176
     1
 62
     7
176
     1
 40
1.0
176
     1
 90
        1
176
     1
 90
        6
176
     1
 90
        2
176
     1
 62
     7
176
     1
 90
        5
176
     1
 90
        0
176
     1
 90
        0
176
     1
290
     0
176
     1
 90
       13
176
     1
 40
0.0
176
     1
 90
        0
176
     1
290
     0
176
     1
290
     1
176
     1
290
     1
176
     1
290
     0
176
     1
290
     0
176
     1
290
     0
176
     1
290
     0
176
     1
290
     0
176
     1
290
     0
176
     1
 90
       50
176
     1
 40
0.0
176
     1
 40
1.0
176
     1
 90
        0
176
     1
 62
    18
420
        0
176
     1
 90
       50
176
     1
 90
        3
176
     1
 62
     5
420
      255
176
     1
290
     0
176
     1
 90
       50
176
     1
 90
       50
176
     1
 90
       50
176
     1
290
     0
176
     1
 90
       50
176
     1
 62
   256
176
     0
 40
1.0
176
     0
 90
        2
176
     1
  1
strokes_ogs.tif
176
     1
290
     0
176
     1
 40
1.0
176
     1
 40
1.0
176
     1
1001
ACAD
1000
AcDbSavedByObjectVersion
1070
     0
  0
VISUALSTYLE
  5
2B
102
{ACAD_REACTORS
330
29
102
}
330
29
100
AcDbVisualStyle
  2
FlatWithEdges
 70
     1
177
     3
291
     1
 70
    58
 90
        2
176
     1
 90
        1
176
     1
 90
        1
176
     1
 90
        2
176
     1
 40
0.6
176
     1
 40
30.0
176
     1
 62
     7
420
 16777215
176
     1
 90
        1
176
     1
 90
        0
176
     1
 62
     7
176
     1
 62
   257
176
     1
 90
        1
176
     1
 90
        1
176
     1
 40
1.0
176
     1
 90
        0
176
     1
 62
   257
176
     1
 40
1.0
176
     1
 90
        1
176
     1
 90
        6
176
     1
 90
        2
176
     1
 62
     7
176
     1
 90
        5
176
     1
 90
        0
176
     1
 90
        0
176
     1
290
     0
176
     1
 90
       13
176
     1
 40
0.0
176
     1
 90
        0
176
     1
290
     0
176
     1
290
     1
176
     1
290
     1
176
     1
290
     0
176
     1
290
     0
176
     1
290
     0
176
     1
290
     0
176
     1
290
     0
176
     1
290
     0
176
     1
 90
       50
176
     1
 40
0.0
176
     1
 40
1.0
176
     1
 90
        0
176
     1
 62
    18
420
        0
176
     1
 90
       50
176
     1
 90
        3
176
     1
 62
     5
420
      255
176
     1
290
     0
176
     1
 90
       50
176
     1
 90
       50
176
     1
 90
       50
176
     1
290
     0
176
     1
 90
       50
176
     1
 62
   256
176
     0
 40
1.0
176
     0
 90
        2
176
     1
  1
strokes_ogs.tif
176
     1
290
     0
176
     1
 40
1.0
176
     1
 40
1.0
176
     1
1001
ACAD
1000
AcDbSavedByObjectVersion
1070
     0
  0
VISUALSTYLE
  5
2C
102
{ACAD_REACTORS
330
29
102
}
330
29
100
AcDbVisualStyle
  2
Gouraud
 70
     2
177
     3
291
     1
 70
    58
 90
        2
176
     1
 90
        2
176
     1
 90
        1
176
     1
 90
        2
176
     1
 40
0.6
176
     1
 40
30.0
176
     1
 62
     7
420
 16777215
176
     1
 90
        0
176
     1
 90
        0
176
     1
 62
     7
176
     1
 62
   257
176
     1
 90
        1
176
     1
 90
        1
176
     1
 40
1.0
176
     1
 90
        0
176
     1
 62
     7
176
     1
 40
1.0
176
     1
 90
        1
176
     1
 90
        6
176
     1
 90
        2
176
     1
 62
     7
176
     1
 90
        5
176
     1
 90
        0
176
     1
 90
        0
176
     1
290
     0
176
     1
 90
       13
176
     1
 40
0.0
176
     1
 90
        0
176
     1
290
     0
176
     1
290
     1
176
     1
290
     1
176
     1
290
     0
176
     1
290
     0
176
     1
290
     0
176
     1
290
     0
176
     1
290
     0
176
     1
290
     0
176
     1
 90
       50
176
     1
 40
0.0
176
     1
 40
1.0
176
     1
 90
        0
176
     1
 62
    18
420
        0
176
     1
 90
       50
176
     1
 90
        3
176
     1
 62
     5
420
      255
176
     1
290
     0
176
     1
 90
       50
176
     1
 90
       50
176
     1
 90
       50
176
     1
290
     0
176
     1
 90
       50
176
     1
 62
   256
176
     0
 40
1.0
176
     0
 90
        2
176
     1
  1
strokes_ogs.tif
176
     1
290
     0
176
     1
 40
1.0
176
     1
 40
1.0
176
     1
1001
ACAD
1000
AcDbSavedByObjectVersion
1070
     0
  0
VISUALSTYLE
  5
2D
102
{ACAD_REACTORS
330
29
102
}
330
29
100
AcDbVisualStyle
  2
GouraudWithEdges
 70
     3
177
     3
291
     1
 70
    58
 90
        2
176
     1
 90
        2
176
     1
 90
        1
176
     1
 90
        2
176
     1
 40
0.6
176
     1
 40
30.0
176
     1
 62
     7
420
 16777215
176
     1
 90
        1
176
     1
 90
        0
176
     1
 62
     7
176
     1
 62
   257
176
     1
 90
        1
176
     1
 90
        1
176
     1
 40
1.0
176
     1
 90
        0
176
     1
 62
   257
176
     1
 40
1.0
176
     1
 90
        1
176
     1
 90
        6
176
     1
 90
        2
176
     1
 62
     7
176
     1
 90
        5
176
     1
 90
        0
176
     1
 90
        0
176
     1
290
     0
176
     1
 90
       13
176
     1
 40
0.0
176
     1
 90
        0
176
     1
290
     0
176
     1
290
     1
176
     1
290
     1
176
     1
290
     0
176
     1
290
     0
176
     1
290
     0
176
     1
290
     0
176
     1
290
     0
176
     1
290
     0
176
     1
 90
       50
176
     1
 40
0.0
176
     1
 40
1.0
176
     1
 90
        0
176
     1
 62
    18
420
        0
176
     1
 90
       50
176
     1
 90
        3
176
     1
 62
     5
420
      255
176
     1
290
     0
176
     1
 90
       50
176
     1
 90
       50
176
     1
 90
       50
176
     1
290
     0
176
     1
 90
       50
176
     1
 62
   256
176
     0
 40
1.0
176
     0
 90
        2
176
     1
  1
strokes_ogs.tif
176
     1
290
     0
176
     1
 40
1.0
176
     1
 40
1.0
176
     1
1001
ACAD
1000
AcDbSavedByObjectVersion
1070
     0
  0
VISUALSTYLE
  5
31
102
{ACAD_REACTORS
330
29
102
}
330
29
100
AcDbVisualStyle
  2
Hidden
 70
     6
177
     3
291
     0
 70
    58
 90
        1
176
     1
 90
        2
176
     1
 90
        2
176
     1
 90
        0
176
     1
 40
0.6
176
     1
 40
30.0
176
     1
 62
     7
420
 16777215
176
     1
 90
        2
176
     1
 90
        2
176
     1
 62
     7
176
     1
 62
   257
176
     1
 90
        2
176
     1
 90
        1
176
     1
 40
40.0
176
     1
 90
        0
176
     1
 62
   257
176
     1
 40
1.0
176
     1
 90
        1
176
     1
 90
        6
176
     1
 90
        2
176
     1
 62
     7
176
     1
 90
        3
176
     1
 90
        0
176
     1
 90
        0
176
     1
290
     0
176
     1
 90
        1
176
     1
 40
0.0
176
     1
 90
        0
176
     1
290
     0
176
     1
290
     1
176
     1
290
     1
176
     1
290
     0
176
     1
290
     0
176
     1
290
     0
176
     1
290
     0
176
     1
290
     0
176
     1
290
     0
176
     1
 90
       50
176
     1
 40
0.0
176
     1
 40
1.0
176
     1
 90
        0
176
     1
 62
    18
420
        0
176
     1
 90
       50
176
     1
 90
        3
176
     1
 62
     5
420
      255
176
     1
290
     0
176
     1
 90
       50
176
     1
 90
       50
176
     1
 90
       50
176
     1
290
     0
176
     1
 90
       50
176
     1
 62
   256
176
     0
 40
1.0
176
     0
 90
        2
176
     1
  1
strokes_ogs.tif
176
     1
290
     0
176
     1
 40
1.0
176
     1
 40
1.0
176
     1
1001
ACAD
1000
AcDbSavedByObjectVersion
1070
     0
  0
VISUALSTYLE
  5
3F
102
{ACAD_REACTORS
330
29
102
}
330
29
100
AcDbVisualStyle
  2
JitterOff
 70
    20
177
     3
291
     1
 70
    58
 90
        2
176
     0
 90
        2
176
     0
 90
        0
176
     0
 90
        0
176
     0
 40
0.6
176
     0
 40
30.0
176
     0
 62
     7
420
 16777215
176
     0
 90
        1
176
     0
 90
        4
176
     0
 62
     7
176
     0
 62
   257
176
     0
 90
        1
176
     0
 90
        1
176
     0
 40
1.0
176
     0
 90
       10
176
     2
 62
     7
176
     0
 40
1.0
176
     0
 90
        1
176
     0
 90
        6
176
     0
 90
        2
176
     0
 62
     7
176
     0
 90
        5
176
     0
 90
        0
176
     0
 90
        0
176
     0
290
     0
176
     0
 90
        1
176
     0
 40
0.0
176
     0
 90
        0
176
     0
290
     0
176
     0
290
     1
176
     0
290
     1
176
     0
290
     0
176
     0
290
     0
176
     0
290
     0
176
     0
290
     0
176
     0
290
     0
176
     0
290
     0
176
     0
 90
       50
176
     0
 40
0.0
176
     0
 40
1.0
176
     0
 90
        0
176
     0
 62
    18
420
        0
176
     0
 90
       50
176
     0
 90
        3
176
     0
 62
     5
420
      255
176
     0
290
     0
176
     0
 90
       50
176
     0
 90
       50
176
     0
 90
       50
176
     0
290
     0
176
     0
 90
       50
176
     0
 62
   256
176
     0
 40
1.0
176
     0
 90
        2
176
     0
  1
strokes_ogs.tif
176
     0
290
     0
176
     0
 40
1.0
176
     0
 40
1.0
176
     0
1001
ACAD
1000
AcDbSavedByObjectVersion
1070
     0
  0
VISUALSTYLE
  5
37
102
{ACAD_REACTORS
330
29
102
}
330
29
100
AcDbVisualStyle
  2
Linepattern
 70
    14
177
     3
291
     1
 70
    58
 90
        2
176
     1
 90
        2
176
     1
 90
        0
176
     1
 90
        0
176
     1
 40
0.6
176
     1
 40
30.0
176
     1
 62
     7
420
 16777215
176
     1
 90
        1
176
     1
 90
        4
176
     1
 62
     7
176
     1
 62
   257
176
     1
 90
        7
176
     1
 90
        7
176
     1
 40
1.0
176
     1
 90
        8
176
     1
 62
     7
176
     1
 40
1.0
176
     1
 90
        1
176
     1
 90
        6
176
     1
 90
        2
176
     1
 62
     7
176
     1
 90
        5
176
     1
 90
        0
176
     1
 90
        0
176
     1
290
     0
176
     1
 90
        1
176
     1
 40
0.0
176
     1
 90
        0
176
     1
290
     0
176
     1
290
     1
176
     1
290
     1
176
     1
290
     0
176
     1
290
     0
176
     1
290
     0
176
     1
290
     0
176
     1
290
     0
176
     1
290
     0
176
     1
 90
       50
176
     1
 40
0.0
176
     1
 40
1.0
176
     1
 90
        0
176
     1
 62
    18
420
        0
176
     1
 90
       50
176
     1
 90
        3
176
     1
 62
     5
420
      255
176
     1
290
     0
176
     1
 90
       50
176
     1
 90
       50
176
     1
 90
       50
176
     1
290
     0
176
     1
 90
       50
176
     1
 62
   256
176
     0
 40
1.0
176
     0
 90
        2
176
     1
  1
strokes_ogs.tif
176
     1
290
     0
176
     1
 40
1.0
176
     1
 40
1.0
176
     1
1001
ACAD
1000
AcDbSavedByObjectVersion
1070
     0
  0
VISUALSTYLE
  5
40
102
{ACAD_REACTORS
330
29
102
}
330
29
100
AcDbVisualStyle
  2
OverhangOff
 70
    21
177
     3
291
     1
 70
    58
 90
        2
176
     0
 90
        2
176
     0
 90
        0
176
     0
 90
        0
176
     0
 40
0.6
176
     0
 40
30.0
176
     0
 62
     7
420
 16777215
176
     0
 90
        1
176
     0
 90
        4
176
     0
 62
     7
176
     0
 62
   257
176
     0
 90
        1
176
     0
 90
        1
176
     0
 40
1.0
176
     0
 90
        9
176
     2
 62
     7
176
     0
 40
1.0
176
     0
 90
        1
176
     0
 90
        6
176
     0
 90
        2
176
     0
 62
     7
176
     0
 90
        5
176
     0
 90
        0
176
     0
 90
        0
176
     0
290
     0
176
     0
 90
        1
176
     0
 40
0.0
176
     0
 90
        0
176
     0
290
     0
176
     0
290
     1
176
     0
290
     1
176
     0
290
     0
176
     0
290
     0
176
     0
290
     0
176
     0
290
     0
176
     0
290
     0
176
     0
290
     0
176
     0
 90
       50
176
     0
 40
0.0
176
     0
 40
1.0
176
     0
 90
        0
176
     0
 62
    18
420
        0
176
     0
 90
       50
176
     0
 90
        3
176
     0
 62
     5
420
      255
176
     0
290
     0
176
     0
 90
       50
176
     0
 90
       50
176
     0
 90
       50
176
     0
290
     0
176
     0
 90
       50
176
     0
 62
   256
176
     0
 40
1.0
176
     0
 90
        2
176
     0
  1
strokes_ogs.tif
176
     0
290
     0
176
     0
 40
1.0
176
     0
 40
1.0
176
     0
1001
ACAD
1000
AcDbSavedByObjectVersion
1070
     0
  0
VISUALSTYLE
  5
33
102
{ACAD_REACTORS
330
29
102
}
330
29
100
AcDbVisualStyle
  2
Realistic
 70
     8
177
     3
291
     0
 70
    58
 90
        2
176
     1
 90
        3
176
     1
 90
        0
176
     1
 90
        2
176
     1
 40
0.6
176
     1
 40
30.0
176
     1
 62
     7
420
 16777215
176
     1
 90
        0
176
     1
 90
        0
176
     1
 62
     7
176
     1
 62
   257
176
     1
 90
        1
176
     1
 90
        1
176
     1
 40
1.0
176
     1
 90
        8
176
     1
 62
   257
176
     1
 40
1.0
176
     1
 90
        1
176
     1
 90
        6
176
     1
 90
        2
176
     1
 62
     7
176
     1
 90
        3
176
     1
 90
        0
176
     1
 90
        0
176
     1
290
     0
176
     1
 90
       13
176
     1
 40
0.0
176
     1
 90
        0
176
     1
290
     0
176
     1
290
     1
176
     1
290
     1
176
     1
290
     0
176
     1
290
     0
176
     1
290
     0
176
     1
290
     0
176
     1
290
     0
176
     1
290
     0
176
     1
 90
       50
176
     1
 40
0.0
176
     1
 40
1.0
176
     1
 90
        0
176
     1
 62
    18
420
        0
176
     1
 90
       50
176
     1
 90
        3
176
     1
 62
     5
420
      255
176
     1
290
     0
176
     1
 90
       50
176
     1
 90
       50
176
     1
 90
       50
176
     1
290
     0
176
     1
 90
       50
176
     1
 62
   256
176
     0
 40
1.0
176
     0
 90
        2
176
     1
  1
strokes_ogs.tif
176
     1
290
     0
176
     1
 40
1.0
176
     1
 40
1.0
176
     1
1001
ACAD
1000
AcDbSavedByObjectVersion
1070
     0
  0
VISUALSTYLE
  5
3E
102
{ACAD_REACTORS
330
29
102
}
330
29
100
AcDbVisualStyle
  2
Shaded
 70
    27
177
     3
291
     0
 70
    58
 90
        2
176
     1
 90
        2
176
     1
 90
        1
176
     1
 90
        2
176
     1
 40
0.6
176
     1
 40
30.0
176
     1
 62
     7
420
 16777215
176
     1
 90
        0
176
     1
 90
        4
176
     1
 62
     7
176
     1
 62
   257
176
     1
 90
        1
176
     1
 90
        1
176
     1
 40
1.0
176
     1
 90
        8
176
     1
 62
   257
176
     1
 40
1.0
176
     1
 90
        1
176
     1
 90
        6
176
     1
 90
        2
176
     1
 62
     8
420
  7895160
176
     1
 90
        3
176
     1
 90
        0
176
     1
 90
        0
176
     1
290
     0
176
     1
 90
        5
176
     1
 40
0.0
176
     1
 90
        0
176
     1
290
     0
176
     1
290
     1
176
     1
290
     1
176
     1
290
     0
176
     1
290
     0
176
     1
290
     0
176
     1
290
     0
176
     1
290
     0
176
     1
290
     0
176
     1
 90
       50
176
     1
 40
0.0
176
     1
 40
1.0
176
     1
 90
        0
176
     1
 62
    18
420
        0
176
     1
 90
       50
176
     1
 90
        3
176
     1
 62
     5
420
      255
176
     1
290
     0
176
     1
 90
       50
176
     1
 90
       50
176
     1
 90
       50
176
     1
290
     0
176
     1
 90
       50
176
     1
 62
   256
176
     0
 40
1.0
176
     0
 90
        2
176
     1
  1
strokes_ogs.tif
176
     1
290
     0
176
     1
 40
1.0
176
     1
 40
1.0
176
     1
1001
ACAD
1000
AcDbSavedByObjectVersion
1070
     0
  0
VISUALSTYLE
  5
3D
102
{ACAD_REACTORS
330
29
102
}
330
29
100
AcDbVisualStyle
  2
Shaded with edges
 70
    26
177
     3
291
     0
 70
    58
 90
        2
176
     1
 90
        2
176
     1
 90
        1
176
     1
 90
        2
176
     1
 40
0.6
176
     1
 40
30.0
176
     1
 62
     7
420
 16777215
176
     1
 90
        1
176
     1
 90
        2
176
     1
 62
     7
176
     1
 62
   257
176
     1
 90
        2
176
     1
 90
        1
176
     1
 40
1.0
176
     1
 90
        8
176
     1
 62
   257
176
     1
 40
1.0
176
     1
 90
        1
176
     1
 90
        6
176
     1
 90
        2
176
     1
 62
     7
176
     1
 90
        3
176
     1
 90
        0
176
     1
 90
        0
176
     1
290
     0
176
     1
 90
        5
176
     1
 40
0.0
176
     1
 90
        0
176
     1
290
     0
176
     1
290
     1
176
     1
290
     1
176
     1
290
     0
176
     1
290
     0
176
     1
290
     0
176
     1
290
     0
176
     1
290
     0
176
     1
290
     0
176
     1
 90
       50
176
     1
 40
0.0
176
     1
 40
1.0
176
     1
 90
        0
176
     1
 62
    18
420
        0
176
     1
 90
       50
176
     1
 90
        3
176
     1
 62
     5
420
      255
176
     1
290
     0
176
     1
 90
       50
176
     1
 90
       50
176
     1
 90
       50
176
     1
290
     0
176
     1
 90
       50
176
     1
 62
   256
176
     0
 40
1.0
176
     0
 90
        2
176
     1
  1
strokes_ogs.tif
176
     1
290
     0
176
     1
 40
1.0
176
     1
 40
1.0
176
     1
1001
ACAD
1000
AcDbSavedByObjectVersion
1070
     0
  0
VISUALSTYLE
  5
3A
102
{ACAD_REACTORS
330
29
102
}
330
29
100
AcDbVisualStyle
  2
Shades of Gray
 70
    23
177
     3
291
     0
 70
    58
 90
        2
176
     1
 90
        2
176
     1
 90
        3
176
     1
 90
        0
176
     1
 40
0.6
176
     1
 40
30.0
176
     1
 62
     7
420
 16777215
176
     1
 90
        2
176
     1
 90
        2
176
     1
 62
     7
176
     1
 62
     7
176
     1
 90
        1
176
     1
 90
        1
176
     1
 40
40.0
176
     1
 90
        8
176
     1
 62
     7
176
     1
 40
1.0
176
     1
 90
        1
176
     1
 90
        6
176
     1
 90
        2
176
     1
 62
     7
176
     1
 90
        3
176
     1
 90
        0
176
     1
 90
        0
176
     1
290
     0
176
     1
 90
        1
176
     1
 40
0.0
176
     1
 90
        0
176
     1
290
     0
176
     1
290
     1
176
     1
290
     1
176
     1
290
     0
176
     1
290
     0
176
     1
290
     0
176
     1
290
     0
176
     1
290
     0
176
     1
290
     0
176
     1
 90
       50
176
     1
 40
0.0
176
     1
 40
1.0
176
     1
 90
        0
176
     1
 62
    18
420
        0
176
     1
 90
       50
176
     1
 90
        3
176
     1
 62
     5
420
      255
176
     1
290
     0
176
     1
 90
       50
176
     1
 90
       50
176
     1
 90
       50
176
     1
290
     0
176
     1
 90
       50
176
     1
 62
   256
176
     0
 40
1.0
176
     0
 90
        2
176
     1
  1
strokes_ogs.tif
176
     1
290
     0
176
     1
 40
1.0
176
     1
 40
1.0
176
     1
1001
ACAD
1000
AcDbSavedByObjectVersion
1070
     0
  0
VISUALSTYLE
  5
3B
102
{ACAD_REACTORS
330
29
102
}
330
29
100
AcDbVisualStyle
  2
Sketchy
 70
    24
177
     3
291
     0
 70
    58
 90
        1
176
     1
 90
        2
176
     1
 90
        2
176
     1
 90
        0
176
     1
 40
0.6
176
     1
 40
30.0
176
     1
 62
     7
420
 16777215
176
     1
 90
        2
176
     1
 90
        2
176
     1
 62
     7
176
     1
 62
     7
176
     1
 90
        1
176
     1
 90
        1
176
     1
 40
40.0
176
     1
 90
       11
176
     1
 62
     7
176
     1
 40
1.0
176
     1
 90
        1
176
     1
 90
        6
176
     1
 90
        2
176
     1
 62
     7
176
     1
 90
        6
176
     1
 90
        0
176
     1
 90
        0
176
     1
290
     0
176
     1
 90
        1
176
     1
 40
0.0
176
     1
 90
        0
176
     1
290
     0
176
     1
290
     1
176
     1
290
     1
176
     1
290
     0
176
     1
290
     0
176
     1
290
     0
176
     1
290
     0
176
     1
290
     0
176
     1
290
     0
176
     1
 90
       50
176
     1
 40
0.0
176
     1
 40
1.0
176
     1
 90
        0
176
     1
 62
    18
420
        0
176
     1
 90
       50
176
     1
 90
        3
176
     1
 62
     5
420
      255
176
     1
290
     0
176
     1
 90
       50
176
     1
 90
       50
176
     1
 90
       50
176
     1
290
     0
176
     1
 90
       50
176
     1
 62
   256
176
     0
 40
1.0
176
     0
 90
        2
176
     1
  1
strokes_ogs.tif
176
     1
290
     0
176
     1
 40
1.0
176
     1
 40
1.0
176
     1
1001
ACAD
1000
AcDbSavedByObjectVersion
1070
     0
  0
VISUALSTYLE
  5
36
102
{ACAD_REACTORS
330
29
102
}
330
29
100
AcDbVisualStyle
  2
Thicken
 70
    13
177
     3
291
     1
 70
    58
 90
        2
176
     1
 90
        2
176
     1
 90
        0
176
     1
 90
        0
176
     1
 40
0.6
176
     1
 40
30.0
176
     1
 62
     7
420
 16777215
176
     1
 90
        1
176
     1
 90
        4
176
     1
 62
     7
176
     1
 62
   257
176
     1
 90
        1
176
     1
 90
        1
176
     1
 40
1.0
176
     1
 90
       12
176
     1
 62
     7
176
     1
 40
1.0
176
     1
 90
        1
176
     1
 90
        6
176
     1
 90
        2
176
     1
 62
     7
176
     1
 90
        5
176
     1
 90
        0
176
     1
 90
        0
176
     1
290
     0
176
     1
 90
        1
176
     1
 40
0.0
176
     1
 90
        0
176
     1
290
     0
176
     1
290
     1
176
     1
290
     1
176
     1
290
     0
176
     1
290
     0
176
     1
290
     0
176
     1
290
     0
176
     1
290
     0
176
     1
290
     0
176
     1
 90
       50
176
     1
 40
0.0
176
     1
 40
1.0
176
     1
 90
        0
176
     1
 62
    18
420
        0
176
     1
 90
       50
176
     1
 90
        3
176
     1
 62
     5
420
      255
176
     1
290
     0
176
     1
 90
       50
176
     1
 90
       50
176
     1
 90
       50
176
     1
290
     0
176
     1
 90
       50
176
     1
 62
   256
176
     0
 40
1.0
176
     0
 90
        2
176
     1
  1
strokes_ogs.tif
176
     1
290
     0
176
     1
 40
1.0
176
     1
 40
1.0
176
     1
1001
ACAD
1000
AcDbSavedByObjectVersion
1070
     0
  0
VISUALSTYLE
  5
30
102
{ACAD_REACTORS
330
29
102
}
330
29
100
AcDbVisualStyle
  2
Wireframe
 70
     5
177
     3
291
     0
 70
    58
 90
        0
176
     1
 90
        2
176
     1
 90
        0
176
     1
 90
        0
176
     1
 40
0.6
176
     1
 40
30.0
176
     1
 62
     7
420
 16777215
176
     1
 90
        1
176
     1
 90
        4
176
     1
 62
     7
176
     1
 62
   257
176
     1
 90
        1
176
     1
 90
        1
176
     1
 40
1.0
176
     1
 90
        0
176
     1
 62
   257
176
     1
 40
1.0
176
     1
 90
        1
176
     1
 90
        6
176
     1
 90
        2
176
     1
 62
     7
176
     1
 90
        3
176
     1
 90
        0
176
     1
 90
        0
176
     1
290
     0
176
     1
 90
        1
176
     1
 40
0.0
176
     1
 90
        0
176
     1
290
     0
176
     1
290
     1
176
     1
290
     1
176
     1
290
     0
176
     1
290
     0
176
     1
290
     0
176
     1
290
     0
176
     1
290
     0
176
     1
290
     0
176
     1
 90
       50
176
     1
 40
0.0
176
     1
 40
1.0
176
     1
 90
        0
176
     1
 62
    18
420
        0
176
     1
 90
       50
176
     1
 90
        3
176
     1
 62
     5
420
      255
176
     1
290
     0
176
     1
 90
       50
176
     1
 90
       50
176
     1
 90
       50
176
     1
290
     0
176
     1
 90
       50
176
     1
 62
   256
176
     0
 40
1.0
176
     0
 90
        2
176
     1
  1
strokes_ogs.tif
176
     1
290
     0
176
     1
 40
1.0
176
     1
 40
1.0
176
     1
1001
ACAD
1000
AcDbSavedByObjectVersion
1070
     0
  0
VISUALSTYLE
  5
3C
102
{ACAD_REACTORS
330
29
102
}
330
29
100
AcDbVisualStyle
  2
X-Ray
 70
    25
177
     3
291
     0
 70
    58
 90
        2
176
     1
 90
        2
176
     1
 90
        1
176
     1
 90
        1
176
     1
 40
0.5
176
     1
 40
30.0
176
     1
 62
     7
420
 16777215
176
     1
 90
        1
176
     1
 90
        0
176
     1
 62
     7
176
     1
 62
   257
176
     1
 90
        1
176
     1
 90
        1
176
     1
 40
1.0
176
     1
 90
        8
176
     1
 62
     7
176
     1
 40
1.0
176
     1
 90
        1
176
     1
 90
        6
176
     1
 90
        2
176
     1
 62
     7
176
     1
 90
        3
176
     1
 90
        0
176
     1
 90
        0
176
     1
290
     0
176
     1
 90
       13
176
     1
 40
0.0
176
     1
 90
        0
176
     1
290
     0
176
     1
290
     1
176
     1
290
     1
176
     1
290
     0
176
     1
290
     0
176
     1
290
     0
176
     1
290
     0
176
     1
290
     0
176
     1
290
     0
176
     1
 90
       50
176
     1
 40
0.0
176
     1
 40
1.0
176
     1
 90
        0
176
     1
 62
    18
420
        0
176
     1
 90
       50
176
     1
 90
        3
176
     1
 62
     5
420
      255
176
     1
290
     0
176
     1
 90
       50
176
     1
 90
       50
176
     1
 90
       50
176
     1
290
     0
176
     1
 90
       50
176
     1
 62
   256
176
     0
 40
1.0
176
     0
 90
        2
176
     1
  1
strokes_ogs.tif
176
     1
290
     0
176
     1
 40
1.0
176
     1
 40
1.0
176
     1
1001
ACAD
1000
AcDbSavedByObjectVersion
1070
     0
  0
DICTIONARYVAR
  5
FFC
102
{ACAD_REACTORS
330
FF7
102
}
330
FF7
100
DictionaryVariables
280
     0
  1
0
  0
DICTIONARYVAR
  5
FFD
102
{ACAD_REACTORS
330
FF7
102
}
330
FF7
100
DictionaryVariables
280
     0
  1
1:1
  0
DICTIONARYVAR
  5
FF9
102
{ACAD_REACTORS
330
FF7
102
}
330
FF7
100
DictionaryVariables
280
     0
  1
STANDARD
  0
DICTIONARYVAR
  5
FF8
102
{ACAD_REACTORS
330
FF7
102
}
330
FF7
100
DictionaryVariables
280
     0
  1
STANDARD
  0
DICTIONARYVAR
  5
FFA
102
{ACAD_REACTORS
330
FF7
102
}
330
FF7
100
DictionaryVariables
280
     0
  1
Imperial24
  0
DICTIONARYVAR
  5
FFB
102
{ACAD_REACTORS
330
FF7
102
}
330
FF7
100
DictionaryVariables
280
     0
  1
Imperial24
  0
DICTIONARY
  5
1003
330
6B
100
AcDbDictionary
280
     1
281
     1
  3
ACAD_XREC_ROUNDTRIP
360
1004
  0
DICTIONARY
  5
1A
330
19
100
AcDbDictionary
280
     1
281
     1
  3
BUMPTILE
360
1C
  3
DIFFUSETILE
360
1B
  3
OPACITYTILE
360
1F
  3
REFLECTIONTILE
360
1E
  3
REFRACTIONTILE
360
20
  3
SPECULARTILE
360
1D
  0
DICTIONARY
  5
12
330
11
100
AcDbDictionary
280
     1
281
     1
  3
BUMPTILE
360
14
  3
DIFFUSETILE
360
13
  3
OPACITYTILE
360
17
  3
REFLECTIONTILE
360
16
  3
REFRACTIONTILE
360
18
  3
SPECULARTILE
360
15
  0
DICTIONARY
  5
22
330
21
100
AcDbDictionary
280
     1
281
     1
  3
BUMPTILE
360
24
  3
DIFFUSETILE
360
23
  3
OPACITYTILE
360
27
  3
REFLECTIONTILE
360
26
  3
REFRACTIONTILE
360
28
  3
SPECULARTILE
360
25
  0
DICTIONARY
  5
1001
330
69
100
AcDbDictionary
280
     1
281
     1
  3
ACAD_XREC_ROUNDTRIP
360
1002
  0
DICTIONARY
  5
FFE
330
65
100
AcDbDictionary
280
     1
281
     1
  3
ACAD_ROUNDTRIP_2008_TABLESTYLE_CELLSTYLEMAP
360
FFF
  0
XRECORD
  5
1004
102
{ACAD_REACTORS
330
1003
102
}
330
1003
100
AcDbXrecord
280
     1
102
DISPLAYNAME
  1
Imperial24
102
FLAGS
 90
        0
  0
XRECORD
  5
1C
102
{ACAD_REACTORS
330
1A
102
}
330
1A
100
AcDbXrecord
280
     1
270
     1
271
     1
  0
XRECORD
  5
1B
102
{ACAD_REACTORS
330
1A
102
}
330
1A
100
AcDbXrecord
280
     1
270
     1
271
     1
  0
XRECORD
  5
1F
102
{ACAD_REACTORS
330
1A
102
}
330
1A
100
AcDbXrecord
280
     1
270
     1
271
     1
  0
XRECORD
  5
1E
102
{ACAD_REACTORS
330
1A
102
}
330
1A
100
AcDbXrecord
280
     1
270
     1
271
     1
  0
XRECORD
  5
20
102
{ACAD_REACTORS
330
1A
102
}
330
1A
100
AcDbXrecord
280
     1
270
     1
271
     1
  0
XRECORD
  5
1D
102
{ACAD_REACTORS
330
1A
102
}
330
1A
100
AcDbXrecord
280
     1
270
     1
271
     1
  0
XRECORD
  5
14
102
{ACAD_REACTORS
330
12
102
}
330
12
100
AcDbXrecord
280
     1
270
     1
271
     1
  0
XRECORD
  5
13
102
{ACAD_REACTORS
330
12
102
}
330
12
100
AcDbXrecord
280
     1
270
     1
271
     1
  0
XRECORD
  5
17
102
{ACAD_REACTORS
330
12
102
}
330
12
100
AcDbXrecord
280
     1
270
     1
271
     1
  0
XRECORD
  5
16
102
{ACAD_REACTORS
330
12
102
}
330
12
100
AcDbXrecord
280
     1
270
     1
271
     1
  0
XRECORD
  5
18
102
{ACAD_REACTORS
330
12
102
}
330
12
100
AcDbXrecord
280
     1
270
     1
271
     1
  0
XRECORD
  5
15
102
{ACAD_REACTORS
330
12
102
}
330
12
100
AcDbXrecord
280
     1
270
     1
271
     1
  0
XRECORD
  5
24
102
{ACAD_REACTORS
330
22
102
}
330
22
100
AcDbXrecord
280
     1
270
     1
271
     1
  0
XRECORD
  5
23
102
{ACAD_REACTORS
330
22
102
}
330
22
100
AcDbXrecord
280
     1
270
     1
271
     1
  0
XRECORD
  5
27
102
{ACAD_REACTORS
330
22
102
}
330
22
100
AcDbXrecord
280
     1
270
     1
271
     1
  0
XRECORD
  5
26
102
{ACAD_REACTORS
330
22
102
}
330
22
100
AcDbXrecord
280
     1
270
     1
271
     1
  0
XRECORD
  5
28
102
{ACAD_REACTORS
330
22
102
}
330
22
100
AcDbXrecord
280
     1
270
     1
271
     1
  0
XRECORD
  5
25
102
{ACAD_REACTORS
330
22
102
}
330
22
100
AcDbXrecord
280
     1
270
     1
271
     1
  0
XRECORD
  5
1002
102
{ACAD_REACTORS
330
1001
102
}
330
1001
100
AcDbXrecord
280
     1
102
DISPLAYNAME
  1
Imperial24
102
FLAGS
 90
        0
  0
CELLSTYLEMAP
  5
FFF
102
{ACAD_REACTORS
330
FFE
102
}
330
FFE
100
AcDbCellStyleMap
 90
        3
300
CELLSTYLE
  1
TABLEFORMAT_BEGIN
 90
        5
170
     1
 91
        0
 92
    32768
 62
   257
 93
        1
300
CONTENTFORMAT
  1
CONTENTFORMAT_BEGIN
 90
        0
 91
        0
 92
      512
 93
        0
300

 40
0.0
140
1.0
 94
        5
 62
     0
340
55
144
0.25
309
CONTENTFORMAT_END
171
     1
301
MARGIN
  1
CELLMARGIN_BEGIN
 40
1.5
 40
1.5
 40
1.5
 40
1.5
 40
0.18
 40
0.18
309
CELLMARGIN_END
 94
        0
309
TABLEFORMAT_END
  1
CELLSTYLE_BEGIN
 90
        1
 91
        1
300
_TITLE
309
CELLSTYLE_END
300
CELLSTYLE
  1
TABLEFORMAT_BEGIN
 90
        5
170
     1
 91
        0
 92
        0
 62
   257
 93
        1
300
CONTENTFORMAT
  1
CONTENTFORMAT_BEGIN
 90
        0
 91
        0
 92
      512
 93
        0
300

 40
0.0
140
1.0
 94
        5
 62
     0
340
55
144
0.18
309
CONTENTFORMAT_END
171
     1
301
MARGIN
  1
CELLMARGIN_BEGIN
 40
1.5
 40
1.5
 40
1.5
 40
1.5
 40
0.18
 40
0.18
309
CELLMARGIN_END
 94
        0
309
TABLEFORMAT_END
  1
CELLSTYLE_BEGIN
 90
        2
 91
        1
300
_HEADER
309
CELLSTYLE_END
300
CELLSTYLE
  1
TABLEFORMAT_BEGIN
 90
        5
170
     1
 91
        0
 92
        0
 62
   257
 93
        1
300
CONTENTFORMAT
  1
CONTENTFORMAT_BEGIN
 90
        0
 91
        0
 92
      512
 93
        0
300

 40
0.0
140
1.0
 94
        2
 62
     0
340
55
144
0.18
309
CONTENTFORMAT_END
171
     1
301
MARGIN
  1
CELLMARGIN_BEGIN
 40
1.5
 40
1.5
 40
1.5
 40
1.5
 40
0.18
 40
0.18
309
CELLMARGIN_END
 94
        0
309
TABLEFORMAT_END
  1
CELLSTYLE_BEGIN
 90
        3
 91
        2
300
_DATA
309
CELLSTYLE_END
  0
ENDSEC
  0
EOF
