ISO-10303-21;
HEADER;
/* Generated by software containing ST-Developer
 * from STEP Tools, Inc. (www.steptools.com) 
 */

FILE_DESCRIPTION(
/* description */ (''),
/* implementation_level */ '2;1');

FILE_NAME(
/* name */ 'Senso v45.step',
/* time_stamp */ '2025-11-14T11:26:54+01:00',
/* author */ (''),
/* organization */ (''),
/* preprocessor_version */ 'ST-DEVELOPER v20.1',
/* originating_system */ 'Autodesk Translation Framework v14.21.0.0',
/* authorisation */ '');

FILE_SCHEMA (('AUTOMOTIVE_DESIGN { 1 0 10303 214 3 1 1 }'));
ENDSEC;

DATA;
#10=MECHANICAL_DESIGN_GEOMETRIC_PRESENTATION_REPRESENTATION('',(#13),#8387);
#11=SHAPE_REPRESENTATION_RELATIONSHIP('SRR','None',#8393,#12);
#12=ADVANCED_BREP_SHAPE_REPRESENTATION('',(#14),#8386);
#13=STYLED_ITEM('',(#8405),#14);
#14=MANIFOLD_SOLID_BREP('Bottom',#3742);
#15=CONICAL_SURFACE('',#3889,114.999998502806,1.34110453557294E-6);
#16=CONICAL_SURFACE('',#3909,114.999998502806,1.34110453557294E-6);
#17=CONICAL_SURFACE('',#3926,114.999998502806,1.34110453557294E-6);
#18=CONICAL_SURFACE('',#4115,114.999998502806,1.34110453557294E-6);
#19=CONICAL_SURFACE('',#4118,115.049999463682,0.539435340104283);
#20=CONICAL_SURFACE('',#4126,114.273413048654,0.647677574841072);
#21=CONICAL_SURFACE('',#4127,119.378651376814,0.390766097215374);
#22=B_SPLINE_SURFACE_WITH_KNOTS('',3,3,((#7075,#7076,#7077,#7078),(#7079,
#7080,#7081,#7082),(#7083,#7084,#7085,#7086),(#7087,#7088,#7089,#7090)),
 .UNSPECIFIED.,.F.,.F.,.F.,(4,4),(4,4),(0.,1.),(-2.06380120410382,-1.05215664731981),
 .UNSPECIFIED.);
#23=B_SPLINE_SURFACE_WITH_KNOTS('',3,3,((#7115,#7116,#7117,#7118),(#7119,
#7120,#7121,#7122),(#7123,#7124,#7125,#7126),(#7127,#7128,#7129,#7130)),
 .UNSPECIFIED.,.F.,.F.,.F.,(4,4),(4,4),(0.,1.),(-1.05215664731981,-0.0405121485625365),
 .UNSPECIFIED.);
#24=(
BOUNDED_CURVE()
B_SPLINE_CURVE(5,(#5840,#5841,#5842,#5843,#5844,#5845),.UNSPECIFIED.,.F.,
 .F.)
B_SPLINE_CURVE_WITH_KNOTS((6,6),(0.682703193147968,0.707171825006204),
 .UNSPECIFIED.)
CURVE()
GEOMETRIC_REPRESENTATION_ITEM()
RATIONAL_B_SPLINE_CURVE((1.,1.,1.,1.,1.,1.))
REPRESENTATION_ITEM('')
);
#25=(
BOUNDED_CURVE()
B_SPLINE_CURVE(5,(#6275,#6276,#6277,#6278,#6279,#6280),.UNSPECIFIED.,.F.,
 .F.)
B_SPLINE_CURVE_WITH_KNOTS((6,6),(0.610357945410864,0.682718669713755),
 .UNSPECIFIED.)
CURVE()
GEOMETRIC_REPRESENTATION_ITEM()
RATIONAL_B_SPLINE_CURVE((1.,1.,1.,1.,1.,1.))
REPRESENTATION_ITEM('')
);
#26=(
BOUNDED_CURVE()
B_SPLINE_CURVE(5,(#6302,#6303,#6304,#6305,#6306,#6307),.UNSPECIFIED.,.F.,
 .F.)
B_SPLINE_CURVE_WITH_KNOTS((6,6),(0.934284764562699,1.),.UNSPECIFIED.)
CURVE()
GEOMETRIC_REPRESENTATION_ITEM()
RATIONAL_B_SPLINE_CURVE((1.,1.,1.,1.,1.,1.))
REPRESENTATION_ITEM('')
);
#27=(
BOUNDED_CURVE()
B_SPLINE_CURVE(5,(#6329,#6330,#6331,#6332,#6333,#6334),.UNSPECIFIED.,.F.,
 .F.)
B_SPLINE_CURVE_WITH_KNOTS((6,6),(0.0818217077376251,0.12889436283816),
 .UNSPECIFIED.)
CURVE()
GEOMETRIC_REPRESENTATION_ITEM()
RATIONAL_B_SPLINE_CURVE((1.,1.,1.,1.,1.,1.))
REPRESENTATION_ITEM('')
);
#28=(
BOUNDED_CURVE()
B_SPLINE_CURVE(5,(#8213,#8214,#8215,#8216,#8217,#8218,#8219,#8220,#8221,
#8222,#8223,#8224),.UNSPECIFIED.,.F.,.F.)
B_SPLINE_CURVE_WITH_KNOTS((6,1,1,1,1,1,1,6),(0.396502130365847,0.4,0.5,
0.6,0.7,0.8,0.9,1.),.UNSPECIFIED.)
CURVE()
GEOMETRIC_REPRESENTATION_ITEM()
RATIONAL_B_SPLINE_CURVE((1.,1.,1.,1.,1.,1.,1.,1.,1.,1.,1.,1.))
REPRESENTATION_ITEM('')
);
#29=(
BOUNDED_CURVE()
B_SPLINE_CURVE(5,(#8281,#8282,#8283,#8284,#8285,#8286),.UNSPECIFIED.,.F.,
 .F.)
B_SPLINE_CURVE_WITH_KNOTS((6,6),(0.396188686780463,0.396502130365847),
 .UNSPECIFIED.)
CURVE()
GEOMETRIC_REPRESENTATION_ITEM()
RATIONAL_B_SPLINE_CURVE((1.,1.,1.,1.,1.,1.))
REPRESENTATION_ITEM('')
);
#30=(
BOUNDED_SURFACE()
B_SPLINE_SURFACE(5,2,((#5513,#5514,#5515,#5516,#5517,#5518,#5519,#5520,
#5521),(#5522,#5523,#5524,#5525,#5526,#5527,#5528,#5529,#5530),(#5531,#5532,
#5533,#5534,#5535,#5536,#5537,#5538,#5539),(#5540,#5541,#5542,#5543,#5544,
#5545,#5546,#5547,#5548),(#5549,#5550,#5551,#5552,#5553,#5554,#5555,#5556,
#5557),(#5558,#5559,#5560,#5561,#5562,#5563,#5564,#5565,#5566),(#5567,#5568,
#5569,#5570,#5571,#5572,#5573,#5574,#5575),(#5576,#5577,#5578,#5579,#5580,
#5581,#5582,#5583,#5584)),.UNSPECIFIED.,.F.,.T.,.F.)
B_SPLINE_SURFACE_WITH_KNOTS((6,1,1,6),(3,2,2,2,3),(0.523423334930513,0.6,
0.8,0.879456071818292),(0.,1.5707963267949,3.14159265358979,4.71238898038469,
6.28318530717959),.UNSPECIFIED.)
GEOMETRIC_REPRESENTATION_ITEM()
RATIONAL_B_SPLINE_SURFACE(((1.,0.707106781186548,1.,0.707106781186548,1.,
0.707106781186548,1.,0.707106781186548,1.),(1.,0.707106781186548,1.,0.707106781186548,
1.,0.707106781186548,1.,0.707106781186548,1.),(1.,0.707106781186548,1.,
0.707106781186548,1.,0.707106781186548,1.,0.707106781186548,1.),(1.,0.707106781186548,
1.,0.707106781186548,1.,0.707106781186548,1.,0.707106781186548,1.),(1.,
0.707106781186548,1.,0.707106781186548,1.,0.707106781186548,1.,0.707106781186548,
1.),(1.,0.707106781186548,1.,0.707106781186548,1.,0.707106781186548,1.,
0.707106781186548,1.),(1.,0.707106781186548,1.,0.707106781186548,1.,0.707106781186548,
1.,0.707106781186548,1.),(1.,0.707106781186548,1.,0.707106781186548,1.,
0.707106781186548,1.,0.707106781186548,1.)))
REPRESENTATION_ITEM('')
SURFACE()
);
#31=(
BOUNDED_SURFACE()
B_SPLINE_SURFACE(5,2,((#5889,#5890,#5891,#5892,#5893,#5894,#5895,#5896,
#5897),(#5898,#5899,#5900,#5901,#5902,#5903,#5904,#5905,#5906),(#5907,#5908,
#5909,#5910,#5911,#5912,#5913,#5914,#5915),(#5916,#5917,#5918,#5919,#5920,
#5921,#5922,#5923,#5924),(#5925,#5926,#5927,#5928,#5929,#5930,#5931,#5932,
#5933),(#5934,#5935,#5936,#5937,#5938,#5939,#5940,#5941,#5942),(#5943,#5944,
#5945,#5946,#5947,#5948,#5949,#5950,#5951),(#5952,#5953,#5954,#5955,#5956,
#5957,#5958,#5959,#5960),(#5961,#5962,#5963,#5964,#5965,#5966,#5967,#5968,
#5969),(#5970,#5971,#5972,#5973,#5974,#5975,#5976,#5977,#5978)),
 .UNSPECIFIED.,.F.,.T.,.F.)
B_SPLINE_SURFACE_WITH_KNOTS((6,1,1,1,1,6),(3,2,2,2,3),(0.,0.2,0.4,0.6,0.8,
1.),(0.,1.5707963267949,3.14159265358979,4.71238898038469,6.28318530717959),
 .UNSPECIFIED.)
GEOMETRIC_REPRESENTATION_ITEM()
RATIONAL_B_SPLINE_SURFACE(((1.,0.707106781186548,1.,0.707106781186548,1.,
0.707106781186548,1.,0.707106781186548,1.),(1.,0.707106781186548,1.,0.707106781186548,
1.,0.707106781186548,1.,0.707106781186548,1.),(1.,0.707106781186548,1.,
0.707106781186548,1.,0.707106781186548,1.,0.707106781186548,1.),(1.,0.707106781186548,
1.,0.707106781186548,1.,0.707106781186548,1.,0.707106781186548,1.),(1.,
0.707106781186548,1.,0.707106781186548,1.,0.707106781186548,1.,0.707106781186548,
1.),(1.,0.707106781186548,1.,0.707106781186548,1.,0.707106781186548,1.,
0.707106781186548,1.),(1.,0.707106781186548,1.,0.707106781186548,1.,0.707106781186548,
1.,0.707106781186548,1.),(1.,0.707106781186548,1.,0.707106781186548,1.,
0.707106781186548,1.,0.707106781186548,1.),(1.,0.707106781186548,1.,0.707106781186548,
1.,0.707106781186548,1.,0.707106781186548,1.),(1.,0.707106781186548,1.,
0.707106781186548,1.,0.707106781186548,1.,0.707106781186548,1.)))
REPRESENTATION_ITEM('')
SURFACE()
);
#32=(
BOUNDED_SURFACE()
B_SPLINE_SURFACE(5,2,((#6184,#6185,#6186,#6187,#6188,#6189,#6190,#6191,
#6192),(#6193,#6194,#6195,#6196,#6197,#6198,#6199,#6200,#6201),(#6202,#6203,
#6204,#6205,#6206,#6207,#6208,#6209,#6210),(#6211,#6212,#6213,#6214,#6215,
#6216,#6217,#6218,#6219),(#6220,#6221,#6222,#6223,#6224,#6225,#6226,#6227,
#6228),(#6229,#6230,#6231,#6232,#6233,#6234,#6235,#6236,#6237),(#6238,#6239,
#6240,#6241,#6242,#6243,#6244,#6245,#6246),(#6247,#6248,#6249,#6250,#6251,
#6252,#6253,#6254,#6255),(#6256,#6257,#6258,#6259,#6260,#6261,#6262,#6263,
#6264),(#6265,#6266,#6267,#6268,#6269,#6270,#6271,#6272,#6273)),
 .UNSPECIFIED.,.F.,.T.,.F.)
B_SPLINE_SURFACE_WITH_KNOTS((6,1,1,1,1,6),(3,2,2,2,3),(-1.,-0.8,-0.6,-0.4,
-0.2,-0.0818217077376251),(0.,1.5707963267949,3.14159265358979,4.71238898038469,
6.28318530717959),.UNSPECIFIED.)
GEOMETRIC_REPRESENTATION_ITEM()
RATIONAL_B_SPLINE_SURFACE(((1.,0.707106781186548,1.,0.707106781186548,1.,
0.707106781186548,1.,0.707106781186548,1.),(1.,0.707106781186548,1.,0.707106781186548,
1.,0.707106781186548,1.,0.707106781186548,1.),(1.,0.707106781186548,1.,
0.707106781186548,1.,0.707106781186548,1.,0.707106781186548,1.),(1.,0.707106781186548,
1.,0.707106781186548,1.,0.707106781186548,1.,0.707106781186548,1.),(1.,
0.707106781186548,1.,0.707106781186548,1.,0.707106781186548,1.,0.707106781186548,
1.),(1.,0.707106781186548,1.,0.707106781186548,1.,0.707106781186548,1.,
0.707106781186548,1.),(1.,0.707106781186548,1.,0.707106781186548,1.,0.707106781186548,
1.,0.707106781186548,1.),(1.,0.707106781186548,1.,0.707106781186548,1.,
0.707106781186548,1.,0.707106781186548,1.),(1.,0.707106781186548,1.,0.707106781186548,
1.,0.707106781186548,1.,0.707106781186548,1.),(1.,0.707106781186548,1.,
0.707106781186548,1.,0.707106781186548,1.,0.707106781186548,1.)))
REPRESENTATION_ITEM('')
SURFACE()
);
#33=(
BOUNDED_SURFACE()
B_SPLINE_SURFACE(5,2,((#6862,#6863,#6864,#6865,#6866,#6867,#6868,#6869,
#6870),(#6871,#6872,#6873,#6874,#6875,#6876,#6877,#6878,#6879),(#6880,#6881,
#6882,#6883,#6884,#6885,#6886,#6887,#6888),(#6889,#6890,#6891,#6892,#6893,
#6894,#6895,#6896,#6897),(#6898,#6899,#6900,#6901,#6902,#6903,#6904,#6905,
#6906),(#6907,#6908,#6909,#6910,#6911,#6912,#6913,#6914,#6915),(#6916,#6917,
#6918,#6919,#6920,#6921,#6922,#6923,#6924),(#6925,#6926,#6927,#6928,#6929,
#6930,#6931,#6932,#6933),(#6934,#6935,#6936,#6937,#6938,#6939,#6940,#6941,
#6942),(#6943,#6944,#6945,#6946,#6947,#6948,#6949,#6950,#6951)),
 .UNSPECIFIED.,.F.,.T.,.F.)
B_SPLINE_SURFACE_WITH_KNOTS((6,1,1,1,1,6),(3,2,2,2,3),(0.,0.2,0.4,0.6,0.8,
1.),(0.,1.5707963267949,3.14159265358979,4.71238898038469,6.28318530717959),
 .UNSPECIFIED.)
GEOMETRIC_REPRESENTATION_ITEM()
RATIONAL_B_SPLINE_SURFACE(((1.,0.707106781186548,1.,0.707106781186548,1.,
0.707106781186548,1.,0.707106781186548,1.),(1.,0.707106781186548,1.,0.707106781186548,
1.,0.707106781186548,1.,0.707106781186548,1.),(1.,0.707106781186548,1.,
0.707106781186548,1.,0.707106781186548,1.,0.707106781186548,1.),(1.,0.707106781186548,
1.,0.707106781186548,1.,0.707106781186548,1.,0.707106781186548,1.),(1.,
0.707106781186548,1.,0.707106781186548,1.,0.707106781186548,1.,0.707106781186548,
1.),(1.,0.707106781186548,1.,0.707106781186548,1.,0.707106781186548,1.,
0.707106781186548,1.),(1.,0.707106781186548,1.,0.707106781186548,1.,0.707106781186548,
1.,0.707106781186548,1.),(1.,0.707106781186548,1.,0.707106781186548,1.,
0.707106781186548,1.,0.707106781186548,1.),(1.,0.707106781186548,1.,0.707106781186548,
1.,0.707106781186548,1.,0.707106781186548,1.),(1.,0.707106781186548,1.,
0.707106781186548,1.,0.707106781186548,1.,0.707106781186548,1.)))
REPRESENTATION_ITEM('')
SURFACE()
);
#34=(
BOUNDED_SURFACE()
B_SPLINE_SURFACE(5,2,((#6952,#6953,#6954,#6955,#6956,#6957,#6958,#6959,
#6960),(#6961,#6962,#6963,#6964,#6965,#6966,#6967,#6968,#6969),(#6970,#6971,
#6972,#6973,#6974,#6975,#6976,#6977,#6978),(#6979,#6980,#6981,#6982,#6983,
#6984,#6985,#6986,#6987),(#6988,#6989,#6990,#6991,#6992,#6993,#6994,#6995,
#6996),(#6997,#6998,#6999,#7000,#7001,#7002,#7003,#7004,#7005),(#7006,#7007,
#7008,#7009,#7010,#7011,#7012,#7013,#7014),(#7015,#7016,#7017,#7018,#7019,
#7020,#7021,#7022,#7023),(#7024,#7025,#7026,#7027,#7028,#7029,#7030,#7031,
#7032),(#7033,#7034,#7035,#7036,#7037,#7038,#7039,#7040,#7041)),
 .UNSPECIFIED.,.F.,.T.,.F.)
B_SPLINE_SURFACE_WITH_KNOTS((6,1,1,1,1,6),(3,2,2,2,3),(0.,0.2,0.4,0.6,0.8,
1.),(0.,1.5707963267949,3.14159265358979,4.71238898038469,6.28318530717959),
 .UNSPECIFIED.)
GEOMETRIC_REPRESENTATION_ITEM()
RATIONAL_B_SPLINE_SURFACE(((1.,0.707106781186548,1.,0.707106781186548,1.,
0.707106781186548,1.,0.707106781186548,1.),(1.,0.707106781186548,1.,0.707106781186548,
1.,0.707106781186548,1.,0.707106781186548,1.),(1.,0.707106781186548,1.,
0.707106781186548,1.,0.707106781186548,1.,0.707106781186548,1.),(1.,0.707106781186548,
1.,0.707106781186548,1.,0.707106781186548,1.,0.707106781186548,1.),(1.,
0.707106781186548,1.,0.707106781186548,1.,0.707106781186548,1.,0.707106781186548,
1.),(1.,0.707106781186548,1.,0.707106781186548,1.,0.707106781186548,1.,
0.707106781186548,1.),(1.,0.707106781186548,1.,0.707106781186548,1.,0.707106781186548,
1.,0.707106781186548,1.),(1.,0.707106781186548,1.,0.707106781186548,1.,
0.707106781186548,1.,0.707106781186548,1.),(1.,0.707106781186548,1.,0.707106781186548,
1.,0.707106781186548,1.,0.707106781186548,1.),(1.,0.707106781186548,1.,
0.707106781186548,1.,0.707106781186548,1.,0.707106781186548,1.)))
REPRESENTATION_ITEM('')
SURFACE()
);
#35=(
BOUNDED_SURFACE()
B_SPLINE_SURFACE(5,2,((#8104,#8105,#8106,#8107,#8108,#8109,#8110,#8111,
#8112),(#8113,#8114,#8115,#8116,#8117,#8118,#8119,#8120,#8121),(#8122,#8123,
#8124,#8125,#8126,#8127,#8128,#8129,#8130),(#8131,#8132,#8133,#8134,#8135,
#8136,#8137,#8138,#8139),(#8140,#8141,#8142,#8143,#8144,#8145,#8146,#8147,
#8148),(#8149,#8150,#8151,#8152,#8153,#8154,#8155,#8156,#8157),(#8158,#8159,
#8160,#8161,#8162,#8163,#8164,#8165,#8166),(#8167,#8168,#8169,#8170,#8171,
#8172,#8173,#8174,#8175),(#8176,#8177,#8178,#8179,#8180,#8181,#8182,#8183,
#8184),(#8185,#8186,#8187,#8188,#8189,#8190,#8191,#8192,#8193),(#8194,#8195,
#8196,#8197,#8198,#8199,#8200,#8201,#8202),(#8203,#8204,#8205,#8206,#8207,
#8208,#8209,#8210,#8211)),.UNSPECIFIED.,.F.,.T.,.F.)
B_SPLINE_SURFACE_WITH_KNOTS((6,1,1,1,1,1,1,6),(3,2,2,2,3),(0.396502130365847,
0.4,0.5,0.6,0.7,0.8,0.9,1.),(0.,1.5707963267949,3.14159265358979,4.71238898038469,
6.28318530717959),.UNSPECIFIED.)
GEOMETRIC_REPRESENTATION_ITEM()
RATIONAL_B_SPLINE_SURFACE(((1.,0.707106781186548,1.,0.707106781186548,1.,
0.707106781186548,1.,0.707106781186548,1.),(1.,0.707106781186548,1.,0.707106781186548,
1.,0.707106781186548,1.,0.707106781186548,1.),(1.,0.707106781186548,1.,
0.707106781186548,1.,0.707106781186548,1.,0.707106781186548,1.),(1.,0.707106781186548,
1.,0.707106781186548,1.,0.707106781186548,1.,0.707106781186548,1.),(1.,
0.707106781186548,1.,0.707106781186548,1.,0.707106781186548,1.,0.707106781186548,
1.),(1.,0.707106781186548,1.,0.707106781186548,1.,0.707106781186548,1.,
0.707106781186548,1.),(1.,0.707106781186548,1.,0.707106781186548,1.,0.707106781186548,
1.,0.707106781186548,1.),(1.,0.707106781186548,1.,0.707106781186548,1.,
0.707106781186548,1.,0.707106781186548,1.),(1.,0.707106781186548,1.,0.707106781186548,
1.,0.707106781186548,1.,0.707106781186548,1.),(1.,0.707106781186548,1.,
0.707106781186548,1.,0.707106781186548,1.,0.707106781186548,1.),(1.,0.707106781186548,
1.,0.707106781186548,1.,0.707106781186548,1.,0.707106781186548,1.),(1.,
0.707106781186548,1.,0.707106781186548,1.,0.707106781186548,1.,0.707106781186548,
1.)))
REPRESENTATION_ITEM('')
SURFACE()
);
#36=(
BOUNDED_SURFACE()
B_SPLINE_SURFACE(5,2,((#8226,#8227,#8228,#8229,#8230,#8231,#8232,#8233,
#8234),(#8235,#8236,#8237,#8238,#8239,#8240,#8241,#8242,#8243),(#8244,#8245,
#8246,#8247,#8248,#8249,#8250,#8251,#8252),(#8253,#8254,#8255,#8256,#8257,
#8258,#8259,#8260,#8261),(#8262,#8263,#8264,#8265,#8266,#8267,#8268,#8269,
#8270),(#8271,#8272,#8273,#8274,#8275,#8276,#8277,#8278,#8279)),
 .UNSPECIFIED.,.F.,.T.,.F.)
B_SPLINE_SURFACE_WITH_KNOTS((6,6),(3,2,2,2,3),(0.396188686780463,0.396502130365846),
(0.,1.5707963267949,3.14159265358979,4.71238898038469,6.28318530717959),
 .UNSPECIFIED.)
GEOMETRIC_REPRESENTATION_ITEM()
RATIONAL_B_SPLINE_SURFACE(((1.,0.707106781186548,1.,0.707106781186548,1.,
0.707106781186548,1.,0.707106781186548,1.),(1.,0.707106781186548,1.,0.707106781186548,
1.,0.707106781186548,1.,0.707106781186548,1.),(1.,0.707106781186548,1.,
0.707106781186548,1.,0.707106781186548,1.,0.707106781186548,1.),(1.,0.707106781186548,
1.,0.707106781186548,1.,0.707106781186548,1.,0.707106781186548,1.),(1.,
0.707106781186548,1.,0.707106781186548,1.,0.707106781186548,1.,0.707106781186548,
1.),(1.,0.707106781186548,1.,0.707106781186548,1.,0.707106781186548,1.,
0.707106781186548,1.)))
REPRESENTATION_ITEM('')
SURFACE()
);
#37=(
BOUNDED_SURFACE()
B_SPLINE_SURFACE(5,2,((#8292,#8293,#8294,#8295,#8296,#8297,#8298,#8299,
#8300),(#8301,#8302,#8303,#8304,#8305,#8306,#8307,#8308,#8309),(#8310,#8311,
#8312,#8313,#8314,#8315,#8316,#8317,#8318),(#8319,#8320,#8321,#8322,#8323,
#8324,#8325,#8326,#8327),(#8328,#8329,#8330,#8331,#8332,#8333,#8334,#8335,
#8336),(#8337,#8338,#8339,#8340,#8341,#8342,#8343,#8344,#8345),(#8346,#8347,
#8348,#8349,#8350,#8351,#8352,#8353,#8354),(#8355,#8356,#8357,#8358,#8359,
#8360,#8361,#8362,#8363),(#8364,#8365,#8366,#8367,#8368,#8369,#8370,#8371,
#8372),(#8373,#8374,#8375,#8376,#8377,#8378,#8379,#8380,#8381)),
 .UNSPECIFIED.,.F.,.T.,.F.)
B_SPLINE_SURFACE_WITH_KNOTS((6,1,1,1,1,6),(3,2,2,2,3),(0.,0.2,0.4,0.6,0.8,
1.),(0.,1.5707963267949,3.14159265358979,4.71238898038469,6.28318530717959),
 .UNSPECIFIED.)
GEOMETRIC_REPRESENTATION_ITEM()
RATIONAL_B_SPLINE_SURFACE(((1.,0.707106781186548,1.,0.707106781186548,1.,
0.707106781186548,1.,0.707106781186548,1.),(1.,0.707106781186548,1.,0.707106781186548,
1.,0.707106781186548,1.,0.707106781186548,1.),(1.,0.707106781186548,1.,
0.707106781186548,1.,0.707106781186548,1.,0.707106781186548,1.),(1.,0.707106781186548,
1.,0.707106781186548,1.,0.707106781186548,1.,0.707106781186548,1.),(1.,
0.707106781186548,1.,0.707106781186548,1.,0.707106781186548,1.,0.707106781186548,
1.),(1.,0.707106781186548,1.,0.707106781186548,1.,0.707106781186548,1.,
0.707106781186548,1.),(1.,0.707106781186548,1.,0.707106781186548,1.,0.707106781186548,
1.,0.707106781186548,1.),(1.,0.707106781186548,1.,0.707106781186548,1.,
0.707106781186548,1.,0.707106781186548,1.),(1.,0.707106781186548,1.,0.707106781186548,
1.,0.707106781186548,1.,0.707106781186548,1.),(1.,0.707106781186548,1.,
0.707106781186548,1.,0.707106781186548,1.,0.707106781186548,1.)))
REPRESENTATION_ITEM('')
SURFACE()
);
#38=TOROIDAL_SURFACE('',#3773,107.820863408299,7.99999999999986);
#39=TOROIDAL_SURFACE('',#3802,107.372357719544,13.0000000222554);
#40=TOROIDAL_SURFACE('',#4020,101.334873480301,19.5000000000001);
#41=TOROIDAL_SURFACE('',#4049,101.31818030634,1.24999999999998);
#42=TOROIDAL_SURFACE('',#4051,101.31818030634,1.24999999999998);
#43=TOROIDAL_SURFACE('',#4053,101.31818030634,1.24999999999998);
#44=TOROIDAL_SURFACE('',#4055,101.31818030634,1.24999999999998);
#45=TOROIDAL_SURFACE('',#4057,101.31818030634,1.24999999999998);
#46=TOROIDAL_SURFACE('',#4059,101.31818030634,1.24999999999998);
#47=TOROIDAL_SURFACE('',#4123,97.6211800572326,27.2500000000011);
#48=FACE_BOUND('',#967,.T.);
#49=FACE_BOUND('',#969,.T.);
#50=FACE_BOUND('',#970,.T.);
#51=FACE_BOUND('',#971,.T.);
#52=FACE_BOUND('',#972,.T.);
#53=FACE_BOUND('',#973,.T.);
#54=FACE_BOUND('',#974,.T.);
#55=FACE_BOUND('',#975,.T.);
#56=FACE_BOUND('',#976,.T.);
#57=FACE_BOUND('',#977,.T.);
#58=FACE_BOUND('',#978,.T.);
#59=FACE_BOUND('',#979,.T.);
#60=FACE_BOUND('',#984,.T.);
#61=FACE_BOUND('',#988,.T.);
#62=FACE_BOUND('',#992,.T.);
#63=FACE_BOUND('',#998,.T.);
#64=FACE_BOUND('',#999,.T.);
#65=FACE_BOUND('',#1000,.T.);
#66=FACE_BOUND('',#1001,.T.);
#67=FACE_BOUND('',#1002,.T.);
#68=FACE_BOUND('',#1051,.T.);
#69=FACE_BOUND('',#1053,.T.);
#70=FACE_BOUND('',#1102,.T.);
#71=FACE_BOUND('',#1106,.T.);
#72=FACE_BOUND('',#1110,.T.);
#73=FACE_BOUND('',#1114,.T.);
#74=FACE_BOUND('',#1117,.T.);
#75=FACE_BOUND('',#1120,.T.);
#76=FACE_BOUND('',#1123,.T.);
#77=FACE_BOUND('',#1126,.T.);
#78=FACE_BOUND('',#1167,.T.);
#79=FACE_BOUND('',#1169,.T.);
#80=FACE_BOUND('',#1171,.T.);
#81=FACE_BOUND('',#1173,.T.);
#82=FACE_BOUND('',#1175,.T.);
#83=FACE_BOUND('',#1177,.T.);
#84=FACE_BOUND('',#1204,.T.);
#85=FACE_BOUND('',#1205,.T.);
#86=FACE_BOUND('',#1206,.T.);
#87=FACE_BOUND('',#1207,.T.);
#88=B_SPLINE_CURVE_WITH_KNOTS('',3,(#5155,#5156,#5157,#5158,#5159,#5160,
#5161,#5162,#5163,#5164,#5165,#5166,#5167,#5168,#5169,#5170,#5171,#5172),
 .UNSPECIFIED.,.F.,.F.,(4,2,2,2,2,2,2,2,4),(-1.29435400545094,-1.28890030516186,
-1.21056679764502,-1.14881354182364,-1.08433389915183,-0.995580904816006,
-0.864566930114153,-0.748122448956855,-0.716830789547067),.UNSPECIFIED.);
#89=B_SPLINE_CURVE_WITH_KNOTS('',3,(#5175,#5176,#5177,#5178,#5179,#5180,
#5181,#5182,#5183,#5184,#5185,#5186,#5187,#5188,#5189,#5190,#5191,#5192),
 .UNSPECIFIED.,.F.,.F.,(4,2,2,2,2,2,2,2,4),(-0.716830789547067,-0.647602651434443,
-0.543534946295113,-0.424760162500176,-0.291910514164465,-0.206108196870212,
-0.142235134690899,-0.0801058782809857,0.),.UNSPECIFIED.);
#90=B_SPLINE_CURVE_WITH_KNOTS('',3,(#5240,#5241,#5242,#5243,#5244,#5245,
#5246,#5247,#5248,#5249,#5250,#5251,#5252,#5253,#5254,#5255,#5256,#5257),
 .UNSPECIFIED.,.F.,.F.,(4,2,2,2,2,2,2,2,4),(-1.23867186060147,-1.19757074278567,
-1.13412438539189,-1.07307653009467,-0.995563533066163,-0.874561953174991,
-0.749882074065754,-0.645354657787373,-0.552593071400216),.UNSPECIFIED.);
#91=B_SPLINE_CURVE_WITH_KNOTS('',3,(#5258,#5259,#5260,#5261,#5262,#5263,
#5264,#5265,#5266,#5267,#5268,#5269,#5270,#5271,#5272,#5273),
 .UNSPECIFIED.,.F.,.F.,(4,2,2,2,2,2,2,4),(-0.552593071400216,-0.541012572993191,
-0.42511758848588,-0.294268197421763,-0.198775176467948,-0.132747410613879,
-0.0725499768319823,0.),.UNSPECIFIED.);
#92=B_SPLINE_CURVE_WITH_KNOTS('',3,(#5279,#5280,#5281,#5282,#5283,#5284,
#5285,#5286,#5287,#5288),.UNSPECIFIED.,.F.,.F.,(4,2,2,2,4),(3.57537141021811,
3.71112371869125,3.8600438827912,4.00860917615776,4.02876239592972),
 .UNSPECIFIED.);
#93=B_SPLINE_CURVE_WITH_KNOTS('',3,(#5290,#5291,#5292,#5293,#5294,#5295),
 .UNSPECIFIED.,.F.,.F.,(4,2,4),(4.02876239592972,4.15717446952432,4.26174858905974),
 .UNSPECIFIED.);
#94=B_SPLINE_CURVE_WITH_KNOTS('',3,(#5299,#5300,#5301,#5302,#5303,#5304),
 .UNSPECIFIED.,.F.,.F.,(4,2,4),(0.487652835941222,0.592815406670802,0.720641191355754),
 .UNSPECIFIED.);
#95=B_SPLINE_CURVE_WITH_KNOTS('',3,(#5306,#5307,#5308,#5309,#5310,#5311,
#5312,#5313,#5314,#5315),.UNSPECIFIED.,.F.,.F.,(4,2,2,2,4),(0.720641191355755,
0.74123030821477,0.889645209758739,1.0384141300008,1.17401531350921),
 .UNSPECIFIED.);
#96=B_SPLINE_CURVE_WITH_KNOTS('',3,(#5347,#5348,#5349,#5350,#5351,#5352,
#5353,#5354,#5355,#5356,#5357,#5358,#5359,#5360),.UNSPECIFIED.,.F.,.F.,
(4,2,2,2,2,2,4),(-2.64540571043345,-2.45256645114445,-2.25368466147203,
-1.97118844462891,-1.64981662346654,-1.45225806549459,-1.31512688789581),
 .UNSPECIFIED.);
#97=B_SPLINE_CURVE_WITH_KNOTS('',3,(#5362,#5363,#5364,#5365,#5366,#5367),
 .UNSPECIFIED.,.F.,.F.,(4,2,4),(-0.318619809718436,-0.199970896205368,0.),
 .UNSPECIFIED.);
#98=B_SPLINE_CURVE_WITH_KNOTS('',3,(#5369,#5370,#5371,#5372,#5373,#5374,
#5375,#5376,#5377,#5378,#5379,#5380,#5381,#5382,#5383,#5384,#5385,#5386,
#5387,#5388),.UNSPECIFIED.,.F.,.F.,(4,2,2,2,2,2,2,2,2,4),(-0.927704592949447,
-0.923200881902468,-0.918839254564742,-0.914793753338386,-0.908215879317597,
-0.892059027899456,-0.657041842667188,-0.350755102327555,-0.0237958575939082,
0.),.UNSPECIFIED.);
#99=B_SPLINE_CURVE_WITH_KNOTS('',3,(#5390,#5391,#5392,#5393,#5394,#5395,
#5396,#5397,#5398,#5399,#5400,#5401,#5402,#5403,#5404,#5405),
 .UNSPECIFIED.,.F.,.F.,(4,2,2,2,2,2,2,4),(-1.8381120932726,-1.65609755531641,
-1.44383256194903,-1.21664494921103,-1.0431936606374,-0.942348179636175,
-0.929089097186399,-0.927704592949447),.UNSPECIFIED.);
#100=B_SPLINE_CURVE_WITH_KNOTS('',3,(#5407,#5408,#5409,#5410,#5411,#5412),
 .UNSPECIFIED.,.F.,.F.,(4,2,4),(-0.31805663171764,-0.118441317166355,0.),
 .UNSPECIFIED.);
#101=B_SPLINE_CURVE_WITH_KNOTS('',3,(#5414,#5415,#5416,#5417),
 .UNSPECIFIED.,.F.,.F.,(4,4),(-0.0510409154003393,-0.000205694555084734),
 .UNSPECIFIED.);
#102=B_SPLINE_CURVE_WITH_KNOTS('',3,(#5421,#5422,#5423,#5424,#5425,#5426,
#5427,#5428,#5429,#5430,#5431,#5432,#5433,#5434,#5435,#5436,#5437,#5438),
 .UNSPECIFIED.,.F.,.F.,(4,2,2,2,2,2,2,2,4),(-3.16255344029885,-3.16215288763699,
-3.14771063162773,-3.12406114758308,-2.99892149677074,-2.74647123604826,
-2.45880374831348,-2.1189623772195,-1.87854902808152),.UNSPECIFIED.);
#103=B_SPLINE_CURVE_WITH_KNOTS('',3,(#5440,#5441,#5442,#5443,#5444,#5445,
#5446,#5447,#5448,#5449,#5450,#5451,#5452,#5453,#5454,#5455,#5456,#5457,
#5458,#5459,#5460,#5461,#5462,#5463,#5464,#5465,#5466,#5467,#5468,#5469,
#5470,#5471,#5472,#5473,#5474,#5475,#5476,#5477,#5478),.UNSPECIFIED.,.F.,
 .F.,(4,2,2,2,2,2,3,2,2,2,2,2,2,2,2,2,2,2,4),(-0.60949924294898,-0.601859169647705,
-0.586174751031479,-0.563903688707022,-0.523997908499912,-0.226781045988605,
0.,0.213350460122975,0.390489274125874,0.701083924406838,1.03100498690201,
1.32291814082283,1.57182004496354,1.77355438714232,1.8710590107229,1.93367244897358,
1.95309668532124,1.9652984619006,1.97614740780653),.UNSPECIFIED.);
#104=B_SPLINE_CURVE_WITH_KNOTS('',3,(#5479,#5480,#5481,#5482,#5483,#5484,
#5485,#5486,#5487,#5488,#5489,#5490,#5491,#5492,#5493,#5494,#5495,#5496,
#5497,#5498),.UNSPECIFIED.,.F.,.F.,(4,2,2,2,2,2,2,2,2,4),(-1.87854902808152,
-1.79492556958742,-1.50081695334703,-1.23221234090856,-0.990780667126505,
-0.788381755604319,-0.702274116520334,-0.641322757130427,-0.617928873404001,
-0.60949924294898),.UNSPECIFIED.);
#105=B_SPLINE_CURVE_WITH_KNOTS('',3,(#5499,#5500,#5501,#5502,#5503,#5504,
#5505,#5506,#5507,#5508,#5509,#5510,#5511,#5512),.UNSPECIFIED.,.F.,.F.,
(4,2,2,2,2,2,4),(-1.31512688789581,-1.29429227003927,-1.12794444024564,
-0.896985418206931,-0.58302223931602,-0.29110568853133,-0.0510409154003393),
 .UNSPECIFIED.);
#106=B_SPLINE_CURVE_WITH_KNOTS('',3,(#5588,#5589,#5590,#5591),
 .UNSPECIFIED.,.F.,.F.,(4,4),(-0.535684664645102,-0.0555596953424857),
 .UNSPECIFIED.);
#107=B_SPLINE_CURVE_WITH_KNOTS('',3,(#5593,#5594,#5595,#5596,#5597,#5598,
#5599,#5600,#5601,#5602,#5603,#5604,#5605,#5606,#5607,#5608,#5609,#5610,
#5611,#5612,#5613,#5614,#5615,#5616,#5617,#5618,#5619,#5620,#5621,#5622,
#5623,#5624,#5625,#5626,#5627,#5628),.UNSPECIFIED.,.F.,.F.,(4,2,2,2,2,2,
2,2,2,2,2,2,2,2,2,2,2,4),(0.109060482118641,0.149325838496146,0.186216575056192,
0.217229066136222,0.243000902341703,0.262268946353451,0.271609121252035,
0.272927716472774,0.273595433276881,0.274078101085555,0.274591179896408,
0.275315877595693,0.277254897177425,0.30356394147214,0.338957155387256,
0.379170772609978,0.427037841434373,0.441880822443597),.UNSPECIFIED.);
#108=B_SPLINE_CURVE_WITH_KNOTS('',3,(#5630,#5631,#5632,#5633),
 .UNSPECIFIED.,.F.,.F.,(4,4),(-0.481152568973983,0.),.UNSPECIFIED.);
#109=B_SPLINE_CURVE_WITH_KNOTS('',3,(#5637,#5638,#5639,#5640),
 .UNSPECIFIED.,.F.,.F.,(4,4),(-0.75529083993631,-0.056283510537445),
 .UNSPECIFIED.);
#110=B_SPLINE_CURVE_WITH_KNOTS('',3,(#5642,#5643,#5644,#5645,#5646,#5647,
#5648,#5649,#5650,#5651,#5652,#5653,#5654,#5655,#5656,#5657,#5658,#5659,
#5660,#5661,#5662,#5663,#5664,#5665,#5666,#5667,#5668,#5669,#5670,#5671,
#5672,#5673,#5674,#5675,#5676,#5677,#5678),.UNSPECIFIED.,.F.,.F.,(4,2,2,
2,2,2,2,2,3,2,2,2,2,2,2,2,2,4),(-0.166418410149114,-0.14150752308717,-0.100977117642685,
-0.0672922752489804,-0.0394738155008139,-0.00345602739381271,-0.00134042221786129,
-0.000543725039512551,0.,9.86202248094425E-5,0.000586845438809935,0.0012502004184165,
0.00288591649481551,0.0188791899880912,0.0547813068271334,0.0890002613207488,
0.134885436426292,0.168073219056066),.UNSPECIFIED.);
#111=B_SPLINE_CURVE_WITH_KNOTS('',3,(#5680,#5681,#5682,#5683),
 .UNSPECIFIED.,.F.,.F.,(4,4),(-0.703641541666636,0.),.UNSPECIFIED.);
#112=B_SPLINE_CURVE_WITH_KNOTS('',3,(#5687,#5688,#5689,#5690),
 .UNSPECIFIED.,.F.,.F.,(4,4),(-0.970974523683465,-0.0570127218372515),
 .UNSPECIFIED.);
#113=B_SPLINE_CURVE_WITH_KNOTS('',3,(#5692,#5693,#5694,#5695,#5696,#5697,
#5698,#5699,#5700,#5701,#5702,#5703,#5704,#5705,#5706,#5707,#5708,#5709,
#5710,#5711,#5712,#5713,#5714,#5715,#5716,#5717,#5718,#5719,#5720,#5721,
#5722,#5723,#5724,#5725,#5726,#5727,#5728),.UNSPECIFIED.,.F.,.F.,(4,2,2,
2,2,2,2,2,3,2,2,2,2,2,2,2,2,4),(-0.168391998755802,-0.13452608743447,-0.0941170375669169,
-0.0609892432493483,-0.0341493095804593,-0.00320926508110867,-0.00128503236829431,
-0.000527699283558146,0.,0.000123546781004569,0.000611419504599309,0.00143666235206374,
0.00363101127564547,0.0352046597302778,0.0506747535305651,0.0780404570407154,
0.12115002302263,0.168481431098294),.UNSPECIFIED.);
#114=B_SPLINE_CURVE_WITH_KNOTS('',3,(#5730,#5731,#5732,#5733),
 .UNSPECIFIED.,.F.,.F.,(4,4),(-0.927528755652023,0.),.UNSPECIFIED.);
#115=B_SPLINE_CURVE_WITH_KNOTS('',3,(#5737,#5738,#5739,#5740),
 .UNSPECIFIED.,.F.,.F.,(4,4),(-0.755213957575353,-0.0562764042574789),
 .UNSPECIFIED.);
#116=B_SPLINE_CURVE_WITH_KNOTS('',3,(#5742,#5743,#5744,#5745,#5746,#5747,
#5748,#5749,#5750,#5751,#5752,#5753,#5754,#5755,#5756,#5757,#5758,#5759,
#5760,#5761,#5762,#5763,#5764,#5765,#5766,#5767,#5768,#5769,#5770,#5771,
#5772,#5773,#5774,#5775,#5776,#5777,#5778,#5779,#5780),.UNSPECIFIED.,.F.,
 .F.,(4,2,2,2,2,2,2,2,2,3,2,2,2,2,2,2,2,2,4),(-0.167823597553595,-0.154411858049092,
-0.110803362710052,-0.0742457264077889,-0.0442991951490968,-0.0208231970834485,
-0.00436796669317231,-0.00146681998490668,-0.000566371065358405,0.,0.000234140415792061,
0.000729841791863972,0.00142170442037104,0.00322585270740283,0.0253486603078221,
0.059373318556652,0.0954720030992079,0.140941576126369,0.166595455738016),
 .UNSPECIFIED.);
#117=B_SPLINE_CURVE_WITH_KNOTS('',3,(#5782,#5783,#5784,#5785),
 .UNSPECIFIED.,.F.,.F.,(4,4),(-0.703710953884478,0.),.UNSPECIFIED.);
#118=B_SPLINE_CURVE_WITH_KNOTS('',3,(#5789,#5790,#5791,#5792),
 .UNSPECIFIED.,.F.,.F.,(4,4),(-0.535583234522868,-0.0555472839626598),
 .UNSPECIFIED.);
#119=B_SPLINE_CURVE_WITH_KNOTS('',3,(#5794,#5795,#5796,#5797,#5798,#5799,
#5800,#5801,#5802,#5803,#5804,#5805,#5806,#5807,#5808,#5809,#5810,#5811,
#5812,#5813,#5814,#5815,#5816,#5817,#5818,#5819,#5820,#5821,#5822,#5823,
#5824,#5825,#5826,#5827,#5828,#5829,#5830,#5831,#5832),.UNSPECIFIED.,.F.,
 .F.,(4,2,2,2,2,2,2,2,2,2,3,2,2,2,2,2,2,2,4),(-0.16774377098207,-0.165931105440928,
-0.121185344379281,-0.0826900056775255,-0.0507632451076761,-0.0253918842221448,
-0.00985885397064997,-0.0023763802969531,-0.00113159295147892,-0.000479944468899091,
0.,0.000488302493873438,0.00121521281446357,0.00317254468258255,0.0302155149436399,
0.0500638107518958,0.0813866708220914,0.122862086878566,0.164559101210577),
 .UNSPECIFIED.);
#120=B_SPLINE_CURVE_WITH_KNOTS('',3,(#5834,#5835,#5836,#5837),
 .UNSPECIFIED.,.F.,.F.,(4,4),(-0.481241605765294,0.),.UNSPECIFIED.);
#121=B_SPLINE_CURVE_WITH_KNOTS('',3,(#5847,#5848,#5849,#5850),
 .UNSPECIFIED.,.F.,.F.,(4,4),(0.0560129823109962,1.05215664731981),
 .UNSPECIFIED.);
#122=B_SPLINE_CURVE_WITH_KNOTS('',3,(#5852,#5853,#5854,#5855),
 .UNSPECIFIED.,.F.,.F.,(4,4),(-0.504622634954834,-0.35525932586861),
 .UNSPECIFIED.);
#123=B_SPLINE_CURVE_WITH_KNOTS('',3,(#5857,#5858,#5859,#5860),
 .UNSPECIFIED.,.F.,.F.,(4,4),(-0.355991034730882,-0.121352087009654),
 .UNSPECIFIED.);
#124=B_SPLINE_CURVE_WITH_KNOTS('',3,(#5862,#5863,#5864,#5865),
 .UNSPECIFIED.,.F.,.F.,(4,4),(-0.121352087009654,0.),.UNSPECIFIED.);
#125=B_SPLINE_CURVE_WITH_KNOTS('',3,(#5869,#5870,#5871,#5872),
 .UNSPECIFIED.,.F.,.F.,(4,4),(-0.412409026397308,-0.290971196864695),
 .UNSPECIFIED.);
#126=B_SPLINE_CURVE_WITH_KNOTS('',3,(#5874,#5875,#5876,#5877),
 .UNSPECIFIED.,.F.,.F.,(4,4),(-0.290971196864695,-0.0561664933017354),
 .UNSPECIFIED.);
#127=B_SPLINE_CURVE_WITH_KNOTS('',3,(#5879,#5880,#5881,#5882,#5883,#5884),
 .UNSPECIFIED.,.F.,.F.,(4,2,4),(-0.682326481574188,-0.546928651975058,-0.532165167525662),
 .UNSPECIFIED.);
#128=B_SPLINE_CURVE_WITH_KNOTS('',3,(#5885,#5886,#5887,#5888),
 .UNSPECIFIED.,.F.,.F.,(4,4),(1.05215664731981,2.04830037045731),
 .UNSPECIFIED.);
#129=B_SPLINE_CURVE_WITH_KNOTS('',3,(#5981,#5982,#5983,#5984,#5985,#5986),
 .UNSPECIFIED.,.F.,.F.,(4,2,4),(-0.28951859217688,-0.105932072897742,0.),
 .UNSPECIFIED.);
#130=B_SPLINE_CURVE_WITH_KNOTS('',3,(#5988,#5989,#5990,#5991),
 .UNSPECIFIED.,.F.,.F.,(4,4),(-0.229234499410413,-0.0517592539541155),
 .UNSPECIFIED.);
#131=B_SPLINE_CURVE_WITH_KNOTS('',3,(#5993,#5994,#5995,#5996,#5997,#5998,
#5999,#6000,#6001,#6002,#6003,#6004,#6005,#6006,#6007,#6008,#6009,#6010,
#6011,#6012,#6013,#6014,#6015,#6016,#6017,#6018,#6019,#6020,#6021,#6022,
#6023,#6024,#6025,#6026,#6027,#6028,#6029,#6030),.UNSPECIFIED.,.F.,.F.,
(4,2,2,2,2,2,2,2,2,2,2,2,2,2,2,2,2,2,4),(0.159602433315758,0.182488005980982,
0.21665912298391,0.248391931419856,0.276934047824689,0.300124493951099,
0.314932558734815,0.31695296503919,0.317459872724725,0.317755794643766,
0.31801477554423,0.318334631819929,0.318821739539903,0.320926428102058,
0.348734895480836,0.381067250790955,0.417169333438143,0.457154510413524,
0.47736060124296),.UNSPECIFIED.);
#132=B_SPLINE_CURVE_WITH_KNOTS('',3,(#6031,#6032,#6033,#6034),
 .UNSPECIFIED.,.F.,.F.,(4,4),(-0.155926069818236,0.),.UNSPECIFIED.);
#133=B_SPLINE_CURVE_WITH_KNOTS('',3,(#6044,#6045,#6046,#6047),
 .UNSPECIFIED.,.F.,.F.,(4,4),(7.2830610129629,7.34105867739656),
 .UNSPECIFIED.);
#134=B_SPLINE_CURVE_WITH_KNOTS('',3,(#6049,#6050,#6051,#6052,#6053,#6054,
#6055,#6056,#6057,#6058,#6059,#6060,#6061,#6062,#6063,#6064,#6065,#6066,
#6067,#6068,#6069,#6070,#6071,#6072,#6073,#6074,#6075,#6076,#6077,#6078,
#6079,#6080,#6081,#6082,#6083),.UNSPECIFIED.,.F.,.F.,(4,2,2,2,2,2,2,3,2,
2,2,2,2,2,2,2,4),(-0.160807458828189,-0.160099991073517,-0.155881019139154,
-0.147890238160296,-0.113334105572875,-0.0784676220708546,-0.039126475910374,
0.,0.0225263309792473,0.0463672916161344,0.0800384018005802,0.111207867480472,
0.138527558321741,0.147512514008257,0.153955188544862,0.157815286129441,
0.159837068105973),.UNSPECIFIED.);
#135=B_SPLINE_CURVE_WITH_KNOTS('',3,(#6085,#6086,#6087,#6088),
 .UNSPECIFIED.,.F.,.F.,(4,4),(0.36416880405494,0.422159982447852),
 .UNSPECIFIED.);
#136=B_SPLINE_CURVE_WITH_KNOTS('',3,(#6092,#6093,#6094,#6095,#6096,#6097),
 .UNSPECIFIED.,.F.,.F.,(4,2,4),(7.2790204195174,7.46051842470815,7.52616107525084),
 .UNSPECIFIED.);
#137=B_SPLINE_CURVE_WITH_KNOTS('',3,(#6099,#6100,#6101,#6102,#6103,#6104,
#6105,#6106,#6107,#6108,#6109,#6110,#6111,#6112,#6113,#6114,#6115,#6116,
#6117,#6118,#6119,#6120,#6121,#6122,#6123,#6124,#6125,#6126,#6127,#6128,
#6129,#6130,#6131),.UNSPECIFIED.,.F.,.F.,(4,2,2,2,2,2,2,3,2,2,2,2,2,2,2,
4),(-0.158001504424106,-0.156356676681154,-0.153227270677523,-0.146812216928416,
-0.110864061198698,-0.0788449431026449,-0.0400233329447414,0.,0.0384604140211733,
0.0729251356315785,0.104349330284141,0.1312394128189,0.145698491712282,
0.152766513216546,0.156023810393979,0.157895352428366),.UNSPECIFIED.);
#138=B_SPLINE_CURVE_WITH_KNOTS('',3,(#6133,#6134,#6135,#6136,#6137,#6138),
 .UNSPECIFIED.,.F.,.F.,(4,2,4),(0.175013206840334,0.240653571633557,0.422153984921244),
 .UNSPECIFIED.);
#139=B_SPLINE_CURVE_WITH_KNOTS('',3,(#6142,#6143,#6144,#6145),
 .UNSPECIFIED.,.F.,.F.,(4,4),(7.28036568640806,7.33835773124978),
 .UNSPECIFIED.);
#140=B_SPLINE_CURVE_WITH_KNOTS('',3,(#6147,#6148,#6149,#6150,#6151,#6152,
#6153,#6154,#6155,#6156,#6157,#6158,#6159,#6160,#6161,#6162,#6163,#6164,
#6165,#6166,#6167,#6168,#6169,#6170,#6171,#6172,#6173,#6174,#6175,#6176,
#6177,#6178,#6179),.UNSPECIFIED.,.F.,.F.,(4,2,2,2,2,2,2,3,2,2,2,2,2,2,2,
4),(-0.160015965858474,-0.157166828836131,-0.152983720712982,-0.145088038869933,
-0.111201900129334,-0.0770902735054919,-0.0386765693415592,0.,0.0221153973566476,
0.0454441278833539,0.0800982613440286,0.112203059051553,0.135973969062254,
0.150311938198068,0.156855912671371,0.160648479801017),.UNSPECIFIED.);
#141=B_SPLINE_CURVE_WITH_KNOTS('',3,(#6180,#6181,#6182,#6183),
 .UNSPECIFIED.,.F.,.F.,(4,4),(0.364176850451567,0.422172105064609),
 .UNSPECIFIED.);
#142=B_SPLINE_CURVE_WITH_KNOTS('',3,(#6282,#6283,#6284,#6285),
 .UNSPECIFIED.,.F.,.F.,(4,4),(-1.05204907613644,-0.0501887059278169),
 .UNSPECIFIED.);
#143=B_SPLINE_CURVE_WITH_KNOTS('',3,(#6287,#6288,#6289,#6290),
 .UNSPECIFIED.,.F.,.F.,(4,4),(-0.785530953748391,-0.332610965046531),
 .UNSPECIFIED.);
#144=B_SPLINE_CURVE_WITH_KNOTS('',3,(#6292,#6293,#6294,#6295),
 .UNSPECIFIED.,.F.,.F.,(4,4),(-0.332610965046531,-0.0581627124972299),
 .UNSPECIFIED.);
#145=B_SPLINE_CURVE_WITH_KNOTS('',3,(#6297,#6298,#6299,#6300),
 .UNSPECIFIED.,.F.,.F.,(4,4),(-2.05415027702312,-1.05217529056293),
 .UNSPECIFIED.);
#146=B_SPLINE_CURVE_WITH_KNOTS('',3,(#6310,#6311,#6312,#6313),
 .UNSPECIFIED.,.F.,.F.,(4,4),(-1.05217529056293,-0.0502003624964495),
 .UNSPECIFIED.);
#147=B_SPLINE_CURVE_WITH_KNOTS('',3,(#6315,#6316,#6317,#6318),
 .UNSPECIFIED.,.F.,.F.,(4,4),(-0.786852702656289,-0.510834692037245),
 .UNSPECIFIED.);
#148=B_SPLINE_CURVE_WITH_KNOTS('',3,(#6320,#6321,#6322,#6323),
 .UNSPECIFIED.,.F.,.F.,(4,4),(-0.510834692037245,-0.0553242471595518),
 .UNSPECIFIED.);
#149=B_SPLINE_CURVE_WITH_KNOTS('',3,(#6324,#6325,#6326,#6327),
 .UNSPECIFIED.,.F.,.F.,(4,4),(-2.05390938796758,-1.05204907613644),
 .UNSPECIFIED.);
#150=B_SPLINE_CURVE_WITH_KNOTS('',3,(#6338,#6339,#6340,#6341),
 .UNSPECIFIED.,.F.,.F.,(4,4),(-0.69880641758907,-0.0548247559567395),
 .UNSPECIFIED.);
#151=B_SPLINE_CURVE_WITH_KNOTS('',3,(#6343,#6344,#6345,#6346,#6347,#6348,
#6349,#6350,#6351,#6352,#6353,#6354,#6355,#6356,#6357,#6358,#6359,#6360,
#6361,#6362,#6363,#6364,#6365,#6366,#6367,#6368,#6369,#6370,#6371,#6372,
#6373,#6374,#6375,#6376,#6377),.UNSPECIFIED.,.F.,.F.,(4,2,2,2,2,2,2,2,3,
2,2,2,2,2,2,2,4),(-0.163743094281683,-0.125982071858427,-0.0892227524799546,
-0.057986059774858,-0.031829416657658,-0.00769439775208164,-0.00332586128550161,
-0.00140945113508493,0.,0.000807162354616309,0.00258442544758331,0.00610038590278417,
0.0262008675416361,0.0567248821654774,0.0934610117389036,0.139145374953393,
0.166153342142132),.UNSPECIFIED.);
#152=B_SPLINE_CURVE_WITH_KNOTS('',3,(#6379,#6380,#6381,#6382),
 .UNSPECIFIED.,.F.,.F.,(4,4),(-0.698697506771686,-0.0524903277074967),
 .UNSPECIFIED.);
#153=B_SPLINE_CURVE_WITH_KNOTS('',3,(#6383,#6384,#6385,#6386,#6387,#6388,
#6389,#6390,#6391,#6392,#6393,#6394,#6395,#6396,#6397,#6398,#6399,#6400,
#6401,#6402,#6403,#6404,#6405,#6406,#6407,#6408,#6409,#6410,#6411,#6412,
#6413,#6414,#6415,#6416),.UNSPECIFIED.,.F.,.F.,(4,2,2,2,2,2,2,2,2,2,2,2,
2,2,2,2,4),(-0.483612467679033,-0.477191905132744,-0.43854975119255,-0.404239385583267,
-0.374039809651113,-0.335803744703193,-0.327831590425558,-0.325181129445177,
-0.32347042805644,-0.321861107949482,-0.319749505990754,-0.315091554051056,
-0.281482467504527,-0.252432318933126,-0.212223395562101,-0.168681433953702,
-0.160847145665755),.UNSPECIFIED.);
#154=B_SPLINE_CURVE_WITH_KNOTS('',3,(#6419,#6420,#6421,#6422),
 .UNSPECIFIED.,.F.,.F.,(4,4),(-0.69870769236252,-0.0548145374700734),
 .UNSPECIFIED.);
#155=B_SPLINE_CURVE_WITH_KNOTS('',3,(#6424,#6425,#6426,#6427,#6428,#6429,
#6430,#6431,#6432,#6433,#6434,#6435,#6436,#6437,#6438,#6439,#6440,#6441,
#6442,#6443,#6444,#6445,#6446,#6447,#6448,#6449,#6450,#6451,#6452,#6453,
#6454,#6455,#6456,#6457),.UNSPECIFIED.,.F.,.F.,(4,2,2,2,2,2,2,2,2,2,2,2,
2,2,2,2,4),(-0.437009059809579,-0.405345459226656,-0.36527361778547,-0.331304891025903,
-0.30353286196427,-0.278533059619643,-0.273851154306298,-0.271878362553048,
-0.270457524354573,-0.269167875124832,-0.267452446528876,-0.263147833391467,
-0.227518173529266,-0.201087337446874,-0.162402316090795,-0.117395332342985,
-0.106696889997631),.UNSPECIFIED.);
#156=B_SPLINE_CURVE_WITH_KNOTS('',3,(#6459,#6460,#6461,#6462),
 .UNSPECIFIED.,.F.,.F.,(4,4),(-0.698792450249311,-0.0524954495060955),
 .UNSPECIFIED.);
#157=B_SPLINE_CURVE_WITH_KNOTS('',3,(#6463,#6464,#6465,#6466,#6467,#6468,
#6469,#6470,#6471,#6472,#6473,#6474,#6475,#6476,#6477,#6478,#6479,#6480,
#6481,#6482,#6483,#6484,#6485,#6486,#6487,#6488,#6489,#6490,#6491,#6492,
#6493,#6494,#6495,#6496),.UNSPECIFIED.,.F.,.F.,(4,2,2,2,2,2,2,2,2,2,2,2,
2,2,2,2,4),(0.160085111800933,0.188549229132066,0.22641758048711,0.25985771903267,
0.288158913354377,0.314042924280672,0.31884353567495,0.321004822841838,
0.322616165633479,0.324117521077489,0.326572566572561,0.332659256145351,
0.369486784821746,0.396484682955696,0.435167973007357,0.47751389183642,
0.48282778578017),.UNSPECIFIED.);
#158=B_SPLINE_CURVE_WITH_KNOTS('',3,(#6499,#6500,#6501,#6502),
 .UNSPECIFIED.,.F.,.F.,(4,4),(-1.12564556152413,-0.0555745515913574),
 .UNSPECIFIED.);
#159=B_SPLINE_CURVE_WITH_KNOTS('',3,(#6504,#6505,#6506,#6507,#6508,#6509,
#6510,#6511,#6512,#6513,#6514,#6515,#6516,#6517,#6518,#6519,#6520,#6521,
#6522,#6523,#6524,#6525,#6526,#6527,#6528,#6529,#6530,#6531,#6532,#6533,
#6534,#6535,#6536,#6537,#6538,#6539,#6540),.UNSPECIFIED.,.F.,.F.,(4,2,2,
2,2,2,2,2,2,3,2,2,2,2,2,2,2,4),(-0.165790279170811,-0.153950905212454,-0.112088222964671,
-0.0767649679624378,-0.0472343145641014,-0.0233756406512323,-0.00605436103860229,
-0.00297372512879298,-0.00134053022991097,0.,0.000469328380320766,0.00221005183851808,
0.00506359324898675,0.0202306347893392,0.0512542678370008,0.0833362815764072,
0.127604710226767,0.166177678616953),.UNSPECIFIED.);
#160=B_SPLINE_CURVE_WITH_KNOTS('',3,(#6542,#6543,#6544,#6545),
 .UNSPECIFIED.,.F.,.F.,(4,4),(-1.13732179017128,-0.0519090296797982),
 .UNSPECIFIED.);
#161=B_SPLINE_CURVE_WITH_KNOTS('',3,(#6546,#6547,#6548,#6549,#6550,#6551,
#6552,#6553,#6554,#6555,#6556,#6557,#6558,#6559,#6560,#6561,#6562,#6563,
#6564,#6565,#6566,#6567,#6568,#6569,#6570,#6571,#6572,#6573,#6574,#6575,
#6576,#6577),.UNSPECIFIED.,.F.,.F.,(4,2,2,2,2,2,2,2,2,2,2,2,2,2,2,4),(0.160496615369079,
0.190559242728954,0.226576108618929,0.258679687110216,0.286349464248878,
0.31175493276077,0.316728114795664,0.318972240405611,0.320647234931857,
0.322209217842908,0.324766125222819,0.33111822653563,0.368939120315944,
0.399025367678153,0.439391593668141,0.481164034703834),.UNSPECIFIED.);
#162=B_SPLINE_CURVE_WITH_KNOTS('',3,(#6580,#6581,#6582,#6583),
 .UNSPECIFIED.,.F.,.F.,(4,4),(-1.12556888081354,-0.0555686091502942),
 .UNSPECIFIED.);
#163=B_SPLINE_CURVE_WITH_KNOTS('',3,(#6585,#6586,#6587,#6588,#6589,#6590,
#6591,#6592,#6593,#6594,#6595,#6596,#6597,#6598,#6599,#6600,#6601,#6602,
#6603,#6604,#6605,#6606,#6607,#6608,#6609,#6610,#6611,#6612,#6613,#6614,
#6615,#6616,#6617,#6618,#6619,#6620,#6621),.UNSPECIFIED.,.F.,.F.,(4,2,2,
2,2,2,2,2,3,2,2,2,2,2,2,2,2,4),(-0.166177620070518,-0.131465161126517,-0.0918237472079282,
-0.0586442563755214,-0.0316043616595326,-0.0142878247075147,-0.0041330447870134,
-0.00152878233358537,0.,0.000118867811565893,0.00146788968864819,0.00319456185296441,
0.00660914276277791,0.0261173995176349,0.0549589967433107,0.0891714960503089,
0.132796260900987,0.16580743809605),.UNSPECIFIED.);
#164=B_SPLINE_CURVE_WITH_KNOTS('',3,(#6623,#6624,#6625,#6626),
 .UNSPECIFIED.,.F.,.F.,(4,4),(-1.13739802034771,-0.051910947444727),
 .UNSPECIFIED.);
#165=B_SPLINE_CURVE_WITH_KNOTS('',3,(#6627,#6628,#6629,#6630,#6631,#6632,
#6633,#6634,#6635,#6636,#6637,#6638,#6639,#6640,#6641,#6642,#6643,#6644,
#6645,#6646,#6647,#6648,#6649,#6650,#6651,#6652,#6653,#6654,#6655,#6656,
#6657,#6658,#6659,#6660),.UNSPECIFIED.,.F.,.F.,(4,2,2,2,2,2,2,2,2,2,2,2,
2,2,2,2,4),(-0.48091485573555,-0.449561625088374,-0.412935730835784,-0.380372158319166,
-0.352649679347325,-0.335953168254063,-0.325565962788433,-0.322565156665597,
-0.32073161893975,-0.319075590365283,-0.316962119053912,-0.31266330084134,
-0.288228730786301,-0.258470837193726,-0.221397061512918,-0.1802538610925,
-0.160307687623078),.UNSPECIFIED.);
#166=B_SPLINE_CURVE_WITH_KNOTS('',3,(#6663,#6664,#6665,#6666),
 .UNSPECIFIED.,.F.,.F.,(4,4),(-1.98265645930545,-0.0567521892398869),
 .UNSPECIFIED.);
#167=B_SPLINE_CURVE_WITH_KNOTS('',3,(#6668,#6669,#6670,#6671,#6672,#6673,
#6674,#6675,#6676,#6677,#6678,#6679,#6680,#6681,#6682,#6683,#6684,#6685,
#6686,#6687,#6688,#6689,#6690,#6691,#6692,#6693,#6694,#6695,#6696,#6697,
#6698,#6699,#6700,#6701,#6702,#6703,#6704),.UNSPECIFIED.,.F.,.F.,(4,2,2,
2,2,2,2,2,3,2,2,2,2,2,2,2,2,4),(-0.167101492092097,-0.13053874805772,-0.0912367240462506,
-0.0586803274474337,-0.0321505287052386,-0.00828507746728105,-0.00332201872953648,
-0.00136449863640813,0.,0.000173340833035218,0.00140746686400206,0.00307862993148378,
0.00716877952393569,0.0436761148733654,0.0704324101858397,0.111063435764314,
0.159400973611099,0.167244780877826),.UNSPECIFIED.);
#168=B_SPLINE_CURVE_WITH_KNOTS('',3,(#6706,#6707,#6708,#6709),
 .UNSPECIFIED.,.F.,.F.,(4,4),(-1.20900655612602,-0.050874786408037),
 .UNSPECIFIED.);
#169=B_SPLINE_CURVE_WITH_KNOTS('',3,(#6710,#6711,#6712,#6713,#6714,#6715,
#6716,#6717,#6718,#6719,#6720,#6721,#6722,#6723,#6724,#6725,#6726,#6727,
#6728,#6729,#6730,#6731,#6732,#6733,#6734,#6735,#6736,#6737,#6738,#6739,
#6740,#6741,#6742,#6743),.UNSPECIFIED.,.F.,.F.,(4,2,2,2,2,2,2,2,2,2,2,2,
2,2,2,2,4),(-0.478626160784381,-0.448869525696534,-0.412838977254234,-0.380505635479874,
-0.352649584809851,-0.335454515360621,-0.324715927197907,-0.321594153720981,
-0.319682820859488,-0.317954127786677,-0.315744758176315,-0.311389378156851,
-0.287198378597045,-0.25684709515359,-0.219330599575438,-0.17831965241408,
-0.159655738522867),.UNSPECIFIED.);
#170=B_SPLINE_CURVE_WITH_KNOTS('',3,(#6749,#6750,#6751,#6752,#6753,#6754),
 .UNSPECIFIED.,.F.,.F.,(4,2,4),(-0.289509224191288,-0.105928197978357,0.),
 .UNSPECIFIED.);
#171=B_SPLINE_CURVE_WITH_KNOTS('',3,(#6756,#6757,#6758,#6759,#6760,#6761),
 .UNSPECIFIED.,.F.,.F.,(4,2,4),(-0.285624019811228,-0.181117374788225,0.),
 .UNSPECIFIED.);
#172=B_SPLINE_CURVE_WITH_KNOTS('',3,(#6770,#6771,#6772,#6773,#6774,#6775),
 .UNSPECIFIED.,.F.,.F.,(4,2,4),(-0.285627609280458,-0.181119503870082,0.),
 .UNSPECIFIED.);
#173=B_SPLINE_CURVE_WITH_KNOTS('',3,(#6783,#6784,#6785,#6786,#6787,#6788),
 .UNSPECIFIED.,.F.,.F.,(4,2,4),(-0.289512343356415,-0.105929488174939,0.),
 .UNSPECIFIED.);
#174=B_SPLINE_CURVE_WITH_KNOTS('',3,(#6790,#6791,#6792,#6793,#6794,#6795),
 .UNSPECIFIED.,.F.,.F.,(4,2,4),(-0.28563480041651,-0.181123769269732,0.),
 .UNSPECIFIED.);
#175=B_SPLINE_CURVE_WITH_KNOTS('',3,(#6810,#6811,#6812,#6813,#6814,#6815,
#6816,#6817,#6818,#6819,#6820,#6821,#6822,#6823,#6824,#6825,#6826,#6827,
#6828,#6829,#6830,#6831,#6832,#6833,#6834,#6835,#6836,#6837,#6838,#6839,
#6840,#6841,#6842,#6843,#6844,#6845,#6846,#6847),.UNSPECIFIED.,.F.,.F.,
(4,2,2,2,2,2,2,2,2,2,2,2,2,2,2,2,2,2,4),(0.158461261619764,0.183092925603324,
0.218078187406337,0.250579621325943,0.27938592777078,0.302049015165112,
0.315080673190123,0.316997619576471,0.31749548134865,0.317789389739192,
0.318048616725142,0.318371395610817,0.318867810520405,0.321082673959093,
0.349796787034814,0.38192493626413,0.417347538498783,0.456323562517861,
0.47626018830675),.UNSPECIFIED.);
#176=B_SPLINE_CURVE_WITH_KNOTS('',3,(#6851,#6852,#6853,#6854),
 .UNSPECIFIED.,.F.,.F.,(4,4),(-0.155918476228708,0.),.UNSPECIFIED.);
#177=B_SPLINE_CURVE_WITH_KNOTS('',3,(#6856,#6857,#6858,#6859),
 .UNSPECIFIED.,.F.,.F.,(4,4),(-0.229244164088106,-0.0517611702622881),
 .UNSPECIFIED.);
#178=B_SPLINE_CURVE_WITH_KNOTS('',3,(#7093,#7094,#7095,#7096,#7097,#7098,
#7099,#7100,#7101,#7102),.UNSPECIFIED.,.F.,.F.,(4,3,3,4),(1.07274383529012,
1.10580773719957,1.46021412720534,1.75247859374351),.UNSPECIFIED.);
#179=B_SPLINE_CURVE_WITH_KNOTS('',3,(#7104,#7105,#7106,#7107),
 .UNSPECIFIED.,.F.,.F.,(4,4),(-1.37746893888154,-1.05215664731981),
 .UNSPECIFIED.);
#180=B_SPLINE_CURVE_WITH_KNOTS('',3,(#7109,#7110,#7111,#7112,#7113,#7114),
 .UNSPECIFIED.,.F.,.F.,(4,2,4),(0.,0.128088513376833,0.21016966634829),
 .UNSPECIFIED.);
#181=B_SPLINE_CURVE_WITH_KNOTS('',3,(#7132,#7133,#7134,#7135,#7136,#7137),
 .UNSPECIFIED.,.F.,.F.,(4,2,4),(0.0460261665223605,0.128094749347174,0.256195970594263),
 .UNSPECIFIED.);
#182=B_SPLINE_CURVE_WITH_KNOTS('',3,(#7139,#7140,#7141,#7142),
 .UNSPECIFIED.,.F.,.F.,(4,4),(-1.05215664731981,-0.726844356259806),
 .UNSPECIFIED.);
#183=B_SPLINE_CURVE_WITH_KNOTS('',3,(#7143,#7144,#7145,#7146,#7147,#7148,
#7149,#7150,#7151,#7152),.UNSPECIFIED.,.F.,.F.,(4,3,3,4),(0.,0.435057825843796,
0.514866595403481,0.679857883839362),.UNSPECIFIED.);
#184=B_SPLINE_CURVE_WITH_KNOTS('',3,(#7521,#7522,#7523,#7524,#7525,#7526,
#7527,#7528,#7529,#7530),.UNSPECIFIED.,.F.,.F.,(4,2,2,2,4),(1.59345052219803,
1.80553460738758,2.16763422420719,2.53080361957308,2.89397301493897),
 .UNSPECIFIED.);
#185=B_SPLINE_CURVE_WITH_KNOTS('',3,(#7538,#7539,#7540,#7541,#7542,#7543,
#7544,#7545,#7546,#7547),.UNSPECIFIED.,.F.,.F.,(4,2,2,2,4),(0.185570478528738,
0.232152025933491,0.278619055805694,0.324944171064696,0.367184381487824),
 .UNSPECIFIED.);
#186=B_SPLINE_CURVE_WITH_KNOTS('',3,(#7551,#7552,#7553,#7554),
 .UNSPECIFIED.,.F.,.F.,(4,4),(1.42919327497314,1.43303698606548),
 .UNSPECIFIED.);
#187=B_SPLINE_CURVE_WITH_KNOTS('',3,(#7561,#7562,#7563,#7564,#7565,#7566,
#7567,#7568,#7569,#7570),.UNSPECIFIED.,.F.,.F.,(4,2,2,2,4),(8.68671881094845,
9.04988590671231,9.41305300247618,9.7751514482875,9.98723625170367),
 .UNSPECIFIED.);
#188=B_SPLINE_CURVE_WITH_KNOTS('',3,(#7574,#7575,#7576,#7577,#7578,#7579,
#7580,#7581,#7582,#7583),.UNSPECIFIED.,.F.,.F.,(4,2,2,2,4),(0.371149613926495,
0.417356092417547,0.463681160323877,0.510147993460071,0.556729223356288),
 .UNSPECIFIED.);
#189=B_SPLINE_CURVE_WITH_KNOTS('',3,(#7592,#7593,#7594,#7595,#7596,#7597,
#7598,#7599,#7600,#7601),.UNSPECIFIED.,.F.,.F.,(4,2,2,2,4),(1.59344916188637,
1.80553396518282,2.16763241118934,2.53079950733653,2.89396660348371),
 .UNSPECIFIED.);
#190=B_SPLINE_CURVE_WITH_KNOTS('',3,(#7609,#7610,#7611,#7612,#7613,#7614,
#7615,#7616,#7617,#7618),.UNSPECIFIED.,.F.,.F.,(4,2,2,2,4),(0.18557000457572,
0.232151234524862,0.278618067693851,0.324943135608073,0.371149614086232),
 .UNSPECIFIED.);
#191=B_SPLINE_CURVE_WITH_KNOTS('',3,(#7623,#7624,#7625,#7626),
 .UNSPECIFIED.,.F.,.F.,(4,4),(3.70675860786894,3.70805537405678),
 .UNSPECIFIED.);
#192=B_SPLINE_CURVE_WITH_KNOTS('',3,(#7634,#7635,#7636,#7637,#7638,#7639,
#7640,#7641,#7642,#7643),.UNSPECIFIED.,.F.,.F.,(4,2,2,2,4),(8.68673048354295,
9.04989868092297,9.41306687830298,9.77516588508233,9.98670927977281),
 .UNSPECIFIED.);
#193=B_SPLINE_CURVE_WITH_KNOTS('',3,(#7647,#7648,#7649,#7650,#7651,#7652,
#7653,#7654,#7655,#7656),.UNSPECIFIED.,.F.,.F.,(4,2,2,2,4),(-0.371150072985895,
-0.32494363154986,-0.278618540959391,-0.232151613577502,-0.185570231580002),
 .UNSPECIFIED.);
#194=B_SPLINE_CURVE_WITH_KNOTS('',3,(#7663,#7664,#7665,#7666),
 .UNSPECIFIED.,.F.,.F.,(4,4),(19.5899493134254,19.5914889562114),
 .UNSPECIFIED.);
#195=B_SPLINE_CURVE_WITH_KNOTS('',3,(#7674,#7675,#7676,#7677,#7678,#7679,
#7680,#7681,#7682,#7683),.UNSPECIFIED.,.F.,.F.,(4,2,2,2,4),(1.59404419550988,
1.80553365756399,2.16763154274587,2.53079753756091,2.89396353237595),
 .UNSPECIFIED.);
#196=B_SPLINE_CURVE_WITH_KNOTS('',3,(#7689,#7690,#7691,#7692,#7693,#7694,
#7695,#7696,#7697,#7698),.UNSPECIFIED.,.F.,.F.,(4,2,2,2,4),(0.185569777551071,
0.232150855438238,0.278617594385809,0.324942639621716,0.371149155145435),
 .UNSPECIFIED.);
#197=B_SPLINE_CURVE_WITH_KNOTS('',3,(#7703,#7704,#7705,#7706),
 .UNSPECIFIED.,.F.,.F.,(4,4),(2.1973440203795,2.20150588029758),
 .UNSPECIFIED.);
#198=B_SPLINE_CURVE_WITH_KNOTS('',3,(#7714,#7715,#7716,#7717,#7718,#7719,
#7720,#7721,#7722,#7723),.UNSPECIFIED.,.F.,.F.,(4,2,2,2,4),(8.68671779744693,
9.0498847975602,9.41305179767346,9.77515019477727,9.98611168030394),
 .UNSPECIFIED.);
#199=B_SPLINE_CURVE_WITH_KNOTS('',3,(#7727,#7728,#7729,#7730,#7731,#7732,
#7733,#7734,#7735,#7736),.UNSPECIFIED.,.F.,.F.,(4,2,2,2,4),(-0.371149574067519,
-0.324943092359066,-0.278618026422346,-0.232151201469275,-0.185569984779628),
 .UNSPECIFIED.);
#200=B_SPLINE_CURVE_WITH_KNOTS('',3,(#7743,#7744,#7745,#7746),
 .UNSPECIFIED.,.F.,.F.,(4,4),(16.9400386433226,16.9466241904863),
 .UNSPECIFIED.);
#201=B_SPLINE_CURVE_WITH_KNOTS('',3,(#7754,#7755,#7756,#7757,#7758,#7759,
#7760,#7761,#7762,#7763),.UNSPECIFIED.,.F.,.F.,(4,2,2,2,4),(1.5944966541909,
1.80553463411909,2.1676342996733,2.53080379074342,2.89397328181354),
 .UNSPECIFIED.);
#202=B_SPLINE_CURVE_WITH_KNOTS('',3,(#7769,#7770,#7771,#7772,#7773,#7774,
#7775,#7776,#7777,#7778),.UNSPECIFIED.,.F.,.F.,(4,2,2,2,4),(0.185570498256888,
0.23215205887564,0.27861909693555,0.324944214165261,0.371150612085617),
 .UNSPECIFIED.);
#203=B_SPLINE_CURVE_WITH_KNOTS('',3,(#7783,#7784,#7785,#7786),
 .UNSPECIFIED.,.F.,.F.,(4,4),(1.21498689100017,1.2191123551772),
 .UNSPECIFIED.);
#204=B_SPLINE_CURVE_WITH_KNOTS('',3,(#7794,#7795,#7796,#7797,#7798,#7799,
#7800,#7801,#7802,#7803),.UNSPECIFIED.,.F.,.F.,(4,2,2,2,4),(8.68668178593983,
9.0498453874088,9.41300898887777,9.77510565530634,9.98656763104089),
 .UNSPECIFIED.);
#205=B_SPLINE_CURVE_WITH_KNOTS('',3,(#7807,#7808,#7809,#7810,#7811,#7812,
#7813,#7814,#7815,#7816),.UNSPECIFIED.,.F.,.F.,(4,2,2,2,4),(-0.371148157804904,
-0.324941561775756,-0.278616565823027,-0.232150031631604,-0.185569284195671),
 .UNSPECIFIED.);
#206=B_SPLINE_CURVE_WITH_KNOTS('',3,(#7823,#7824,#7825,#7826),
 .UNSPECIFIED.,.F.,.F.,(4,4),(16.8851913166373,16.8883964969668),
 .UNSPECIFIED.);
#207=B_SPLINE_CURVE_WITH_KNOTS('',3,(#7834,#7835,#7836,#7837,#7838,#7839,
#7840,#7841,#7842,#7843),.UNSPECIFIED.,.F.,.F.,(4,2,2,2,4),(1.59390179808166,
1.80553494198779,2.16763516882184,2.53080576212579,2.89397635542973),
 .UNSPECIFIED.);
#208=B_SPLINE_CURVE_WITH_KNOTS('',3,(#7849,#7850,#7851,#7852,#7853,#7854,
#7855,#7856,#7857,#7858),.UNSPECIFIED.,.F.,.F.,(4,2,2,2,4),(0.185570725467739,
0.232152438273261,0.278619570631668,0.324944710558185,0.37115107140296),
 .UNSPECIFIED.);
#209=B_SPLINE_CURVE_WITH_KNOTS('',3,(#7869,#7870,#7871,#7872,#7873,#7874,
#7875,#7876,#7877,#7878),.UNSPECIFIED.,.F.,.F.,(4,2,2,2,4),(8.68669472940232,
9.04985952718493,9.41302432496754,9.77512160059048,9.98716567794328),
 .UNSPECIFIED.);
#210=B_SPLINE_CURVE_WITH_KNOTS('',3,(#7882,#7883,#7884,#7885,#7886,#7887,
#7888,#7889,#7890,#7891),.UNSPECIFIED.,.F.,.F.,(4,2,2,2,4),(-0.371148656325253,
-0.324942100536786,-0.278617079949856,-0.232150443411098,-0.185569530799223),
 .UNSPECIFIED.);
#211=B_SPLINE_CURVE_WITH_KNOTS('',3,(#7898,#7899,#7900,#7901),
 .UNSPECIFIED.,.F.,.F.,(4,4),(17.7097550672663,17.7139602145558),
 .UNSPECIFIED.);
#212=B_SPLINE_CURVE_WITH_KNOTS('',3,(#7909,#7910,#7911,#7912,#7913,#7914,
#7915,#7916,#7917,#7918),.UNSPECIFIED.,.F.,.F.,(4,2,2,2,4),(1.59456782484107,
1.80553399190006,2.16763248661519,2.53079967841512,2.89396687021506),
 .UNSPECIFIED.);
#213=B_SPLINE_CURVE_WITH_KNOTS('',3,(#7924,#7925,#7926,#7927,#7928,#7929,
#7930,#7931,#7932,#7933),.UNSPECIFIED.,.F.,.F.,(4,2,2,2,4),(0.185570024293238,
0.23215126744925,0.278618108801544,0.324943178685419,0.371149653946107),
 .UNSPECIFIED.);
#214=B_SPLINE_CURVE_WITH_KNOTS('',3,(#7938,#7939,#7940,#7941),
 .UNSPECIFIED.,.F.,.F.,(4,4),(1.2742719866541,1.2815970137825),
 .UNSPECIFIED.);
#215=B_SPLINE_CURVE_WITH_KNOTS('',3,(#7949,#7950,#7951,#7952,#7953,#7954,
#7955,#7956,#7957,#7958),.UNSPECIFIED.,.F.,.F.,(4,2,2,2,4),(8.68669344891996,
9.04985815110345,9.41302285328694,9.77512008022836,9.98604087282759),
 .UNSPECIFIED.);
#216=B_SPLINE_CURVE_WITH_KNOTS('',3,(#7962,#7963,#7964,#7965,#7966,#7967,
#7968,#7969,#7970,#7971),.UNSPECIFIED.,.F.,.F.,(4,2,2,2,4),(0.371148616487777,
0.417355175491928,0.463680194110306,0.510146822470347,0.556727721882774),
 .UNSPECIFIED.);
#217=LINE('',#5148,#451);
#218=LINE('',#5153,#452);
#219=LINE('',#5206,#453);
#220=LINE('',#5208,#454);
#221=LINE('',#5210,#455);
#222=LINE('',#5212,#456);
#223=LINE('',#5214,#457);
#224=LINE('',#5216,#458);
#225=LINE('',#5218,#459);
#226=LINE('',#5219,#460);
#227=LINE('',#5320,#461);
#228=LINE('',#5324,#462);
#229=LINE('',#5329,#463);
#230=LINE('',#5333,#464);
#231=LINE('',#5338,#465);
#232=LINE('',#5342,#466);
#233=LINE('',#5419,#467);
#234=LINE('',#6745,#468);
#235=LINE('',#6746,#469);
#236=LINE('',#6748,#470);
#237=LINE('',#6762,#471);
#238=LINE('',#6765,#472);
#239=LINE('',#6766,#473);
#240=LINE('',#6768,#474);
#241=LINE('',#6776,#475);
#242=LINE('',#6779,#476);
#243=LINE('',#6780,#477);
#244=LINE('',#6782,#478);
#245=LINE('',#6796,#479);
#246=LINE('',#6799,#480);
#247=LINE('',#6800,#481);
#248=LINE('',#6802,#482);
#249=LINE('',#6804,#483);
#250=LINE('',#6808,#484);
#251=LINE('',#6848,#485);
#252=LINE('',#6850,#486);
#253=LINE('',#6860,#487);
#254=LINE('',#7044,#488);
#255=LINE('',#7046,#489);
#256=LINE('',#7047,#490);
#257=LINE('',#7050,#491);
#258=LINE('',#7051,#492);
#259=LINE('',#7054,#493);
#260=LINE('',#7055,#494);
#261=LINE('',#7058,#495);
#262=LINE('',#7059,#496);
#263=LINE('',#7062,#497);
#264=LINE('',#7063,#498);
#265=LINE('',#7066,#499);
#266=LINE('',#7067,#500);
#267=LINE('',#7070,#501);
#268=LINE('',#7071,#502);
#269=LINE('',#7073,#503);
#270=LINE('',#7108,#504);
#271=LINE('',#7154,#505);
#272=LINE('',#7157,#506);
#273=LINE('',#7158,#507);
#274=LINE('',#7161,#508);
#275=LINE('',#7162,#509);
#276=LINE('',#7164,#510);
#277=LINE('',#7166,#511);
#278=LINE('',#7172,#512);
#279=LINE('',#7175,#513);
#280=LINE('',#7178,#514);
#281=LINE('',#7180,#515);
#282=LINE('',#7181,#516);
#283=LINE('',#7187,#517);
#284=LINE('',#7190,#518);
#285=LINE('',#7192,#519);
#286=LINE('',#7193,#520);
#287=LINE('',#7199,#521);
#288=LINE('',#7202,#522);
#289=LINE('',#7204,#523);
#290=LINE('',#7205,#524);
#291=LINE('',#7211,#525);
#292=LINE('',#7213,#526);
#293=LINE('',#7214,#527);
#294=LINE('',#7216,#528);
#295=LINE('',#7219,#529);
#296=LINE('',#7221,#530);
#297=LINE('',#7222,#531);
#298=LINE('',#7226,#532);
#299=LINE('',#7227,#533);
#300=LINE('',#7228,#534);
#301=LINE('',#7230,#535);
#302=LINE('',#7231,#536);
#303=LINE('',#7233,#537);
#304=LINE('',#7234,#538);
#305=LINE('',#7236,#539);
#306=LINE('',#7238,#540);
#307=LINE('',#7244,#541);
#308=LINE('',#7246,#542);
#309=LINE('',#7248,#543);
#310=LINE('',#7249,#544);
#311=LINE('',#7252,#545);
#312=LINE('',#7256,#546);
#313=LINE('',#7264,#547);
#314=LINE('',#7266,#548);
#315=LINE('',#7267,#549);
#316=LINE('',#7271,#550);
#317=LINE('',#7275,#551);
#318=LINE('',#7279,#552);
#319=LINE('',#7282,#553);
#320=LINE('',#7284,#554);
#321=LINE('',#7285,#555);
#322=LINE('',#7292,#556);
#323=LINE('',#7297,#557);
#324=LINE('',#7301,#558);
#325=LINE('',#7303,#559);
#326=LINE('',#7305,#560);
#327=LINE('',#7307,#561);
#328=LINE('',#7308,#562);
#329=LINE('',#7312,#563);
#330=LINE('',#7325,#564);
#331=LINE('',#7328,#565);
#332=LINE('',#7330,#566);
#333=LINE('',#7332,#567);
#334=LINE('',#7338,#568);
#335=LINE('',#7343,#569);
#336=LINE('',#7348,#570);
#337=LINE('',#7355,#571);
#338=LINE('',#7358,#572);
#339=LINE('',#7359,#573);
#340=LINE('',#7364,#574);
#341=LINE('',#7371,#575);
#342=LINE('',#7373,#576);
#343=LINE('',#7374,#577);
#344=LINE('',#7376,#578);
#345=LINE('',#7378,#579);
#346=LINE('',#7384,#580);
#347=LINE('',#7389,#581);
#348=LINE('',#7394,#582);
#349=LINE('',#7401,#583);
#350=LINE('',#7404,#584);
#351=LINE('',#7405,#585);
#352=LINE('',#7408,#586);
#353=LINE('',#7416,#587);
#354=LINE('',#7419,#588);
#355=LINE('',#7421,#589);
#356=LINE('',#7422,#590);
#357=LINE('',#7424,#591);
#358=LINE('',#7441,#592);
#359=LINE('',#7445,#593);
#360=LINE('',#7450,#594);
#361=LINE('',#7454,#595);
#362=LINE('',#7459,#596);
#363=LINE('',#7463,#597);
#364=LINE('',#7468,#598);
#365=LINE('',#7472,#599);
#366=LINE('',#7476,#600);
#367=LINE('',#7483,#601);
#368=LINE('',#7490,#602);
#369=LINE('',#7497,#603);
#370=LINE('',#7504,#604);
#371=LINE('',#7508,#605);
#372=LINE('',#7512,#606);
#373=LINE('',#7516,#607);
#374=LINE('',#7532,#608);
#375=LINE('',#7534,#609);
#376=LINE('',#7536,#610);
#377=LINE('',#7548,#611);
#378=LINE('',#7556,#612);
#379=LINE('',#7557,#613);
#380=LINE('',#7572,#614);
#381=LINE('',#7585,#615);
#382=LINE('',#7587,#616);
#383=LINE('',#7588,#617);
#384=LINE('',#7603,#618);
#385=LINE('',#7605,#619);
#386=LINE('',#7607,#620);
#387=LINE('',#7619,#621);
#388=LINE('',#7628,#622);
#389=LINE('',#7630,#623);
#390=LINE('',#7631,#624);
#391=LINE('',#7645,#625);
#392=LINE('',#7658,#626);
#393=LINE('',#7659,#627);
#394=LINE('',#7668,#628);
#395=LINE('',#7670,#629);
#396=LINE('',#7671,#630);
#397=LINE('',#7685,#631);
#398=LINE('',#7687,#632);
#399=LINE('',#7699,#633);
#400=LINE('',#7708,#634);
#401=LINE('',#7710,#635);
#402=LINE('',#7711,#636);
#403=LINE('',#7725,#637);
#404=LINE('',#7738,#638);
#405=LINE('',#7739,#639);
#406=LINE('',#7748,#640);
#407=LINE('',#7750,#641);
#408=LINE('',#7751,#642);
#409=LINE('',#7765,#643);
#410=LINE('',#7767,#644);
#411=LINE('',#7779,#645);
#412=LINE('',#7788,#646);
#413=LINE('',#7790,#647);
#414=LINE('',#7791,#648);
#415=LINE('',#7805,#649);
#416=LINE('',#7818,#650);
#417=LINE('',#7819,#651);
#418=LINE('',#7828,#652);
#419=LINE('',#7830,#653);
#420=LINE('',#7831,#654);
#421=LINE('',#7845,#655);
#422=LINE('',#7847,#656);
#423=LINE('',#7859,#657);
#424=LINE('',#7863,#658);
#425=LINE('',#7865,#659);
#426=LINE('',#7866,#660);
#427=LINE('',#7880,#661);
#428=LINE('',#7893,#662);
#429=LINE('',#7894,#663);
#430=LINE('',#7903,#664);
#431=LINE('',#7905,#665);
#432=LINE('',#7906,#666);
#433=LINE('',#7920,#667);
#434=LINE('',#7922,#668);
#435=LINE('',#7934,#669);
#436=LINE('',#7943,#670);
#437=LINE('',#7945,#671);
#438=LINE('',#7946,#672);
#439=LINE('',#7960,#673);
#440=LINE('',#7973,#674);
#441=LINE('',#7974,#675);
#442=LINE('',#8059,#676);
#443=LINE('',#8064,#677);
#444=LINE('',#8069,#678);
#445=LINE('',#8074,#679);
#446=LINE('',#8079,#680);
#447=LINE('',#8084,#681);
#448=LINE('',#8089,#682);
#449=LINE('',#8103,#683);
#450=LINE('',#8383,#684);
#451=VECTOR('',#4150,2.00000000000001);
#452=VECTOR('',#4155,3.00000000000001);
#453=VECTOR('',#4172,10.);
#454=VECTOR('',#4173,10.);
#455=VECTOR('',#4174,10.);
#456=VECTOR('',#4175,10.);
#457=VECTOR('',#4176,10.);
#458=VECTOR('',#4177,10.);
#459=VECTOR('',#4178,10.);
#460=VECTOR('',#4179,10.);
#461=VECTOR('',#4212,1.99999999999999);
#462=VECTOR('',#4217,2.99999999999999);
#463=VECTOR('',#4224,2.00000000000001);
#464=VECTOR('',#4229,2.99999999999999);
#465=VECTOR('',#4236,1.99999999999999);
#466=VECTOR('',#4241,2.99999999999999);
#467=VECTOR('',#4246,8.);
#468=VECTOR('',#4283,10.);
#469=VECTOR('',#4284,10.);
#470=VECTOR('',#4287,10.);
#471=VECTOR('',#4290,10.);
#472=VECTOR('',#4295,10.);
#473=VECTOR('',#4296,10.);
#474=VECTOR('',#4299,10.);
#475=VECTOR('',#4302,10.);
#476=VECTOR('',#4307,10.);
#477=VECTOR('',#4308,10.);
#478=VECTOR('',#4311,10.);
#479=VECTOR('',#4314,10.);
#480=VECTOR('',#4319,10.);
#481=VECTOR('',#4320,10.);
#482=VECTOR('',#4323,10.);
#483=VECTOR('',#4326,10.);
#484=VECTOR('',#4331,10.);
#485=VECTOR('',#4332,10.);
#486=VECTOR('',#4335,10.);
#487=VECTOR('',#4338,10.);
#488=VECTOR('',#4343,10.);
#489=VECTOR('',#4344,10.);
#490=VECTOR('',#4345,10.);
#491=VECTOR('',#4348,10.);
#492=VECTOR('',#4349,10.);
#493=VECTOR('',#4352,10.);
#494=VECTOR('',#4353,10.);
#495=VECTOR('',#4356,10.);
#496=VECTOR('',#4357,10.);
#497=VECTOR('',#4360,10.);
#498=VECTOR('',#4361,10.);
#499=VECTOR('',#4364,10.);
#500=VECTOR('',#4365,10.);
#501=VECTOR('',#4368,10.);
#502=VECTOR('',#4369,10.);
#503=VECTOR('',#4372,10.);
#504=VECTOR('',#4375,10.);
#505=VECTOR('',#4378,10.);
#506=VECTOR('',#4381,10.);
#507=VECTOR('',#4382,10.);
#508=VECTOR('',#4385,10.);
#509=VECTOR('',#4386,10.);
#510=VECTOR('',#4389,10.);
#511=VECTOR('',#4392,10.);
#512=VECTOR('',#4397,10.);
#513=VECTOR('',#4400,10.);
#514=VECTOR('',#4403,10.);
#515=VECTOR('',#4404,10.);
#516=VECTOR('',#4405,10.);
#517=VECTOR('',#4412,10.);
#518=VECTOR('',#4415,10.);
#519=VECTOR('',#4416,10.);
#520=VECTOR('',#4417,10.);
#521=VECTOR('',#4424,10.);
#522=VECTOR('',#4427,10.);
#523=VECTOR('',#4428,10.);
#524=VECTOR('',#4429,10.);
#525=VECTOR('',#4436,10.);
#526=VECTOR('',#4439,10.);
#527=VECTOR('',#4440,10.);
#528=VECTOR('',#4443,10.);
#529=VECTOR('',#4446,10.);
#530=VECTOR('',#4447,10.);
#531=VECTOR('',#4448,10.);
#532=VECTOR('',#4451,10.);
#533=VECTOR('',#4452,10.);
#534=VECTOR('',#4453,10.);
#535=VECTOR('',#4456,10.);
#536=VECTOR('',#4457,10.);
#537=VECTOR('',#4460,10.);
#538=VECTOR('',#4461,10.);
#539=VECTOR('',#4464,10.);
#540=VECTOR('',#4467,10.);
#541=VECTOR('',#4474,10.);
#542=VECTOR('',#4475,10.);
#543=VECTOR('',#4476,10.);
#544=VECTOR('',#4477,10.);
#545=VECTOR('',#4480,10.);
#546=VECTOR('',#4483,10.);
#547=VECTOR('',#4492,10.);
#548=VECTOR('',#4493,10.);
#549=VECTOR('',#4494,10.);
#550=VECTOR('',#4499,10.);
#551=VECTOR('',#4504,10.);
#552=VECTOR('',#4509,10.);
#553=VECTOR('',#4512,10.);
#554=VECTOR('',#4513,10.);
#555=VECTOR('',#4514,10.);
#556=VECTOR('',#4523,10.);
#557=VECTOR('',#4530,10.);
#558=VECTOR('',#4533,10.);
#559=VECTOR('',#4534,10.);
#560=VECTOR('',#4535,10.);
#561=VECTOR('',#4536,10.);
#562=VECTOR('',#4537,10.);
#563=VECTOR('',#4542,10.);
#564=VECTOR('',#4557,10.);
#565=VECTOR('',#4562,10.);
#566=VECTOR('',#4565,10.);
#567=VECTOR('',#4568,10.);
#568=VECTOR('',#4575,10.);
#569=VECTOR('',#4582,10.);
#570=VECTOR('',#4587,10.);
#571=VECTOR('',#4594,10.);
#572=VECTOR('',#4597,10.);
#573=VECTOR('',#4598,10.);
#574=VECTOR('',#4603,10.);
#575=VECTOR('',#4612,10.);
#576=VECTOR('',#4613,10.);
#577=VECTOR('',#4614,10.);
#578=VECTOR('',#4617,10.);
#579=VECTOR('',#4620,10.);
#580=VECTOR('',#4627,10.);
#581=VECTOR('',#4634,10.);
#582=VECTOR('',#4639,10.);
#583=VECTOR('',#4646,10.);
#584=VECTOR('',#4649,10.);
#585=VECTOR('',#4650,10.);
#586=VECTOR('',#4653,10.);
#587=VECTOR('',#4662,10.);
#588=VECTOR('',#4667,10.);
#589=VECTOR('',#4668,10.);
#590=VECTOR('',#4669,10.);
#591=VECTOR('',#4672,10.);
#592=VECTOR('',#4695,2.);
#593=VECTOR('',#4700,3.);
#594=VECTOR('',#4707,2.);
#595=VECTOR('',#4712,3.);
#596=VECTOR('',#4719,2.);
#597=VECTOR('',#4724,3.);
#598=VECTOR('',#4731,2.);
#599=VECTOR('',#4736,3.);
#600=VECTOR('',#4741,3.74999999999999);
#601=VECTOR('',#4750,3.75);
#602=VECTOR('',#4759,3.75);
#603=VECTOR('',#4768,3.75);
#604=VECTOR('',#4777,3.);
#605=VECTOR('',#4782,3.00000000000001);
#606=VECTOR('',#4787,3.00000000000001);
#607=VECTOR('',#4792,3.);
#608=VECTOR('',#4797,10.);
#609=VECTOR('',#4798,10.);
#610=VECTOR('',#4799,10.);
#611=VECTOR('',#4800,10.);
#612=VECTOR('',#4803,10.);
#613=VECTOR('',#4804,10.);
#614=VECTOR('',#4807,10.);
#615=VECTOR('',#4808,10.);
#616=VECTOR('',#4809,10.);
#617=VECTOR('',#4810,10.);
#618=VECTOR('',#4813,10.);
#619=VECTOR('',#4814,10.);
#620=VECTOR('',#4815,10.);
#621=VECTOR('',#4816,10.);
#622=VECTOR('',#4819,10.);
#623=VECTOR('',#4820,10.);
#624=VECTOR('',#4821,10.);
#625=VECTOR('',#4824,10.);
#626=VECTOR('',#4825,10.);
#627=VECTOR('',#4826,10.);
#628=VECTOR('',#4829,10.);
#629=VECTOR('',#4830,10.);
#630=VECTOR('',#4831,10.);
#631=VECTOR('',#4834,10.);
#632=VECTOR('',#4835,10.);
#633=VECTOR('',#4836,10.);
#634=VECTOR('',#4839,10.);
#635=VECTOR('',#4840,10.);
#636=VECTOR('',#4841,10.);
#637=VECTOR('',#4844,10.);
#638=VECTOR('',#4845,10.);
#639=VECTOR('',#4846,10.);
#640=VECTOR('',#4849,10.);
#641=VECTOR('',#4850,10.);
#642=VECTOR('',#4851,10.);
#643=VECTOR('',#4854,10.);
#644=VECTOR('',#4855,10.);
#645=VECTOR('',#4856,10.);
#646=VECTOR('',#4859,10.);
#647=VECTOR('',#4860,10.);
#648=VECTOR('',#4861,10.);
#649=VECTOR('',#4864,10.);
#650=VECTOR('',#4865,10.);
#651=VECTOR('',#4866,10.);
#652=VECTOR('',#4869,10.);
#653=VECTOR('',#4870,10.);
#654=VECTOR('',#4871,10.);
#655=VECTOR('',#4874,10.);
#656=VECTOR('',#4875,10.);
#657=VECTOR('',#4876,10.);
#658=VECTOR('',#4879,10.);
#659=VECTOR('',#4880,10.);
#660=VECTOR('',#4881,10.);
#661=VECTOR('',#4884,10.);
#662=VECTOR('',#4885,10.);
#663=VECTOR('',#4886,10.);
#664=VECTOR('',#4889,10.);
#665=VECTOR('',#4890,10.);
#666=VECTOR('',#4891,10.);
#667=VECTOR('',#4894,10.);
#668=VECTOR('',#4895,10.);
#669=VECTOR('',#4896,10.);
#670=VECTOR('',#4899,10.);
#671=VECTOR('',#4900,10.);
#672=VECTOR('',#4901,10.);
#673=VECTOR('',#4904,10.);
#674=VECTOR('',#4905,10.);
#675=VECTOR('',#4906,10.);
#676=VECTOR('',#5053,2.84999999999999);
#677=VECTOR('',#5060,2.84999999999998);
#678=VECTOR('',#5067,2.84999999999999);
#679=VECTOR('',#5074,2.84999999999999);
#680=VECTOR('',#5081,2.84999999999998);
#681=VECTOR('',#5088,2.84999999999998);
#682=VECTOR('',#5095,113.999997452274);
#683=VECTOR('',#5116,115.049999463681);
#684=VECTOR('',#5131,119.378651376814);
#685=CYLINDRICAL_SURFACE('',#3752,2.00000000000001);
#686=CYLINDRICAL_SURFACE('',#3754,3.00000000000001);
#687=CYLINDRICAL_SURFACE('',#3778,1.99999999999999);
#688=CYLINDRICAL_SURFACE('',#3780,2.99999999999999);
#689=CYLINDRICAL_SURFACE('',#3783,2.00000000000001);
#690=CYLINDRICAL_SURFACE('',#3785,2.99999999999999);
#691=CYLINDRICAL_SURFACE('',#3788,1.99999999999999);
#692=CYLINDRICAL_SURFACE('',#3790,2.99999999999999);
#693=CYLINDRICAL_SURFACE('',#3793,8.);
#694=CYLINDRICAL_SURFACE('',#3811,1.00000000000001);
#695=CYLINDRICAL_SURFACE('',#3814,1.00000000000001);
#696=CYLINDRICAL_SURFACE('',#3815,1.00000000000001);
#697=CYLINDRICAL_SURFACE('',#3818,1.00000000000001);
#698=CYLINDRICAL_SURFACE('',#3819,1.00000000000001);
#699=CYLINDRICAL_SURFACE('',#3822,1.00000000000001);
#700=CYLINDRICAL_SURFACE('',#3823,1.00000000000001);
#701=CYLINDRICAL_SURFACE('',#3826,1.);
#702=CYLINDRICAL_SURFACE('',#3827,1.00000000000001);
#703=CYLINDRICAL_SURFACE('',#3830,1.00000000000001);
#704=CYLINDRICAL_SURFACE('',#3845,1.59999999999999);
#705=CYLINDRICAL_SURFACE('',#3849,1.59999999999999);
#706=CYLINDRICAL_SURFACE('',#3853,1.59999999999999);
#707=CYLINDRICAL_SURFACE('',#3857,1.6);
#708=CYLINDRICAL_SURFACE('',#3877,5.00000000000095);
#709=CYLINDRICAL_SURFACE('',#3879,112.500000000001);
#710=CYLINDRICAL_SURFACE('',#3881,4.9999999999973);
#711=CYLINDRICAL_SURFACE('',#3902,4.99999999999997);
#712=CYLINDRICAL_SURFACE('',#3903,112.5);
#713=CYLINDRICAL_SURFACE('',#3904,5.00000000000004);
#714=CYLINDRICAL_SURFACE('',#3923,4.99999999999998);
#715=CYLINDRICAL_SURFACE('',#3924,112.5);
#716=CYLINDRICAL_SURFACE('',#3925,5.);
#717=CYLINDRICAL_SURFACE('',#3937,5.0000000000004);
#718=CYLINDRICAL_SURFACE('',#3944,112.5);
#719=CYLINDRICAL_SURFACE('',#3945,5.00000000000005);
#720=CYLINDRICAL_SURFACE('',#3954,2.);
#721=CYLINDRICAL_SURFACE('',#3956,3.);
#722=CYLINDRICAL_SURFACE('',#3959,2.);
#723=CYLINDRICAL_SURFACE('',#3961,3.);
#724=CYLINDRICAL_SURFACE('',#3964,2.);
#725=CYLINDRICAL_SURFACE('',#3966,3.);
#726=CYLINDRICAL_SURFACE('',#3969,2.);
#727=CYLINDRICAL_SURFACE('',#3971,3.);
#728=CYLINDRICAL_SURFACE('',#3974,3.74999999999999);
#729=CYLINDRICAL_SURFACE('',#3978,3.75);
#730=CYLINDRICAL_SURFACE('',#3982,3.75);
#731=CYLINDRICAL_SURFACE('',#3986,3.75);
#732=CYLINDRICAL_SURFACE('',#3990,3.);
#733=CYLINDRICAL_SURFACE('',#3992,3.00000000000001);
#734=CYLINDRICAL_SURFACE('',#3994,3.00000000000001);
#735=CYLINDRICAL_SURFACE('',#3996,3.);
#736=CYLINDRICAL_SURFACE('',#4086,100.06818030634);
#737=CYLINDRICAL_SURFACE('',#4087,100.06818030634);
#738=CYLINDRICAL_SURFACE('',#4088,100.06818030634);
#739=CYLINDRICAL_SURFACE('',#4089,100.06818030634);
#740=CYLINDRICAL_SURFACE('',#4090,100.06818030634);
#741=CYLINDRICAL_SURFACE('',#4091,100.06818030634);
#742=CYLINDRICAL_SURFACE('',#4092,2.84999999999999);
#743=CYLINDRICAL_SURFACE('',#4095,2.84999999999998);
#744=CYLINDRICAL_SURFACE('',#4098,2.84999999999999);
#745=CYLINDRICAL_SURFACE('',#4101,2.84999999999999);
#746=CYLINDRICAL_SURFACE('',#4104,2.84999999999998);
#747=CYLINDRICAL_SURFACE('',#4107,2.84999999999998);
#748=CYLINDRICAL_SURFACE('',#4110,113.999997452274);
#749=FACE_OUTER_BOUND('',#960,.T.);
#750=FACE_OUTER_BOUND('',#961,.T.);
#751=FACE_OUTER_BOUND('',#962,.T.);
#752=FACE_OUTER_BOUND('',#963,.T.);
#753=FACE_OUTER_BOUND('',#964,.T.);
#754=FACE_OUTER_BOUND('',#965,.T.);
#755=FACE_OUTER_BOUND('',#966,.T.);
#756=FACE_OUTER_BOUND('',#968,.T.);
#757=FACE_OUTER_BOUND('',#980,.T.);
#758=FACE_OUTER_BOUND('',#981,.T.);
#759=FACE_OUTER_BOUND('',#982,.T.);
#760=FACE_OUTER_BOUND('',#983,.T.);
#761=FACE_OUTER_BOUND('',#985,.T.);
#762=FACE_OUTER_BOUND('',#986,.T.);
#763=FACE_OUTER_BOUND('',#987,.T.);
#764=FACE_OUTER_BOUND('',#989,.T.);
#765=FACE_OUTER_BOUND('',#990,.T.);
#766=FACE_OUTER_BOUND('',#991,.T.);
#767=FACE_OUTER_BOUND('',#993,.T.);
#768=FACE_OUTER_BOUND('',#994,.T.);
#769=FACE_OUTER_BOUND('',#995,.T.);
#770=FACE_OUTER_BOUND('',#996,.T.);
#771=FACE_OUTER_BOUND('',#997,.T.);
#772=FACE_OUTER_BOUND('',#1003,.T.);
#773=FACE_OUTER_BOUND('',#1004,.T.);
#774=FACE_OUTER_BOUND('',#1005,.T.);
#775=FACE_OUTER_BOUND('',#1006,.T.);
#776=FACE_OUTER_BOUND('',#1007,.T.);
#777=FACE_OUTER_BOUND('',#1008,.T.);
#778=FACE_OUTER_BOUND('',#1009,.T.);
#779=FACE_OUTER_BOUND('',#1010,.T.);
#780=FACE_OUTER_BOUND('',#1011,.T.);
#781=FACE_OUTER_BOUND('',#1012,.T.);
#782=FACE_OUTER_BOUND('',#1013,.T.);
#783=FACE_OUTER_BOUND('',#1014,.T.);
#784=FACE_OUTER_BOUND('',#1015,.T.);
#785=FACE_OUTER_BOUND('',#1016,.T.);
#786=FACE_OUTER_BOUND('',#1017,.T.);
#787=FACE_OUTER_BOUND('',#1018,.T.);
#788=FACE_OUTER_BOUND('',#1019,.T.);
#789=FACE_OUTER_BOUND('',#1020,.T.);
#790=FACE_OUTER_BOUND('',#1021,.T.);
#791=FACE_OUTER_BOUND('',#1022,.T.);
#792=FACE_OUTER_BOUND('',#1023,.T.);
#793=FACE_OUTER_BOUND('',#1024,.T.);
#794=FACE_OUTER_BOUND('',#1025,.T.);
#795=FACE_OUTER_BOUND('',#1026,.T.);
#796=FACE_OUTER_BOUND('',#1027,.T.);
#797=FACE_OUTER_BOUND('',#1028,.T.);
#798=FACE_OUTER_BOUND('',#1029,.T.);
#799=FACE_OUTER_BOUND('',#1030,.T.);
#800=FACE_OUTER_BOUND('',#1031,.T.);
#801=FACE_OUTER_BOUND('',#1032,.T.);
#802=FACE_OUTER_BOUND('',#1033,.T.);
#803=FACE_OUTER_BOUND('',#1034,.T.);
#804=FACE_OUTER_BOUND('',#1035,.T.);
#805=FACE_OUTER_BOUND('',#1036,.T.);
#806=FACE_OUTER_BOUND('',#1037,.T.);
#807=FACE_OUTER_BOUND('',#1038,.T.);
#808=FACE_OUTER_BOUND('',#1039,.T.);
#809=FACE_OUTER_BOUND('',#1040,.T.);
#810=FACE_OUTER_BOUND('',#1041,.T.);
#811=FACE_OUTER_BOUND('',#1042,.T.);
#812=FACE_OUTER_BOUND('',#1043,.T.);
#813=FACE_OUTER_BOUND('',#1044,.T.);
#814=FACE_OUTER_BOUND('',#1045,.T.);
#815=FACE_OUTER_BOUND('',#1046,.T.);
#816=FACE_OUTER_BOUND('',#1047,.T.);
#817=FACE_OUTER_BOUND('',#1048,.T.);
#818=FACE_OUTER_BOUND('',#1049,.T.);
#819=FACE_OUTER_BOUND('',#1050,.T.);
#820=FACE_OUTER_BOUND('',#1052,.T.);
#821=FACE_OUTER_BOUND('',#1054,.T.);
#822=FACE_OUTER_BOUND('',#1055,.T.);
#823=FACE_OUTER_BOUND('',#1056,.T.);
#824=FACE_OUTER_BOUND('',#1057,.T.);
#825=FACE_OUTER_BOUND('',#1058,.T.);
#826=FACE_OUTER_BOUND('',#1059,.T.);
#827=FACE_OUTER_BOUND('',#1060,.T.);
#828=FACE_OUTER_BOUND('',#1061,.T.);
#829=FACE_OUTER_BOUND('',#1062,.T.);
#830=FACE_OUTER_BOUND('',#1063,.T.);
#831=FACE_OUTER_BOUND('',#1064,.T.);
#832=FACE_OUTER_BOUND('',#1065,.T.);
#833=FACE_OUTER_BOUND('',#1066,.T.);
#834=FACE_OUTER_BOUND('',#1067,.T.);
#835=FACE_OUTER_BOUND('',#1068,.T.);
#836=FACE_OUTER_BOUND('',#1069,.T.);
#837=FACE_OUTER_BOUND('',#1070,.T.);
#838=FACE_OUTER_BOUND('',#1071,.T.);
#839=FACE_OUTER_BOUND('',#1072,.T.);
#840=FACE_OUTER_BOUND('',#1073,.T.);
#841=FACE_OUTER_BOUND('',#1074,.T.);
#842=FACE_OUTER_BOUND('',#1075,.T.);
#843=FACE_OUTER_BOUND('',#1076,.T.);
#844=FACE_OUTER_BOUND('',#1077,.T.);
#845=FACE_OUTER_BOUND('',#1078,.T.);
#846=FACE_OUTER_BOUND('',#1079,.T.);
#847=FACE_OUTER_BOUND('',#1080,.T.);
#848=FACE_OUTER_BOUND('',#1081,.T.);
#849=FACE_OUTER_BOUND('',#1082,.T.);
#850=FACE_OUTER_BOUND('',#1083,.T.);
#851=FACE_OUTER_BOUND('',#1084,.T.);
#852=FACE_OUTER_BOUND('',#1085,.T.);
#853=FACE_OUTER_BOUND('',#1086,.T.);
#854=FACE_OUTER_BOUND('',#1087,.T.);
#855=FACE_OUTER_BOUND('',#1088,.T.);
#856=FACE_OUTER_BOUND('',#1089,.T.);
#857=FACE_OUTER_BOUND('',#1090,.T.);
#858=FACE_OUTER_BOUND('',#1091,.T.);
#859=FACE_OUTER_BOUND('',#1092,.T.);
#860=FACE_OUTER_BOUND('',#1093,.T.);
#861=FACE_OUTER_BOUND('',#1094,.T.);
#862=FACE_OUTER_BOUND('',#1095,.T.);
#863=FACE_OUTER_BOUND('',#1096,.T.);
#864=FACE_OUTER_BOUND('',#1097,.T.);
#865=FACE_OUTER_BOUND('',#1098,.T.);
#866=FACE_OUTER_BOUND('',#1099,.T.);
#867=FACE_OUTER_BOUND('',#1100,.T.);
#868=FACE_OUTER_BOUND('',#1101,.T.);
#869=FACE_OUTER_BOUND('',#1103,.T.);
#870=FACE_OUTER_BOUND('',#1104,.T.);
#871=FACE_OUTER_BOUND('',#1105,.T.);
#872=FACE_OUTER_BOUND('',#1107,.T.);
#873=FACE_OUTER_BOUND('',#1108,.T.);
#874=FACE_OUTER_BOUND('',#1109,.T.);
#875=FACE_OUTER_BOUND('',#1111,.T.);
#876=FACE_OUTER_BOUND('',#1112,.T.);
#877=FACE_OUTER_BOUND('',#1113,.T.);
#878=FACE_OUTER_BOUND('',#1115,.T.);
#879=FACE_OUTER_BOUND('',#1116,.T.);
#880=FACE_OUTER_BOUND('',#1118,.T.);
#881=FACE_OUTER_BOUND('',#1119,.T.);
#882=FACE_OUTER_BOUND('',#1121,.T.);
#883=FACE_OUTER_BOUND('',#1122,.T.);
#884=FACE_OUTER_BOUND('',#1124,.T.);
#885=FACE_OUTER_BOUND('',#1125,.T.);
#886=FACE_OUTER_BOUND('',#1127,.T.);
#887=FACE_OUTER_BOUND('',#1128,.T.);
#888=FACE_OUTER_BOUND('',#1129,.T.);
#889=FACE_OUTER_BOUND('',#1130,.T.);
#890=FACE_OUTER_BOUND('',#1131,.T.);
#891=FACE_OUTER_BOUND('',#1132,.T.);
#892=FACE_OUTER_BOUND('',#1133,.T.);
#893=FACE_OUTER_BOUND('',#1134,.T.);
#894=FACE_OUTER_BOUND('',#1135,.T.);
#895=FACE_OUTER_BOUND('',#1136,.T.);
#896=FACE_OUTER_BOUND('',#1137,.T.);
#897=FACE_OUTER_BOUND('',#1138,.T.);
#898=FACE_OUTER_BOUND('',#1139,.T.);
#899=FACE_OUTER_BOUND('',#1140,.T.);
#900=FACE_OUTER_BOUND('',#1141,.T.);
#901=FACE_OUTER_BOUND('',#1142,.T.);
#902=FACE_OUTER_BOUND('',#1143,.T.);
#903=FACE_OUTER_BOUND('',#1144,.T.);
#904=FACE_OUTER_BOUND('',#1145,.T.);
#905=FACE_OUTER_BOUND('',#1146,.T.);
#906=FACE_OUTER_BOUND('',#1147,.T.);
#907=FACE_OUTER_BOUND('',#1148,.T.);
#908=FACE_OUTER_BOUND('',#1149,.T.);
#909=FACE_OUTER_BOUND('',#1150,.T.);
#910=FACE_OUTER_BOUND('',#1151,.T.);
#911=FACE_OUTER_BOUND('',#1152,.T.);
#912=FACE_OUTER_BOUND('',#1153,.T.);
#913=FACE_OUTER_BOUND('',#1154,.T.);
#914=FACE_OUTER_BOUND('',#1155,.T.);
#915=FACE_OUTER_BOUND('',#1156,.T.);
#916=FACE_OUTER_BOUND('',#1157,.T.);
#917=FACE_OUTER_BOUND('',#1158,.T.);
#918=FACE_OUTER_BOUND('',#1159,.T.);
#919=FACE_OUTER_BOUND('',#1160,.T.);
#920=FACE_OUTER_BOUND('',#1161,.T.);
#921=FACE_OUTER_BOUND('',#1162,.T.);
#922=FACE_OUTER_BOUND('',#1163,.T.);
#923=FACE_OUTER_BOUND('',#1164,.T.);
#924=FACE_OUTER_BOUND('',#1165,.T.);
#925=FACE_OUTER_BOUND('',#1166,.T.);
#926=FACE_OUTER_BOUND('',#1168,.T.);
#927=FACE_OUTER_BOUND('',#1170,.T.);
#928=FACE_OUTER_BOUND('',#1172,.T.);
#929=FACE_OUTER_BOUND('',#1174,.T.);
#930=FACE_OUTER_BOUND('',#1176,.T.);
#931=FACE_OUTER_BOUND('',#1178,.T.);
#932=FACE_OUTER_BOUND('',#1179,.T.);
#933=FACE_OUTER_BOUND('',#1180,.T.);
#934=FACE_OUTER_BOUND('',#1181,.T.);
#935=FACE_OUTER_BOUND('',#1182,.T.);
#936=FACE_OUTER_BOUND('',#1183,.T.);
#937=FACE_OUTER_BOUND('',#1184,.T.);
#938=FACE_OUTER_BOUND('',#1185,.T.);
#939=FACE_OUTER_BOUND('',#1186,.T.);
#940=FACE_OUTER_BOUND('',#1187,.T.);
#941=FACE_OUTER_BOUND('',#1188,.T.);
#942=FACE_OUTER_BOUND('',#1189,.T.);
#943=FACE_OUTER_BOUND('',#1190,.T.);
#944=FACE_OUTER_BOUND('',#1191,.T.);
#945=FACE_OUTER_BOUND('',#1192,.T.);
#946=FACE_OUTER_BOUND('',#1193,.T.);
#947=FACE_OUTER_BOUND('',#1194,.T.);
#948=FACE_OUTER_BOUND('',#1195,.T.);
#949=FACE_OUTER_BOUND('',#1196,.T.);
#950=FACE_OUTER_BOUND('',#1197,.T.);
#951=FACE_OUTER_BOUND('',#1198,.T.);
#952=FACE_OUTER_BOUND('',#1199,.T.);
#953=FACE_OUTER_BOUND('',#1200,.T.);
#954=FACE_OUTER_BOUND('',#1201,.T.);
#955=FACE_OUTER_BOUND('',#1202,.T.);
#956=FACE_OUTER_BOUND('',#1203,.T.);
#957=FACE_OUTER_BOUND('',#1208,.T.);
#958=FACE_OUTER_BOUND('',#1209,.T.);
#959=FACE_OUTER_BOUND('',#1210,.T.);
#960=EDGE_LOOP('',(#2307));
#961=EDGE_LOOP('',(#2308));
#962=EDGE_LOOP('',(#2309));
#963=EDGE_LOOP('',(#2310));
#964=EDGE_LOOP('',(#2311,#2312,#2313,#2314));
#965=EDGE_LOOP('',(#2315,#2316,#2317,#2318,#2319,#2320));
#966=EDGE_LOOP('',(#2321));
#967=EDGE_LOOP('',(#2322));
#968=EDGE_LOOP('',(#2323,#2324,#2325,#2326,#2327));
#969=EDGE_LOOP('',(#2328));
#970=EDGE_LOOP('',(#2329,#2330,#2331,#2332,#2333,#2334,#2335,#2336));
#971=EDGE_LOOP('',(#2337));
#972=EDGE_LOOP('',(#2338));
#973=EDGE_LOOP('',(#2339));
#974=EDGE_LOOP('',(#2340));
#975=EDGE_LOOP('',(#2341));
#976=EDGE_LOOP('',(#2342));
#977=EDGE_LOOP('',(#2343));
#978=EDGE_LOOP('',(#2344));
#979=EDGE_LOOP('',(#2345));
#980=EDGE_LOOP('',(#2346,#2347,#2348,#2349,#2350,#2351,#2352,#2353,#2354,
#2355,#2356,#2357,#2358,#2359,#2360,#2361));
#981=EDGE_LOOP('',(#2362,#2363,#2364,#2365));
#982=EDGE_LOOP('',(#2366,#2367,#2368,#2369,#2370,#2371));
#983=EDGE_LOOP('',(#2372));
#984=EDGE_LOOP('',(#2373));
#985=EDGE_LOOP('',(#2374,#2375,#2376,#2377));
#986=EDGE_LOOP('',(#2378,#2379,#2380,#2381));
#987=EDGE_LOOP('',(#2382));
#988=EDGE_LOOP('',(#2383));
#989=EDGE_LOOP('',(#2384,#2385,#2386,#2387));
#990=EDGE_LOOP('',(#2388,#2389,#2390,#2391));
#991=EDGE_LOOP('',(#2392));
#992=EDGE_LOOP('',(#2393));
#993=EDGE_LOOP('',(#2394,#2395,#2396,#2397,#2398,#2399,#2400,#2401,#2402,
#2403,#2404,#2405));
#994=EDGE_LOOP('',(#2406,#2407,#2408,#2409,#2410,#2411,#2412,#2413,#2414,
#2415,#2416,#2417,#2418,#2419,#2420,#2421,#2422,#2423,#2424,#2425,#2426,
#2427,#2428,#2429,#2430,#2431,#2432,#2433,#2434,#2435,#2436,#2437,#2438,
#2439));
#995=EDGE_LOOP('',(#2440,#2441,#2442,#2443,#2444,#2445,#2446,#2447));
#996=EDGE_LOOP('',(#2448,#2449,#2450,#2451,#2452,#2453,#2454,#2455,#2456,
#2457,#2458,#2459,#2460,#2461,#2462,#2463,#2464,#2465,#2466,#2467));
#997=EDGE_LOOP('',(#2468,#2469,#2470,#2471,#2472,#2473,#2474,#2475,#2476,
#2477,#2478,#2479,#2480,#2481,#2482,#2483,#2484,#2485,#2486));
#998=EDGE_LOOP('',(#2487,#2488,#2489,#2490));
#999=EDGE_LOOP('',(#2491,#2492,#2493,#2494));
#1000=EDGE_LOOP('',(#2495,#2496,#2497,#2498));
#1001=EDGE_LOOP('',(#2499,#2500,#2501,#2502));
#1002=EDGE_LOOP('',(#2503,#2504,#2505,#2506));
#1003=EDGE_LOOP('',(#2507,#2508,#2509,#2510));
#1004=EDGE_LOOP('',(#2511,#2512,#2513,#2514,#2515,#2516));
#1005=EDGE_LOOP('',(#2517,#2518,#2519,#2520,#2521,#2522));
#1006=EDGE_LOOP('',(#2523,#2524,#2525,#2526));
#1007=EDGE_LOOP('',(#2527,#2528,#2529,#2530));
#1008=EDGE_LOOP('',(#2531,#2532,#2533,#2534,#2535,#2536));
#1009=EDGE_LOOP('',(#2537,#2538,#2539,#2540,#2541,#2542));
#1010=EDGE_LOOP('',(#2543,#2544,#2545,#2546));
#1011=EDGE_LOOP('',(#2547,#2548,#2549,#2550));
#1012=EDGE_LOOP('',(#2551,#2552,#2553,#2554,#2555,#2556));
#1013=EDGE_LOOP('',(#2557,#2558,#2559,#2560,#2561,#2562));
#1014=EDGE_LOOP('',(#2563,#2564,#2565,#2566));
#1015=EDGE_LOOP('',(#2567,#2568,#2569,#2570));
#1016=EDGE_LOOP('',(#2571,#2572,#2573,#2574,#2575));
#1017=EDGE_LOOP('',(#2576,#2577,#2578,#2579,#2580));
#1018=EDGE_LOOP('',(#2581,#2582,#2583,#2584));
#1019=EDGE_LOOP('',(#2585,#2586,#2587,#2588));
#1020=EDGE_LOOP('',(#2589,#2590,#2591,#2592,#2593));
#1021=EDGE_LOOP('',(#2594,#2595,#2596,#2597,#2598));
#1022=EDGE_LOOP('',(#2599,#2600,#2601,#2602));
#1023=EDGE_LOOP('',(#2603,#2604,#2605,#2606,#2607,#2608,#2609,#2610));
#1024=EDGE_LOOP('',(#2611,#2612,#2613,#2614));
#1025=EDGE_LOOP('',(#2615,#2616,#2617,#2618));
#1026=EDGE_LOOP('',(#2619,#2620,#2621,#2622));
#1027=EDGE_LOOP('',(#2623,#2624,#2625,#2626));
#1028=EDGE_LOOP('',(#2627,#2628,#2629,#2630));
#1029=EDGE_LOOP('',(#2631,#2632,#2633,#2634));
#1030=EDGE_LOOP('',(#2635,#2636,#2637,#2638));
#1031=EDGE_LOOP('',(#2639,#2640,#2641,#2642));
#1032=EDGE_LOOP('',(#2643,#2644,#2645,#2646));
#1033=EDGE_LOOP('',(#2647,#2648,#2649,#2650,#2651,#2652,#2653,#2654));
#1034=EDGE_LOOP('',(#2655,#2656,#2657,#2658,#2659));
#1035=EDGE_LOOP('',(#2660,#2661,#2662,#2663,#2664));
#1036=EDGE_LOOP('',(#2665,#2666,#2667));
#1037=EDGE_LOOP('',(#2668,#2669,#2670));
#1038=EDGE_LOOP('',(#2671,#2672,#2673,#2674,#2675));
#1039=EDGE_LOOP('',(#2676,#2677,#2678));
#1040=EDGE_LOOP('',(#2679,#2680,#2681,#2682));
#1041=EDGE_LOOP('',(#2683,#2684,#2685,#2686));
#1042=EDGE_LOOP('',(#2687,#2688,#2689,#2690));
#1043=EDGE_LOOP('',(#2691,#2692,#2693,#2694));
#1044=EDGE_LOOP('',(#2695,#2696,#2697,#2698));
#1045=EDGE_LOOP('',(#2699,#2700,#2701,#2702));
#1046=EDGE_LOOP('',(#2703,#2704,#2705,#2706));
#1047=EDGE_LOOP('',(#2707,#2708,#2709,#2710));
#1048=EDGE_LOOP('',(#2711,#2712,#2713,#2714));
#1049=EDGE_LOOP('',(#2715,#2716,#2717,#2718));
#1050=EDGE_LOOP('',(#2719,#2720,#2721,#2722,#2723,#2724));
#1051=EDGE_LOOP('',(#2725,#2726,#2727,#2728,#2729,#2730,#2731,#2732));
#1052=EDGE_LOOP('',(#2733,#2734,#2735,#2736,#2737,#2738,#2739,#2740));
#1053=EDGE_LOOP('',(#2741,#2742,#2743,#2744,#2745,#2746,#2747,#2748));
#1054=EDGE_LOOP('',(#2749,#2750,#2751,#2752,#2753));
#1055=EDGE_LOOP('',(#2754,#2755,#2756,#2757,#2758,#2759));
#1056=EDGE_LOOP('',(#2760,#2761,#2762,#2763,#2764));
#1057=EDGE_LOOP('',(#2765,#2766,#2767,#2768,#2769,#2770));
#1058=EDGE_LOOP('',(#2771,#2772,#2773));
#1059=EDGE_LOOP('',(#2774,#2775,#2776));
#1060=EDGE_LOOP('',(#2777,#2778,#2779,#2780));
#1061=EDGE_LOOP('',(#2781,#2782,#2783,#2784,#2785,#2786,#2787));
#1062=EDGE_LOOP('',(#2788,#2789,#2790,#2791,#2792));
#1063=EDGE_LOOP('',(#2793,#2794,#2795,#2796));
#1064=EDGE_LOOP('',(#2797,#2798,#2799,#2800));
#1065=EDGE_LOOP('',(#2801,#2802,#2803,#2804));
#1066=EDGE_LOOP('',(#2805,#2806,#2807,#2808,#2809));
#1067=EDGE_LOOP('',(#2810,#2811,#2812,#2813,#2814,#2815,#2816));
#1068=EDGE_LOOP('',(#2817,#2818,#2819,#2820));
#1069=EDGE_LOOP('',(#2821,#2822,#2823,#2824));
#1070=EDGE_LOOP('',(#2825,#2826,#2827,#2828,#2829));
#1071=EDGE_LOOP('',(#2830,#2831,#2832,#2833,#2834,#2835));
#1072=EDGE_LOOP('',(#2836,#2837,#2838,#2839,#2840,#2841));
#1073=EDGE_LOOP('',(#2842,#2843,#2844,#2845));
#1074=EDGE_LOOP('',(#2846,#2847,#2848,#2849));
#1075=EDGE_LOOP('',(#2850,#2851,#2852,#2853));
#1076=EDGE_LOOP('',(#2854,#2855,#2856,#2857,#2858));
#1077=EDGE_LOOP('',(#2859,#2860,#2861,#2862));
#1078=EDGE_LOOP('',(#2863,#2864,#2865,#2866));
#1079=EDGE_LOOP('',(#2867,#2868,#2869,#2870,#2871,#2872));
#1080=EDGE_LOOP('',(#2873,#2874,#2875,#2876,#2877));
#1081=EDGE_LOOP('',(#2878,#2879,#2880,#2881,#2882,#2883));
#1082=EDGE_LOOP('',(#2884,#2885,#2886,#2887,#2888));
#1083=EDGE_LOOP('',(#2889,#2890,#2891,#2892));
#1084=EDGE_LOOP('',(#2893,#2894,#2895,#2896));
#1085=EDGE_LOOP('',(#2897,#2898,#2899,#2900));
#1086=EDGE_LOOP('',(#2901,#2902,#2903,#2904));
#1087=EDGE_LOOP('',(#2905,#2906,#2907,#2908));
#1088=EDGE_LOOP('',(#2909,#2910,#2911,#2912,#2913,#2914));
#1089=EDGE_LOOP('',(#2915,#2916,#2917,#2918,#2919));
#1090=EDGE_LOOP('',(#2920,#2921,#2922,#2923));
#1091=EDGE_LOOP('',(#2924,#2925,#2926,#2927,#2928,#2929));
#1092=EDGE_LOOP('',(#2930,#2931,#2932,#2933,#2934));
#1093=EDGE_LOOP('',(#2935,#2936,#2937,#2938));
#1094=EDGE_LOOP('',(#2939,#2940,#2941,#2942));
#1095=EDGE_LOOP('',(#2943));
#1096=EDGE_LOOP('',(#2944));
#1097=EDGE_LOOP('',(#2945));
#1098=EDGE_LOOP('',(#2946));
#1099=EDGE_LOOP('',(#2947,#2948,#2949,#2950));
#1100=EDGE_LOOP('',(#2951,#2952,#2953,#2954));
#1101=EDGE_LOOP('',(#2955));
#1102=EDGE_LOOP('',(#2956));
#1103=EDGE_LOOP('',(#2957,#2958,#2959,#2960));
#1104=EDGE_LOOP('',(#2961,#2962,#2963,#2964));
#1105=EDGE_LOOP('',(#2965));
#1106=EDGE_LOOP('',(#2966));
#1107=EDGE_LOOP('',(#2967,#2968,#2969,#2970));
#1108=EDGE_LOOP('',(#2971,#2972,#2973,#2974));
#1109=EDGE_LOOP('',(#2975));
#1110=EDGE_LOOP('',(#2976));
#1111=EDGE_LOOP('',(#2977,#2978,#2979,#2980));
#1112=EDGE_LOOP('',(#2981,#2982,#2983,#2984));
#1113=EDGE_LOOP('',(#2985));
#1114=EDGE_LOOP('',(#2986));
#1115=EDGE_LOOP('',(#2987,#2988,#2989,#2990));
#1116=EDGE_LOOP('',(#2991));
#1117=EDGE_LOOP('',(#2992));
#1118=EDGE_LOOP('',(#2993,#2994,#2995,#2996));
#1119=EDGE_LOOP('',(#2997));
#1120=EDGE_LOOP('',(#2998));
#1121=EDGE_LOOP('',(#2999,#3000,#3001,#3002));
#1122=EDGE_LOOP('',(#3003));
#1123=EDGE_LOOP('',(#3004));
#1124=EDGE_LOOP('',(#3005,#3006,#3007,#3008));
#1125=EDGE_LOOP('',(#3009));
#1126=EDGE_LOOP('',(#3010));
#1127=EDGE_LOOP('',(#3011,#3012,#3013,#3014));
#1128=EDGE_LOOP('',(#3015,#3016,#3017,#3018));
#1129=EDGE_LOOP('',(#3019,#3020,#3021,#3022));
#1130=EDGE_LOOP('',(#3023,#3024,#3025,#3026));
#1131=EDGE_LOOP('',(#3027,#3028,#3029,#3030,#3031,#3032));
#1132=EDGE_LOOP('',(#3033,#3034,#3035,#3036));
#1133=EDGE_LOOP('',(#3037,#3038,#3039,#3040,#3041,#3042));
#1134=EDGE_LOOP('',(#3043,#3044,#3045,#3046,#3047,#3048));
#1135=EDGE_LOOP('',(#3049,#3050,#3051,#3052));
#1136=EDGE_LOOP('',(#3053,#3054,#3055,#3056,#3057,#3058));
#1137=EDGE_LOOP('',(#3059,#3060,#3061,#3062));
#1138=EDGE_LOOP('',(#3063,#3064,#3065,#3066,#3067,#3068));
#1139=EDGE_LOOP('',(#3069,#3070,#3071,#3072));
#1140=EDGE_LOOP('',(#3073,#3074,#3075,#3076,#3077,#3078));
#1141=EDGE_LOOP('',(#3079,#3080,#3081,#3082));
#1142=EDGE_LOOP('',(#3083,#3084,#3085,#3086,#3087,#3088));
#1143=EDGE_LOOP('',(#3089,#3090,#3091,#3092));
#1144=EDGE_LOOP('',(#3093,#3094,#3095,#3096,#3097,#3098));
#1145=EDGE_LOOP('',(#3099,#3100,#3101,#3102));
#1146=EDGE_LOOP('',(#3103,#3104,#3105,#3106,#3107,#3108));
#1147=EDGE_LOOP('',(#3109,#3110,#3111));
#1148=EDGE_LOOP('',(#3112,#3113,#3114,#3115,#3116,#3117));
#1149=EDGE_LOOP('',(#3118,#3119,#3120,#3121));
#1150=EDGE_LOOP('',(#3122,#3123,#3124,#3125,#3126,#3127));
#1151=EDGE_LOOP('',(#3128,#3129,#3130,#3131));
#1152=EDGE_LOOP('',(#3132,#3133,#3134,#3135,#3136,#3137));
#1153=EDGE_LOOP('',(#3138,#3139,#3140,#3141,#3142,#3143,#3144,#3145,#3146,
#3147,#3148,#3149,#3150,#3151,#3152,#3153,#3154,#3155,#3156,#3157,#3158,
#3159,#3160,#3161,#3162,#3163,#3164,#3165,#3166,#3167,#3168,#3169,#3170,
#3171,#3172,#3173,#3174));
#1154=EDGE_LOOP('',(#3175,#3176,#3177,#3178));
#1155=EDGE_LOOP('',(#3179,#3180,#3181,#3182));
#1156=EDGE_LOOP('',(#3183,#3184,#3185,#3186));
#1157=EDGE_LOOP('',(#3187,#3188,#3189,#3190));
#1158=EDGE_LOOP('',(#3191,#3192,#3193,#3194,#3195));
#1159=EDGE_LOOP('',(#3196,#3197,#3198,#3199));
#1160=EDGE_LOOP('',(#3200,#3201,#3202,#3203));
#1161=EDGE_LOOP('',(#3204,#3205,#3206,#3207));
#1162=EDGE_LOOP('',(#3208,#3209,#3210,#3211));
#1163=EDGE_LOOP('',(#3212,#3213,#3214,#3215));
#1164=EDGE_LOOP('',(#3216,#3217,#3218,#3219));
#1165=EDGE_LOOP('',(#3220,#3221,#3222,#3223,#3224));
#1166=EDGE_LOOP('',(#3225,#3226,#3227,#3228,#3229,#3230));
#1167=EDGE_LOOP('',(#3231));
#1168=EDGE_LOOP('',(#3232,#3233,#3234,#3235,#3236,#3237,#3238));
#1169=EDGE_LOOP('',(#3239));
#1170=EDGE_LOOP('',(#3240,#3241,#3242,#3243,#3244,#3245));
#1171=EDGE_LOOP('',(#3246));
#1172=EDGE_LOOP('',(#3247,#3248,#3249,#3250,#3251,#3252));
#1173=EDGE_LOOP('',(#3253));
#1174=EDGE_LOOP('',(#3254,#3255,#3256,#3257));
#1175=EDGE_LOOP('',(#3258));
#1176=EDGE_LOOP('',(#3259,#3260,#3261,#3262,#3263,#3264));
#1177=EDGE_LOOP('',(#3265));
#1178=EDGE_LOOP('',(#3266,#3267,#3268,#3269));
#1179=EDGE_LOOP('',(#3270,#3271,#3272,#3273));
#1180=EDGE_LOOP('',(#3274,#3275,#3276,#3277));
#1181=EDGE_LOOP('',(#3278,#3279,#3280,#3281));
#1182=EDGE_LOOP('',(#3282,#3283,#3284,#3285));
#1183=EDGE_LOOP('',(#3286,#3287,#3288,#3289));
#1184=EDGE_LOOP('',(#3290,#3291,#3292,#3293));
#1185=EDGE_LOOP('',(#3294));
#1186=EDGE_LOOP('',(#3295,#3296,#3297,#3298));
#1187=EDGE_LOOP('',(#3299));
#1188=EDGE_LOOP('',(#3300,#3301,#3302,#3303));
#1189=EDGE_LOOP('',(#3304));
#1190=EDGE_LOOP('',(#3305,#3306,#3307,#3308));
#1191=EDGE_LOOP('',(#3309));
#1192=EDGE_LOOP('',(#3310,#3311,#3312,#3313));
#1193=EDGE_LOOP('',(#3314));
#1194=EDGE_LOOP('',(#3315,#3316,#3317,#3318));
#1195=EDGE_LOOP('',(#3319));
#1196=EDGE_LOOP('',(#3320,#3321,#3322,#3323,#3324,#3325,#3326,#3327,#3328,
#3329,#3330,#3331,#3332,#3333,#3334,#3335,#3336,#3337,#3338,#3339,#3340,
#3341,#3342,#3343,#3344,#3345,#3346,#3347,#3348,#3349,#3350,#3351,#3352,
#3353,#3354,#3355));
#1197=EDGE_LOOP('',(#3356,#3357,#3358,#3359,#3360));
#1198=EDGE_LOOP('',(#3361,#3362,#3363,#3364,#3365));
#1199=EDGE_LOOP('',(#3366,#3367,#3368,#3369,#3370,#3371,#3372,#3373,#3374,
#3375,#3376,#3377,#3378));
#1200=EDGE_LOOP('',(#3379,#3380,#3381,#3382,#3383));
#1201=EDGE_LOOP('',(#3384,#3385,#3386,#3387));
#1202=EDGE_LOOP('',(#3388,#3389,#3390,#3391));
#1203=EDGE_LOOP('',(#3392));
#1204=EDGE_LOOP('',(#3393));
#1205=EDGE_LOOP('',(#3394));
#1206=EDGE_LOOP('',(#3395));
#1207=EDGE_LOOP('',(#3396));
#1208=EDGE_LOOP('',(#3397,#3398,#3399,#3400));
#1209=EDGE_LOOP('',(#3401,#3402,#3403,#3404));
#1210=EDGE_LOOP('',(#3405,#3406,#3407,#3408,#3409,#3410));
#1211=CIRCLE('',#3745,2.00000000000001);
#1212=CIRCLE('',#3747,1.99999999999999);
#1213=CIRCLE('',#3749,2.00000000000001);
#1214=CIRCLE('',#3751,1.99999999999999);
#1215=CIRCLE('',#3753,2.00000000000001);
#1216=CIRCLE('',#3755,3.00000000000001);
#1217=CIRCLE('',#3756,3.00000000000001);
#1218=CIRCLE('',#3759,107.820863408299);
#1219=CIRCLE('',#3760,107.820863408299);
#1220=CIRCLE('',#3761,2.99999999999999);
#1221=CIRCLE('',#3762,107.820863408299);
#1222=CIRCLE('',#3763,2.99999999999999);
#1223=CIRCLE('',#3764,3.);
#1224=CIRCLE('',#3765,3.);
#1225=CIRCLE('',#3766,3.74999999999999);
#1226=CIRCLE('',#3767,3.75);
#1227=CIRCLE('',#3768,3.75);
#1228=CIRCLE('',#3769,3.75);
#1229=CIRCLE('',#3770,3.);
#1230=CIRCLE('',#3771,3.);
#1231=CIRCLE('',#3772,2.99999999999999);
#1232=CIRCLE('',#3774,7.99999999999986);
#1233=CIRCLE('',#3775,107.953005567825);
#1234=CIRCLE('',#3776,114.20076061245);
#1235=CIRCLE('',#3777,107.953005567825);
#1236=CIRCLE('',#3779,1.99999999999999);
#1237=CIRCLE('',#3781,2.99999999999999);
#1238=CIRCLE('',#3784,2.00000000000001);
#1239=CIRCLE('',#3786,2.99999999999999);
#1240=CIRCLE('',#3789,1.99999999999999);
#1241=CIRCLE('',#3791,2.99999999999999);
#1242=CIRCLE('',#3794,119.02637783902);
#1243=CIRCLE('',#3795,119.02637783902);
#1244=CIRCLE('',#3796,119.02637783902);
#1245=CIRCLE('',#3797,119.02637783902);
#1246=CIRCLE('',#3798,119.02637783902);
#1247=CIRCLE('',#3799,119.02637783902);
#1248=CIRCLE('',#3800,114.346065484857);
#1249=CIRCLE('',#3801,119.600843598016);
#1250=CIRCLE('',#3803,13.0000000222554);
#1251=CIRCLE('',#3804,119.392386357519);
#1252=CIRCLE('',#3805,119.392386357519);
#1253=CIRCLE('',#3806,119.600843598016);
#1254=CIRCLE('',#3807,119.600843598016);
#1255=CIRCLE('',#3808,119.600843598016);
#1256=CIRCLE('',#3809,114.580841335546);
#1257=CIRCLE('',#3810,124.738466963845);
#1258=CIRCLE('',#3846,1.59999999999999);
#1259=CIRCLE('',#3847,1.59999999999999);
#1260=CIRCLE('',#3850,1.59999999999999);
#1261=CIRCLE('',#3851,1.59999999999999);
#1262=CIRCLE('',#3854,1.59999999999999);
#1263=CIRCLE('',#3855,1.59999999999999);
#1264=CIRCLE('',#3858,1.6);
#1265=CIRCLE('',#3859,1.6);
#1266=CIRCLE('',#3872,114.99999957569);
#1267=CIRCLE('',#3873,4.9999999999973);
#1268=CIRCLE('',#3874,112.500000000001);
#1269=CIRCLE('',#3875,5.00000000000095);
#1270=CIRCLE('',#3878,5.00000000000095);
#1271=CIRCLE('',#3880,112.500000000001);
#1272=CIRCLE('',#3882,4.9999999999973);
#1273=CIRCLE('',#3885,113.999997452274);
#1274=CIRCLE('',#3887,114.999997429922);
#1275=CIRCLE('',#3888,113.999997452274);
#1276=CIRCLE('',#3890,114.99999957569);
#1277=CIRCLE('',#3893,113.999997452274);
#1278=CIRCLE('',#3894,5.00000000000004);
#1279=CIRCLE('',#3895,112.5);
#1280=CIRCLE('',#3896,4.99999999999997);
#1281=CIRCLE('',#3898,4.99999999999997);
#1282=CIRCLE('',#3899,112.5);
#1283=CIRCLE('',#3900,5.00000000000004);
#1284=CIRCLE('',#3901,114.99999957569);
#1285=CIRCLE('',#3907,114.999997429922);
#1286=CIRCLE('',#3908,113.999997452274);
#1287=CIRCLE('',#3910,114.99999957569);
#1288=CIRCLE('',#3912,113.999997452274);
#1289=CIRCLE('',#3913,4.99999999999998);
#1290=CIRCLE('',#3914,112.5);
#1291=CIRCLE('',#3915,5.);
#1292=CIRCLE('',#3918,114.99999957569);
#1293=CIRCLE('',#3919,5.);
#1294=CIRCLE('',#3920,112.5);
#1295=CIRCLE('',#3921,4.99999999999998);
#1296=CIRCLE('',#3927,114.999997429922);
#1297=CIRCLE('',#3928,114.99999957569);
#1298=CIRCLE('',#3930,113.999997452274);
#1299=CIRCLE('',#3932,113.999997452274);
#1300=CIRCLE('',#3933,5.00000000000005);
#1301=CIRCLE('',#3934,112.5);
#1302=CIRCLE('',#3935,5.0000000000004);
#1303=CIRCLE('',#3938,5.0000000000004);
#1304=CIRCLE('',#3940,112.5);
#1305=CIRCLE('',#3941,5.00000000000005);
#1306=CIRCLE('',#3942,114.99999957569);
#1307=CIRCLE('',#3947,2.);
#1308=CIRCLE('',#3949,2.);
#1309=CIRCLE('',#3951,2.);
#1310=CIRCLE('',#3953,2.);
#1311=CIRCLE('',#3955,2.);
#1312=CIRCLE('',#3957,3.);
#1313=CIRCLE('',#3960,2.);
#1314=CIRCLE('',#3962,3.);
#1315=CIRCLE('',#3965,2.);
#1316=CIRCLE('',#3967,3.);
#1317=CIRCLE('',#3970,2.);
#1318=CIRCLE('',#3972,3.);
#1319=CIRCLE('',#3975,3.74999999999999);
#1320=CIRCLE('',#3977,3.00000000000001);
#1321=CIRCLE('',#3979,3.75);
#1322=CIRCLE('',#3981,3.);
#1323=CIRCLE('',#3983,3.75);
#1324=CIRCLE('',#3985,3.);
#1325=CIRCLE('',#3987,3.75);
#1326=CIRCLE('',#3989,3.00000000000001);
#1327=CIRCLE('',#3991,3.);
#1328=CIRCLE('',#3993,3.00000000000001);
#1329=CIRCLE('',#3995,3.00000000000001);
#1330=CIRCLE('',#3997,3.);
#1331=CIRCLE('',#4021,113.999997451901);
#1332=CIRCLE('',#4022,101.334873480301);
#1333=CIRCLE('',#4023,113.999997451901);
#1334=CIRCLE('',#4024,101.334873480301);
#1335=CIRCLE('',#4025,113.999997451901);
#1336=CIRCLE('',#4026,101.334873480301);
#1337=CIRCLE('',#4027,113.999997451901);
#1338=CIRCLE('',#4028,101.334873480301);
#1339=CIRCLE('',#4029,113.999997451901);
#1340=CIRCLE('',#4030,101.334873480301);
#1341=CIRCLE('',#4031,19.5000000000001);
#1342=CIRCLE('',#4032,119.364916406397);
#1343=CIRCLE('',#4033,119.364916406397);
#1344=CIRCLE('',#4034,101.334873480301);
#1345=CIRCLE('',#4035,113.999997451901);
#1346=CIRCLE('',#4036,101.334873480301);
#1347=CIRCLE('',#4038,101.31818030634);
#1348=CIRCLE('',#4040,101.31818030634);
#1349=CIRCLE('',#4042,101.31818030634);
#1350=CIRCLE('',#4044,101.31818030634);
#1351=CIRCLE('',#4046,101.31818030634);
#1352=CIRCLE('',#4048,101.31818030634);
#1353=CIRCLE('',#4050,100.06818030634);
#1354=CIRCLE('',#4052,100.06818030634);
#1355=CIRCLE('',#4054,100.06818030634);
#1356=CIRCLE('',#4056,100.06818030634);
#1357=CIRCLE('',#4058,100.06818030634);
#1358=CIRCLE('',#4060,100.06818030634);
#1359=CIRCLE('',#4062,100.06818030634);
#1360=CIRCLE('',#4063,113.999997452274);
#1361=CIRCLE('',#4064,2.84999999999999);
#1362=CIRCLE('',#4066,113.999997452274);
#1363=CIRCLE('',#4067,113.999997452274);
#1364=CIRCLE('',#4068,100.06818030634);
#1365=CIRCLE('',#4069,2.84999999999999);
#1366=CIRCLE('',#4071,100.06818030634);
#1367=CIRCLE('',#4072,113.999997452274);
#1368=CIRCLE('',#4073,2.84999999999999);
#1369=CIRCLE('',#4075,100.06818030634);
#1370=CIRCLE('',#4076,113.999997452274);
#1371=CIRCLE('',#4077,2.84999999999998);
#1372=CIRCLE('',#4079,100.06818030634);
#1373=CIRCLE('',#4080,113.999997452274);
#1374=CIRCLE('',#4081,2.84999999999998);
#1375=CIRCLE('',#4083,113.999997452274);
#1376=CIRCLE('',#4084,100.06818030634);
#1377=CIRCLE('',#4085,2.84999999999998);
#1378=CIRCLE('',#4093,2.84999999999999);
#1379=CIRCLE('',#4096,2.84999999999998);
#1380=CIRCLE('',#4099,2.84999999999999);
#1381=CIRCLE('',#4102,2.84999999999999);
#1382=CIRCLE('',#4105,2.84999999999998);
#1383=CIRCLE('',#4108,2.84999999999998);
#1384=CIRCLE('',#4111,113.999997452274);
#1385=CIRCLE('',#4112,113.999997452274);
#1386=CIRCLE('',#4114,114.999997429922);
#1387=CIRCLE('',#4116,114.99999957569);
#1388=CIRCLE('',#4117,114.99999957569);
#1389=CIRCLE('',#4119,115.099999351673);
#1390=CIRCLE('',#4120,115.099999351673);
#1391=CIRCLE('',#4121,124.513033166088);
#1392=CIRCLE('',#4122,124.514929382571);
#1393=CIRCLE('',#4124,27.2500000000011);
#1394=VERTEX_POINT('',#5134);
#1395=VERTEX_POINT('',#5137);
#1396=VERTEX_POINT('',#5140);
#1397=VERTEX_POINT('',#5143);
#1398=VERTEX_POINT('',#5146);
#1399=VERTEX_POINT('',#5150);
#1400=VERTEX_POINT('',#5152);
#1401=VERTEX_POINT('',#5154);
#1402=VERTEX_POINT('',#5173);
#1403=VERTEX_POINT('',#5195);
#1404=VERTEX_POINT('',#5197);
#1405=VERTEX_POINT('',#5199);
#1406=VERTEX_POINT('',#5202);
#1407=VERTEX_POINT('',#5204);
#1408=VERTEX_POINT('',#5205);
#1409=VERTEX_POINT('',#5207);
#1410=VERTEX_POINT('',#5209);
#1411=VERTEX_POINT('',#5211);
#1412=VERTEX_POINT('',#5213);
#1413=VERTEX_POINT('',#5215);
#1414=VERTEX_POINT('',#5217);
#1415=VERTEX_POINT('',#5220);
#1416=VERTEX_POINT('',#5222);
#1417=VERTEX_POINT('',#5224);
#1418=VERTEX_POINT('',#5226);
#1419=VERTEX_POINT('',#5228);
#1420=VERTEX_POINT('',#5230);
#1421=VERTEX_POINT('',#5232);
#1422=VERTEX_POINT('',#5234);
#1423=VERTEX_POINT('',#5236);
#1424=VERTEX_POINT('',#5239);
#1425=VERTEX_POINT('',#5274);
#1426=VERTEX_POINT('',#5276);
#1427=VERTEX_POINT('',#5278);
#1428=VERTEX_POINT('',#5289);
#1429=VERTEX_POINT('',#5296);
#1430=VERTEX_POINT('',#5298);
#1431=VERTEX_POINT('',#5305);
#1432=VERTEX_POINT('',#5318);
#1433=VERTEX_POINT('',#5322);
#1434=VERTEX_POINT('',#5327);
#1435=VERTEX_POINT('',#5331);
#1436=VERTEX_POINT('',#5336);
#1437=VERTEX_POINT('',#5340);
#1438=VERTEX_POINT('',#5345);
#1439=VERTEX_POINT('',#5346);
#1440=VERTEX_POINT('',#5361);
#1441=VERTEX_POINT('',#5368);
#1442=VERTEX_POINT('',#5389);
#1443=VERTEX_POINT('',#5406);
#1444=VERTEX_POINT('',#5413);
#1445=VERTEX_POINT('',#5418);
#1446=VERTEX_POINT('',#5420);
#1447=VERTEX_POINT('',#5439);
#1448=VERTEX_POINT('',#5585);
#1449=VERTEX_POINT('',#5587);
#1450=VERTEX_POINT('',#5592);
#1451=VERTEX_POINT('',#5629);
#1452=VERTEX_POINT('',#5634);
#1453=VERTEX_POINT('',#5636);
#1454=VERTEX_POINT('',#5641);
#1455=VERTEX_POINT('',#5679);
#1456=VERTEX_POINT('',#5684);
#1457=VERTEX_POINT('',#5686);
#1458=VERTEX_POINT('',#5691);
#1459=VERTEX_POINT('',#5729);
#1460=VERTEX_POINT('',#5734);
#1461=VERTEX_POINT('',#5736);
#1462=VERTEX_POINT('',#5741);
#1463=VERTEX_POINT('',#5781);
#1464=VERTEX_POINT('',#5786);
#1465=VERTEX_POINT('',#5788);
#1466=VERTEX_POINT('',#5793);
#1467=VERTEX_POINT('',#5833);
#1468=VERTEX_POINT('',#5839);
#1469=VERTEX_POINT('',#5846);
#1470=VERTEX_POINT('',#5851);
#1471=VERTEX_POINT('',#5856);
#1472=VERTEX_POINT('',#5861);
#1473=VERTEX_POINT('',#5866);
#1474=VERTEX_POINT('',#5868);
#1475=VERTEX_POINT('',#5873);
#1476=VERTEX_POINT('',#5878);
#1477=VERTEX_POINT('',#5979);
#1478=VERTEX_POINT('',#5987);
#1479=VERTEX_POINT('',#5992);
#1480=VERTEX_POINT('',#6036);
#1481=VERTEX_POINT('',#6038);
#1482=VERTEX_POINT('',#6041);
#1483=VERTEX_POINT('',#6043);
#1484=VERTEX_POINT('',#6048);
#1485=VERTEX_POINT('',#6084);
#1486=VERTEX_POINT('',#6089);
#1487=VERTEX_POINT('',#6091);
#1488=VERTEX_POINT('',#6098);
#1489=VERTEX_POINT('',#6132);
#1490=VERTEX_POINT('',#6139);
#1491=VERTEX_POINT('',#6141);
#1492=VERTEX_POINT('',#6146);
#1493=VERTEX_POINT('',#6274);
#1494=VERTEX_POINT('',#6281);
#1495=VERTEX_POINT('',#6286);
#1496=VERTEX_POINT('',#6291);
#1497=VERTEX_POINT('',#6296);
#1498=VERTEX_POINT('',#6301);
#1499=VERTEX_POINT('',#6309);
#1500=VERTEX_POINT('',#6314);
#1501=VERTEX_POINT('',#6319);
#1502=VERTEX_POINT('',#6328);
#1503=VERTEX_POINT('',#6336);
#1504=VERTEX_POINT('',#6337);
#1505=VERTEX_POINT('',#6342);
#1506=VERTEX_POINT('',#6378);
#1507=VERTEX_POINT('',#6417);
#1508=VERTEX_POINT('',#6418);
#1509=VERTEX_POINT('',#6423);
#1510=VERTEX_POINT('',#6458);
#1511=VERTEX_POINT('',#6497);
#1512=VERTEX_POINT('',#6498);
#1513=VERTEX_POINT('',#6503);
#1514=VERTEX_POINT('',#6541);
#1515=VERTEX_POINT('',#6578);
#1516=VERTEX_POINT('',#6579);
#1517=VERTEX_POINT('',#6584);
#1518=VERTEX_POINT('',#6622);
#1519=VERTEX_POINT('',#6661);
#1520=VERTEX_POINT('',#6662);
#1521=VERTEX_POINT('',#6667);
#1522=VERTEX_POINT('',#6705);
#1523=VERTEX_POINT('',#6807);
#1524=VERTEX_POINT('',#6809);
#1525=VERTEX_POINT('',#7043);
#1526=VERTEX_POINT('',#7045);
#1527=VERTEX_POINT('',#7049);
#1528=VERTEX_POINT('',#7053);
#1529=VERTEX_POINT('',#7057);
#1530=VERTEX_POINT('',#7061);
#1531=VERTEX_POINT('',#7065);
#1532=VERTEX_POINT('',#7069);
#1533=VERTEX_POINT('',#7091);
#1534=VERTEX_POINT('',#7092);
#1535=VERTEX_POINT('',#7103);
#1536=VERTEX_POINT('',#7131);
#1537=VERTEX_POINT('',#7138);
#1538=VERTEX_POINT('',#7156);
#1539=VERTEX_POINT('',#7160);
#1540=VERTEX_POINT('',#7168);
#1541=VERTEX_POINT('',#7169);
#1542=VERTEX_POINT('',#7171);
#1543=VERTEX_POINT('',#7173);
#1544=VERTEX_POINT('',#7177);
#1545=VERTEX_POINT('',#7179);
#1546=VERTEX_POINT('',#7183);
#1547=VERTEX_POINT('',#7185);
#1548=VERTEX_POINT('',#7189);
#1549=VERTEX_POINT('',#7191);
#1550=VERTEX_POINT('',#7195);
#1551=VERTEX_POINT('',#7197);
#1552=VERTEX_POINT('',#7201);
#1553=VERTEX_POINT('',#7203);
#1554=VERTEX_POINT('',#7207);
#1555=VERTEX_POINT('',#7209);
#1556=VERTEX_POINT('',#7218);
#1557=VERTEX_POINT('',#7220);
#1558=VERTEX_POINT('',#7224);
#1559=VERTEX_POINT('',#7225);
#1560=VERTEX_POINT('',#7242);
#1561=VERTEX_POINT('',#7243);
#1562=VERTEX_POINT('',#7245);
#1563=VERTEX_POINT('',#7247);
#1564=VERTEX_POINT('',#7251);
#1565=VERTEX_POINT('',#7253);
#1566=VERTEX_POINT('',#7255);
#1567=VERTEX_POINT('',#7257);
#1568=VERTEX_POINT('',#7259);
#1569=VERTEX_POINT('',#7263);
#1570=VERTEX_POINT('',#7265);
#1571=VERTEX_POINT('',#7269);
#1572=VERTEX_POINT('',#7273);
#1573=VERTEX_POINT('',#7277);
#1574=VERTEX_POINT('',#7281);
#1575=VERTEX_POINT('',#7283);
#1576=VERTEX_POINT('',#7289);
#1577=VERTEX_POINT('',#7291);
#1578=VERTEX_POINT('',#7295);
#1579=VERTEX_POINT('',#7299);
#1580=VERTEX_POINT('',#7300);
#1581=VERTEX_POINT('',#7302);
#1582=VERTEX_POINT('',#7304);
#1583=VERTEX_POINT('',#7306);
#1584=VERTEX_POINT('',#7311);
#1585=VERTEX_POINT('',#7313);
#1586=VERTEX_POINT('',#7315);
#1587=VERTEX_POINT('',#7319);
#1588=VERTEX_POINT('',#7321);
#1589=VERTEX_POINT('',#7323);
#1590=VERTEX_POINT('',#7335);
#1591=VERTEX_POINT('',#7337);
#1592=VERTEX_POINT('',#7341);
#1593=VERTEX_POINT('',#7345);
#1594=VERTEX_POINT('',#7347);
#1595=VERTEX_POINT('',#7349);
#1596=VERTEX_POINT('',#7351);
#1597=VERTEX_POINT('',#7353);
#1598=VERTEX_POINT('',#7357);
#1599=VERTEX_POINT('',#7361);
#1600=VERTEX_POINT('',#7363);
#1601=VERTEX_POINT('',#7365);
#1602=VERTEX_POINT('',#7367);
#1603=VERTEX_POINT('',#7372);
#1604=VERTEX_POINT('',#7381);
#1605=VERTEX_POINT('',#7383);
#1606=VERTEX_POINT('',#7387);
#1607=VERTEX_POINT('',#7391);
#1608=VERTEX_POINT('',#7393);
#1609=VERTEX_POINT('',#7395);
#1610=VERTEX_POINT('',#7397);
#1611=VERTEX_POINT('',#7399);
#1612=VERTEX_POINT('',#7403);
#1613=VERTEX_POINT('',#7407);
#1614=VERTEX_POINT('',#7411);
#1615=VERTEX_POINT('',#7413);
#1616=VERTEX_POINT('',#7415);
#1617=VERTEX_POINT('',#7420);
#1618=VERTEX_POINT('',#7427);
#1619=VERTEX_POINT('',#7430);
#1620=VERTEX_POINT('',#7433);
#1621=VERTEX_POINT('',#7436);
#1622=VERTEX_POINT('',#7439);
#1623=VERTEX_POINT('',#7443);
#1624=VERTEX_POINT('',#7448);
#1625=VERTEX_POINT('',#7452);
#1626=VERTEX_POINT('',#7457);
#1627=VERTEX_POINT('',#7461);
#1628=VERTEX_POINT('',#7466);
#1629=VERTEX_POINT('',#7470);
#1630=VERTEX_POINT('',#7475);
#1631=VERTEX_POINT('',#7479);
#1632=VERTEX_POINT('',#7482);
#1633=VERTEX_POINT('',#7486);
#1634=VERTEX_POINT('',#7489);
#1635=VERTEX_POINT('',#7493);
#1636=VERTEX_POINT('',#7496);
#1637=VERTEX_POINT('',#7500);
#1638=VERTEX_POINT('',#7503);
#1639=VERTEX_POINT('',#7507);
#1640=VERTEX_POINT('',#7511);
#1641=VERTEX_POINT('',#7515);
#1642=VERTEX_POINT('',#7519);
#1643=VERTEX_POINT('',#7520);
#1644=VERTEX_POINT('',#7531);
#1645=VERTEX_POINT('',#7533);
#1646=VERTEX_POINT('',#7535);
#1647=VERTEX_POINT('',#7537);
#1648=VERTEX_POINT('',#7550);
#1649=VERTEX_POINT('',#7555);
#1650=VERTEX_POINT('',#7559);
#1651=VERTEX_POINT('',#7560);
#1652=VERTEX_POINT('',#7571);
#1653=VERTEX_POINT('',#7573);
#1654=VERTEX_POINT('',#7584);
#1655=VERTEX_POINT('',#7586);
#1656=VERTEX_POINT('',#7590);
#1657=VERTEX_POINT('',#7591);
#1658=VERTEX_POINT('',#7602);
#1659=VERTEX_POINT('',#7604);
#1660=VERTEX_POINT('',#7606);
#1661=VERTEX_POINT('',#7608);
#1662=VERTEX_POINT('',#7621);
#1663=VERTEX_POINT('',#7622);
#1664=VERTEX_POINT('',#7627);
#1665=VERTEX_POINT('',#7629);
#1666=VERTEX_POINT('',#7633);
#1667=VERTEX_POINT('',#7644);
#1668=VERTEX_POINT('',#7646);
#1669=VERTEX_POINT('',#7657);
#1670=VERTEX_POINT('',#7661);
#1671=VERTEX_POINT('',#7662);
#1672=VERTEX_POINT('',#7667);
#1673=VERTEX_POINT('',#7669);
#1674=VERTEX_POINT('',#7673);
#1675=VERTEX_POINT('',#7684);
#1676=VERTEX_POINT('',#7686);
#1677=VERTEX_POINT('',#7688);
#1678=VERTEX_POINT('',#7701);
#1679=VERTEX_POINT('',#7702);
#1680=VERTEX_POINT('',#7707);
#1681=VERTEX_POINT('',#7709);
#1682=VERTEX_POINT('',#7713);
#1683=VERTEX_POINT('',#7724);
#1684=VERTEX_POINT('',#7726);
#1685=VERTEX_POINT('',#7737);
#1686=VERTEX_POINT('',#7741);
#1687=VERTEX_POINT('',#7742);
#1688=VERTEX_POINT('',#7747);
#1689=VERTEX_POINT('',#7749);
#1690=VERTEX_POINT('',#7753);
#1691=VERTEX_POINT('',#7764);
#1692=VERTEX_POINT('',#7766);
#1693=VERTEX_POINT('',#7768);
#1694=VERTEX_POINT('',#7781);
#1695=VERTEX_POINT('',#7782);
#1696=VERTEX_POINT('',#7787);
#1697=VERTEX_POINT('',#7789);
#1698=VERTEX_POINT('',#7793);
#1699=VERTEX_POINT('',#7804);
#1700=VERTEX_POINT('',#7806);
#1701=VERTEX_POINT('',#7817);
#1702=VERTEX_POINT('',#7821);
#1703=VERTEX_POINT('',#7822);
#1704=VERTEX_POINT('',#7827);
#1705=VERTEX_POINT('',#7829);
#1706=VERTEX_POINT('',#7833);
#1707=VERTEX_POINT('',#7844);
#1708=VERTEX_POINT('',#7846);
#1709=VERTEX_POINT('',#7848);
#1710=VERTEX_POINT('',#7861);
#1711=VERTEX_POINT('',#7862);
#1712=VERTEX_POINT('',#7864);
#1713=VERTEX_POINT('',#7868);
#1714=VERTEX_POINT('',#7879);
#1715=VERTEX_POINT('',#7881);
#1716=VERTEX_POINT('',#7892);
#1717=VERTEX_POINT('',#7896);
#1718=VERTEX_POINT('',#7897);
#1719=VERTEX_POINT('',#7902);
#1720=VERTEX_POINT('',#7904);
#1721=VERTEX_POINT('',#7908);
#1722=VERTEX_POINT('',#7919);
#1723=VERTEX_POINT('',#7921);
#1724=VERTEX_POINT('',#7923);
#1725=VERTEX_POINT('',#7936);
#1726=VERTEX_POINT('',#7937);
#1727=VERTEX_POINT('',#7942);
#1728=VERTEX_POINT('',#7944);
#1729=VERTEX_POINT('',#7948);
#1730=VERTEX_POINT('',#7959);
#1731=VERTEX_POINT('',#7961);
#1732=VERTEX_POINT('',#7972);
#1733=VERTEX_POINT('',#7985);
#1734=VERTEX_POINT('',#7987);
#1735=VERTEX_POINT('',#7989);
#1736=VERTEX_POINT('',#8022);
#1737=VERTEX_POINT('',#8025);
#1738=VERTEX_POINT('',#8029);
#1739=VERTEX_POINT('',#8034);
#1740=VERTEX_POINT('',#8039);
#1741=VERTEX_POINT('',#8044);
#1742=VERTEX_POINT('',#8049);
#1743=VERTEX_POINT('',#8058);
#1744=VERTEX_POINT('',#8063);
#1745=VERTEX_POINT('',#8068);
#1746=VERTEX_POINT('',#8073);
#1747=VERTEX_POINT('',#8078);
#1748=VERTEX_POINT('',#8083);
#1749=VERTEX_POINT('',#8088);
#1750=VERTEX_POINT('',#8095);
#1751=VERTEX_POINT('',#8099);
#1752=VERTEX_POINT('',#8100);
#1753=VERTEX_POINT('',#8212);
#1754=VERTEX_POINT('',#8280);
#1755=EDGE_CURVE('',#1394,#1394,#1211,.T.);
#1756=EDGE_CURVE('',#1395,#1395,#1212,.T.);
#1757=EDGE_CURVE('',#1396,#1396,#1213,.T.);
#1758=EDGE_CURVE('',#1397,#1397,#1214,.T.);
#1759=EDGE_CURVE('',#1398,#1398,#1215,.T.);
#1760=EDGE_CURVE('',#1398,#1394,#217,.T.);
#1761=EDGE_CURVE('',#1399,#1399,#1216,.T.);
#1762=EDGE_CURVE('',#1399,#1400,#218,.T.);
#1763=EDGE_CURVE('',#1401,#1400,#88,.T.);
#1764=EDGE_CURVE('',#1402,#1401,#1217,.T.);
#1765=EDGE_CURVE('',#1400,#1402,#89,.T.);
#1766=EDGE_CURVE('',#1403,#1401,#1218,.T.);
#1767=EDGE_CURVE('',#1404,#1403,#1219,.T.);
#1768=EDGE_CURVE('',#1404,#1405,#1220,.T.);
#1769=EDGE_CURVE('',#1402,#1405,#1221,.T.);
#1770=EDGE_CURVE('',#1406,#1406,#1222,.T.);
#1771=EDGE_CURVE('',#1407,#1408,#219,.T.);
#1772=EDGE_CURVE('',#1408,#1409,#220,.T.);
#1773=EDGE_CURVE('',#1409,#1410,#221,.T.);
#1774=EDGE_CURVE('',#1410,#1411,#222,.T.);
#1775=EDGE_CURVE('',#1411,#1412,#223,.T.);
#1776=EDGE_CURVE('',#1412,#1413,#224,.T.);
#1777=EDGE_CURVE('',#1413,#1414,#225,.T.);
#1778=EDGE_CURVE('',#1414,#1407,#226,.T.);
#1779=EDGE_CURVE('',#1415,#1415,#1223,.T.);
#1780=EDGE_CURVE('',#1416,#1416,#1224,.T.);
#1781=EDGE_CURVE('',#1417,#1417,#1225,.T.);
#1782=EDGE_CURVE('',#1418,#1418,#1226,.T.);
#1783=EDGE_CURVE('',#1419,#1419,#1227,.T.);
#1784=EDGE_CURVE('',#1420,#1420,#1228,.T.);
#1785=EDGE_CURVE('',#1421,#1421,#1229,.T.);
#1786=EDGE_CURVE('',#1422,#1422,#1230,.T.);
#1787=EDGE_CURVE('',#1423,#1423,#1231,.T.);
#1788=EDGE_CURVE('',#1405,#1424,#90,.T.);
#1789=EDGE_CURVE('',#1424,#1404,#91,.T.);
#1790=EDGE_CURVE('',#1403,#1425,#1232,.T.);
#1791=EDGE_CURVE('',#1425,#1426,#1233,.T.);
#1792=EDGE_CURVE('',#1426,#1427,#92,.T.);
#1793=EDGE_CURVE('',#1427,#1428,#93,.T.);
#1794=EDGE_CURVE('',#1429,#1428,#1234,.T.);
#1795=EDGE_CURVE('',#1429,#1430,#94,.T.);
#1796=EDGE_CURVE('',#1430,#1431,#95,.T.);
#1797=EDGE_CURVE('',#1431,#1425,#1235,.T.);
#1798=EDGE_CURVE('',#1432,#1432,#1236,.T.);
#1799=EDGE_CURVE('',#1432,#1395,#227,.T.);
#1800=EDGE_CURVE('',#1433,#1433,#1237,.T.);
#1801=EDGE_CURVE('',#1433,#1424,#228,.T.);
#1802=EDGE_CURVE('',#1434,#1434,#1238,.T.);
#1803=EDGE_CURVE('',#1434,#1396,#229,.T.);
#1804=EDGE_CURVE('',#1435,#1435,#1239,.T.);
#1805=EDGE_CURVE('',#1435,#1423,#230,.T.);
#1806=EDGE_CURVE('',#1436,#1436,#1240,.T.);
#1807=EDGE_CURVE('',#1436,#1397,#231,.T.);
#1808=EDGE_CURVE('',#1437,#1437,#1241,.T.);
#1809=EDGE_CURVE('',#1437,#1406,#232,.T.);
#1810=EDGE_CURVE('',#1438,#1439,#96,.T.);
#1811=EDGE_CURVE('',#1440,#1438,#97,.T.);
#1812=EDGE_CURVE('',#1441,#1440,#98,.T.);
#1813=EDGE_CURVE('',#1442,#1441,#99,.T.);
#1814=EDGE_CURVE('',#1443,#1442,#100,.T.);
#1815=EDGE_CURVE('',#1444,#1443,#101,.T.);
#1816=EDGE_CURVE('',#1444,#1445,#233,.T.);
#1817=EDGE_CURVE('',#1446,#1445,#102,.T.);
#1818=EDGE_CURVE('',#1447,#1446,#103,.T.);
#1819=EDGE_CURVE('',#1445,#1447,#104,.T.);
#1820=EDGE_CURVE('',#1439,#1444,#105,.T.);
#1821=EDGE_CURVE('',#1448,#1440,#1242,.T.);
#1822=EDGE_CURVE('',#1448,#1449,#106,.T.);
#1823=EDGE_CURVE('',#1449,#1450,#107,.T.);
#1824=EDGE_CURVE('',#1450,#1451,#108,.T.);
#1825=EDGE_CURVE('',#1452,#1451,#1243,.T.);
#1826=EDGE_CURVE('',#1452,#1453,#109,.T.);
#1827=EDGE_CURVE('',#1453,#1454,#110,.T.);
#1828=EDGE_CURVE('',#1454,#1455,#111,.T.);
#1829=EDGE_CURVE('',#1456,#1455,#1244,.T.);
#1830=EDGE_CURVE('',#1456,#1457,#112,.T.);
#1831=EDGE_CURVE('',#1457,#1458,#113,.T.);
#1832=EDGE_CURVE('',#1458,#1459,#114,.T.);
#1833=EDGE_CURVE('',#1460,#1459,#1245,.T.);
#1834=EDGE_CURVE('',#1460,#1461,#115,.T.);
#1835=EDGE_CURVE('',#1461,#1462,#116,.T.);
#1836=EDGE_CURVE('',#1462,#1463,#117,.T.);
#1837=EDGE_CURVE('',#1464,#1463,#1246,.T.);
#1838=EDGE_CURVE('',#1464,#1465,#118,.T.);
#1839=EDGE_CURVE('',#1465,#1466,#119,.T.);
#1840=EDGE_CURVE('',#1466,#1467,#120,.T.);
#1841=EDGE_CURVE('',#1442,#1467,#1247,.T.);
#1842=EDGE_CURVE('',#1441,#1468,#24,.T.);
#1843=EDGE_CURVE('',#1469,#1468,#121,.T.);
#1844=EDGE_CURVE('',#1469,#1470,#122,.T.);
#1845=EDGE_CURVE('',#1470,#1471,#123,.T.);
#1846=EDGE_CURVE('',#1471,#1472,#124,.T.);
#1847=EDGE_CURVE('',#1472,#1473,#1248,.T.);
#1848=EDGE_CURVE('',#1473,#1474,#125,.T.);
#1849=EDGE_CURVE('',#1474,#1475,#126,.T.);
#1850=EDGE_CURVE('',#1475,#1476,#127,.T.);
#1851=EDGE_CURVE('',#1468,#1476,#128,.T.);
#1852=EDGE_CURVE('',#1477,#1438,#1249,.T.);
#1853=EDGE_CURVE('',#1477,#1452,#129,.T.);
#1854=EDGE_CURVE('',#1451,#1478,#130,.T.);
#1855=EDGE_CURVE('',#1478,#1479,#131,.T.);
#1856=EDGE_CURVE('',#1479,#1448,#132,.T.);
#1857=EDGE_CURVE('',#1439,#1480,#1250,.T.);
#1858=EDGE_CURVE('',#1481,#1480,#1251,.T.);
#1859=EDGE_CURVE('',#1480,#1481,#1252,.T.);
#1860=EDGE_CURVE('',#1443,#1482,#1253,.T.);
#1861=EDGE_CURVE('',#1482,#1483,#133,.T.);
#1862=EDGE_CURVE('',#1483,#1484,#134,.T.);
#1863=EDGE_CURVE('',#1484,#1485,#135,.T.);
#1864=EDGE_CURVE('',#1485,#1486,#1254,.T.);
#1865=EDGE_CURVE('',#1486,#1487,#136,.T.);
#1866=EDGE_CURVE('',#1487,#1488,#137,.T.);
#1867=EDGE_CURVE('',#1488,#1489,#138,.T.);
#1868=EDGE_CURVE('',#1489,#1490,#1255,.T.);
#1869=EDGE_CURVE('',#1490,#1491,#139,.T.);
#1870=EDGE_CURVE('',#1491,#1492,#140,.T.);
#1871=EDGE_CURVE('',#1492,#1477,#141,.T.);
#1872=EDGE_CURVE('',#1446,#1493,#25,.T.);
#1873=EDGE_CURVE('',#1493,#1494,#142,.T.);
#1874=EDGE_CURVE('',#1494,#1495,#143,.T.);
#1875=EDGE_CURVE('',#1495,#1496,#144,.T.);
#1876=EDGE_CURVE('',#1496,#1497,#145,.T.);
#1877=EDGE_CURVE('',#1497,#1498,#26,.T.);
#1878=EDGE_CURVE('',#1498,#1498,#1256,.T.);
#1879=EDGE_CURVE('',#1497,#1499,#146,.T.);
#1880=EDGE_CURVE('',#1499,#1500,#147,.T.);
#1881=EDGE_CURVE('',#1500,#1501,#148,.T.);
#1882=EDGE_CURVE('',#1501,#1493,#149,.T.);
#1883=EDGE_CURVE('',#1502,#1447,#27,.T.);
#1884=EDGE_CURVE('',#1502,#1502,#1257,.T.);
#1885=EDGE_CURVE('',#1503,#1504,#150,.T.);
#1886=EDGE_CURVE('',#1504,#1505,#151,.T.);
#1887=EDGE_CURVE('',#1505,#1506,#152,.T.);
#1888=EDGE_CURVE('',#1506,#1503,#153,.T.);
#1889=EDGE_CURVE('',#1507,#1508,#154,.T.);
#1890=EDGE_CURVE('',#1508,#1509,#155,.T.);
#1891=EDGE_CURVE('',#1509,#1510,#156,.T.);
#1892=EDGE_CURVE('',#1510,#1507,#157,.T.);
#1893=EDGE_CURVE('',#1511,#1512,#158,.T.);
#1894=EDGE_CURVE('',#1512,#1513,#159,.T.);
#1895=EDGE_CURVE('',#1513,#1514,#160,.T.);
#1896=EDGE_CURVE('',#1514,#1511,#161,.T.);
#1897=EDGE_CURVE('',#1515,#1516,#162,.T.);
#1898=EDGE_CURVE('',#1516,#1517,#163,.T.);
#1899=EDGE_CURVE('',#1517,#1518,#164,.T.);
#1900=EDGE_CURVE('',#1518,#1515,#165,.T.);
#1901=EDGE_CURVE('',#1519,#1520,#166,.T.);
#1902=EDGE_CURVE('',#1520,#1521,#167,.T.);
#1903=EDGE_CURVE('',#1521,#1522,#168,.T.);
#1904=EDGE_CURVE('',#1522,#1519,#169,.T.);
#1905=EDGE_CURVE('',#1522,#1488,#234,.T.);
#1906=EDGE_CURVE('',#1519,#1487,#235,.T.);
#1907=EDGE_CURVE('',#1521,#1457,#236,.T.);
#1908=EDGE_CURVE('',#1489,#1456,#170,.T.);
#1909=EDGE_CURVE('',#1459,#1486,#171,.T.);
#1910=EDGE_CURVE('',#1520,#1458,#237,.T.);
#1911=EDGE_CURVE('',#1518,#1492,#238,.T.);
#1912=EDGE_CURVE('',#1515,#1491,#239,.T.);
#1913=EDGE_CURVE('',#1517,#1453,#240,.T.);
#1914=EDGE_CURVE('',#1455,#1490,#172,.T.);
#1915=EDGE_CURVE('',#1516,#1454,#241,.T.);
#1916=EDGE_CURVE('',#1514,#1484,#242,.T.);
#1917=EDGE_CURVE('',#1511,#1483,#243,.T.);
#1918=EDGE_CURVE('',#1513,#1461,#244,.T.);
#1919=EDGE_CURVE('',#1485,#1460,#173,.T.);
#1920=EDGE_CURVE('',#1463,#1482,#174,.T.);
#1921=EDGE_CURVE('',#1512,#1462,#245,.T.);
#1922=EDGE_CURVE('',#1510,#1479,#246,.T.);
#1923=EDGE_CURVE('',#1507,#1478,#247,.T.);
#1924=EDGE_CURVE('',#1509,#1449,#248,.T.);
#1925=EDGE_CURVE('',#1508,#1450,#249,.T.);
#1926=EDGE_CURVE('',#1506,#1523,#250,.T.);
#1927=EDGE_CURVE('',#1524,#1523,#175,.T.);
#1928=EDGE_CURVE('',#1503,#1524,#251,.T.);
#1929=EDGE_CURVE('',#1505,#1465,#252,.T.);
#1930=EDGE_CURVE('',#1523,#1464,#176,.T.);
#1931=EDGE_CURVE('',#1467,#1524,#177,.T.);
#1932=EDGE_CURVE('',#1504,#1466,#253,.T.);
#1933=EDGE_CURVE('',#1407,#1525,#254,.T.);
#1934=EDGE_CURVE('',#1526,#1525,#255,.T.);
#1935=EDGE_CURVE('',#1408,#1526,#256,.T.);
#1936=EDGE_CURVE('',#1527,#1526,#257,.T.);
#1937=EDGE_CURVE('',#1409,#1527,#258,.T.);
#1938=EDGE_CURVE('',#1528,#1527,#259,.T.);
#1939=EDGE_CURVE('',#1410,#1528,#260,.T.);
#1940=EDGE_CURVE('',#1529,#1528,#261,.T.);
#1941=EDGE_CURVE('',#1411,#1529,#262,.T.);
#1942=EDGE_CURVE('',#1530,#1529,#263,.T.);
#1943=EDGE_CURVE('',#1412,#1530,#264,.T.);
#1944=EDGE_CURVE('',#1531,#1530,#265,.T.);
#1945=EDGE_CURVE('',#1413,#1531,#266,.T.);
#1946=EDGE_CURVE('',#1532,#1531,#267,.T.);
#1947=EDGE_CURVE('',#1414,#1532,#268,.T.);
#1948=EDGE_CURVE('',#1525,#1532,#269,.T.);
#1949=EDGE_CURVE('',#1533,#1534,#178,.F.);
#1950=EDGE_CURVE('',#1533,#1535,#179,.T.);
#1951=EDGE_CURVE('',#1535,#1468,#270,.T.);
#1952=EDGE_CURVE('',#1476,#1534,#180,.T.);
#1953=EDGE_CURVE('',#1469,#1536,#181,.F.);
#1954=EDGE_CURVE('',#1535,#1537,#182,.T.);
#1955=EDGE_CURVE('',#1537,#1536,#183,.T.);
#1956=EDGE_CURVE('',#1537,#1533,#271,.T.);
#1957=EDGE_CURVE('',#1499,#1538,#272,.T.);
#1958=EDGE_CURVE('',#1500,#1538,#273,.T.);
#1959=EDGE_CURVE('',#1496,#1539,#274,.T.);
#1960=EDGE_CURVE('',#1538,#1539,#275,.T.);
#1961=EDGE_CURVE('',#1539,#1495,#276,.T.);
#1962=EDGE_CURVE('',#1534,#1474,#277,.T.);
#1963=EDGE_CURVE('',#1540,#1541,#1258,.T.);
#1964=EDGE_CURVE('',#1541,#1542,#278,.T.);
#1965=EDGE_CURVE('',#1543,#1542,#1259,.T.);
#1966=EDGE_CURVE('',#1540,#1543,#279,.T.);
#1967=EDGE_CURVE('',#1544,#1540,#280,.T.);
#1968=EDGE_CURVE('',#1545,#1543,#281,.T.);
#1969=EDGE_CURVE('',#1544,#1545,#282,.T.);
#1970=EDGE_CURVE('',#1546,#1544,#1260,.T.);
#1971=EDGE_CURVE('',#1547,#1545,#1261,.T.);
#1972=EDGE_CURVE('',#1546,#1547,#283,.T.);
#1973=EDGE_CURVE('',#1548,#1546,#284,.T.);
#1974=EDGE_CURVE('',#1549,#1547,#285,.T.);
#1975=EDGE_CURVE('',#1548,#1549,#286,.T.);
#1976=EDGE_CURVE('',#1550,#1548,#1262,.T.);
#1977=EDGE_CURVE('',#1551,#1549,#1263,.T.);
#1978=EDGE_CURVE('',#1550,#1551,#287,.T.);
#1979=EDGE_CURVE('',#1552,#1550,#288,.T.);
#1980=EDGE_CURVE('',#1553,#1551,#289,.T.);
#1981=EDGE_CURVE('',#1552,#1553,#290,.T.);
#1982=EDGE_CURVE('',#1554,#1552,#1264,.T.);
#1983=EDGE_CURVE('',#1555,#1553,#1265,.T.);
#1984=EDGE_CURVE('',#1554,#1555,#291,.T.);
#1985=EDGE_CURVE('',#1541,#1554,#292,.T.);
#1986=EDGE_CURVE('',#1542,#1555,#293,.T.);
#1987=EDGE_CURVE('',#1536,#1471,#294,.T.);
#1988=EDGE_CURVE('',#1556,#1495,#295,.T.);
#1989=EDGE_CURVE('',#1557,#1556,#296,.T.);
#1990=EDGE_CURVE('',#1500,#1557,#297,.T.);
#1991=EDGE_CURVE('',#1558,#1559,#298,.T.);
#1992=EDGE_CURVE('',#1471,#1558,#299,.T.);
#1993=EDGE_CURVE('',#1559,#1474,#300,.T.);
#1994=EDGE_CURVE('',#1556,#1494,#301,.T.);
#1995=EDGE_CURVE('',#1557,#1501,#302,.T.);
#1996=EDGE_CURVE('',#1558,#1431,#303,.T.);
#1997=EDGE_CURVE('',#1472,#1429,#304,.T.);
#1998=EDGE_CURVE('',#1559,#1426,#305,.T.);
#1999=EDGE_CURVE('',#1428,#1473,#306,.T.);
#2000=EDGE_CURVE('',#1560,#1561,#307,.T.);
#2001=EDGE_CURVE('',#1562,#1560,#308,.T.);
#2002=EDGE_CURVE('',#1563,#1562,#309,.T.);
#2003=EDGE_CURVE('',#1561,#1563,#310,.T.);
#2004=EDGE_CURVE('',#1560,#1564,#311,.T.);
#2005=EDGE_CURVE('',#1565,#1564,#1266,.T.);
#2006=EDGE_CURVE('',#1565,#1566,#312,.T.);
#2007=EDGE_CURVE('',#1566,#1567,#1267,.T.);
#2008=EDGE_CURVE('',#1567,#1568,#1268,.T.);
#2009=EDGE_CURVE('',#1568,#1562,#1269,.T.);
#2010=EDGE_CURVE('',#1569,#1561,#313,.T.);
#2011=EDGE_CURVE('',#1570,#1569,#314,.T.);
#2012=EDGE_CURVE('',#1564,#1570,#315,.T.);
#2013=EDGE_CURVE('',#1571,#1563,#1270,.T.);
#2014=EDGE_CURVE('',#1571,#1568,#316,.T.);
#2015=EDGE_CURVE('',#1572,#1571,#1271,.T.);
#2016=EDGE_CURVE('',#1572,#1567,#317,.T.);
#2017=EDGE_CURVE('',#1573,#1572,#1272,.T.);
#2018=EDGE_CURVE('',#1573,#1566,#318,.T.);
#2019=EDGE_CURVE('',#1574,#1565,#319,.T.);
#2020=EDGE_CURVE('',#1575,#1574,#320,.T.);
#2021=EDGE_CURVE('',#1573,#1575,#321,.T.);
#2022=EDGE_CURVE('',#1575,#1569,#1273,.T.);
#2023=EDGE_CURVE('',#1576,#1574,#1274,.T.);
#2024=EDGE_CURVE('',#1576,#1577,#322,.T.);
#2025=EDGE_CURVE('',#1577,#1575,#1275,.T.);
#2026=EDGE_CURVE('',#1578,#1565,#1276,.T.);
#2027=EDGE_CURVE('',#1578,#1576,#323,.T.);
#2028=EDGE_CURVE('',#1579,#1580,#324,.T.);
#2029=EDGE_CURVE('',#1581,#1579,#325,.T.);
#2030=EDGE_CURVE('',#1582,#1581,#326,.T.);
#2031=EDGE_CURVE('',#1583,#1582,#327,.T.);
#2032=EDGE_CURVE('',#1583,#1580,#328,.T.);
#2033=EDGE_CURVE('',#1582,#1577,#1277,.T.);
#2034=EDGE_CURVE('',#1577,#1584,#329,.T.);
#2035=EDGE_CURVE('',#1585,#1584,#1278,.T.);
#2036=EDGE_CURVE('',#1586,#1585,#1279,.T.);
#2037=EDGE_CURVE('',#1583,#1586,#1280,.T.);
#2038=EDGE_CURVE('',#1580,#1587,#1281,.T.);
#2039=EDGE_CURVE('',#1587,#1588,#1282,.T.);
#2040=EDGE_CURVE('',#1588,#1589,#1283,.T.);
#2041=EDGE_CURVE('',#1589,#1578,#330,.T.);
#2042=EDGE_CURVE('',#1579,#1578,#1284,.T.);
#2043=EDGE_CURVE('',#1586,#1587,#331,.T.);
#2044=EDGE_CURVE('',#1585,#1588,#332,.T.);
#2045=EDGE_CURVE('',#1584,#1589,#333,.T.);
#2046=EDGE_CURVE('',#1590,#1581,#1285,.T.);
#2047=EDGE_CURVE('',#1590,#1591,#334,.T.);
#2048=EDGE_CURVE('',#1591,#1582,#1286,.T.);
#2049=EDGE_CURVE('',#1592,#1579,#1287,.T.);
#2050=EDGE_CURVE('',#1592,#1590,#335,.T.);
#2051=EDGE_CURVE('',#1593,#1591,#1288,.T.);
#2052=EDGE_CURVE('',#1591,#1594,#336,.T.);
#2053=EDGE_CURVE('',#1595,#1594,#1289,.T.);
#2054=EDGE_CURVE('',#1596,#1595,#1290,.T.);
#2055=EDGE_CURVE('',#1597,#1596,#1291,.T.);
#2056=EDGE_CURVE('',#1597,#1593,#337,.T.);
#2057=EDGE_CURVE('',#1598,#1592,#338,.T.);
#2058=EDGE_CURVE('',#1594,#1598,#339,.T.);
#2059=EDGE_CURVE('',#1599,#1592,#1292,.T.);
#2060=EDGE_CURVE('',#1599,#1600,#340,.T.);
#2061=EDGE_CURVE('',#1600,#1601,#1293,.T.);
#2062=EDGE_CURVE('',#1601,#1602,#1294,.T.);
#2063=EDGE_CURVE('',#1602,#1598,#1295,.T.);
#2064=EDGE_CURVE('',#1597,#1600,#341,.T.);
#2065=EDGE_CURVE('',#1603,#1599,#342,.T.);
#2066=EDGE_CURVE('',#1593,#1603,#343,.T.);
#2067=EDGE_CURVE('',#1595,#1602,#344,.T.);
#2068=EDGE_CURVE('',#1596,#1601,#345,.T.);
#2069=EDGE_CURVE('',#1570,#1604,#1296,.T.);
#2070=EDGE_CURVE('',#1604,#1605,#346,.T.);
#2071=EDGE_CURVE('',#1564,#1605,#1297,.T.);
#2072=EDGE_CURVE('',#1569,#1606,#1298,.T.);
#2073=EDGE_CURVE('',#1606,#1604,#347,.T.);
#2074=EDGE_CURVE('',#1606,#1607,#1299,.T.);
#2075=EDGE_CURVE('',#1607,#1608,#348,.T.);
#2076=EDGE_CURVE('',#1609,#1608,#1300,.T.);
#2077=EDGE_CURVE('',#1610,#1609,#1301,.T.);
#2078=EDGE_CURVE('',#1611,#1610,#1302,.T.);
#2079=EDGE_CURVE('',#1611,#1606,#349,.T.);
#2080=EDGE_CURVE('',#1612,#1611,#350,.T.);
#2081=EDGE_CURVE('',#1605,#1612,#351,.T.);
#2082=EDGE_CURVE('',#1610,#1613,#352,.T.);
#2083=EDGE_CURVE('',#1612,#1613,#1303,.T.);
#2084=EDGE_CURVE('',#1613,#1614,#1304,.T.);
#2085=EDGE_CURVE('',#1614,#1615,#1305,.T.);
#2086=EDGE_CURVE('',#1615,#1616,#353,.T.);
#2087=EDGE_CURVE('',#1605,#1616,#1306,.T.);
#2088=EDGE_CURVE('',#1608,#1615,#354,.T.);
#2089=EDGE_CURVE('',#1617,#1607,#355,.T.);
#2090=EDGE_CURVE('',#1616,#1617,#356,.T.);
#2091=EDGE_CURVE('',#1609,#1614,#357,.T.);
#2092=EDGE_CURVE('',#1618,#1618,#1307,.T.);
#2093=EDGE_CURVE('',#1619,#1619,#1308,.T.);
#2094=EDGE_CURVE('',#1620,#1620,#1309,.T.);
#2095=EDGE_CURVE('',#1621,#1621,#1310,.T.);
#2096=EDGE_CURVE('',#1622,#1622,#1311,.T.);
#2097=EDGE_CURVE('',#1622,#1618,#358,.T.);
#2098=EDGE_CURVE('',#1623,#1623,#1312,.T.);
#2099=EDGE_CURVE('',#1623,#1422,#359,.T.);
#2100=EDGE_CURVE('',#1624,#1624,#1313,.T.);
#2101=EDGE_CURVE('',#1624,#1620,#360,.T.);
#2102=EDGE_CURVE('',#1625,#1625,#1314,.T.);
#2103=EDGE_CURVE('',#1625,#1415,#361,.T.);
#2104=EDGE_CURVE('',#1626,#1626,#1315,.T.);
#2105=EDGE_CURVE('',#1626,#1619,#362,.T.);
#2106=EDGE_CURVE('',#1627,#1627,#1316,.T.);
#2107=EDGE_CURVE('',#1627,#1421,#363,.T.);
#2108=EDGE_CURVE('',#1628,#1628,#1317,.T.);
#2109=EDGE_CURVE('',#1628,#1621,#364,.T.);
#2110=EDGE_CURVE('',#1629,#1629,#1318,.T.);
#2111=EDGE_CURVE('',#1629,#1416,#365,.T.);
#2112=EDGE_CURVE('',#1417,#1630,#366,.T.);
#2113=EDGE_CURVE('',#1630,#1630,#1319,.T.);
#2114=EDGE_CURVE('',#1631,#1631,#1320,.T.);
#2115=EDGE_CURVE('',#1418,#1632,#367,.T.);
#2116=EDGE_CURVE('',#1632,#1632,#1321,.T.);
#2117=EDGE_CURVE('',#1633,#1633,#1322,.T.);
#2118=EDGE_CURVE('',#1419,#1634,#368,.T.);
#2119=EDGE_CURVE('',#1634,#1634,#1323,.T.);
#2120=EDGE_CURVE('',#1635,#1635,#1324,.T.);
#2121=EDGE_CURVE('',#1420,#1636,#369,.T.);
#2122=EDGE_CURVE('',#1636,#1636,#1325,.T.);
#2123=EDGE_CURVE('',#1637,#1637,#1326,.T.);
#2124=EDGE_CURVE('',#1633,#1638,#370,.T.);
#2125=EDGE_CURVE('',#1638,#1638,#1327,.T.);
#2126=EDGE_CURVE('',#1637,#1639,#371,.T.);
#2127=EDGE_CURVE('',#1639,#1639,#1328,.T.);
#2128=EDGE_CURVE('',#1631,#1640,#372,.T.);
#2129=EDGE_CURVE('',#1640,#1640,#1329,.T.);
#2130=EDGE_CURVE('',#1635,#1641,#373,.T.);
#2131=EDGE_CURVE('',#1641,#1641,#1330,.T.);
#2132=EDGE_CURVE('',#1642,#1643,#184,.T.);
#2133=EDGE_CURVE('',#1644,#1642,#374,.T.);
#2134=EDGE_CURVE('',#1645,#1644,#375,.T.);
#2135=EDGE_CURVE('',#1645,#1646,#376,.T.);
#2136=EDGE_CURVE('',#1647,#1646,#185,.T.);
#2137=EDGE_CURVE('',#1643,#1647,#377,.T.);
#2138=EDGE_CURVE('',#1646,#1648,#186,.T.);
#2139=EDGE_CURVE('',#1649,#1645,#378,.T.);
#2140=EDGE_CURVE('',#1648,#1649,#379,.T.);
#2141=EDGE_CURVE('',#1650,#1651,#187,.T.);
#2142=EDGE_CURVE('',#1652,#1650,#380,.T.);
#2143=EDGE_CURVE('',#1653,#1652,#188,.T.);
#2144=EDGE_CURVE('',#1654,#1653,#381,.T.);
#2145=EDGE_CURVE('',#1655,#1654,#382,.T.);
#2146=EDGE_CURVE('',#1655,#1651,#383,.T.);
#2147=EDGE_CURVE('',#1656,#1657,#189,.T.);
#2148=EDGE_CURVE('',#1658,#1656,#384,.T.);
#2149=EDGE_CURVE('',#1659,#1658,#385,.T.);
#2150=EDGE_CURVE('',#1660,#1659,#386,.T.);
#2151=EDGE_CURVE('',#1661,#1660,#190,.T.);
#2152=EDGE_CURVE('',#1657,#1661,#387,.T.);
#2153=EDGE_CURVE('',#1662,#1663,#191,.T.);
#2154=EDGE_CURVE('',#1664,#1662,#388,.T.);
#2155=EDGE_CURVE('',#1665,#1664,#389,.T.);
#2156=EDGE_CURVE('',#1665,#1663,#390,.T.);
#2157=EDGE_CURVE('',#1666,#1662,#192,.T.);
#2158=EDGE_CURVE('',#1667,#1666,#391,.T.);
#2159=EDGE_CURVE('',#1668,#1667,#193,.T.);
#2160=EDGE_CURVE('',#1669,#1668,#392,.T.);
#2161=EDGE_CURVE('',#1664,#1669,#393,.T.);
#2162=EDGE_CURVE('',#1670,#1671,#194,.T.);
#2163=EDGE_CURVE('',#1672,#1670,#394,.T.);
#2164=EDGE_CURVE('',#1673,#1672,#395,.T.);
#2165=EDGE_CURVE('',#1673,#1671,#396,.T.);
#2166=EDGE_CURVE('',#1671,#1674,#195,.T.);
#2167=EDGE_CURVE('',#1675,#1673,#397,.T.);
#2168=EDGE_CURVE('',#1676,#1675,#398,.T.);
#2169=EDGE_CURVE('',#1677,#1676,#196,.T.);
#2170=EDGE_CURVE('',#1674,#1677,#399,.T.);
#2171=EDGE_CURVE('',#1678,#1679,#197,.T.);
#2172=EDGE_CURVE('',#1680,#1678,#400,.T.);
#2173=EDGE_CURVE('',#1681,#1680,#401,.T.);
#2174=EDGE_CURVE('',#1681,#1679,#402,.T.);
#2175=EDGE_CURVE('',#1682,#1678,#198,.T.);
#2176=EDGE_CURVE('',#1683,#1682,#403,.T.);
#2177=EDGE_CURVE('',#1684,#1683,#199,.T.);
#2178=EDGE_CURVE('',#1685,#1684,#404,.T.);
#2179=EDGE_CURVE('',#1680,#1685,#405,.T.);
#2180=EDGE_CURVE('',#1686,#1687,#200,.T.);
#2181=EDGE_CURVE('',#1688,#1686,#406,.T.);
#2182=EDGE_CURVE('',#1689,#1688,#407,.T.);
#2183=EDGE_CURVE('',#1689,#1687,#408,.T.);
#2184=EDGE_CURVE('',#1687,#1690,#201,.T.);
#2185=EDGE_CURVE('',#1691,#1689,#409,.T.);
#2186=EDGE_CURVE('',#1692,#1691,#410,.T.);
#2187=EDGE_CURVE('',#1693,#1692,#202,.T.);
#2188=EDGE_CURVE('',#1690,#1693,#411,.T.);
#2189=EDGE_CURVE('',#1694,#1695,#203,.T.);
#2190=EDGE_CURVE('',#1696,#1694,#412,.T.);
#2191=EDGE_CURVE('',#1697,#1696,#413,.T.);
#2192=EDGE_CURVE('',#1697,#1695,#414,.T.);
#2193=EDGE_CURVE('',#1698,#1694,#204,.T.);
#2194=EDGE_CURVE('',#1699,#1698,#415,.T.);
#2195=EDGE_CURVE('',#1700,#1699,#205,.T.);
#2196=EDGE_CURVE('',#1701,#1700,#416,.T.);
#2197=EDGE_CURVE('',#1696,#1701,#417,.T.);
#2198=EDGE_CURVE('',#1702,#1703,#206,.T.);
#2199=EDGE_CURVE('',#1704,#1702,#418,.T.);
#2200=EDGE_CURVE('',#1705,#1704,#419,.T.);
#2201=EDGE_CURVE('',#1705,#1703,#420,.T.);
#2202=EDGE_CURVE('',#1703,#1706,#207,.T.);
#2203=EDGE_CURVE('',#1707,#1705,#421,.T.);
#2204=EDGE_CURVE('',#1708,#1707,#422,.T.);
#2205=EDGE_CURVE('',#1709,#1708,#208,.T.);
#2206=EDGE_CURVE('',#1706,#1709,#423,.T.);
#2207=EDGE_CURVE('',#1710,#1711,#424,.T.);
#2208=EDGE_CURVE('',#1712,#1710,#425,.T.);
#2209=EDGE_CURVE('',#1712,#1711,#426,.T.);
#2210=EDGE_CURVE('',#1713,#1711,#209,.T.);
#2211=EDGE_CURVE('',#1714,#1713,#427,.T.);
#2212=EDGE_CURVE('',#1715,#1714,#210,.T.);
#2213=EDGE_CURVE('',#1716,#1715,#428,.T.);
#2214=EDGE_CURVE('',#1710,#1716,#429,.T.);
#2215=EDGE_CURVE('',#1717,#1718,#211,.T.);
#2216=EDGE_CURVE('',#1719,#1717,#430,.T.);
#2217=EDGE_CURVE('',#1720,#1719,#431,.T.);
#2218=EDGE_CURVE('',#1720,#1718,#432,.T.);
#2219=EDGE_CURVE('',#1718,#1721,#212,.T.);
#2220=EDGE_CURVE('',#1722,#1720,#433,.T.);
#2221=EDGE_CURVE('',#1723,#1722,#434,.T.);
#2222=EDGE_CURVE('',#1724,#1723,#213,.T.);
#2223=EDGE_CURVE('',#1721,#1724,#435,.T.);
#2224=EDGE_CURVE('',#1725,#1726,#214,.T.);
#2225=EDGE_CURVE('',#1727,#1725,#436,.T.);
#2226=EDGE_CURVE('',#1728,#1727,#437,.T.);
#2227=EDGE_CURVE('',#1728,#1726,#438,.T.);
#2228=EDGE_CURVE('',#1729,#1725,#215,.T.);
#2229=EDGE_CURVE('',#1730,#1729,#439,.T.);
#2230=EDGE_CURVE('',#1731,#1730,#216,.T.);
#2231=EDGE_CURVE('',#1732,#1731,#440,.T.);
#2232=EDGE_CURVE('',#1727,#1732,#441,.T.);
#2233=EDGE_CURVE('',#1711,#1702,#1331,.T.);
#2234=EDGE_CURVE('',#1698,#1706,#1332,.T.);
#2235=EDGE_CURVE('',#1695,#1686,#1333,.T.);
#2236=EDGE_CURVE('',#1729,#1690,#1334,.T.);
#2237=EDGE_CURVE('',#1726,#1717,#1335,.T.);
#2238=EDGE_CURVE('',#1682,#1721,#1336,.T.);
#2239=EDGE_CURVE('',#1679,#1670,#1337,.T.);
#2240=EDGE_CURVE('',#1666,#1674,#1338,.T.);
#2241=EDGE_CURVE('',#1663,#1656,#1339,.T.);
#2242=EDGE_CURVE('',#1733,#1657,#1340,.T.);
#2243=EDGE_CURVE('',#1734,#1733,#1341,.T.);
#2244=EDGE_CURVE('',#1734,#1735,#1342,.T.);
#2245=EDGE_CURVE('',#1735,#1734,#1343,.T.);
#2246=EDGE_CURVE('',#1650,#1733,#1344,.T.);
#2247=EDGE_CURVE('',#1651,#1642,#1345,.T.);
#2248=EDGE_CURVE('',#1713,#1643,#1346,.T.);
#2249=EDGE_CURVE('',#1699,#1709,#1347,.T.);
#2250=EDGE_CURVE('',#1730,#1693,#1348,.T.);
#2251=EDGE_CURVE('',#1683,#1724,#1349,.T.);
#2252=EDGE_CURVE('',#1667,#1677,#1350,.T.);
#2253=EDGE_CURVE('',#1652,#1661,#1351,.T.);
#2254=EDGE_CURVE('',#1714,#1647,#1352,.T.);
#2255=EDGE_CURVE('',#1700,#1708,#1353,.T.);
#2256=EDGE_CURVE('',#1731,#1692,#1354,.T.);
#2257=EDGE_CURVE('',#1684,#1723,#1355,.T.);
#2258=EDGE_CURVE('',#1668,#1676,#1356,.T.);
#2259=EDGE_CURVE('',#1653,#1660,#1357,.T.);
#2260=EDGE_CURVE('',#1715,#1648,#1358,.T.);
#2261=EDGE_CURVE('',#1701,#1707,#1359,.T.);
#2262=EDGE_CURVE('',#1697,#1704,#1360,.T.);
#2263=EDGE_CURVE('',#1736,#1736,#1361,.T.);
#2264=EDGE_CURVE('',#1737,#1688,#1362,.T.);
#2265=EDGE_CURVE('',#1728,#1737,#1363,.T.);
#2266=EDGE_CURVE('',#1732,#1691,#1364,.T.);
#2267=EDGE_CURVE('',#1738,#1738,#1365,.T.);
#2268=EDGE_CURVE('',#1685,#1722,#1366,.T.);
#2269=EDGE_CURVE('',#1681,#1719,#1367,.T.);
#2270=EDGE_CURVE('',#1739,#1739,#1368,.T.);
#2271=EDGE_CURVE('',#1669,#1675,#1369,.T.);
#2272=EDGE_CURVE('',#1665,#1672,#1370,.T.);
#2273=EDGE_CURVE('',#1740,#1740,#1371,.T.);
#2274=EDGE_CURVE('',#1654,#1659,#1372,.T.);
#2275=EDGE_CURVE('',#1655,#1658,#1373,.T.);
#2276=EDGE_CURVE('',#1741,#1741,#1374,.T.);
#2277=EDGE_CURVE('',#1712,#1644,#1375,.T.);
#2278=EDGE_CURVE('',#1716,#1649,#1376,.T.);
#2279=EDGE_CURVE('',#1742,#1742,#1377,.T.);
#2280=EDGE_CURVE('',#1738,#1743,#442,.T.);
#2281=EDGE_CURVE('',#1743,#1743,#1378,.T.);
#2282=EDGE_CURVE('',#1741,#1744,#443,.T.);
#2283=EDGE_CURVE('',#1744,#1744,#1379,.T.);
#2284=EDGE_CURVE('',#1736,#1745,#444,.T.);
#2285=EDGE_CURVE('',#1745,#1745,#1380,.T.);
#2286=EDGE_CURVE('',#1739,#1746,#445,.T.);
#2287=EDGE_CURVE('',#1746,#1746,#1381,.T.);
#2288=EDGE_CURVE('',#1740,#1747,#446,.T.);
#2289=EDGE_CURVE('',#1747,#1747,#1382,.T.);
#2290=EDGE_CURVE('',#1742,#1748,#447,.T.);
#2291=EDGE_CURVE('',#1748,#1748,#1383,.T.);
#2292=EDGE_CURVE('',#1737,#1749,#448,.T.);
#2293=EDGE_CURVE('',#1607,#1749,#1384,.T.);
#2294=EDGE_CURVE('',#1749,#1593,#1385,.T.);
#2295=EDGE_CURVE('',#1617,#1603,#1386,.T.);
#2296=EDGE_CURVE('',#1750,#1599,#1387,.T.);
#2297=EDGE_CURVE('',#1616,#1750,#1388,.T.);
#2298=EDGE_CURVE('',#1751,#1752,#1389,.T.);
#2299=EDGE_CURVE('',#1752,#1751,#1390,.T.);
#2300=EDGE_CURVE('',#1752,#1750,#449,.T.);
#2301=EDGE_CURVE('',#1753,#1751,#28,.T.);
#2302=EDGE_CURVE('',#1753,#1753,#1391,.T.);
#2303=EDGE_CURVE('',#1754,#1753,#29,.T.);
#2304=EDGE_CURVE('',#1754,#1754,#1392,.T.);
#2305=EDGE_CURVE('',#1502,#1754,#1393,.T.);
#2306=EDGE_CURVE('',#1481,#1735,#450,.T.);
#2307=ORIENTED_EDGE('',*,*,#1755,.F.);
#2308=ORIENTED_EDGE('',*,*,#1756,.F.);
#2309=ORIENTED_EDGE('',*,*,#1757,.F.);
#2310=ORIENTED_EDGE('',*,*,#1758,.F.);
#2311=ORIENTED_EDGE('',*,*,#1759,.F.);
#2312=ORIENTED_EDGE('',*,*,#1760,.T.);
#2313=ORIENTED_EDGE('',*,*,#1755,.T.);
#2314=ORIENTED_EDGE('',*,*,#1760,.F.);
#2315=ORIENTED_EDGE('',*,*,#1761,.F.);
#2316=ORIENTED_EDGE('',*,*,#1762,.T.);
#2317=ORIENTED_EDGE('',*,*,#1763,.F.);
#2318=ORIENTED_EDGE('',*,*,#1764,.F.);
#2319=ORIENTED_EDGE('',*,*,#1765,.F.);
#2320=ORIENTED_EDGE('',*,*,#1762,.F.);
#2321=ORIENTED_EDGE('',*,*,#1761,.T.);
#2322=ORIENTED_EDGE('',*,*,#1759,.T.);
#2323=ORIENTED_EDGE('',*,*,#1764,.T.);
#2324=ORIENTED_EDGE('',*,*,#1766,.F.);
#2325=ORIENTED_EDGE('',*,*,#1767,.F.);
#2326=ORIENTED_EDGE('',*,*,#1768,.T.);
#2327=ORIENTED_EDGE('',*,*,#1769,.F.);
#2328=ORIENTED_EDGE('',*,*,#1770,.T.);
#2329=ORIENTED_EDGE('',*,*,#1771,.T.);
#2330=ORIENTED_EDGE('',*,*,#1772,.T.);
#2331=ORIENTED_EDGE('',*,*,#1773,.T.);
#2332=ORIENTED_EDGE('',*,*,#1774,.T.);
#2333=ORIENTED_EDGE('',*,*,#1775,.T.);
#2334=ORIENTED_EDGE('',*,*,#1776,.T.);
#2335=ORIENTED_EDGE('',*,*,#1777,.T.);
#2336=ORIENTED_EDGE('',*,*,#1778,.T.);
#2337=ORIENTED_EDGE('',*,*,#1779,.T.);
#2338=ORIENTED_EDGE('',*,*,#1780,.T.);
#2339=ORIENTED_EDGE('',*,*,#1781,.T.);
#2340=ORIENTED_EDGE('',*,*,#1782,.T.);
#2341=ORIENTED_EDGE('',*,*,#1783,.T.);
#2342=ORIENTED_EDGE('',*,*,#1784,.T.);
#2343=ORIENTED_EDGE('',*,*,#1785,.T.);
#2344=ORIENTED_EDGE('',*,*,#1786,.T.);
#2345=ORIENTED_EDGE('',*,*,#1787,.T.);
#2346=ORIENTED_EDGE('',*,*,#1763,.T.);
#2347=ORIENTED_EDGE('',*,*,#1765,.T.);
#2348=ORIENTED_EDGE('',*,*,#1769,.T.);
#2349=ORIENTED_EDGE('',*,*,#1788,.T.);
#2350=ORIENTED_EDGE('',*,*,#1789,.T.);
#2351=ORIENTED_EDGE('',*,*,#1767,.T.);
#2352=ORIENTED_EDGE('',*,*,#1790,.T.);
#2353=ORIENTED_EDGE('',*,*,#1791,.T.);
#2354=ORIENTED_EDGE('',*,*,#1792,.T.);
#2355=ORIENTED_EDGE('',*,*,#1793,.T.);
#2356=ORIENTED_EDGE('',*,*,#1794,.F.);
#2357=ORIENTED_EDGE('',*,*,#1795,.T.);
#2358=ORIENTED_EDGE('',*,*,#1796,.T.);
#2359=ORIENTED_EDGE('',*,*,#1797,.T.);
#2360=ORIENTED_EDGE('',*,*,#1790,.F.);
#2361=ORIENTED_EDGE('',*,*,#1766,.T.);
#2362=ORIENTED_EDGE('',*,*,#1798,.F.);
#2363=ORIENTED_EDGE('',*,*,#1799,.T.);
#2364=ORIENTED_EDGE('',*,*,#1756,.T.);
#2365=ORIENTED_EDGE('',*,*,#1799,.F.);
#2366=ORIENTED_EDGE('',*,*,#1800,.F.);
#2367=ORIENTED_EDGE('',*,*,#1801,.T.);
#2368=ORIENTED_EDGE('',*,*,#1788,.F.);
#2369=ORIENTED_EDGE('',*,*,#1768,.F.);
#2370=ORIENTED_EDGE('',*,*,#1789,.F.);
#2371=ORIENTED_EDGE('',*,*,#1801,.F.);
#2372=ORIENTED_EDGE('',*,*,#1800,.T.);
#2373=ORIENTED_EDGE('',*,*,#1798,.T.);
#2374=ORIENTED_EDGE('',*,*,#1802,.F.);
#2375=ORIENTED_EDGE('',*,*,#1803,.T.);
#2376=ORIENTED_EDGE('',*,*,#1757,.T.);
#2377=ORIENTED_EDGE('',*,*,#1803,.F.);
#2378=ORIENTED_EDGE('',*,*,#1804,.F.);
#2379=ORIENTED_EDGE('',*,*,#1805,.T.);
#2380=ORIENTED_EDGE('',*,*,#1787,.F.);
#2381=ORIENTED_EDGE('',*,*,#1805,.F.);
#2382=ORIENTED_EDGE('',*,*,#1804,.T.);
#2383=ORIENTED_EDGE('',*,*,#1802,.T.);
#2384=ORIENTED_EDGE('',*,*,#1806,.F.);
#2385=ORIENTED_EDGE('',*,*,#1807,.T.);
#2386=ORIENTED_EDGE('',*,*,#1758,.T.);
#2387=ORIENTED_EDGE('',*,*,#1807,.F.);
#2388=ORIENTED_EDGE('',*,*,#1808,.F.);
#2389=ORIENTED_EDGE('',*,*,#1809,.T.);
#2390=ORIENTED_EDGE('',*,*,#1770,.F.);
#2391=ORIENTED_EDGE('',*,*,#1809,.F.);
#2392=ORIENTED_EDGE('',*,*,#1808,.T.);
#2393=ORIENTED_EDGE('',*,*,#1806,.T.);
#2394=ORIENTED_EDGE('',*,*,#1810,.F.);
#2395=ORIENTED_EDGE('',*,*,#1811,.F.);
#2396=ORIENTED_EDGE('',*,*,#1812,.F.);
#2397=ORIENTED_EDGE('',*,*,#1813,.F.);
#2398=ORIENTED_EDGE('',*,*,#1814,.F.);
#2399=ORIENTED_EDGE('',*,*,#1815,.F.);
#2400=ORIENTED_EDGE('',*,*,#1816,.T.);
#2401=ORIENTED_EDGE('',*,*,#1817,.F.);
#2402=ORIENTED_EDGE('',*,*,#1818,.F.);
#2403=ORIENTED_EDGE('',*,*,#1819,.F.);
#2404=ORIENTED_EDGE('',*,*,#1816,.F.);
#2405=ORIENTED_EDGE('',*,*,#1820,.F.);
#2406=ORIENTED_EDGE('',*,*,#1812,.T.);
#2407=ORIENTED_EDGE('',*,*,#1821,.F.);
#2408=ORIENTED_EDGE('',*,*,#1822,.T.);
#2409=ORIENTED_EDGE('',*,*,#1823,.T.);
#2410=ORIENTED_EDGE('',*,*,#1824,.T.);
#2411=ORIENTED_EDGE('',*,*,#1825,.F.);
#2412=ORIENTED_EDGE('',*,*,#1826,.T.);
#2413=ORIENTED_EDGE('',*,*,#1827,.T.);
#2414=ORIENTED_EDGE('',*,*,#1828,.T.);
#2415=ORIENTED_EDGE('',*,*,#1829,.F.);
#2416=ORIENTED_EDGE('',*,*,#1830,.T.);
#2417=ORIENTED_EDGE('',*,*,#1831,.T.);
#2418=ORIENTED_EDGE('',*,*,#1832,.T.);
#2419=ORIENTED_EDGE('',*,*,#1833,.F.);
#2420=ORIENTED_EDGE('',*,*,#1834,.T.);
#2421=ORIENTED_EDGE('',*,*,#1835,.T.);
#2422=ORIENTED_EDGE('',*,*,#1836,.T.);
#2423=ORIENTED_EDGE('',*,*,#1837,.F.);
#2424=ORIENTED_EDGE('',*,*,#1838,.T.);
#2425=ORIENTED_EDGE('',*,*,#1839,.T.);
#2426=ORIENTED_EDGE('',*,*,#1840,.T.);
#2427=ORIENTED_EDGE('',*,*,#1841,.F.);
#2428=ORIENTED_EDGE('',*,*,#1813,.T.);
#2429=ORIENTED_EDGE('',*,*,#1842,.T.);
#2430=ORIENTED_EDGE('',*,*,#1843,.F.);
#2431=ORIENTED_EDGE('',*,*,#1844,.T.);
#2432=ORIENTED_EDGE('',*,*,#1845,.T.);
#2433=ORIENTED_EDGE('',*,*,#1846,.T.);
#2434=ORIENTED_EDGE('',*,*,#1847,.T.);
#2435=ORIENTED_EDGE('',*,*,#1848,.T.);
#2436=ORIENTED_EDGE('',*,*,#1849,.T.);
#2437=ORIENTED_EDGE('',*,*,#1850,.T.);
#2438=ORIENTED_EDGE('',*,*,#1851,.F.);
#2439=ORIENTED_EDGE('',*,*,#1842,.F.);
#2440=ORIENTED_EDGE('',*,*,#1811,.T.);
#2441=ORIENTED_EDGE('',*,*,#1852,.F.);
#2442=ORIENTED_EDGE('',*,*,#1853,.T.);
#2443=ORIENTED_EDGE('',*,*,#1825,.T.);
#2444=ORIENTED_EDGE('',*,*,#1854,.T.);
#2445=ORIENTED_EDGE('',*,*,#1855,.T.);
#2446=ORIENTED_EDGE('',*,*,#1856,.T.);
#2447=ORIENTED_EDGE('',*,*,#1821,.T.);
#2448=ORIENTED_EDGE('',*,*,#1810,.T.);
#2449=ORIENTED_EDGE('',*,*,#1857,.T.);
#2450=ORIENTED_EDGE('',*,*,#1858,.F.);
#2451=ORIENTED_EDGE('',*,*,#1859,.F.);
#2452=ORIENTED_EDGE('',*,*,#1857,.F.);
#2453=ORIENTED_EDGE('',*,*,#1820,.T.);
#2454=ORIENTED_EDGE('',*,*,#1815,.T.);
#2455=ORIENTED_EDGE('',*,*,#1860,.T.);
#2456=ORIENTED_EDGE('',*,*,#1861,.T.);
#2457=ORIENTED_EDGE('',*,*,#1862,.T.);
#2458=ORIENTED_EDGE('',*,*,#1863,.T.);
#2459=ORIENTED_EDGE('',*,*,#1864,.T.);
#2460=ORIENTED_EDGE('',*,*,#1865,.T.);
#2461=ORIENTED_EDGE('',*,*,#1866,.T.);
#2462=ORIENTED_EDGE('',*,*,#1867,.T.);
#2463=ORIENTED_EDGE('',*,*,#1868,.T.);
#2464=ORIENTED_EDGE('',*,*,#1869,.T.);
#2465=ORIENTED_EDGE('',*,*,#1870,.T.);
#2466=ORIENTED_EDGE('',*,*,#1871,.T.);
#2467=ORIENTED_EDGE('',*,*,#1852,.T.);
#2468=ORIENTED_EDGE('',*,*,#1818,.T.);
#2469=ORIENTED_EDGE('',*,*,#1872,.T.);
#2470=ORIENTED_EDGE('',*,*,#1873,.T.);
#2471=ORIENTED_EDGE('',*,*,#1874,.T.);
#2472=ORIENTED_EDGE('',*,*,#1875,.T.);
#2473=ORIENTED_EDGE('',*,*,#1876,.T.);
#2474=ORIENTED_EDGE('',*,*,#1877,.T.);
#2475=ORIENTED_EDGE('',*,*,#1878,.F.);
#2476=ORIENTED_EDGE('',*,*,#1877,.F.);
#2477=ORIENTED_EDGE('',*,*,#1879,.T.);
#2478=ORIENTED_EDGE('',*,*,#1880,.T.);
#2479=ORIENTED_EDGE('',*,*,#1881,.T.);
#2480=ORIENTED_EDGE('',*,*,#1882,.T.);
#2481=ORIENTED_EDGE('',*,*,#1872,.F.);
#2482=ORIENTED_EDGE('',*,*,#1817,.T.);
#2483=ORIENTED_EDGE('',*,*,#1819,.T.);
#2484=ORIENTED_EDGE('',*,*,#1883,.F.);
#2485=ORIENTED_EDGE('',*,*,#1884,.T.);
#2486=ORIENTED_EDGE('',*,*,#1883,.T.);
#2487=ORIENTED_EDGE('',*,*,#1885,.T.);
#2488=ORIENTED_EDGE('',*,*,#1886,.T.);
#2489=ORIENTED_EDGE('',*,*,#1887,.T.);
#2490=ORIENTED_EDGE('',*,*,#1888,.T.);
#2491=ORIENTED_EDGE('',*,*,#1889,.T.);
#2492=ORIENTED_EDGE('',*,*,#1890,.T.);
#2493=ORIENTED_EDGE('',*,*,#1891,.T.);
#2494=ORIENTED_EDGE('',*,*,#1892,.T.);
#2495=ORIENTED_EDGE('',*,*,#1893,.T.);
#2496=ORIENTED_EDGE('',*,*,#1894,.T.);
#2497=ORIENTED_EDGE('',*,*,#1895,.T.);
#2498=ORIENTED_EDGE('',*,*,#1896,.T.);
#2499=ORIENTED_EDGE('',*,*,#1897,.T.);
#2500=ORIENTED_EDGE('',*,*,#1898,.T.);
#2501=ORIENTED_EDGE('',*,*,#1899,.T.);
#2502=ORIENTED_EDGE('',*,*,#1900,.T.);
#2503=ORIENTED_EDGE('',*,*,#1901,.T.);
#2504=ORIENTED_EDGE('',*,*,#1902,.T.);
#2505=ORIENTED_EDGE('',*,*,#1903,.T.);
#2506=ORIENTED_EDGE('',*,*,#1904,.T.);
#2507=ORIENTED_EDGE('',*,*,#1904,.F.);
#2508=ORIENTED_EDGE('',*,*,#1905,.T.);
#2509=ORIENTED_EDGE('',*,*,#1866,.F.);
#2510=ORIENTED_EDGE('',*,*,#1906,.F.);
#2511=ORIENTED_EDGE('',*,*,#1903,.F.);
#2512=ORIENTED_EDGE('',*,*,#1907,.T.);
#2513=ORIENTED_EDGE('',*,*,#1830,.F.);
#2514=ORIENTED_EDGE('',*,*,#1908,.F.);
#2515=ORIENTED_EDGE('',*,*,#1867,.F.);
#2516=ORIENTED_EDGE('',*,*,#1905,.F.);
#2517=ORIENTED_EDGE('',*,*,#1901,.F.);
#2518=ORIENTED_EDGE('',*,*,#1906,.T.);
#2519=ORIENTED_EDGE('',*,*,#1865,.F.);
#2520=ORIENTED_EDGE('',*,*,#1909,.F.);
#2521=ORIENTED_EDGE('',*,*,#1832,.F.);
#2522=ORIENTED_EDGE('',*,*,#1910,.F.);
#2523=ORIENTED_EDGE('',*,*,#1902,.F.);
#2524=ORIENTED_EDGE('',*,*,#1910,.T.);
#2525=ORIENTED_EDGE('',*,*,#1831,.F.);
#2526=ORIENTED_EDGE('',*,*,#1907,.F.);
#2527=ORIENTED_EDGE('',*,*,#1900,.F.);
#2528=ORIENTED_EDGE('',*,*,#1911,.T.);
#2529=ORIENTED_EDGE('',*,*,#1870,.F.);
#2530=ORIENTED_EDGE('',*,*,#1912,.F.);
#2531=ORIENTED_EDGE('',*,*,#1899,.F.);
#2532=ORIENTED_EDGE('',*,*,#1913,.T.);
#2533=ORIENTED_EDGE('',*,*,#1826,.F.);
#2534=ORIENTED_EDGE('',*,*,#1853,.F.);
#2535=ORIENTED_EDGE('',*,*,#1871,.F.);
#2536=ORIENTED_EDGE('',*,*,#1911,.F.);
#2537=ORIENTED_EDGE('',*,*,#1897,.F.);
#2538=ORIENTED_EDGE('',*,*,#1912,.T.);
#2539=ORIENTED_EDGE('',*,*,#1869,.F.);
#2540=ORIENTED_EDGE('',*,*,#1914,.F.);
#2541=ORIENTED_EDGE('',*,*,#1828,.F.);
#2542=ORIENTED_EDGE('',*,*,#1915,.F.);
#2543=ORIENTED_EDGE('',*,*,#1898,.F.);
#2544=ORIENTED_EDGE('',*,*,#1915,.T.);
#2545=ORIENTED_EDGE('',*,*,#1827,.F.);
#2546=ORIENTED_EDGE('',*,*,#1913,.F.);
#2547=ORIENTED_EDGE('',*,*,#1896,.F.);
#2548=ORIENTED_EDGE('',*,*,#1916,.T.);
#2549=ORIENTED_EDGE('',*,*,#1862,.F.);
#2550=ORIENTED_EDGE('',*,*,#1917,.F.);
#2551=ORIENTED_EDGE('',*,*,#1895,.F.);
#2552=ORIENTED_EDGE('',*,*,#1918,.T.);
#2553=ORIENTED_EDGE('',*,*,#1834,.F.);
#2554=ORIENTED_EDGE('',*,*,#1919,.F.);
#2555=ORIENTED_EDGE('',*,*,#1863,.F.);
#2556=ORIENTED_EDGE('',*,*,#1916,.F.);
#2557=ORIENTED_EDGE('',*,*,#1893,.F.);
#2558=ORIENTED_EDGE('',*,*,#1917,.T.);
#2559=ORIENTED_EDGE('',*,*,#1861,.F.);
#2560=ORIENTED_EDGE('',*,*,#1920,.F.);
#2561=ORIENTED_EDGE('',*,*,#1836,.F.);
#2562=ORIENTED_EDGE('',*,*,#1921,.F.);
#2563=ORIENTED_EDGE('',*,*,#1894,.F.);
#2564=ORIENTED_EDGE('',*,*,#1921,.T.);
#2565=ORIENTED_EDGE('',*,*,#1835,.F.);
#2566=ORIENTED_EDGE('',*,*,#1918,.F.);
#2567=ORIENTED_EDGE('',*,*,#1892,.F.);
#2568=ORIENTED_EDGE('',*,*,#1922,.T.);
#2569=ORIENTED_EDGE('',*,*,#1855,.F.);
#2570=ORIENTED_EDGE('',*,*,#1923,.F.);
#2571=ORIENTED_EDGE('',*,*,#1891,.F.);
#2572=ORIENTED_EDGE('',*,*,#1924,.T.);
#2573=ORIENTED_EDGE('',*,*,#1822,.F.);
#2574=ORIENTED_EDGE('',*,*,#1856,.F.);
#2575=ORIENTED_EDGE('',*,*,#1922,.F.);
#2576=ORIENTED_EDGE('',*,*,#1889,.F.);
#2577=ORIENTED_EDGE('',*,*,#1923,.T.);
#2578=ORIENTED_EDGE('',*,*,#1854,.F.);
#2579=ORIENTED_EDGE('',*,*,#1824,.F.);
#2580=ORIENTED_EDGE('',*,*,#1925,.F.);
#2581=ORIENTED_EDGE('',*,*,#1890,.F.);
#2582=ORIENTED_EDGE('',*,*,#1925,.T.);
#2583=ORIENTED_EDGE('',*,*,#1823,.F.);
#2584=ORIENTED_EDGE('',*,*,#1924,.F.);
#2585=ORIENTED_EDGE('',*,*,#1888,.F.);
#2586=ORIENTED_EDGE('',*,*,#1926,.T.);
#2587=ORIENTED_EDGE('',*,*,#1927,.F.);
#2588=ORIENTED_EDGE('',*,*,#1928,.F.);
#2589=ORIENTED_EDGE('',*,*,#1887,.F.);
#2590=ORIENTED_EDGE('',*,*,#1929,.T.);
#2591=ORIENTED_EDGE('',*,*,#1838,.F.);
#2592=ORIENTED_EDGE('',*,*,#1930,.F.);
#2593=ORIENTED_EDGE('',*,*,#1926,.F.);
#2594=ORIENTED_EDGE('',*,*,#1885,.F.);
#2595=ORIENTED_EDGE('',*,*,#1928,.T.);
#2596=ORIENTED_EDGE('',*,*,#1931,.F.);
#2597=ORIENTED_EDGE('',*,*,#1840,.F.);
#2598=ORIENTED_EDGE('',*,*,#1932,.F.);
#2599=ORIENTED_EDGE('',*,*,#1886,.F.);
#2600=ORIENTED_EDGE('',*,*,#1932,.T.);
#2601=ORIENTED_EDGE('',*,*,#1839,.F.);
#2602=ORIENTED_EDGE('',*,*,#1929,.F.);
#2603=ORIENTED_EDGE('',*,*,#1814,.T.);
#2604=ORIENTED_EDGE('',*,*,#1841,.T.);
#2605=ORIENTED_EDGE('',*,*,#1931,.T.);
#2606=ORIENTED_EDGE('',*,*,#1927,.T.);
#2607=ORIENTED_EDGE('',*,*,#1930,.T.);
#2608=ORIENTED_EDGE('',*,*,#1837,.T.);
#2609=ORIENTED_EDGE('',*,*,#1920,.T.);
#2610=ORIENTED_EDGE('',*,*,#1860,.F.);
#2611=ORIENTED_EDGE('',*,*,#1908,.T.);
#2612=ORIENTED_EDGE('',*,*,#1829,.T.);
#2613=ORIENTED_EDGE('',*,*,#1914,.T.);
#2614=ORIENTED_EDGE('',*,*,#1868,.F.);
#2615=ORIENTED_EDGE('',*,*,#1771,.F.);
#2616=ORIENTED_EDGE('',*,*,#1933,.T.);
#2617=ORIENTED_EDGE('',*,*,#1934,.F.);
#2618=ORIENTED_EDGE('',*,*,#1935,.F.);
#2619=ORIENTED_EDGE('',*,*,#1772,.F.);
#2620=ORIENTED_EDGE('',*,*,#1935,.T.);
#2621=ORIENTED_EDGE('',*,*,#1936,.F.);
#2622=ORIENTED_EDGE('',*,*,#1937,.F.);
#2623=ORIENTED_EDGE('',*,*,#1773,.F.);
#2624=ORIENTED_EDGE('',*,*,#1937,.T.);
#2625=ORIENTED_EDGE('',*,*,#1938,.F.);
#2626=ORIENTED_EDGE('',*,*,#1939,.F.);
#2627=ORIENTED_EDGE('',*,*,#1774,.F.);
#2628=ORIENTED_EDGE('',*,*,#1939,.T.);
#2629=ORIENTED_EDGE('',*,*,#1940,.F.);
#2630=ORIENTED_EDGE('',*,*,#1941,.F.);
#2631=ORIENTED_EDGE('',*,*,#1775,.F.);
#2632=ORIENTED_EDGE('',*,*,#1941,.T.);
#2633=ORIENTED_EDGE('',*,*,#1942,.F.);
#2634=ORIENTED_EDGE('',*,*,#1943,.F.);
#2635=ORIENTED_EDGE('',*,*,#1776,.F.);
#2636=ORIENTED_EDGE('',*,*,#1943,.T.);
#2637=ORIENTED_EDGE('',*,*,#1944,.F.);
#2638=ORIENTED_EDGE('',*,*,#1945,.F.);
#2639=ORIENTED_EDGE('',*,*,#1777,.F.);
#2640=ORIENTED_EDGE('',*,*,#1945,.T.);
#2641=ORIENTED_EDGE('',*,*,#1946,.F.);
#2642=ORIENTED_EDGE('',*,*,#1947,.F.);
#2643=ORIENTED_EDGE('',*,*,#1778,.F.);
#2644=ORIENTED_EDGE('',*,*,#1947,.T.);
#2645=ORIENTED_EDGE('',*,*,#1948,.F.);
#2646=ORIENTED_EDGE('',*,*,#1933,.F.);
#2647=ORIENTED_EDGE('',*,*,#1948,.T.);
#2648=ORIENTED_EDGE('',*,*,#1946,.T.);
#2649=ORIENTED_EDGE('',*,*,#1944,.T.);
#2650=ORIENTED_EDGE('',*,*,#1942,.T.);
#2651=ORIENTED_EDGE('',*,*,#1940,.T.);
#2652=ORIENTED_EDGE('',*,*,#1938,.T.);
#2653=ORIENTED_EDGE('',*,*,#1936,.T.);
#2654=ORIENTED_EDGE('',*,*,#1934,.T.);
#2655=ORIENTED_EDGE('',*,*,#1949,.F.);
#2656=ORIENTED_EDGE('',*,*,#1950,.T.);
#2657=ORIENTED_EDGE('',*,*,#1951,.T.);
#2658=ORIENTED_EDGE('',*,*,#1851,.T.);
#2659=ORIENTED_EDGE('',*,*,#1952,.T.);
#2660=ORIENTED_EDGE('',*,*,#1953,.F.);
#2661=ORIENTED_EDGE('',*,*,#1843,.T.);
#2662=ORIENTED_EDGE('',*,*,#1951,.F.);
#2663=ORIENTED_EDGE('',*,*,#1954,.T.);
#2664=ORIENTED_EDGE('',*,*,#1955,.T.);
#2665=ORIENTED_EDGE('',*,*,#1954,.F.);
#2666=ORIENTED_EDGE('',*,*,#1950,.F.);
#2667=ORIENTED_EDGE('',*,*,#1956,.F.);
#2668=ORIENTED_EDGE('',*,*,#1880,.F.);
#2669=ORIENTED_EDGE('',*,*,#1957,.T.);
#2670=ORIENTED_EDGE('',*,*,#1958,.F.);
#2671=ORIENTED_EDGE('',*,*,#1879,.F.);
#2672=ORIENTED_EDGE('',*,*,#1876,.F.);
#2673=ORIENTED_EDGE('',*,*,#1959,.T.);
#2674=ORIENTED_EDGE('',*,*,#1960,.F.);
#2675=ORIENTED_EDGE('',*,*,#1957,.F.);
#2676=ORIENTED_EDGE('',*,*,#1875,.F.);
#2677=ORIENTED_EDGE('',*,*,#1961,.F.);
#2678=ORIENTED_EDGE('',*,*,#1959,.F.);
#2679=ORIENTED_EDGE('',*,*,#1849,.F.);
#2680=ORIENTED_EDGE('',*,*,#1962,.F.);
#2681=ORIENTED_EDGE('',*,*,#1952,.F.);
#2682=ORIENTED_EDGE('',*,*,#1850,.F.);
#2683=ORIENTED_EDGE('',*,*,#1963,.T.);
#2684=ORIENTED_EDGE('',*,*,#1964,.T.);
#2685=ORIENTED_EDGE('',*,*,#1965,.F.);
#2686=ORIENTED_EDGE('',*,*,#1966,.F.);
#2687=ORIENTED_EDGE('',*,*,#1967,.T.);
#2688=ORIENTED_EDGE('',*,*,#1966,.T.);
#2689=ORIENTED_EDGE('',*,*,#1968,.F.);
#2690=ORIENTED_EDGE('',*,*,#1969,.F.);
#2691=ORIENTED_EDGE('',*,*,#1970,.T.);
#2692=ORIENTED_EDGE('',*,*,#1969,.T.);
#2693=ORIENTED_EDGE('',*,*,#1971,.F.);
#2694=ORIENTED_EDGE('',*,*,#1972,.F.);
#2695=ORIENTED_EDGE('',*,*,#1973,.T.);
#2696=ORIENTED_EDGE('',*,*,#1972,.T.);
#2697=ORIENTED_EDGE('',*,*,#1974,.F.);
#2698=ORIENTED_EDGE('',*,*,#1975,.F.);
#2699=ORIENTED_EDGE('',*,*,#1976,.T.);
#2700=ORIENTED_EDGE('',*,*,#1975,.T.);
#2701=ORIENTED_EDGE('',*,*,#1977,.F.);
#2702=ORIENTED_EDGE('',*,*,#1978,.F.);
#2703=ORIENTED_EDGE('',*,*,#1979,.T.);
#2704=ORIENTED_EDGE('',*,*,#1978,.T.);
#2705=ORIENTED_EDGE('',*,*,#1980,.F.);
#2706=ORIENTED_EDGE('',*,*,#1981,.F.);
#2707=ORIENTED_EDGE('',*,*,#1982,.T.);
#2708=ORIENTED_EDGE('',*,*,#1981,.T.);
#2709=ORIENTED_EDGE('',*,*,#1983,.F.);
#2710=ORIENTED_EDGE('',*,*,#1984,.F.);
#2711=ORIENTED_EDGE('',*,*,#1985,.T.);
#2712=ORIENTED_EDGE('',*,*,#1984,.T.);
#2713=ORIENTED_EDGE('',*,*,#1986,.F.);
#2714=ORIENTED_EDGE('',*,*,#1964,.F.);
#2715=ORIENTED_EDGE('',*,*,#1845,.F.);
#2716=ORIENTED_EDGE('',*,*,#1844,.F.);
#2717=ORIENTED_EDGE('',*,*,#1953,.T.);
#2718=ORIENTED_EDGE('',*,*,#1987,.T.);
#2719=ORIENTED_EDGE('',*,*,#1960,.T.);
#2720=ORIENTED_EDGE('',*,*,#1961,.T.);
#2721=ORIENTED_EDGE('',*,*,#1988,.F.);
#2722=ORIENTED_EDGE('',*,*,#1989,.F.);
#2723=ORIENTED_EDGE('',*,*,#1990,.F.);
#2724=ORIENTED_EDGE('',*,*,#1958,.T.);
#2725=ORIENTED_EDGE('',*,*,#1986,.T.);
#2726=ORIENTED_EDGE('',*,*,#1983,.T.);
#2727=ORIENTED_EDGE('',*,*,#1980,.T.);
#2728=ORIENTED_EDGE('',*,*,#1977,.T.);
#2729=ORIENTED_EDGE('',*,*,#1974,.T.);
#2730=ORIENTED_EDGE('',*,*,#1971,.T.);
#2731=ORIENTED_EDGE('',*,*,#1968,.T.);
#2732=ORIENTED_EDGE('',*,*,#1965,.T.);
#2733=ORIENTED_EDGE('',*,*,#1991,.F.);
#2734=ORIENTED_EDGE('',*,*,#1992,.F.);
#2735=ORIENTED_EDGE('',*,*,#1987,.F.);
#2736=ORIENTED_EDGE('',*,*,#1955,.F.);
#2737=ORIENTED_EDGE('',*,*,#1956,.T.);
#2738=ORIENTED_EDGE('',*,*,#1949,.T.);
#2739=ORIENTED_EDGE('',*,*,#1962,.T.);
#2740=ORIENTED_EDGE('',*,*,#1993,.F.);
#2741=ORIENTED_EDGE('',*,*,#1985,.F.);
#2742=ORIENTED_EDGE('',*,*,#1963,.F.);
#2743=ORIENTED_EDGE('',*,*,#1967,.F.);
#2744=ORIENTED_EDGE('',*,*,#1970,.F.);
#2745=ORIENTED_EDGE('',*,*,#1973,.F.);
#2746=ORIENTED_EDGE('',*,*,#1976,.F.);
#2747=ORIENTED_EDGE('',*,*,#1979,.F.);
#2748=ORIENTED_EDGE('',*,*,#1982,.F.);
#2749=ORIENTED_EDGE('',*,*,#1989,.T.);
#2750=ORIENTED_EDGE('',*,*,#1994,.T.);
#2751=ORIENTED_EDGE('',*,*,#1873,.F.);
#2752=ORIENTED_EDGE('',*,*,#1882,.F.);
#2753=ORIENTED_EDGE('',*,*,#1995,.F.);
#2754=ORIENTED_EDGE('',*,*,#1992,.T.);
#2755=ORIENTED_EDGE('',*,*,#1996,.T.);
#2756=ORIENTED_EDGE('',*,*,#1796,.F.);
#2757=ORIENTED_EDGE('',*,*,#1795,.F.);
#2758=ORIENTED_EDGE('',*,*,#1997,.F.);
#2759=ORIENTED_EDGE('',*,*,#1846,.F.);
#2760=ORIENTED_EDGE('',*,*,#1991,.T.);
#2761=ORIENTED_EDGE('',*,*,#1998,.T.);
#2762=ORIENTED_EDGE('',*,*,#1791,.F.);
#2763=ORIENTED_EDGE('',*,*,#1797,.F.);
#2764=ORIENTED_EDGE('',*,*,#1996,.F.);
#2765=ORIENTED_EDGE('',*,*,#1993,.T.);
#2766=ORIENTED_EDGE('',*,*,#1848,.F.);
#2767=ORIENTED_EDGE('',*,*,#1999,.F.);
#2768=ORIENTED_EDGE('',*,*,#1793,.F.);
#2769=ORIENTED_EDGE('',*,*,#1792,.F.);
#2770=ORIENTED_EDGE('',*,*,#1998,.F.);
#2771=ORIENTED_EDGE('',*,*,#1988,.T.);
#2772=ORIENTED_EDGE('',*,*,#1874,.F.);
#2773=ORIENTED_EDGE('',*,*,#1994,.F.);
#2774=ORIENTED_EDGE('',*,*,#1990,.T.);
#2775=ORIENTED_EDGE('',*,*,#1995,.T.);
#2776=ORIENTED_EDGE('',*,*,#1881,.F.);
#2777=ORIENTED_EDGE('',*,*,#2000,.F.);
#2778=ORIENTED_EDGE('',*,*,#2001,.F.);
#2779=ORIENTED_EDGE('',*,*,#2002,.F.);
#2780=ORIENTED_EDGE('',*,*,#2003,.F.);
#2781=ORIENTED_EDGE('',*,*,#2001,.T.);
#2782=ORIENTED_EDGE('',*,*,#2004,.T.);
#2783=ORIENTED_EDGE('',*,*,#2005,.F.);
#2784=ORIENTED_EDGE('',*,*,#2006,.T.);
#2785=ORIENTED_EDGE('',*,*,#2007,.T.);
#2786=ORIENTED_EDGE('',*,*,#2008,.T.);
#2787=ORIENTED_EDGE('',*,*,#2009,.T.);
#2788=ORIENTED_EDGE('',*,*,#2000,.T.);
#2789=ORIENTED_EDGE('',*,*,#2010,.F.);
#2790=ORIENTED_EDGE('',*,*,#2011,.F.);
#2791=ORIENTED_EDGE('',*,*,#2012,.F.);
#2792=ORIENTED_EDGE('',*,*,#2004,.F.);
#2793=ORIENTED_EDGE('',*,*,#2013,.T.);
#2794=ORIENTED_EDGE('',*,*,#2002,.T.);
#2795=ORIENTED_EDGE('',*,*,#2009,.F.);
#2796=ORIENTED_EDGE('',*,*,#2014,.F.);
#2797=ORIENTED_EDGE('',*,*,#2015,.T.);
#2798=ORIENTED_EDGE('',*,*,#2014,.T.);
#2799=ORIENTED_EDGE('',*,*,#2008,.F.);
#2800=ORIENTED_EDGE('',*,*,#2016,.F.);
#2801=ORIENTED_EDGE('',*,*,#2017,.T.);
#2802=ORIENTED_EDGE('',*,*,#2016,.T.);
#2803=ORIENTED_EDGE('',*,*,#2007,.F.);
#2804=ORIENTED_EDGE('',*,*,#2018,.F.);
#2805=ORIENTED_EDGE('',*,*,#2018,.T.);
#2806=ORIENTED_EDGE('',*,*,#2006,.F.);
#2807=ORIENTED_EDGE('',*,*,#2019,.F.);
#2808=ORIENTED_EDGE('',*,*,#2020,.F.);
#2809=ORIENTED_EDGE('',*,*,#2021,.F.);
#2810=ORIENTED_EDGE('',*,*,#2003,.T.);
#2811=ORIENTED_EDGE('',*,*,#2013,.F.);
#2812=ORIENTED_EDGE('',*,*,#2015,.F.);
#2813=ORIENTED_EDGE('',*,*,#2017,.F.);
#2814=ORIENTED_EDGE('',*,*,#2021,.T.);
#2815=ORIENTED_EDGE('',*,*,#2022,.T.);
#2816=ORIENTED_EDGE('',*,*,#2010,.T.);
#2817=ORIENTED_EDGE('',*,*,#2020,.T.);
#2818=ORIENTED_EDGE('',*,*,#2023,.F.);
#2819=ORIENTED_EDGE('',*,*,#2024,.T.);
#2820=ORIENTED_EDGE('',*,*,#2025,.T.);
#2821=ORIENTED_EDGE('',*,*,#2019,.T.);
#2822=ORIENTED_EDGE('',*,*,#2026,.F.);
#2823=ORIENTED_EDGE('',*,*,#2027,.T.);
#2824=ORIENTED_EDGE('',*,*,#2023,.T.);
#2825=ORIENTED_EDGE('',*,*,#2028,.F.);
#2826=ORIENTED_EDGE('',*,*,#2029,.F.);
#2827=ORIENTED_EDGE('',*,*,#2030,.F.);
#2828=ORIENTED_EDGE('',*,*,#2031,.F.);
#2829=ORIENTED_EDGE('',*,*,#2032,.T.);
#2830=ORIENTED_EDGE('',*,*,#2033,.T.);
#2831=ORIENTED_EDGE('',*,*,#2034,.T.);
#2832=ORIENTED_EDGE('',*,*,#2035,.F.);
#2833=ORIENTED_EDGE('',*,*,#2036,.F.);
#2834=ORIENTED_EDGE('',*,*,#2037,.F.);
#2835=ORIENTED_EDGE('',*,*,#2031,.T.);
#2836=ORIENTED_EDGE('',*,*,#2028,.T.);
#2837=ORIENTED_EDGE('',*,*,#2038,.T.);
#2838=ORIENTED_EDGE('',*,*,#2039,.T.);
#2839=ORIENTED_EDGE('',*,*,#2040,.T.);
#2840=ORIENTED_EDGE('',*,*,#2041,.T.);
#2841=ORIENTED_EDGE('',*,*,#2042,.F.);
#2842=ORIENTED_EDGE('',*,*,#2037,.T.);
#2843=ORIENTED_EDGE('',*,*,#2043,.T.);
#2844=ORIENTED_EDGE('',*,*,#2038,.F.);
#2845=ORIENTED_EDGE('',*,*,#2032,.F.);
#2846=ORIENTED_EDGE('',*,*,#2036,.T.);
#2847=ORIENTED_EDGE('',*,*,#2044,.T.);
#2848=ORIENTED_EDGE('',*,*,#2039,.F.);
#2849=ORIENTED_EDGE('',*,*,#2043,.F.);
#2850=ORIENTED_EDGE('',*,*,#2035,.T.);
#2851=ORIENTED_EDGE('',*,*,#2045,.T.);
#2852=ORIENTED_EDGE('',*,*,#2040,.F.);
#2853=ORIENTED_EDGE('',*,*,#2044,.F.);
#2854=ORIENTED_EDGE('',*,*,#2045,.F.);
#2855=ORIENTED_EDGE('',*,*,#2034,.F.);
#2856=ORIENTED_EDGE('',*,*,#2024,.F.);
#2857=ORIENTED_EDGE('',*,*,#2027,.F.);
#2858=ORIENTED_EDGE('',*,*,#2041,.F.);
#2859=ORIENTED_EDGE('',*,*,#2030,.T.);
#2860=ORIENTED_EDGE('',*,*,#2046,.F.);
#2861=ORIENTED_EDGE('',*,*,#2047,.T.);
#2862=ORIENTED_EDGE('',*,*,#2048,.T.);
#2863=ORIENTED_EDGE('',*,*,#2029,.T.);
#2864=ORIENTED_EDGE('',*,*,#2049,.F.);
#2865=ORIENTED_EDGE('',*,*,#2050,.T.);
#2866=ORIENTED_EDGE('',*,*,#2046,.T.);
#2867=ORIENTED_EDGE('',*,*,#2051,.T.);
#2868=ORIENTED_EDGE('',*,*,#2052,.T.);
#2869=ORIENTED_EDGE('',*,*,#2053,.F.);
#2870=ORIENTED_EDGE('',*,*,#2054,.F.);
#2871=ORIENTED_EDGE('',*,*,#2055,.F.);
#2872=ORIENTED_EDGE('',*,*,#2056,.T.);
#2873=ORIENTED_EDGE('',*,*,#2050,.F.);
#2874=ORIENTED_EDGE('',*,*,#2057,.F.);
#2875=ORIENTED_EDGE('',*,*,#2058,.F.);
#2876=ORIENTED_EDGE('',*,*,#2052,.F.);
#2877=ORIENTED_EDGE('',*,*,#2047,.F.);
#2878=ORIENTED_EDGE('',*,*,#2057,.T.);
#2879=ORIENTED_EDGE('',*,*,#2059,.F.);
#2880=ORIENTED_EDGE('',*,*,#2060,.T.);
#2881=ORIENTED_EDGE('',*,*,#2061,.T.);
#2882=ORIENTED_EDGE('',*,*,#2062,.T.);
#2883=ORIENTED_EDGE('',*,*,#2063,.T.);
#2884=ORIENTED_EDGE('',*,*,#2064,.T.);
#2885=ORIENTED_EDGE('',*,*,#2060,.F.);
#2886=ORIENTED_EDGE('',*,*,#2065,.F.);
#2887=ORIENTED_EDGE('',*,*,#2066,.F.);
#2888=ORIENTED_EDGE('',*,*,#2056,.F.);
#2889=ORIENTED_EDGE('',*,*,#2053,.T.);
#2890=ORIENTED_EDGE('',*,*,#2058,.T.);
#2891=ORIENTED_EDGE('',*,*,#2063,.F.);
#2892=ORIENTED_EDGE('',*,*,#2067,.F.);
#2893=ORIENTED_EDGE('',*,*,#2054,.T.);
#2894=ORIENTED_EDGE('',*,*,#2067,.T.);
#2895=ORIENTED_EDGE('',*,*,#2062,.F.);
#2896=ORIENTED_EDGE('',*,*,#2068,.F.);
#2897=ORIENTED_EDGE('',*,*,#2055,.T.);
#2898=ORIENTED_EDGE('',*,*,#2068,.T.);
#2899=ORIENTED_EDGE('',*,*,#2061,.F.);
#2900=ORIENTED_EDGE('',*,*,#2064,.F.);
#2901=ORIENTED_EDGE('',*,*,#2012,.T.);
#2902=ORIENTED_EDGE('',*,*,#2069,.T.);
#2903=ORIENTED_EDGE('',*,*,#2070,.T.);
#2904=ORIENTED_EDGE('',*,*,#2071,.F.);
#2905=ORIENTED_EDGE('',*,*,#2011,.T.);
#2906=ORIENTED_EDGE('',*,*,#2072,.T.);
#2907=ORIENTED_EDGE('',*,*,#2073,.T.);
#2908=ORIENTED_EDGE('',*,*,#2069,.F.);
#2909=ORIENTED_EDGE('',*,*,#2074,.T.);
#2910=ORIENTED_EDGE('',*,*,#2075,.T.);
#2911=ORIENTED_EDGE('',*,*,#2076,.F.);
#2912=ORIENTED_EDGE('',*,*,#2077,.F.);
#2913=ORIENTED_EDGE('',*,*,#2078,.F.);
#2914=ORIENTED_EDGE('',*,*,#2079,.T.);
#2915=ORIENTED_EDGE('',*,*,#2079,.F.);
#2916=ORIENTED_EDGE('',*,*,#2080,.F.);
#2917=ORIENTED_EDGE('',*,*,#2081,.F.);
#2918=ORIENTED_EDGE('',*,*,#2070,.F.);
#2919=ORIENTED_EDGE('',*,*,#2073,.F.);
#2920=ORIENTED_EDGE('',*,*,#2080,.T.);
#2921=ORIENTED_EDGE('',*,*,#2078,.T.);
#2922=ORIENTED_EDGE('',*,*,#2082,.T.);
#2923=ORIENTED_EDGE('',*,*,#2083,.F.);
#2924=ORIENTED_EDGE('',*,*,#2081,.T.);
#2925=ORIENTED_EDGE('',*,*,#2083,.T.);
#2926=ORIENTED_EDGE('',*,*,#2084,.T.);
#2927=ORIENTED_EDGE('',*,*,#2085,.T.);
#2928=ORIENTED_EDGE('',*,*,#2086,.T.);
#2929=ORIENTED_EDGE('',*,*,#2087,.F.);
#2930=ORIENTED_EDGE('',*,*,#2088,.F.);
#2931=ORIENTED_EDGE('',*,*,#2075,.F.);
#2932=ORIENTED_EDGE('',*,*,#2089,.F.);
#2933=ORIENTED_EDGE('',*,*,#2090,.F.);
#2934=ORIENTED_EDGE('',*,*,#2086,.F.);
#2935=ORIENTED_EDGE('',*,*,#2077,.T.);
#2936=ORIENTED_EDGE('',*,*,#2091,.T.);
#2937=ORIENTED_EDGE('',*,*,#2084,.F.);
#2938=ORIENTED_EDGE('',*,*,#2082,.F.);
#2939=ORIENTED_EDGE('',*,*,#2076,.T.);
#2940=ORIENTED_EDGE('',*,*,#2088,.T.);
#2941=ORIENTED_EDGE('',*,*,#2085,.F.);
#2942=ORIENTED_EDGE('',*,*,#2091,.F.);
#2943=ORIENTED_EDGE('',*,*,#2092,.F.);
#2944=ORIENTED_EDGE('',*,*,#2093,.F.);
#2945=ORIENTED_EDGE('',*,*,#2094,.F.);
#2946=ORIENTED_EDGE('',*,*,#2095,.F.);
#2947=ORIENTED_EDGE('',*,*,#2096,.F.);
#2948=ORIENTED_EDGE('',*,*,#2097,.T.);
#2949=ORIENTED_EDGE('',*,*,#2092,.T.);
#2950=ORIENTED_EDGE('',*,*,#2097,.F.);
#2951=ORIENTED_EDGE('',*,*,#2098,.F.);
#2952=ORIENTED_EDGE('',*,*,#2099,.T.);
#2953=ORIENTED_EDGE('',*,*,#1786,.F.);
#2954=ORIENTED_EDGE('',*,*,#2099,.F.);
#2955=ORIENTED_EDGE('',*,*,#2098,.T.);
#2956=ORIENTED_EDGE('',*,*,#2096,.T.);
#2957=ORIENTED_EDGE('',*,*,#2100,.F.);
#2958=ORIENTED_EDGE('',*,*,#2101,.T.);
#2959=ORIENTED_EDGE('',*,*,#2094,.T.);
#2960=ORIENTED_EDGE('',*,*,#2101,.F.);
#2961=ORIENTED_EDGE('',*,*,#2102,.F.);
#2962=ORIENTED_EDGE('',*,*,#2103,.T.);
#2963=ORIENTED_EDGE('',*,*,#1779,.F.);
#2964=ORIENTED_EDGE('',*,*,#2103,.F.);
#2965=ORIENTED_EDGE('',*,*,#2102,.T.);
#2966=ORIENTED_EDGE('',*,*,#2100,.T.);
#2967=ORIENTED_EDGE('',*,*,#2104,.F.);
#2968=ORIENTED_EDGE('',*,*,#2105,.T.);
#2969=ORIENTED_EDGE('',*,*,#2093,.T.);
#2970=ORIENTED_EDGE('',*,*,#2105,.F.);
#2971=ORIENTED_EDGE('',*,*,#2106,.F.);
#2972=ORIENTED_EDGE('',*,*,#2107,.T.);
#2973=ORIENTED_EDGE('',*,*,#1785,.F.);
#2974=ORIENTED_EDGE('',*,*,#2107,.F.);
#2975=ORIENTED_EDGE('',*,*,#2106,.T.);
#2976=ORIENTED_EDGE('',*,*,#2104,.T.);
#2977=ORIENTED_EDGE('',*,*,#2108,.F.);
#2978=ORIENTED_EDGE('',*,*,#2109,.T.);
#2979=ORIENTED_EDGE('',*,*,#2095,.T.);
#2980=ORIENTED_EDGE('',*,*,#2109,.F.);
#2981=ORIENTED_EDGE('',*,*,#2110,.F.);
#2982=ORIENTED_EDGE('',*,*,#2111,.T.);
#2983=ORIENTED_EDGE('',*,*,#1780,.F.);
#2984=ORIENTED_EDGE('',*,*,#2111,.F.);
#2985=ORIENTED_EDGE('',*,*,#2110,.T.);
#2986=ORIENTED_EDGE('',*,*,#2108,.T.);
#2987=ORIENTED_EDGE('',*,*,#1781,.F.);
#2988=ORIENTED_EDGE('',*,*,#2112,.T.);
#2989=ORIENTED_EDGE('',*,*,#2113,.T.);
#2990=ORIENTED_EDGE('',*,*,#2112,.F.);
#2991=ORIENTED_EDGE('',*,*,#2113,.F.);
#2992=ORIENTED_EDGE('',*,*,#2114,.F.);
#2993=ORIENTED_EDGE('',*,*,#1782,.F.);
#2994=ORIENTED_EDGE('',*,*,#2115,.T.);
#2995=ORIENTED_EDGE('',*,*,#2116,.T.);
#2996=ORIENTED_EDGE('',*,*,#2115,.F.);
#2997=ORIENTED_EDGE('',*,*,#2116,.F.);
#2998=ORIENTED_EDGE('',*,*,#2117,.F.);
#2999=ORIENTED_EDGE('',*,*,#1783,.F.);
#3000=ORIENTED_EDGE('',*,*,#2118,.T.);
#3001=ORIENTED_EDGE('',*,*,#2119,.T.);
#3002=ORIENTED_EDGE('',*,*,#2118,.F.);
#3003=ORIENTED_EDGE('',*,*,#2119,.F.);
#3004=ORIENTED_EDGE('',*,*,#2120,.F.);
#3005=ORIENTED_EDGE('',*,*,#1784,.F.);
#3006=ORIENTED_EDGE('',*,*,#2121,.T.);
#3007=ORIENTED_EDGE('',*,*,#2122,.T.);
#3008=ORIENTED_EDGE('',*,*,#2121,.F.);
#3009=ORIENTED_EDGE('',*,*,#2122,.F.);
#3010=ORIENTED_EDGE('',*,*,#2123,.F.);
#3011=ORIENTED_EDGE('',*,*,#2117,.T.);
#3012=ORIENTED_EDGE('',*,*,#2124,.T.);
#3013=ORIENTED_EDGE('',*,*,#2125,.F.);
#3014=ORIENTED_EDGE('',*,*,#2124,.F.);
#3015=ORIENTED_EDGE('',*,*,#2123,.T.);
#3016=ORIENTED_EDGE('',*,*,#2126,.T.);
#3017=ORIENTED_EDGE('',*,*,#2127,.F.);
#3018=ORIENTED_EDGE('',*,*,#2126,.F.);
#3019=ORIENTED_EDGE('',*,*,#2114,.T.);
#3020=ORIENTED_EDGE('',*,*,#2128,.T.);
#3021=ORIENTED_EDGE('',*,*,#2129,.F.);
#3022=ORIENTED_EDGE('',*,*,#2128,.F.);
#3023=ORIENTED_EDGE('',*,*,#2120,.T.);
#3024=ORIENTED_EDGE('',*,*,#2130,.T.);
#3025=ORIENTED_EDGE('',*,*,#2131,.F.);
#3026=ORIENTED_EDGE('',*,*,#2130,.F.);
#3027=ORIENTED_EDGE('',*,*,#2132,.F.);
#3028=ORIENTED_EDGE('',*,*,#2133,.F.);
#3029=ORIENTED_EDGE('',*,*,#2134,.F.);
#3030=ORIENTED_EDGE('',*,*,#2135,.T.);
#3031=ORIENTED_EDGE('',*,*,#2136,.F.);
#3032=ORIENTED_EDGE('',*,*,#2137,.F.);
#3033=ORIENTED_EDGE('',*,*,#2138,.F.);
#3034=ORIENTED_EDGE('',*,*,#2135,.F.);
#3035=ORIENTED_EDGE('',*,*,#2139,.F.);
#3036=ORIENTED_EDGE('',*,*,#2140,.F.);
#3037=ORIENTED_EDGE('',*,*,#2141,.F.);
#3038=ORIENTED_EDGE('',*,*,#2142,.F.);
#3039=ORIENTED_EDGE('',*,*,#2143,.F.);
#3040=ORIENTED_EDGE('',*,*,#2144,.F.);
#3041=ORIENTED_EDGE('',*,*,#2145,.F.);
#3042=ORIENTED_EDGE('',*,*,#2146,.T.);
#3043=ORIENTED_EDGE('',*,*,#2147,.F.);
#3044=ORIENTED_EDGE('',*,*,#2148,.F.);
#3045=ORIENTED_EDGE('',*,*,#2149,.F.);
#3046=ORIENTED_EDGE('',*,*,#2150,.F.);
#3047=ORIENTED_EDGE('',*,*,#2151,.F.);
#3048=ORIENTED_EDGE('',*,*,#2152,.F.);
#3049=ORIENTED_EDGE('',*,*,#2153,.F.);
#3050=ORIENTED_EDGE('',*,*,#2154,.F.);
#3051=ORIENTED_EDGE('',*,*,#2155,.F.);
#3052=ORIENTED_EDGE('',*,*,#2156,.T.);
#3053=ORIENTED_EDGE('',*,*,#2157,.F.);
#3054=ORIENTED_EDGE('',*,*,#2158,.F.);
#3055=ORIENTED_EDGE('',*,*,#2159,.F.);
#3056=ORIENTED_EDGE('',*,*,#2160,.F.);
#3057=ORIENTED_EDGE('',*,*,#2161,.F.);
#3058=ORIENTED_EDGE('',*,*,#2154,.T.);
#3059=ORIENTED_EDGE('',*,*,#2162,.F.);
#3060=ORIENTED_EDGE('',*,*,#2163,.F.);
#3061=ORIENTED_EDGE('',*,*,#2164,.F.);
#3062=ORIENTED_EDGE('',*,*,#2165,.T.);
#3063=ORIENTED_EDGE('',*,*,#2166,.F.);
#3064=ORIENTED_EDGE('',*,*,#2165,.F.);
#3065=ORIENTED_EDGE('',*,*,#2167,.F.);
#3066=ORIENTED_EDGE('',*,*,#2168,.F.);
#3067=ORIENTED_EDGE('',*,*,#2169,.F.);
#3068=ORIENTED_EDGE('',*,*,#2170,.F.);
#3069=ORIENTED_EDGE('',*,*,#2171,.F.);
#3070=ORIENTED_EDGE('',*,*,#2172,.F.);
#3071=ORIENTED_EDGE('',*,*,#2173,.F.);
#3072=ORIENTED_EDGE('',*,*,#2174,.T.);
#3073=ORIENTED_EDGE('',*,*,#2175,.F.);
#3074=ORIENTED_EDGE('',*,*,#2176,.F.);
#3075=ORIENTED_EDGE('',*,*,#2177,.F.);
#3076=ORIENTED_EDGE('',*,*,#2178,.F.);
#3077=ORIENTED_EDGE('',*,*,#2179,.F.);
#3078=ORIENTED_EDGE('',*,*,#2172,.T.);
#3079=ORIENTED_EDGE('',*,*,#2180,.F.);
#3080=ORIENTED_EDGE('',*,*,#2181,.F.);
#3081=ORIENTED_EDGE('',*,*,#2182,.F.);
#3082=ORIENTED_EDGE('',*,*,#2183,.T.);
#3083=ORIENTED_EDGE('',*,*,#2184,.F.);
#3084=ORIENTED_EDGE('',*,*,#2183,.F.);
#3085=ORIENTED_EDGE('',*,*,#2185,.F.);
#3086=ORIENTED_EDGE('',*,*,#2186,.F.);
#3087=ORIENTED_EDGE('',*,*,#2187,.F.);
#3088=ORIENTED_EDGE('',*,*,#2188,.F.);
#3089=ORIENTED_EDGE('',*,*,#2189,.F.);
#3090=ORIENTED_EDGE('',*,*,#2190,.F.);
#3091=ORIENTED_EDGE('',*,*,#2191,.F.);
#3092=ORIENTED_EDGE('',*,*,#2192,.T.);
#3093=ORIENTED_EDGE('',*,*,#2193,.F.);
#3094=ORIENTED_EDGE('',*,*,#2194,.F.);
#3095=ORIENTED_EDGE('',*,*,#2195,.F.);
#3096=ORIENTED_EDGE('',*,*,#2196,.F.);
#3097=ORIENTED_EDGE('',*,*,#2197,.F.);
#3098=ORIENTED_EDGE('',*,*,#2190,.T.);
#3099=ORIENTED_EDGE('',*,*,#2198,.F.);
#3100=ORIENTED_EDGE('',*,*,#2199,.F.);
#3101=ORIENTED_EDGE('',*,*,#2200,.F.);
#3102=ORIENTED_EDGE('',*,*,#2201,.T.);
#3103=ORIENTED_EDGE('',*,*,#2202,.F.);
#3104=ORIENTED_EDGE('',*,*,#2201,.F.);
#3105=ORIENTED_EDGE('',*,*,#2203,.F.);
#3106=ORIENTED_EDGE('',*,*,#2204,.F.);
#3107=ORIENTED_EDGE('',*,*,#2205,.F.);
#3108=ORIENTED_EDGE('',*,*,#2206,.F.);
#3109=ORIENTED_EDGE('',*,*,#2207,.F.);
#3110=ORIENTED_EDGE('',*,*,#2208,.F.);
#3111=ORIENTED_EDGE('',*,*,#2209,.T.);
#3112=ORIENTED_EDGE('',*,*,#2210,.F.);
#3113=ORIENTED_EDGE('',*,*,#2211,.F.);
#3114=ORIENTED_EDGE('',*,*,#2212,.F.);
#3115=ORIENTED_EDGE('',*,*,#2213,.F.);
#3116=ORIENTED_EDGE('',*,*,#2214,.F.);
#3117=ORIENTED_EDGE('',*,*,#2207,.T.);
#3118=ORIENTED_EDGE('',*,*,#2215,.F.);
#3119=ORIENTED_EDGE('',*,*,#2216,.F.);
#3120=ORIENTED_EDGE('',*,*,#2217,.F.);
#3121=ORIENTED_EDGE('',*,*,#2218,.T.);
#3122=ORIENTED_EDGE('',*,*,#2219,.F.);
#3123=ORIENTED_EDGE('',*,*,#2218,.F.);
#3124=ORIENTED_EDGE('',*,*,#2220,.F.);
#3125=ORIENTED_EDGE('',*,*,#2221,.F.);
#3126=ORIENTED_EDGE('',*,*,#2222,.F.);
#3127=ORIENTED_EDGE('',*,*,#2223,.F.);
#3128=ORIENTED_EDGE('',*,*,#2224,.F.);
#3129=ORIENTED_EDGE('',*,*,#2225,.F.);
#3130=ORIENTED_EDGE('',*,*,#2226,.F.);
#3131=ORIENTED_EDGE('',*,*,#2227,.T.);
#3132=ORIENTED_EDGE('',*,*,#2228,.F.);
#3133=ORIENTED_EDGE('',*,*,#2229,.F.);
#3134=ORIENTED_EDGE('',*,*,#2230,.F.);
#3135=ORIENTED_EDGE('',*,*,#2231,.F.);
#3136=ORIENTED_EDGE('',*,*,#2232,.F.);
#3137=ORIENTED_EDGE('',*,*,#2225,.T.);
#3138=ORIENTED_EDGE('',*,*,#2233,.T.);
#3139=ORIENTED_EDGE('',*,*,#2198,.T.);
#3140=ORIENTED_EDGE('',*,*,#2202,.T.);
#3141=ORIENTED_EDGE('',*,*,#2234,.F.);
#3142=ORIENTED_EDGE('',*,*,#2193,.T.);
#3143=ORIENTED_EDGE('',*,*,#2189,.T.);
#3144=ORIENTED_EDGE('',*,*,#2235,.T.);
#3145=ORIENTED_EDGE('',*,*,#2180,.T.);
#3146=ORIENTED_EDGE('',*,*,#2184,.T.);
#3147=ORIENTED_EDGE('',*,*,#2236,.F.);
#3148=ORIENTED_EDGE('',*,*,#2228,.T.);
#3149=ORIENTED_EDGE('',*,*,#2224,.T.);
#3150=ORIENTED_EDGE('',*,*,#2237,.T.);
#3151=ORIENTED_EDGE('',*,*,#2215,.T.);
#3152=ORIENTED_EDGE('',*,*,#2219,.T.);
#3153=ORIENTED_EDGE('',*,*,#2238,.F.);
#3154=ORIENTED_EDGE('',*,*,#2175,.T.);
#3155=ORIENTED_EDGE('',*,*,#2171,.T.);
#3156=ORIENTED_EDGE('',*,*,#2239,.T.);
#3157=ORIENTED_EDGE('',*,*,#2162,.T.);
#3158=ORIENTED_EDGE('',*,*,#2166,.T.);
#3159=ORIENTED_EDGE('',*,*,#2240,.F.);
#3160=ORIENTED_EDGE('',*,*,#2157,.T.);
#3161=ORIENTED_EDGE('',*,*,#2153,.T.);
#3162=ORIENTED_EDGE('',*,*,#2241,.T.);
#3163=ORIENTED_EDGE('',*,*,#2147,.T.);
#3164=ORIENTED_EDGE('',*,*,#2242,.F.);
#3165=ORIENTED_EDGE('',*,*,#2243,.F.);
#3166=ORIENTED_EDGE('',*,*,#2244,.T.);
#3167=ORIENTED_EDGE('',*,*,#2245,.T.);
#3168=ORIENTED_EDGE('',*,*,#2243,.T.);
#3169=ORIENTED_EDGE('',*,*,#2246,.F.);
#3170=ORIENTED_EDGE('',*,*,#2141,.T.);
#3171=ORIENTED_EDGE('',*,*,#2247,.T.);
#3172=ORIENTED_EDGE('',*,*,#2132,.T.);
#3173=ORIENTED_EDGE('',*,*,#2248,.F.);
#3174=ORIENTED_EDGE('',*,*,#2210,.T.);
#3175=ORIENTED_EDGE('',*,*,#2194,.T.);
#3176=ORIENTED_EDGE('',*,*,#2234,.T.);
#3177=ORIENTED_EDGE('',*,*,#2206,.T.);
#3178=ORIENTED_EDGE('',*,*,#2249,.F.);
#3179=ORIENTED_EDGE('',*,*,#2188,.T.);
#3180=ORIENTED_EDGE('',*,*,#2250,.F.);
#3181=ORIENTED_EDGE('',*,*,#2229,.T.);
#3182=ORIENTED_EDGE('',*,*,#2236,.T.);
#3183=ORIENTED_EDGE('',*,*,#2176,.T.);
#3184=ORIENTED_EDGE('',*,*,#2238,.T.);
#3185=ORIENTED_EDGE('',*,*,#2223,.T.);
#3186=ORIENTED_EDGE('',*,*,#2251,.F.);
#3187=ORIENTED_EDGE('',*,*,#2158,.T.);
#3188=ORIENTED_EDGE('',*,*,#2240,.T.);
#3189=ORIENTED_EDGE('',*,*,#2170,.T.);
#3190=ORIENTED_EDGE('',*,*,#2252,.F.);
#3191=ORIENTED_EDGE('',*,*,#2142,.T.);
#3192=ORIENTED_EDGE('',*,*,#2246,.T.);
#3193=ORIENTED_EDGE('',*,*,#2242,.T.);
#3194=ORIENTED_EDGE('',*,*,#2152,.T.);
#3195=ORIENTED_EDGE('',*,*,#2253,.F.);
#3196=ORIENTED_EDGE('',*,*,#2137,.T.);
#3197=ORIENTED_EDGE('',*,*,#2254,.F.);
#3198=ORIENTED_EDGE('',*,*,#2211,.T.);
#3199=ORIENTED_EDGE('',*,*,#2248,.T.);
#3200=ORIENTED_EDGE('',*,*,#2195,.T.);
#3201=ORIENTED_EDGE('',*,*,#2249,.T.);
#3202=ORIENTED_EDGE('',*,*,#2205,.T.);
#3203=ORIENTED_EDGE('',*,*,#2255,.F.);
#3204=ORIENTED_EDGE('',*,*,#2187,.T.);
#3205=ORIENTED_EDGE('',*,*,#2256,.F.);
#3206=ORIENTED_EDGE('',*,*,#2230,.T.);
#3207=ORIENTED_EDGE('',*,*,#2250,.T.);
#3208=ORIENTED_EDGE('',*,*,#2177,.T.);
#3209=ORIENTED_EDGE('',*,*,#2251,.T.);
#3210=ORIENTED_EDGE('',*,*,#2222,.T.);
#3211=ORIENTED_EDGE('',*,*,#2257,.F.);
#3212=ORIENTED_EDGE('',*,*,#2159,.T.);
#3213=ORIENTED_EDGE('',*,*,#2252,.T.);
#3214=ORIENTED_EDGE('',*,*,#2169,.T.);
#3215=ORIENTED_EDGE('',*,*,#2258,.F.);
#3216=ORIENTED_EDGE('',*,*,#2143,.T.);
#3217=ORIENTED_EDGE('',*,*,#2253,.T.);
#3218=ORIENTED_EDGE('',*,*,#2151,.T.);
#3219=ORIENTED_EDGE('',*,*,#2259,.F.);
#3220=ORIENTED_EDGE('',*,*,#2136,.T.);
#3221=ORIENTED_EDGE('',*,*,#2138,.T.);
#3222=ORIENTED_EDGE('',*,*,#2260,.F.);
#3223=ORIENTED_EDGE('',*,*,#2212,.T.);
#3224=ORIENTED_EDGE('',*,*,#2254,.T.);
#3225=ORIENTED_EDGE('',*,*,#2197,.T.);
#3226=ORIENTED_EDGE('',*,*,#2261,.T.);
#3227=ORIENTED_EDGE('',*,*,#2203,.T.);
#3228=ORIENTED_EDGE('',*,*,#2200,.T.);
#3229=ORIENTED_EDGE('',*,*,#2262,.F.);
#3230=ORIENTED_EDGE('',*,*,#2191,.T.);
#3231=ORIENTED_EDGE('',*,*,#2263,.T.);
#3232=ORIENTED_EDGE('',*,*,#2185,.T.);
#3233=ORIENTED_EDGE('',*,*,#2182,.T.);
#3234=ORIENTED_EDGE('',*,*,#2264,.F.);
#3235=ORIENTED_EDGE('',*,*,#2265,.F.);
#3236=ORIENTED_EDGE('',*,*,#2226,.T.);
#3237=ORIENTED_EDGE('',*,*,#2232,.T.);
#3238=ORIENTED_EDGE('',*,*,#2266,.T.);
#3239=ORIENTED_EDGE('',*,*,#2267,.T.);
#3240=ORIENTED_EDGE('',*,*,#2179,.T.);
#3241=ORIENTED_EDGE('',*,*,#2268,.T.);
#3242=ORIENTED_EDGE('',*,*,#2220,.T.);
#3243=ORIENTED_EDGE('',*,*,#2217,.T.);
#3244=ORIENTED_EDGE('',*,*,#2269,.F.);
#3245=ORIENTED_EDGE('',*,*,#2173,.T.);
#3246=ORIENTED_EDGE('',*,*,#2270,.T.);
#3247=ORIENTED_EDGE('',*,*,#2161,.T.);
#3248=ORIENTED_EDGE('',*,*,#2271,.T.);
#3249=ORIENTED_EDGE('',*,*,#2167,.T.);
#3250=ORIENTED_EDGE('',*,*,#2164,.T.);
#3251=ORIENTED_EDGE('',*,*,#2272,.F.);
#3252=ORIENTED_EDGE('',*,*,#2155,.T.);
#3253=ORIENTED_EDGE('',*,*,#2273,.T.);
#3254=ORIENTED_EDGE('',*,*,#2145,.T.);
#3255=ORIENTED_EDGE('',*,*,#2274,.T.);
#3256=ORIENTED_EDGE('',*,*,#2149,.T.);
#3257=ORIENTED_EDGE('',*,*,#2275,.F.);
#3258=ORIENTED_EDGE('',*,*,#2276,.T.);
#3259=ORIENTED_EDGE('',*,*,#2139,.T.);
#3260=ORIENTED_EDGE('',*,*,#2134,.T.);
#3261=ORIENTED_EDGE('',*,*,#2277,.F.);
#3262=ORIENTED_EDGE('',*,*,#2208,.T.);
#3263=ORIENTED_EDGE('',*,*,#2214,.T.);
#3264=ORIENTED_EDGE('',*,*,#2278,.T.);
#3265=ORIENTED_EDGE('',*,*,#2279,.T.);
#3266=ORIENTED_EDGE('',*,*,#2196,.T.);
#3267=ORIENTED_EDGE('',*,*,#2255,.T.);
#3268=ORIENTED_EDGE('',*,*,#2204,.T.);
#3269=ORIENTED_EDGE('',*,*,#2261,.F.);
#3270=ORIENTED_EDGE('',*,*,#2186,.T.);
#3271=ORIENTED_EDGE('',*,*,#2266,.F.);
#3272=ORIENTED_EDGE('',*,*,#2231,.T.);
#3273=ORIENTED_EDGE('',*,*,#2256,.T.);
#3274=ORIENTED_EDGE('',*,*,#2178,.T.);
#3275=ORIENTED_EDGE('',*,*,#2257,.T.);
#3276=ORIENTED_EDGE('',*,*,#2221,.T.);
#3277=ORIENTED_EDGE('',*,*,#2268,.F.);
#3278=ORIENTED_EDGE('',*,*,#2160,.T.);
#3279=ORIENTED_EDGE('',*,*,#2258,.T.);
#3280=ORIENTED_EDGE('',*,*,#2168,.T.);
#3281=ORIENTED_EDGE('',*,*,#2271,.F.);
#3282=ORIENTED_EDGE('',*,*,#2144,.T.);
#3283=ORIENTED_EDGE('',*,*,#2259,.T.);
#3284=ORIENTED_EDGE('',*,*,#2150,.T.);
#3285=ORIENTED_EDGE('',*,*,#2274,.F.);
#3286=ORIENTED_EDGE('',*,*,#2140,.T.);
#3287=ORIENTED_EDGE('',*,*,#2278,.F.);
#3288=ORIENTED_EDGE('',*,*,#2213,.T.);
#3289=ORIENTED_EDGE('',*,*,#2260,.T.);
#3290=ORIENTED_EDGE('',*,*,#2267,.F.);
#3291=ORIENTED_EDGE('',*,*,#2280,.T.);
#3292=ORIENTED_EDGE('',*,*,#2281,.T.);
#3293=ORIENTED_EDGE('',*,*,#2280,.F.);
#3294=ORIENTED_EDGE('',*,*,#2281,.F.);
#3295=ORIENTED_EDGE('',*,*,#2276,.F.);
#3296=ORIENTED_EDGE('',*,*,#2282,.T.);
#3297=ORIENTED_EDGE('',*,*,#2283,.T.);
#3298=ORIENTED_EDGE('',*,*,#2282,.F.);
#3299=ORIENTED_EDGE('',*,*,#2283,.F.);
#3300=ORIENTED_EDGE('',*,*,#2263,.F.);
#3301=ORIENTED_EDGE('',*,*,#2284,.T.);
#3302=ORIENTED_EDGE('',*,*,#2285,.T.);
#3303=ORIENTED_EDGE('',*,*,#2284,.F.);
#3304=ORIENTED_EDGE('',*,*,#2285,.F.);
#3305=ORIENTED_EDGE('',*,*,#2270,.F.);
#3306=ORIENTED_EDGE('',*,*,#2286,.T.);
#3307=ORIENTED_EDGE('',*,*,#2287,.T.);
#3308=ORIENTED_EDGE('',*,*,#2286,.F.);
#3309=ORIENTED_EDGE('',*,*,#2287,.F.);
#3310=ORIENTED_EDGE('',*,*,#2273,.F.);
#3311=ORIENTED_EDGE('',*,*,#2288,.T.);
#3312=ORIENTED_EDGE('',*,*,#2289,.T.);
#3313=ORIENTED_EDGE('',*,*,#2288,.F.);
#3314=ORIENTED_EDGE('',*,*,#2289,.F.);
#3315=ORIENTED_EDGE('',*,*,#2279,.F.);
#3316=ORIENTED_EDGE('',*,*,#2290,.T.);
#3317=ORIENTED_EDGE('',*,*,#2291,.T.);
#3318=ORIENTED_EDGE('',*,*,#2290,.F.);
#3319=ORIENTED_EDGE('',*,*,#2291,.F.);
#3320=ORIENTED_EDGE('',*,*,#2275,.T.);
#3321=ORIENTED_EDGE('',*,*,#2148,.T.);
#3322=ORIENTED_EDGE('',*,*,#2241,.F.);
#3323=ORIENTED_EDGE('',*,*,#2156,.F.);
#3324=ORIENTED_EDGE('',*,*,#2272,.T.);
#3325=ORIENTED_EDGE('',*,*,#2163,.T.);
#3326=ORIENTED_EDGE('',*,*,#2239,.F.);
#3327=ORIENTED_EDGE('',*,*,#2174,.F.);
#3328=ORIENTED_EDGE('',*,*,#2269,.T.);
#3329=ORIENTED_EDGE('',*,*,#2216,.T.);
#3330=ORIENTED_EDGE('',*,*,#2237,.F.);
#3331=ORIENTED_EDGE('',*,*,#2227,.F.);
#3332=ORIENTED_EDGE('',*,*,#2265,.T.);
#3333=ORIENTED_EDGE('',*,*,#2292,.T.);
#3334=ORIENTED_EDGE('',*,*,#2293,.F.);
#3335=ORIENTED_EDGE('',*,*,#2074,.F.);
#3336=ORIENTED_EDGE('',*,*,#2072,.F.);
#3337=ORIENTED_EDGE('',*,*,#2022,.F.);
#3338=ORIENTED_EDGE('',*,*,#2025,.F.);
#3339=ORIENTED_EDGE('',*,*,#2033,.F.);
#3340=ORIENTED_EDGE('',*,*,#2048,.F.);
#3341=ORIENTED_EDGE('',*,*,#2051,.F.);
#3342=ORIENTED_EDGE('',*,*,#2294,.F.);
#3343=ORIENTED_EDGE('',*,*,#2292,.F.);
#3344=ORIENTED_EDGE('',*,*,#2264,.T.);
#3345=ORIENTED_EDGE('',*,*,#2181,.T.);
#3346=ORIENTED_EDGE('',*,*,#2235,.F.);
#3347=ORIENTED_EDGE('',*,*,#2192,.F.);
#3348=ORIENTED_EDGE('',*,*,#2262,.T.);
#3349=ORIENTED_EDGE('',*,*,#2199,.T.);
#3350=ORIENTED_EDGE('',*,*,#2233,.F.);
#3351=ORIENTED_EDGE('',*,*,#2209,.F.);
#3352=ORIENTED_EDGE('',*,*,#2277,.T.);
#3353=ORIENTED_EDGE('',*,*,#2133,.T.);
#3354=ORIENTED_EDGE('',*,*,#2247,.F.);
#3355=ORIENTED_EDGE('',*,*,#2146,.F.);
#3356=ORIENTED_EDGE('',*,*,#2066,.T.);
#3357=ORIENTED_EDGE('',*,*,#2295,.F.);
#3358=ORIENTED_EDGE('',*,*,#2089,.T.);
#3359=ORIENTED_EDGE('',*,*,#2293,.T.);
#3360=ORIENTED_EDGE('',*,*,#2294,.T.);
#3361=ORIENTED_EDGE('',*,*,#2065,.T.);
#3362=ORIENTED_EDGE('',*,*,#2296,.F.);
#3363=ORIENTED_EDGE('',*,*,#2297,.F.);
#3364=ORIENTED_EDGE('',*,*,#2090,.T.);
#3365=ORIENTED_EDGE('',*,*,#2295,.T.);
#3366=ORIENTED_EDGE('',*,*,#2298,.F.);
#3367=ORIENTED_EDGE('',*,*,#2299,.F.);
#3368=ORIENTED_EDGE('',*,*,#2300,.T.);
#3369=ORIENTED_EDGE('',*,*,#2296,.T.);
#3370=ORIENTED_EDGE('',*,*,#2059,.T.);
#3371=ORIENTED_EDGE('',*,*,#2049,.T.);
#3372=ORIENTED_EDGE('',*,*,#2042,.T.);
#3373=ORIENTED_EDGE('',*,*,#2026,.T.);
#3374=ORIENTED_EDGE('',*,*,#2005,.T.);
#3375=ORIENTED_EDGE('',*,*,#2071,.T.);
#3376=ORIENTED_EDGE('',*,*,#2087,.T.);
#3377=ORIENTED_EDGE('',*,*,#2297,.T.);
#3378=ORIENTED_EDGE('',*,*,#2300,.F.);
#3379=ORIENTED_EDGE('',*,*,#2301,.T.);
#3380=ORIENTED_EDGE('',*,*,#2298,.T.);
#3381=ORIENTED_EDGE('',*,*,#2299,.T.);
#3382=ORIENTED_EDGE('',*,*,#2301,.F.);
#3383=ORIENTED_EDGE('',*,*,#2302,.F.);
#3384=ORIENTED_EDGE('',*,*,#2303,.T.);
#3385=ORIENTED_EDGE('',*,*,#2302,.T.);
#3386=ORIENTED_EDGE('',*,*,#2303,.F.);
#3387=ORIENTED_EDGE('',*,*,#2304,.F.);
#3388=ORIENTED_EDGE('',*,*,#1884,.F.);
#3389=ORIENTED_EDGE('',*,*,#2305,.T.);
#3390=ORIENTED_EDGE('',*,*,#2304,.T.);
#3391=ORIENTED_EDGE('',*,*,#2305,.F.);
#3392=ORIENTED_EDGE('',*,*,#1878,.T.);
#3393=ORIENTED_EDGE('',*,*,#2125,.T.);
#3394=ORIENTED_EDGE('',*,*,#2127,.T.);
#3395=ORIENTED_EDGE('',*,*,#2129,.T.);
#3396=ORIENTED_EDGE('',*,*,#2131,.T.);
#3397=ORIENTED_EDGE('',*,*,#1999,.T.);
#3398=ORIENTED_EDGE('',*,*,#1847,.F.);
#3399=ORIENTED_EDGE('',*,*,#1997,.T.);
#3400=ORIENTED_EDGE('',*,*,#1794,.T.);
#3401=ORIENTED_EDGE('',*,*,#1909,.T.);
#3402=ORIENTED_EDGE('',*,*,#1864,.F.);
#3403=ORIENTED_EDGE('',*,*,#1919,.T.);
#3404=ORIENTED_EDGE('',*,*,#1833,.T.);
#3405=ORIENTED_EDGE('',*,*,#1859,.T.);
#3406=ORIENTED_EDGE('',*,*,#2306,.T.);
#3407=ORIENTED_EDGE('',*,*,#2244,.F.);
#3408=ORIENTED_EDGE('',*,*,#2245,.F.);
#3409=ORIENTED_EDGE('',*,*,#2306,.F.);
#3410=ORIENTED_EDGE('',*,*,#1858,.T.);
#3411=PLANE('',#3744);
#3412=PLANE('',#3746);
#3413=PLANE('',#3748);
#3414=PLANE('',#3750);
#3415=PLANE('',#3757);
#3416=PLANE('',#3758);
#3417=PLANE('',#3782);
#3418=PLANE('',#3787);
#3419=PLANE('',#3792);
#3420=PLANE('',#3812);
#3421=PLANE('',#3813);
#3422=PLANE('',#3816);
#3423=PLANE('',#3817);
#3424=PLANE('',#3820);
#3425=PLANE('',#3821);
#3426=PLANE('',#3824);
#3427=PLANE('',#3825);
#3428=PLANE('',#3828);
#3429=PLANE('',#3829);
#3430=PLANE('',#3831);
#3431=PLANE('',#3832);
#3432=PLANE('',#3833);
#3433=PLANE('',#3834);
#3434=PLANE('',#3835);
#3435=PLANE('',#3836);
#3436=PLANE('',#3837);
#3437=PLANE('',#3838);
#3438=PLANE('',#3839);
#3439=PLANE('',#3840);
#3440=PLANE('',#3841);
#3441=PLANE('',#3842);
#3442=PLANE('',#3843);
#3443=PLANE('',#3844);
#3444=PLANE('',#3848);
#3445=PLANE('',#3852);
#3446=PLANE('',#3856);
#3447=PLANE('',#3860);
#3448=PLANE('',#3861);
#3449=PLANE('',#3862);
#3450=PLANE('',#3863);
#3451=PLANE('',#3864);
#3452=PLANE('',#3865);
#3453=PLANE('',#3866);
#3454=PLANE('',#3867);
#3455=PLANE('',#3868);
#3456=PLANE('',#3869);
#3457=PLANE('',#3870);
#3458=PLANE('',#3871);
#3459=PLANE('',#3876);
#3460=PLANE('',#3883);
#3461=PLANE('',#3884);
#3462=PLANE('',#3886);
#3463=PLANE('',#3891);
#3464=PLANE('',#3892);
#3465=PLANE('',#3897);
#3466=PLANE('',#3905);
#3467=PLANE('',#3906);
#3468=PLANE('',#3911);
#3469=PLANE('',#3916);
#3470=PLANE('',#3917);
#3471=PLANE('',#3922);
#3472=PLANE('',#3929);
#3473=PLANE('',#3931);
#3474=PLANE('',#3936);
#3475=PLANE('',#3939);
#3476=PLANE('',#3943);
#3477=PLANE('',#3946);
#3478=PLANE('',#3948);
#3479=PLANE('',#3950);
#3480=PLANE('',#3952);
#3481=PLANE('',#3958);
#3482=PLANE('',#3963);
#3483=PLANE('',#3968);
#3484=PLANE('',#3973);
#3485=PLANE('',#3976);
#3486=PLANE('',#3980);
#3487=PLANE('',#3984);
#3488=PLANE('',#3988);
#3489=PLANE('',#3998);
#3490=PLANE('',#3999);
#3491=PLANE('',#4000);
#3492=PLANE('',#4001);
#3493=PLANE('',#4002);
#3494=PLANE('',#4003);
#3495=PLANE('',#4004);
#3496=PLANE('',#4005);
#3497=PLANE('',#4006);
#3498=PLANE('',#4007);
#3499=PLANE('',#4008);
#3500=PLANE('',#4009);
#3501=PLANE('',#4010);
#3502=PLANE('',#4011);
#3503=PLANE('',#4012);
#3504=PLANE('',#4013);
#3505=PLANE('',#4014);
#3506=PLANE('',#4015);
#3507=PLANE('',#4016);
#3508=PLANE('',#4017);
#3509=PLANE('',#4018);
#3510=PLANE('',#4019);
#3511=PLANE('',#4037);
#3512=PLANE('',#4039);
#3513=PLANE('',#4041);
#3514=PLANE('',#4043);
#3515=PLANE('',#4045);
#3516=PLANE('',#4047);
#3517=PLANE('',#4061);
#3518=PLANE('',#4065);
#3519=PLANE('',#4070);
#3520=PLANE('',#4074);
#3521=PLANE('',#4078);
#3522=PLANE('',#4082);
#3523=PLANE('',#4094);
#3524=PLANE('',#4097);
#3525=PLANE('',#4100);
#3526=PLANE('',#4103);
#3527=PLANE('',#4106);
#3528=PLANE('',#4109);
#3529=PLANE('',#4113);
#3530=PLANE('',#4125);
#3531=ADVANCED_FACE('',(#749),#3411,.T.);
#3532=ADVANCED_FACE('',(#750),#3412,.T.);
#3533=ADVANCED_FACE('',(#751),#3413,.T.);
#3534=ADVANCED_FACE('',(#752),#3414,.T.);
#3535=ADVANCED_FACE('',(#753),#685,.F.);
#3536=ADVANCED_FACE('',(#754),#686,.T.);
#3537=ADVANCED_FACE('',(#755,#48),#3415,.T.);
#3538=ADVANCED_FACE('',(#756,#49,#50,#51,#52,#53,#54,#55,#56,#57,#58,#59),
#3416,.T.);
#3539=ADVANCED_FACE('',(#757),#38,.F.);
#3540=ADVANCED_FACE('',(#758),#687,.F.);
#3541=ADVANCED_FACE('',(#759),#688,.T.);
#3542=ADVANCED_FACE('',(#760,#60),#3417,.T.);
#3543=ADVANCED_FACE('',(#761),#689,.F.);
#3544=ADVANCED_FACE('',(#762),#690,.T.);
#3545=ADVANCED_FACE('',(#763,#61),#3418,.T.);
#3546=ADVANCED_FACE('',(#764),#691,.F.);
#3547=ADVANCED_FACE('',(#765),#692,.T.);
#3548=ADVANCED_FACE('',(#766,#62),#3419,.T.);
#3549=ADVANCED_FACE('',(#767),#693,.F.);
#3550=ADVANCED_FACE('',(#768),#30,.T.);
#3551=ADVANCED_FACE('',(#769),#31,.T.);
#3552=ADVANCED_FACE('',(#770),#39,.F.);
#3553=ADVANCED_FACE('',(#771,#63,#64,#65,#66,#67),#32,.T.);
#3554=ADVANCED_FACE('',(#772),#694,.F.);
#3555=ADVANCED_FACE('',(#773),#3420,.F.);
#3556=ADVANCED_FACE('',(#774),#3421,.F.);
#3557=ADVANCED_FACE('',(#775),#695,.F.);
#3558=ADVANCED_FACE('',(#776),#696,.F.);
#3559=ADVANCED_FACE('',(#777),#3422,.F.);
#3560=ADVANCED_FACE('',(#778),#3423,.F.);
#3561=ADVANCED_FACE('',(#779),#697,.F.);
#3562=ADVANCED_FACE('',(#780),#698,.F.);
#3563=ADVANCED_FACE('',(#781),#3424,.F.);
#3564=ADVANCED_FACE('',(#782),#3425,.F.);
#3565=ADVANCED_FACE('',(#783),#699,.F.);
#3566=ADVANCED_FACE('',(#784),#700,.F.);
#3567=ADVANCED_FACE('',(#785),#3426,.F.);
#3568=ADVANCED_FACE('',(#786),#3427,.F.);
#3569=ADVANCED_FACE('',(#787),#701,.F.);
#3570=ADVANCED_FACE('',(#788),#702,.F.);
#3571=ADVANCED_FACE('',(#789),#3428,.F.);
#3572=ADVANCED_FACE('',(#790),#3429,.F.);
#3573=ADVANCED_FACE('',(#791),#703,.F.);
#3574=ADVANCED_FACE('',(#792),#33,.T.);
#3575=ADVANCED_FACE('',(#793),#34,.T.);
#3576=ADVANCED_FACE('',(#794),#3430,.T.);
#3577=ADVANCED_FACE('',(#795),#3431,.T.);
#3578=ADVANCED_FACE('',(#796),#3432,.T.);
#3579=ADVANCED_FACE('',(#797),#3433,.T.);
#3580=ADVANCED_FACE('',(#798),#3434,.T.);
#3581=ADVANCED_FACE('',(#799),#3435,.T.);
#3582=ADVANCED_FACE('',(#800),#3436,.T.);
#3583=ADVANCED_FACE('',(#801),#3437,.T.);
#3584=ADVANCED_FACE('',(#802),#3438,.T.);
#3585=ADVANCED_FACE('',(#803),#22,.T.);
#3586=ADVANCED_FACE('',(#804),#23,.T.);
#3587=ADVANCED_FACE('',(#805),#3439,.T.);
#3588=ADVANCED_FACE('',(#806),#3440,.T.);
#3589=ADVANCED_FACE('',(#807),#3441,.T.);
#3590=ADVANCED_FACE('',(#808),#3442,.T.);
#3591=ADVANCED_FACE('',(#809),#3443,.T.);
#3592=ADVANCED_FACE('',(#810),#704,.F.);
#3593=ADVANCED_FACE('',(#811),#3444,.T.);
#3594=ADVANCED_FACE('',(#812),#705,.F.);
#3595=ADVANCED_FACE('',(#813),#3445,.T.);
#3596=ADVANCED_FACE('',(#814),#706,.F.);
#3597=ADVANCED_FACE('',(#815),#3446,.T.);
#3598=ADVANCED_FACE('',(#816),#707,.F.);
#3599=ADVANCED_FACE('',(#817),#3447,.T.);
#3600=ADVANCED_FACE('',(#818),#3448,.T.);
#3601=ADVANCED_FACE('',(#819,#68),#3449,.T.);
#3602=ADVANCED_FACE('',(#820,#69),#3450,.F.);
#3603=ADVANCED_FACE('',(#821),#3451,.F.);
#3604=ADVANCED_FACE('',(#822),#3452,.F.);
#3605=ADVANCED_FACE('',(#823),#3453,.F.);
#3606=ADVANCED_FACE('',(#824),#3454,.F.);
#3607=ADVANCED_FACE('',(#825),#3455,.F.);
#3608=ADVANCED_FACE('',(#826),#3456,.F.);
#3609=ADVANCED_FACE('',(#827),#3457,.F.);
#3610=ADVANCED_FACE('',(#828),#3458,.T.);
#3611=ADVANCED_FACE('',(#829),#3459,.F.);
#3612=ADVANCED_FACE('',(#830),#708,.F.);
#3613=ADVANCED_FACE('',(#831),#709,.F.);
#3614=ADVANCED_FACE('',(#832),#710,.F.);
#3615=ADVANCED_FACE('',(#833),#3460,.F.);
#3616=ADVANCED_FACE('',(#834),#3461,.F.);
#3617=ADVANCED_FACE('',(#835),#3462,.T.);
#3618=ADVANCED_FACE('',(#836),#15,.F.);
#3619=ADVANCED_FACE('',(#837),#3463,.F.);
#3620=ADVANCED_FACE('',(#838),#3464,.F.);
#3621=ADVANCED_FACE('',(#839),#3465,.T.);
#3622=ADVANCED_FACE('',(#840),#711,.F.);
#3623=ADVANCED_FACE('',(#841),#712,.F.);
#3624=ADVANCED_FACE('',(#842),#713,.F.);
#3625=ADVANCED_FACE('',(#843),#3466,.F.);
#3626=ADVANCED_FACE('',(#844),#3467,.T.);
#3627=ADVANCED_FACE('',(#845),#16,.F.);
#3628=ADVANCED_FACE('',(#846),#3468,.F.);
#3629=ADVANCED_FACE('',(#847),#3469,.F.);
#3630=ADVANCED_FACE('',(#848),#3470,.T.);
#3631=ADVANCED_FACE('',(#849),#3471,.F.);
#3632=ADVANCED_FACE('',(#850),#714,.F.);
#3633=ADVANCED_FACE('',(#851),#715,.F.);
#3634=ADVANCED_FACE('',(#852),#716,.F.);
#3635=ADVANCED_FACE('',(#853),#17,.F.);
#3636=ADVANCED_FACE('',(#854),#3472,.T.);
#3637=ADVANCED_FACE('',(#855),#3473,.F.);
#3638=ADVANCED_FACE('',(#856),#3474,.F.);
#3639=ADVANCED_FACE('',(#857),#717,.F.);
#3640=ADVANCED_FACE('',(#858),#3475,.T.);
#3641=ADVANCED_FACE('',(#859),#3476,.F.);
#3642=ADVANCED_FACE('',(#860),#718,.F.);
#3643=ADVANCED_FACE('',(#861),#719,.F.);
#3644=ADVANCED_FACE('',(#862),#3477,.T.);
#3645=ADVANCED_FACE('',(#863),#3478,.T.);
#3646=ADVANCED_FACE('',(#864),#3479,.T.);
#3647=ADVANCED_FACE('',(#865),#3480,.T.);
#3648=ADVANCED_FACE('',(#866),#720,.F.);
#3649=ADVANCED_FACE('',(#867),#721,.T.);
#3650=ADVANCED_FACE('',(#868,#70),#3481,.T.);
#3651=ADVANCED_FACE('',(#869),#722,.F.);
#3652=ADVANCED_FACE('',(#870),#723,.T.);
#3653=ADVANCED_FACE('',(#871,#71),#3482,.T.);
#3654=ADVANCED_FACE('',(#872),#724,.F.);
#3655=ADVANCED_FACE('',(#873),#725,.T.);
#3656=ADVANCED_FACE('',(#874,#72),#3483,.T.);
#3657=ADVANCED_FACE('',(#875),#726,.F.);
#3658=ADVANCED_FACE('',(#876),#727,.T.);
#3659=ADVANCED_FACE('',(#877,#73),#3484,.T.);
#3660=ADVANCED_FACE('',(#878),#728,.T.);
#3661=ADVANCED_FACE('',(#879,#74),#3485,.F.);
#3662=ADVANCED_FACE('',(#880),#729,.T.);
#3663=ADVANCED_FACE('',(#881,#75),#3486,.F.);
#3664=ADVANCED_FACE('',(#882),#730,.T.);
#3665=ADVANCED_FACE('',(#883,#76),#3487,.F.);
#3666=ADVANCED_FACE('',(#884),#731,.T.);
#3667=ADVANCED_FACE('',(#885,#77),#3488,.F.);
#3668=ADVANCED_FACE('',(#886),#732,.F.);
#3669=ADVANCED_FACE('',(#887),#733,.F.);
#3670=ADVANCED_FACE('',(#888),#734,.F.);
#3671=ADVANCED_FACE('',(#889),#735,.F.);
#3672=ADVANCED_FACE('',(#890),#3489,.F.);
#3673=ADVANCED_FACE('',(#891),#3490,.F.);
#3674=ADVANCED_FACE('',(#892),#3491,.F.);
#3675=ADVANCED_FACE('',(#893),#3492,.F.);
#3676=ADVANCED_FACE('',(#894),#3493,.F.);
#3677=ADVANCED_FACE('',(#895),#3494,.F.);
#3678=ADVANCED_FACE('',(#896),#3495,.F.);
#3679=ADVANCED_FACE('',(#897),#3496,.F.);
#3680=ADVANCED_FACE('',(#898),#3497,.F.);
#3681=ADVANCED_FACE('',(#899),#3498,.F.);
#3682=ADVANCED_FACE('',(#900),#3499,.F.);
#3683=ADVANCED_FACE('',(#901),#3500,.F.);
#3684=ADVANCED_FACE('',(#902),#3501,.F.);
#3685=ADVANCED_FACE('',(#903),#3502,.F.);
#3686=ADVANCED_FACE('',(#904),#3503,.F.);
#3687=ADVANCED_FACE('',(#905),#3504,.F.);
#3688=ADVANCED_FACE('',(#906),#3505,.F.);
#3689=ADVANCED_FACE('',(#907),#3506,.F.);
#3690=ADVANCED_FACE('',(#908),#3507,.F.);
#3691=ADVANCED_FACE('',(#909),#3508,.F.);
#3692=ADVANCED_FACE('',(#910),#3509,.F.);
#3693=ADVANCED_FACE('',(#911),#3510,.F.);
#3694=ADVANCED_FACE('',(#912),#40,.F.);
#3695=ADVANCED_FACE('',(#913),#3511,.T.);
#3696=ADVANCED_FACE('',(#914),#3512,.T.);
#3697=ADVANCED_FACE('',(#915),#3513,.T.);
#3698=ADVANCED_FACE('',(#916),#3514,.T.);
#3699=ADVANCED_FACE('',(#917),#3515,.T.);
#3700=ADVANCED_FACE('',(#918),#3516,.T.);
#3701=ADVANCED_FACE('',(#919),#41,.T.);
#3702=ADVANCED_FACE('',(#920),#42,.T.);
#3703=ADVANCED_FACE('',(#921),#43,.T.);
#3704=ADVANCED_FACE('',(#922),#44,.T.);
#3705=ADVANCED_FACE('',(#923),#45,.T.);
#3706=ADVANCED_FACE('',(#924),#46,.T.);
#3707=ADVANCED_FACE('',(#925,#78),#3517,.T.);
#3708=ADVANCED_FACE('',(#926,#79),#3518,.T.);
#3709=ADVANCED_FACE('',(#927,#80),#3519,.T.);
#3710=ADVANCED_FACE('',(#928,#81),#3520,.T.);
#3711=ADVANCED_FACE('',(#929,#82),#3521,.T.);
#3712=ADVANCED_FACE('',(#930,#83),#3522,.T.);
#3713=ADVANCED_FACE('',(#931),#736,.F.);
#3714=ADVANCED_FACE('',(#932),#737,.F.);
#3715=ADVANCED_FACE('',(#933),#738,.F.);
#3716=ADVANCED_FACE('',(#934),#739,.F.);
#3717=ADVANCED_FACE('',(#935),#740,.F.);
#3718=ADVANCED_FACE('',(#936),#741,.F.);
#3719=ADVANCED_FACE('',(#937),#742,.F.);
#3720=ADVANCED_FACE('',(#938),#3523,.T.);
#3721=ADVANCED_FACE('',(#939),#743,.F.);
#3722=ADVANCED_FACE('',(#940),#3524,.T.);
#3723=ADVANCED_FACE('',(#941),#744,.F.);
#3724=ADVANCED_FACE('',(#942),#3525,.T.);
#3725=ADVANCED_FACE('',(#943),#745,.F.);
#3726=ADVANCED_FACE('',(#944),#3526,.T.);
#3727=ADVANCED_FACE('',(#945),#746,.F.);
#3728=ADVANCED_FACE('',(#946),#3527,.T.);
#3729=ADVANCED_FACE('',(#947),#747,.F.);
#3730=ADVANCED_FACE('',(#948),#3528,.T.);
#3731=ADVANCED_FACE('',(#949),#748,.F.);
#3732=ADVANCED_FACE('',(#950),#3529,.T.);
#3733=ADVANCED_FACE('',(#951),#18,.F.);
#3734=ADVANCED_FACE('',(#952),#19,.T.);
#3735=ADVANCED_FACE('',(#953),#35,.T.);
#3736=ADVANCED_FACE('',(#954),#36,.T.);
#3737=ADVANCED_FACE('',(#955),#47,.T.);
#3738=ADVANCED_FACE('',(#956,#84,#85,#86,#87),#3530,.T.);
#3739=ADVANCED_FACE('',(#957),#20,.F.);
#3740=ADVANCED_FACE('',(#958),#37,.T.);
#3741=ADVANCED_FACE('',(#959),#21,.F.);
#3742=CLOSED_SHELL('',(#3531,#3532,#3533,#3534,#3535,#3536,#3537,#3538,
#3539,#3540,#3541,#3542,#3543,#3544,#3545,#3546,#3547,#3548,#3549,#3550,
#3551,#3552,#3553,#3554,#3555,#3556,#3557,#3558,#3559,#3560,#3561,#3562,
#3563,#3564,#3565,#3566,#3567,#3568,#3569,#3570,#3571,#3572,#3573,#3574,
#3575,#3576,#3577,#3578,#3579,#3580,#3581,#3582,#3583,#3584,#3585,#3586,
#3587,#3588,#3589,#3590,#3591,#3592,#3593,#3594,#3595,#3596,#3597,#3598,
#3599,#3600,#3601,#3602,#3603,#3604,#3605,#3606,#3607,#3608,#3609,#3610,
#3611,#3612,#3613,#3614,#3615,#3616,#3617,#3618,#3619,#3620,#3621,#3622,
#3623,#3624,#3625,#3626,#3627,#3628,#3629,#3630,#3631,#3632,#3633,#3634,
#3635,#3636,#3637,#3638,#3639,#3640,#3641,#3642,#3643,#3644,#3645,#3646,
#3647,#3648,#3649,#3650,#3651,#3652,#3653,#3654,#3655,#3656,#3657,#3658,
#3659,#3660,#3661,#3662,#3663,#3664,#3665,#3666,#3667,#3668,#3669,#3670,
#3671,#3672,#3673,#3674,#3675,#3676,#3677,#3678,#3679,#3680,#3681,#3682,
#3683,#3684,#3685,#3686,#3687,#3688,#3689,#3690,#3691,#3692,#3693,#3694,
#3695,#3696,#3697,#3698,#3699,#3700,#3701,#3702,#3703,#3704,#3705,#3706,
#3707,#3708,#3709,#3710,#3711,#3712,#3713,#3714,#3715,#3716,#3717,#3718,
#3719,#3720,#3721,#3722,#3723,#3724,#3725,#3726,#3727,#3728,#3729,#3730,
#3731,#3732,#3733,#3734,#3735,#3736,#3737,#3738,#3739,#3740,#3741));
#3743=AXIS2_PLACEMENT_3D('',#5132,#4128,#4129);
#3744=AXIS2_PLACEMENT_3D('',#5133,#4130,#4131);
#3745=AXIS2_PLACEMENT_3D('',#5135,#4132,#4133);
#3746=AXIS2_PLACEMENT_3D('',#5136,#4134,#4135);
#3747=AXIS2_PLACEMENT_3D('',#5138,#4136,#4137);
#3748=AXIS2_PLACEMENT_3D('',#5139,#4138,#4139);
#3749=AXIS2_PLACEMENT_3D('',#5141,#4140,#4141);
#3750=AXIS2_PLACEMENT_3D('',#5142,#4142,#4143);
#3751=AXIS2_PLACEMENT_3D('',#5144,#4144,#4145);
#3752=AXIS2_PLACEMENT_3D('',#5145,#4146,#4147);
#3753=AXIS2_PLACEMENT_3D('',#5147,#4148,#4149);
#3754=AXIS2_PLACEMENT_3D('',#5149,#4151,#4152);
#3755=AXIS2_PLACEMENT_3D('',#5151,#4153,#4154);
#3756=AXIS2_PLACEMENT_3D('',#5174,#4156,#4157);
#3757=AXIS2_PLACEMENT_3D('',#5193,#4158,#4159);
#3758=AXIS2_PLACEMENT_3D('',#5194,#4160,#4161);
#3759=AXIS2_PLACEMENT_3D('',#5196,#4162,#4163);
#3760=AXIS2_PLACEMENT_3D('',#5198,#4164,#4165);
#3761=AXIS2_PLACEMENT_3D('',#5200,#4166,#4167);
#3762=AXIS2_PLACEMENT_3D('',#5201,#4168,#4169);
#3763=AXIS2_PLACEMENT_3D('',#5203,#4170,#4171);
#3764=AXIS2_PLACEMENT_3D('',#5221,#4180,#4181);
#3765=AXIS2_PLACEMENT_3D('',#5223,#4182,#4183);
#3766=AXIS2_PLACEMENT_3D('',#5225,#4184,#4185);
#3767=AXIS2_PLACEMENT_3D('',#5227,#4186,#4187);
#3768=AXIS2_PLACEMENT_3D('',#5229,#4188,#4189);
#3769=AXIS2_PLACEMENT_3D('',#5231,#4190,#4191);
#3770=AXIS2_PLACEMENT_3D('',#5233,#4192,#4193);
#3771=AXIS2_PLACEMENT_3D('',#5235,#4194,#4195);
#3772=AXIS2_PLACEMENT_3D('',#5237,#4196,#4197);
#3773=AXIS2_PLACEMENT_3D('',#5238,#4198,#4199);
#3774=AXIS2_PLACEMENT_3D('',#5275,#4200,#4201);
#3775=AXIS2_PLACEMENT_3D('',#5277,#4202,#4203);
#3776=AXIS2_PLACEMENT_3D('',#5297,#4204,#4205);
#3777=AXIS2_PLACEMENT_3D('',#5316,#4206,#4207);
#3778=AXIS2_PLACEMENT_3D('',#5317,#4208,#4209);
#3779=AXIS2_PLACEMENT_3D('',#5319,#4210,#4211);
#3780=AXIS2_PLACEMENT_3D('',#5321,#4213,#4214);
#3781=AXIS2_PLACEMENT_3D('',#5323,#4215,#4216);
#3782=AXIS2_PLACEMENT_3D('',#5325,#4218,#4219);
#3783=AXIS2_PLACEMENT_3D('',#5326,#4220,#4221);
#3784=AXIS2_PLACEMENT_3D('',#5328,#4222,#4223);
#3785=AXIS2_PLACEMENT_3D('',#5330,#4225,#4226);
#3786=AXIS2_PLACEMENT_3D('',#5332,#4227,#4228);
#3787=AXIS2_PLACEMENT_3D('',#5334,#4230,#4231);
#3788=AXIS2_PLACEMENT_3D('',#5335,#4232,#4233);
#3789=AXIS2_PLACEMENT_3D('',#5337,#4234,#4235);
#3790=AXIS2_PLACEMENT_3D('',#5339,#4237,#4238);
#3791=AXIS2_PLACEMENT_3D('',#5341,#4239,#4240);
#3792=AXIS2_PLACEMENT_3D('',#5343,#4242,#4243);
#3793=AXIS2_PLACEMENT_3D('',#5344,#4244,#4245);
#3794=AXIS2_PLACEMENT_3D('',#5586,#4247,#4248);
#3795=AXIS2_PLACEMENT_3D('',#5635,#4249,#4250);
#3796=AXIS2_PLACEMENT_3D('',#5685,#4251,#4252);
#3797=AXIS2_PLACEMENT_3D('',#5735,#4253,#4254);
#3798=AXIS2_PLACEMENT_3D('',#5787,#4255,#4256);
#3799=AXIS2_PLACEMENT_3D('',#5838,#4257,#4258);
#3800=AXIS2_PLACEMENT_3D('',#5867,#4259,#4260);
#3801=AXIS2_PLACEMENT_3D('',#5980,#4261,#4262);
#3802=AXIS2_PLACEMENT_3D('',#6035,#4263,#4264);
#3803=AXIS2_PLACEMENT_3D('',#6037,#4265,#4266);
#3804=AXIS2_PLACEMENT_3D('',#6039,#4267,#4268);
#3805=AXIS2_PLACEMENT_3D('',#6040,#4269,#4270);
#3806=AXIS2_PLACEMENT_3D('',#6042,#4271,#4272);
#3807=AXIS2_PLACEMENT_3D('',#6090,#4273,#4274);
#3808=AXIS2_PLACEMENT_3D('',#6140,#4275,#4276);
#3809=AXIS2_PLACEMENT_3D('',#6308,#4277,#4278);
#3810=AXIS2_PLACEMENT_3D('',#6335,#4279,#4280);
#3811=AXIS2_PLACEMENT_3D('',#6744,#4281,#4282);
#3812=AXIS2_PLACEMENT_3D('',#6747,#4285,#4286);
#3813=AXIS2_PLACEMENT_3D('',#6755,#4288,#4289);
#3814=AXIS2_PLACEMENT_3D('',#6763,#4291,#4292);
#3815=AXIS2_PLACEMENT_3D('',#6764,#4293,#4294);
#3816=AXIS2_PLACEMENT_3D('',#6767,#4297,#4298);
#3817=AXIS2_PLACEMENT_3D('',#6769,#4300,#4301);
#3818=AXIS2_PLACEMENT_3D('',#6777,#4303,#4304);
#3819=AXIS2_PLACEMENT_3D('',#6778,#4305,#4306);
#3820=AXIS2_PLACEMENT_3D('',#6781,#4309,#4310);
#3821=AXIS2_PLACEMENT_3D('',#6789,#4312,#4313);
#3822=AXIS2_PLACEMENT_3D('',#6797,#4315,#4316);
#3823=AXIS2_PLACEMENT_3D('',#6798,#4317,#4318);
#3824=AXIS2_PLACEMENT_3D('',#6801,#4321,#4322);
#3825=AXIS2_PLACEMENT_3D('',#6803,#4324,#4325);
#3826=AXIS2_PLACEMENT_3D('',#6805,#4327,#4328);
#3827=AXIS2_PLACEMENT_3D('',#6806,#4329,#4330);
#3828=AXIS2_PLACEMENT_3D('',#6849,#4333,#4334);
#3829=AXIS2_PLACEMENT_3D('',#6855,#4336,#4337);
#3830=AXIS2_PLACEMENT_3D('',#6861,#4339,#4340);
#3831=AXIS2_PLACEMENT_3D('',#7042,#4341,#4342);
#3832=AXIS2_PLACEMENT_3D('',#7048,#4346,#4347);
#3833=AXIS2_PLACEMENT_3D('',#7052,#4350,#4351);
#3834=AXIS2_PLACEMENT_3D('',#7056,#4354,#4355);
#3835=AXIS2_PLACEMENT_3D('',#7060,#4358,#4359);
#3836=AXIS2_PLACEMENT_3D('',#7064,#4362,#4363);
#3837=AXIS2_PLACEMENT_3D('',#7068,#4366,#4367);
#3838=AXIS2_PLACEMENT_3D('',#7072,#4370,#4371);
#3839=AXIS2_PLACEMENT_3D('',#7074,#4373,#4374);
#3840=AXIS2_PLACEMENT_3D('',#7153,#4376,#4377);
#3841=AXIS2_PLACEMENT_3D('',#7155,#4379,#4380);
#3842=AXIS2_PLACEMENT_3D('',#7159,#4383,#4384);
#3843=AXIS2_PLACEMENT_3D('',#7163,#4387,#4388);
#3844=AXIS2_PLACEMENT_3D('',#7165,#4390,#4391);
#3845=AXIS2_PLACEMENT_3D('',#7167,#4393,#4394);
#3846=AXIS2_PLACEMENT_3D('',#7170,#4395,#4396);
#3847=AXIS2_PLACEMENT_3D('',#7174,#4398,#4399);
#3848=AXIS2_PLACEMENT_3D('',#7176,#4401,#4402);
#3849=AXIS2_PLACEMENT_3D('',#7182,#4406,#4407);
#3850=AXIS2_PLACEMENT_3D('',#7184,#4408,#4409);
#3851=AXIS2_PLACEMENT_3D('',#7186,#4410,#4411);
#3852=AXIS2_PLACEMENT_3D('',#7188,#4413,#4414);
#3853=AXIS2_PLACEMENT_3D('',#7194,#4418,#4419);
#3854=AXIS2_PLACEMENT_3D('',#7196,#4420,#4421);
#3855=AXIS2_PLACEMENT_3D('',#7198,#4422,#4423);
#3856=AXIS2_PLACEMENT_3D('',#7200,#4425,#4426);
#3857=AXIS2_PLACEMENT_3D('',#7206,#4430,#4431);
#3858=AXIS2_PLACEMENT_3D('',#7208,#4432,#4433);
#3859=AXIS2_PLACEMENT_3D('',#7210,#4434,#4435);
#3860=AXIS2_PLACEMENT_3D('',#7212,#4437,#4438);
#3861=AXIS2_PLACEMENT_3D('',#7215,#4441,#4442);
#3862=AXIS2_PLACEMENT_3D('',#7217,#4444,#4445);
#3863=AXIS2_PLACEMENT_3D('',#7223,#4449,#4450);
#3864=AXIS2_PLACEMENT_3D('',#7229,#4454,#4455);
#3865=AXIS2_PLACEMENT_3D('',#7232,#4458,#4459);
#3866=AXIS2_PLACEMENT_3D('',#7235,#4462,#4463);
#3867=AXIS2_PLACEMENT_3D('',#7237,#4465,#4466);
#3868=AXIS2_PLACEMENT_3D('',#7239,#4468,#4469);
#3869=AXIS2_PLACEMENT_3D('',#7240,#4470,#4471);
#3870=AXIS2_PLACEMENT_3D('',#7241,#4472,#4473);
#3871=AXIS2_PLACEMENT_3D('',#7250,#4478,#4479);
#3872=AXIS2_PLACEMENT_3D('',#7254,#4481,#4482);
#3873=AXIS2_PLACEMENT_3D('',#7258,#4484,#4485);
#3874=AXIS2_PLACEMENT_3D('',#7260,#4486,#4487);
#3875=AXIS2_PLACEMENT_3D('',#7261,#4488,#4489);
#3876=AXIS2_PLACEMENT_3D('',#7262,#4490,#4491);
#3877=AXIS2_PLACEMENT_3D('',#7268,#4495,#4496);
#3878=AXIS2_PLACEMENT_3D('',#7270,#4497,#4498);
#3879=AXIS2_PLACEMENT_3D('',#7272,#4500,#4501);
#3880=AXIS2_PLACEMENT_3D('',#7274,#4502,#4503);
#3881=AXIS2_PLACEMENT_3D('',#7276,#4505,#4506);
#3882=AXIS2_PLACEMENT_3D('',#7278,#4507,#4508);
#3883=AXIS2_PLACEMENT_3D('',#7280,#4510,#4511);
#3884=AXIS2_PLACEMENT_3D('',#7286,#4515,#4516);
#3885=AXIS2_PLACEMENT_3D('',#7287,#4517,#4518);
#3886=AXIS2_PLACEMENT_3D('',#7288,#4519,#4520);
#3887=AXIS2_PLACEMENT_3D('',#7290,#4521,#4522);
#3888=AXIS2_PLACEMENT_3D('',#7293,#4524,#4525);
#3889=AXIS2_PLACEMENT_3D('',#7294,#4526,#4527);
#3890=AXIS2_PLACEMENT_3D('',#7296,#4528,#4529);
#3891=AXIS2_PLACEMENT_3D('',#7298,#4531,#4532);
#3892=AXIS2_PLACEMENT_3D('',#7309,#4538,#4539);
#3893=AXIS2_PLACEMENT_3D('',#7310,#4540,#4541);
#3894=AXIS2_PLACEMENT_3D('',#7314,#4543,#4544);
#3895=AXIS2_PLACEMENT_3D('',#7316,#4545,#4546);
#3896=AXIS2_PLACEMENT_3D('',#7317,#4547,#4548);
#3897=AXIS2_PLACEMENT_3D('',#7318,#4549,#4550);
#3898=AXIS2_PLACEMENT_3D('',#7320,#4551,#4552);
#3899=AXIS2_PLACEMENT_3D('',#7322,#4553,#4554);
#3900=AXIS2_PLACEMENT_3D('',#7324,#4555,#4556);
#3901=AXIS2_PLACEMENT_3D('',#7326,#4558,#4559);
#3902=AXIS2_PLACEMENT_3D('',#7327,#4560,#4561);
#3903=AXIS2_PLACEMENT_3D('',#7329,#4563,#4564);
#3904=AXIS2_PLACEMENT_3D('',#7331,#4566,#4567);
#3905=AXIS2_PLACEMENT_3D('',#7333,#4569,#4570);
#3906=AXIS2_PLACEMENT_3D('',#7334,#4571,#4572);
#3907=AXIS2_PLACEMENT_3D('',#7336,#4573,#4574);
#3908=AXIS2_PLACEMENT_3D('',#7339,#4576,#4577);
#3909=AXIS2_PLACEMENT_3D('',#7340,#4578,#4579);
#3910=AXIS2_PLACEMENT_3D('',#7342,#4580,#4581);
#3911=AXIS2_PLACEMENT_3D('',#7344,#4583,#4584);
#3912=AXIS2_PLACEMENT_3D('',#7346,#4585,#4586);
#3913=AXIS2_PLACEMENT_3D('',#7350,#4588,#4589);
#3914=AXIS2_PLACEMENT_3D('',#7352,#4590,#4591);
#3915=AXIS2_PLACEMENT_3D('',#7354,#4592,#4593);
#3916=AXIS2_PLACEMENT_3D('',#7356,#4595,#4596);
#3917=AXIS2_PLACEMENT_3D('',#7360,#4599,#4600);
#3918=AXIS2_PLACEMENT_3D('',#7362,#4601,#4602);
#3919=AXIS2_PLACEMENT_3D('',#7366,#4604,#4605);
#3920=AXIS2_PLACEMENT_3D('',#7368,#4606,#4607);
#3921=AXIS2_PLACEMENT_3D('',#7369,#4608,#4609);
#3922=AXIS2_PLACEMENT_3D('',#7370,#4610,#4611);
#3923=AXIS2_PLACEMENT_3D('',#7375,#4615,#4616);
#3924=AXIS2_PLACEMENT_3D('',#7377,#4618,#4619);
#3925=AXIS2_PLACEMENT_3D('',#7379,#4621,#4622);
#3926=AXIS2_PLACEMENT_3D('',#7380,#4623,#4624);
#3927=AXIS2_PLACEMENT_3D('',#7382,#4625,#4626);
#3928=AXIS2_PLACEMENT_3D('',#7385,#4628,#4629);
#3929=AXIS2_PLACEMENT_3D('',#7386,#4630,#4631);
#3930=AXIS2_PLACEMENT_3D('',#7388,#4632,#4633);
#3931=AXIS2_PLACEMENT_3D('',#7390,#4635,#4636);
#3932=AXIS2_PLACEMENT_3D('',#7392,#4637,#4638);
#3933=AXIS2_PLACEMENT_3D('',#7396,#4640,#4641);
#3934=AXIS2_PLACEMENT_3D('',#7398,#4642,#4643);
#3935=AXIS2_PLACEMENT_3D('',#7400,#4644,#4645);
#3936=AXIS2_PLACEMENT_3D('',#7402,#4647,#4648);
#3937=AXIS2_PLACEMENT_3D('',#7406,#4651,#4652);
#3938=AXIS2_PLACEMENT_3D('',#7409,#4654,#4655);
#3939=AXIS2_PLACEMENT_3D('',#7410,#4656,#4657);
#3940=AXIS2_PLACEMENT_3D('',#7412,#4658,#4659);
#3941=AXIS2_PLACEMENT_3D('',#7414,#4660,#4661);
#3942=AXIS2_PLACEMENT_3D('',#7417,#4663,#4664);
#3943=AXIS2_PLACEMENT_3D('',#7418,#4665,#4666);
#3944=AXIS2_PLACEMENT_3D('',#7423,#4670,#4671);
#3945=AXIS2_PLACEMENT_3D('',#7425,#4673,#4674);
#3946=AXIS2_PLACEMENT_3D('',#7426,#4675,#4676);
#3947=AXIS2_PLACEMENT_3D('',#7428,#4677,#4678);
#3948=AXIS2_PLACEMENT_3D('',#7429,#4679,#4680);
#3949=AXIS2_PLACEMENT_3D('',#7431,#4681,#4682);
#3950=AXIS2_PLACEMENT_3D('',#7432,#4683,#4684);
#3951=AXIS2_PLACEMENT_3D('',#7434,#4685,#4686);
#3952=AXIS2_PLACEMENT_3D('',#7435,#4687,#4688);
#3953=AXIS2_PLACEMENT_3D('',#7437,#4689,#4690);
#3954=AXIS2_PLACEMENT_3D('',#7438,#4691,#4692);
#3955=AXIS2_PLACEMENT_3D('',#7440,#4693,#4694);
#3956=AXIS2_PLACEMENT_3D('',#7442,#4696,#4697);
#3957=AXIS2_PLACEMENT_3D('',#7444,#4698,#4699);
#3958=AXIS2_PLACEMENT_3D('',#7446,#4701,#4702);
#3959=AXIS2_PLACEMENT_3D('',#7447,#4703,#4704);
#3960=AXIS2_PLACEMENT_3D('',#7449,#4705,#4706);
#3961=AXIS2_PLACEMENT_3D('',#7451,#4708,#4709);
#3962=AXIS2_PLACEMENT_3D('',#7453,#4710,#4711);
#3963=AXIS2_PLACEMENT_3D('',#7455,#4713,#4714);
#3964=AXIS2_PLACEMENT_3D('',#7456,#4715,#4716);
#3965=AXIS2_PLACEMENT_3D('',#7458,#4717,#4718);
#3966=AXIS2_PLACEMENT_3D('',#7460,#4720,#4721);
#3967=AXIS2_PLACEMENT_3D('',#7462,#4722,#4723);
#3968=AXIS2_PLACEMENT_3D('',#7464,#4725,#4726);
#3969=AXIS2_PLACEMENT_3D('',#7465,#4727,#4728);
#3970=AXIS2_PLACEMENT_3D('',#7467,#4729,#4730);
#3971=AXIS2_PLACEMENT_3D('',#7469,#4732,#4733);
#3972=AXIS2_PLACEMENT_3D('',#7471,#4734,#4735);
#3973=AXIS2_PLACEMENT_3D('',#7473,#4737,#4738);
#3974=AXIS2_PLACEMENT_3D('',#7474,#4739,#4740);
#3975=AXIS2_PLACEMENT_3D('',#7477,#4742,#4743);
#3976=AXIS2_PLACEMENT_3D('',#7478,#4744,#4745);
#3977=AXIS2_PLACEMENT_3D('',#7480,#4746,#4747);
#3978=AXIS2_PLACEMENT_3D('',#7481,#4748,#4749);
#3979=AXIS2_PLACEMENT_3D('',#7484,#4751,#4752);
#3980=AXIS2_PLACEMENT_3D('',#7485,#4753,#4754);
#3981=AXIS2_PLACEMENT_3D('',#7487,#4755,#4756);
#3982=AXIS2_PLACEMENT_3D('',#7488,#4757,#4758);
#3983=AXIS2_PLACEMENT_3D('',#7491,#4760,#4761);
#3984=AXIS2_PLACEMENT_3D('',#7492,#4762,#4763);
#3985=AXIS2_PLACEMENT_3D('',#7494,#4764,#4765);
#3986=AXIS2_PLACEMENT_3D('',#7495,#4766,#4767);
#3987=AXIS2_PLACEMENT_3D('',#7498,#4769,#4770);
#3988=AXIS2_PLACEMENT_3D('',#7499,#4771,#4772);
#3989=AXIS2_PLACEMENT_3D('',#7501,#4773,#4774);
#3990=AXIS2_PLACEMENT_3D('',#7502,#4775,#4776);
#3991=AXIS2_PLACEMENT_3D('',#7505,#4778,#4779);
#3992=AXIS2_PLACEMENT_3D('',#7506,#4780,#4781);
#3993=AXIS2_PLACEMENT_3D('',#7509,#4783,#4784);
#3994=AXIS2_PLACEMENT_3D('',#7510,#4785,#4786);
#3995=AXIS2_PLACEMENT_3D('',#7513,#4788,#4789);
#3996=AXIS2_PLACEMENT_3D('',#7514,#4790,#4791);
#3997=AXIS2_PLACEMENT_3D('',#7517,#4793,#4794);
#3998=AXIS2_PLACEMENT_3D('',#7518,#4795,#4796);
#3999=AXIS2_PLACEMENT_3D('',#7549,#4801,#4802);
#4000=AXIS2_PLACEMENT_3D('',#7558,#4805,#4806);
#4001=AXIS2_PLACEMENT_3D('',#7589,#4811,#4812);
#4002=AXIS2_PLACEMENT_3D('',#7620,#4817,#4818);
#4003=AXIS2_PLACEMENT_3D('',#7632,#4822,#4823);
#4004=AXIS2_PLACEMENT_3D('',#7660,#4827,#4828);
#4005=AXIS2_PLACEMENT_3D('',#7672,#4832,#4833);
#4006=AXIS2_PLACEMENT_3D('',#7700,#4837,#4838);
#4007=AXIS2_PLACEMENT_3D('',#7712,#4842,#4843);
#4008=AXIS2_PLACEMENT_3D('',#7740,#4847,#4848);
#4009=AXIS2_PLACEMENT_3D('',#7752,#4852,#4853);
#4010=AXIS2_PLACEMENT_3D('',#7780,#4857,#4858);
#4011=AXIS2_PLACEMENT_3D('',#7792,#4862,#4863);
#4012=AXIS2_PLACEMENT_3D('',#7820,#4867,#4868);
#4013=AXIS2_PLACEMENT_3D('',#7832,#4872,#4873);
#4014=AXIS2_PLACEMENT_3D('',#7860,#4877,#4878);
#4015=AXIS2_PLACEMENT_3D('',#7867,#4882,#4883);
#4016=AXIS2_PLACEMENT_3D('',#7895,#4887,#4888);
#4017=AXIS2_PLACEMENT_3D('',#7907,#4892,#4893);
#4018=AXIS2_PLACEMENT_3D('',#7935,#4897,#4898);
#4019=AXIS2_PLACEMENT_3D('',#7947,#4902,#4903);
#4020=AXIS2_PLACEMENT_3D('',#7975,#4907,#4908);
#4021=AXIS2_PLACEMENT_3D('',#7976,#4909,#4910);
#4022=AXIS2_PLACEMENT_3D('',#7977,#4911,#4912);
#4023=AXIS2_PLACEMENT_3D('',#7978,#4913,#4914);
#4024=AXIS2_PLACEMENT_3D('',#7979,#4915,#4916);
#4025=AXIS2_PLACEMENT_3D('',#7980,#4917,#4918);
#4026=AXIS2_PLACEMENT_3D('',#7981,#4919,#4920);
#4027=AXIS2_PLACEMENT_3D('',#7982,#4921,#4922);
#4028=AXIS2_PLACEMENT_3D('',#7983,#4923,#4924);
#4029=AXIS2_PLACEMENT_3D('',#7984,#4925,#4926);
#4030=AXIS2_PLACEMENT_3D('',#7986,#4927,#4928);
#4031=AXIS2_PLACEMENT_3D('',#7988,#4929,#4930);
#4032=AXIS2_PLACEMENT_3D('',#7990,#4931,#4932);
#4033=AXIS2_PLACEMENT_3D('',#7991,#4933,#4934);
#4034=AXIS2_PLACEMENT_3D('',#7992,#4935,#4936);
#4035=AXIS2_PLACEMENT_3D('',#7993,#4937,#4938);
#4036=AXIS2_PLACEMENT_3D('',#7994,#4939,#4940);
#4037=AXIS2_PLACEMENT_3D('',#7995,#4941,#4942);
#4038=AXIS2_PLACEMENT_3D('',#7996,#4943,#4944);
#4039=AXIS2_PLACEMENT_3D('',#7997,#4945,#4946);
#4040=AXIS2_PLACEMENT_3D('',#7998,#4947,#4948);
#4041=AXIS2_PLACEMENT_3D('',#7999,#4949,#4950);
#4042=AXIS2_PLACEMENT_3D('',#8000,#4951,#4952);
#4043=AXIS2_PLACEMENT_3D('',#8001,#4953,#4954);
#4044=AXIS2_PLACEMENT_3D('',#8002,#4955,#4956);
#4045=AXIS2_PLACEMENT_3D('',#8003,#4957,#4958);
#4046=AXIS2_PLACEMENT_3D('',#8004,#4959,#4960);
#4047=AXIS2_PLACEMENT_3D('',#8005,#4961,#4962);
#4048=AXIS2_PLACEMENT_3D('',#8006,#4963,#4964);
#4049=AXIS2_PLACEMENT_3D('',#8007,#4965,#4966);
#4050=AXIS2_PLACEMENT_3D('',#8008,#4967,#4968);
#4051=AXIS2_PLACEMENT_3D('',#8009,#4969,#4970);
#4052=AXIS2_PLACEMENT_3D('',#8010,#4971,#4972);
#4053=AXIS2_PLACEMENT_3D('',#8011,#4973,#4974);
#4054=AXIS2_PLACEMENT_3D('',#8012,#4975,#4976);
#4055=AXIS2_PLACEMENT_3D('',#8013,#4977,#4978);
#4056=AXIS2_PLACEMENT_3D('',#8014,#4979,#4980);
#4057=AXIS2_PLACEMENT_3D('',#8015,#4981,#4982);
#4058=AXIS2_PLACEMENT_3D('',#8016,#4983,#4984);
#4059=AXIS2_PLACEMENT_3D('',#8017,#4985,#4986);
#4060=AXIS2_PLACEMENT_3D('',#8018,#4987,#4988);
#4061=AXIS2_PLACEMENT_3D('',#8019,#4989,#4990);
#4062=AXIS2_PLACEMENT_3D('',#8020,#4991,#4992);
#4063=AXIS2_PLACEMENT_3D('',#8021,#4993,#4994);
#4064=AXIS2_PLACEMENT_3D('',#8023,#4995,#4996);
#4065=AXIS2_PLACEMENT_3D('',#8024,#4997,#4998);
#4066=AXIS2_PLACEMENT_3D('',#8026,#4999,#5000);
#4067=AXIS2_PLACEMENT_3D('',#8027,#5001,#5002);
#4068=AXIS2_PLACEMENT_3D('',#8028,#5003,#5004);
#4069=AXIS2_PLACEMENT_3D('',#8030,#5005,#5006);
#4070=AXIS2_PLACEMENT_3D('',#8031,#5007,#5008);
#4071=AXIS2_PLACEMENT_3D('',#8032,#5009,#5010);
#4072=AXIS2_PLACEMENT_3D('',#8033,#5011,#5012);
#4073=AXIS2_PLACEMENT_3D('',#8035,#5013,#5014);
#4074=AXIS2_PLACEMENT_3D('',#8036,#5015,#5016);
#4075=AXIS2_PLACEMENT_3D('',#8037,#5017,#5018);
#4076=AXIS2_PLACEMENT_3D('',#8038,#5019,#5020);
#4077=AXIS2_PLACEMENT_3D('',#8040,#5021,#5022);
#4078=AXIS2_PLACEMENT_3D('',#8041,#5023,#5024);
#4079=AXIS2_PLACEMENT_3D('',#8042,#5025,#5026);
#4080=AXIS2_PLACEMENT_3D('',#8043,#5027,#5028);
#4081=AXIS2_PLACEMENT_3D('',#8045,#5029,#5030);
#4082=AXIS2_PLACEMENT_3D('',#8046,#5031,#5032);
#4083=AXIS2_PLACEMENT_3D('',#8047,#5033,#5034);
#4084=AXIS2_PLACEMENT_3D('',#8048,#5035,#5036);
#4085=AXIS2_PLACEMENT_3D('',#8050,#5037,#5038);
#4086=AXIS2_PLACEMENT_3D('',#8051,#5039,#5040);
#4087=AXIS2_PLACEMENT_3D('',#8052,#5041,#5042);
#4088=AXIS2_PLACEMENT_3D('',#8053,#5043,#5044);
#4089=AXIS2_PLACEMENT_3D('',#8054,#5045,#5046);
#4090=AXIS2_PLACEMENT_3D('',#8055,#5047,#5048);
#4091=AXIS2_PLACEMENT_3D('',#8056,#5049,#5050);
#4092=AXIS2_PLACEMENT_3D('',#8057,#5051,#5052);
#4093=AXIS2_PLACEMENT_3D('',#8060,#5054,#5055);
#4094=AXIS2_PLACEMENT_3D('',#8061,#5056,#5057);
#4095=AXIS2_PLACEMENT_3D('',#8062,#5058,#5059);
#4096=AXIS2_PLACEMENT_3D('',#8065,#5061,#5062);
#4097=AXIS2_PLACEMENT_3D('',#8066,#5063,#5064);
#4098=AXIS2_PLACEMENT_3D('',#8067,#5065,#5066);
#4099=AXIS2_PLACEMENT_3D('',#8070,#5068,#5069);
#4100=AXIS2_PLACEMENT_3D('',#8071,#5070,#5071);
#4101=AXIS2_PLACEMENT_3D('',#8072,#5072,#5073);
#4102=AXIS2_PLACEMENT_3D('',#8075,#5075,#5076);
#4103=AXIS2_PLACEMENT_3D('',#8076,#5077,#5078);
#4104=AXIS2_PLACEMENT_3D('',#8077,#5079,#5080);
#4105=AXIS2_PLACEMENT_3D('',#8080,#5082,#5083);
#4106=AXIS2_PLACEMENT_3D('',#8081,#5084,#5085);
#4107=AXIS2_PLACEMENT_3D('',#8082,#5086,#5087);
#4108=AXIS2_PLACEMENT_3D('',#8085,#5089,#5090);
#4109=AXIS2_PLACEMENT_3D('',#8086,#5091,#5092);
#4110=AXIS2_PLACEMENT_3D('',#8087,#5093,#5094);
#4111=AXIS2_PLACEMENT_3D('',#8090,#5096,#5097);
#4112=AXIS2_PLACEMENT_3D('',#8091,#5098,#5099);
#4113=AXIS2_PLACEMENT_3D('',#8092,#5100,#5101);
#4114=AXIS2_PLACEMENT_3D('',#8093,#5102,#5103);
#4115=AXIS2_PLACEMENT_3D('',#8094,#5104,#5105);
#4116=AXIS2_PLACEMENT_3D('',#8096,#5106,#5107);
#4117=AXIS2_PLACEMENT_3D('',#8097,#5108,#5109);
#4118=AXIS2_PLACEMENT_3D('',#8098,#5110,#5111);
#4119=AXIS2_PLACEMENT_3D('',#8101,#5112,#5113);
#4120=AXIS2_PLACEMENT_3D('',#8102,#5114,#5115);
#4121=AXIS2_PLACEMENT_3D('',#8225,#5117,#5118);
#4122=AXIS2_PLACEMENT_3D('',#8287,#5119,#5120);
#4123=AXIS2_PLACEMENT_3D('',#8288,#5121,#5122);
#4124=AXIS2_PLACEMENT_3D('',#8289,#5123,#5124);
#4125=AXIS2_PLACEMENT_3D('',#8290,#5125,#5126);
#4126=AXIS2_PLACEMENT_3D('',#8291,#5127,#5128);
#4127=AXIS2_PLACEMENT_3D('',#8382,#5129,#5130);
#4128=DIRECTION('axis',(0.,0.,1.));
#4129=DIRECTION('refdir',(1.,0.,0.));
#4130=DIRECTION('center_axis',(0.,0.,1.));
#4131=DIRECTION('ref_axis',(-1.,0.,0.));
#4132=DIRECTION('center_axis',(0.,0.,-1.));
#4133=DIRECTION('ref_axis',(-1.,0.,0.));
#4134=DIRECTION('center_axis',(0.,0.,1.));
#4135=DIRECTION('ref_axis',(-1.,0.,0.));
#4136=DIRECTION('center_axis',(0.,0.,-1.));
#4137=DIRECTION('ref_axis',(-1.,0.,0.));
#4138=DIRECTION('center_axis',(0.,0.,1.));
#4139=DIRECTION('ref_axis',(-1.,0.,0.));
#4140=DIRECTION('center_axis',(0.,0.,-1.));
#4141=DIRECTION('ref_axis',(-1.,0.,0.));
#4142=DIRECTION('center_axis',(0.,0.,1.));
#4143=DIRECTION('ref_axis',(-1.,0.,0.));
#4144=DIRECTION('center_axis',(0.,0.,-1.));
#4145=DIRECTION('ref_axis',(-1.,0.,0.));
#4146=DIRECTION('center_axis',(0.,0.,1.));
#4147=DIRECTION('ref_axis',(-1.,0.,0.));
#4148=DIRECTION('center_axis',(0.,0.,-1.));
#4149=DIRECTION('ref_axis',(-1.,0.,0.));
#4150=DIRECTION('',(0.,0.,-1.));
#4151=DIRECTION('center_axis',(0.,0.,1.));
#4152=DIRECTION('ref_axis',(-1.,0.,0.));
#4153=DIRECTION('center_axis',(0.,0.,1.));
#4154=DIRECTION('ref_axis',(-1.,0.,0.));
#4155=DIRECTION('',(0.,0.,-1.));
#4156=DIRECTION('center_axis',(3.70074341541719E-16,-4.5321035781563E-32,
-1.));
#4157=DIRECTION('ref_axis',(-1.,0.,0.));
#4158=DIRECTION('center_axis',(0.,0.,1.));
#4159=DIRECTION('ref_axis',(-1.,0.,0.));
#4160=DIRECTION('center_axis',(-3.70074341541719E-16,4.5321035781563E-32,
1.));
#4161=DIRECTION('ref_axis',(1.,0.,3.70074341541719E-16));
#4162=DIRECTION('center_axis',(3.70074341541719E-16,-4.5321035781563E-32,
-1.));
#4163=DIRECTION('ref_axis',(1.,1.67721524748506E-47,3.70074341541719E-16));
#4164=DIRECTION('center_axis',(3.70074341541719E-16,-4.5321035781563E-32,
-1.));
#4165=DIRECTION('ref_axis',(1.,1.67721524748506E-47,3.70074341541719E-16));
#4166=DIRECTION('center_axis',(3.70074341541719E-16,-4.5321035781563E-32,
-1.));
#4167=DIRECTION('ref_axis',(-1.,0.,0.));
#4168=DIRECTION('center_axis',(3.70074341541719E-16,-4.5321035781563E-32,
-1.));
#4169=DIRECTION('ref_axis',(1.,1.67721524748506E-47,3.70074341541719E-16));
#4170=DIRECTION('center_axis',(3.70074341541719E-16,-4.5321035781563E-32,
-1.));
#4171=DIRECTION('ref_axis',(-1.,0.,0.));
#4172=DIRECTION('',(1.,1.77635683940025E-15,3.70074341541719E-16));
#4173=DIRECTION('',(0.,-1.,4.5321035781563E-32));
#4174=DIRECTION('',(-1.,-1.90323946268299E-15,-3.70074341541719E-16));
#4175=DIRECTION('',(0.,1.,-4.5321035781563E-32));
#4176=DIRECTION('',(1.,0.,3.70074341541719E-16));
#4177=DIRECTION('',(0.,-1.,4.5321035781563E-32));
#4178=DIRECTION('',(-1.,0.,-3.70074341541719E-16));
#4179=DIRECTION('',(0.,-1.,4.5321035781563E-32));
#4180=DIRECTION('center_axis',(3.70074341541719E-16,-4.5321035781563E-32,
-1.));
#4181=DIRECTION('ref_axis',(-1.,0.,0.));
#4182=DIRECTION('center_axis',(3.70074341541719E-16,-4.5321035781563E-32,
-1.));
#4183=DIRECTION('ref_axis',(-1.,0.,0.));
#4184=DIRECTION('center_axis',(3.70074341541719E-16,-4.5321035781563E-32,
-1.));
#4185=DIRECTION('ref_axis',(1.,0.,0.));
#4186=DIRECTION('center_axis',(3.70074341541719E-16,-4.5321035781563E-32,
-1.));
#4187=DIRECTION('ref_axis',(1.,0.,0.));
#4188=DIRECTION('center_axis',(3.70074341541719E-16,-4.5321035781563E-32,
-1.));
#4189=DIRECTION('ref_axis',(1.,0.,0.));
#4190=DIRECTION('center_axis',(3.70074341541719E-16,-4.5321035781563E-32,
-1.));
#4191=DIRECTION('ref_axis',(1.,0.,0.));
#4192=DIRECTION('center_axis',(3.70074341541719E-16,-4.5321035781563E-32,
-1.));
#4193=DIRECTION('ref_axis',(-1.,0.,0.));
#4194=DIRECTION('center_axis',(3.70074341541719E-16,-4.5321035781563E-32,
-1.));
#4195=DIRECTION('ref_axis',(-1.,0.,0.));
#4196=DIRECTION('center_axis',(3.70074341541719E-16,-4.5321035781563E-32,
-1.));
#4197=DIRECTION('ref_axis',(-1.,0.,0.));
#4198=DIRECTION('center_axis',(3.70074341541719E-16,-4.5321035781563E-32,
-1.));
#4199=DIRECTION('ref_axis',(-1.,0.,-3.68090539916933E-16));
#4200=DIRECTION('center_axis',(-1.15028293724042E-16,-1.,2.75201572297091E-33));
#4201=DIRECTION('ref_axis',(1.,-1.15028293724042E-16,3.83427645746805E-16));
#4202=DIRECTION('center_axis',(-1.85037170770859E-16,2.26605178907815E-32,
1.));
#4203=DIRECTION('ref_axis',(-1.,0.,-1.85037170770859E-16));
#4204=DIRECTION('center_axis',(3.70074341541719E-16,-4.5321035781563E-32,
-1.));
#4205=DIRECTION('ref_axis',(1.,1.67721524748506E-47,3.70074341541719E-16));
#4206=DIRECTION('center_axis',(-1.85037170770859E-16,2.26605178907815E-32,
1.));
#4207=DIRECTION('ref_axis',(-1.,0.,-1.85037170770859E-16));
#4208=DIRECTION('center_axis',(0.,0.,1.));
#4209=DIRECTION('ref_axis',(-1.,0.,0.));
#4210=DIRECTION('center_axis',(0.,0.,-1.));
#4211=DIRECTION('ref_axis',(-1.,0.,0.));
#4212=DIRECTION('',(0.,0.,-1.));
#4213=DIRECTION('center_axis',(0.,0.,1.));
#4214=DIRECTION('ref_axis',(-1.,0.,0.));
#4215=DIRECTION('center_axis',(0.,0.,1.));
#4216=DIRECTION('ref_axis',(-1.,0.,0.));
#4217=DIRECTION('',(0.,0.,-1.));
#4218=DIRECTION('center_axis',(0.,0.,1.));
#4219=DIRECTION('ref_axis',(-1.,0.,0.));
#4220=DIRECTION('center_axis',(0.,0.,1.));
#4221=DIRECTION('ref_axis',(-1.,0.,0.));
#4222=DIRECTION('center_axis',(0.,0.,-1.));
#4223=DIRECTION('ref_axis',(-1.,0.,0.));
#4224=DIRECTION('',(0.,0.,-1.));
#4225=DIRECTION('center_axis',(0.,0.,1.));
#4226=DIRECTION('ref_axis',(-1.,0.,0.));
#4227=DIRECTION('center_axis',(0.,0.,1.));
#4228=DIRECTION('ref_axis',(-1.,0.,0.));
#4229=DIRECTION('',(0.,0.,-1.));
#4230=DIRECTION('center_axis',(0.,0.,1.));
#4231=DIRECTION('ref_axis',(-1.,0.,0.));
#4232=DIRECTION('center_axis',(0.,0.,1.));
#4233=DIRECTION('ref_axis',(-1.,0.,0.));
#4234=DIRECTION('center_axis',(0.,0.,-1.));
#4235=DIRECTION('ref_axis',(-1.,0.,0.));
#4236=DIRECTION('',(0.,0.,-1.));
#4237=DIRECTION('center_axis',(0.,0.,1.));
#4238=DIRECTION('ref_axis',(-1.,0.,0.));
#4239=DIRECTION('center_axis',(0.,0.,1.));
#4240=DIRECTION('ref_axis',(-1.,0.,0.));
#4241=DIRECTION('',(0.,0.,-1.));
#4242=DIRECTION('center_axis',(0.,0.,1.));
#4243=DIRECTION('ref_axis',(-1.,0.,0.));
#4244=DIRECTION('center_axis',(1.,0.,0.));
#4245=DIRECTION('ref_axis',(0.,1.,0.));
#4246=DIRECTION('',(1.,0.,0.));
#4247=DIRECTION('center_axis',(3.70074341541719E-16,-4.5321035781563E-32,
-1.));
#4248=DIRECTION('ref_axis',(1.,1.67721524748506E-47,3.70074341541719E-16));
#4249=DIRECTION('center_axis',(3.70074341541719E-16,-4.5321035781563E-32,
-1.));
#4250=DIRECTION('ref_axis',(1.,1.67721524748506E-47,3.70074341541719E-16));
#4251=DIRECTION('center_axis',(3.70074341541719E-16,-4.5321035781563E-32,
-1.));
#4252=DIRECTION('ref_axis',(1.,1.67721524748506E-47,3.70074341541719E-16));
#4253=DIRECTION('center_axis',(3.70074341541719E-16,-4.5321035781563E-32,
-1.));
#4254=DIRECTION('ref_axis',(1.,1.67721524748506E-47,3.70074341541719E-16));
#4255=DIRECTION('center_axis',(3.70074341541719E-16,-4.5321035781563E-32,
-1.));
#4256=DIRECTION('ref_axis',(1.,1.67721524748506E-47,3.70074341541719E-16));
#4257=DIRECTION('center_axis',(3.70074341541719E-16,-4.5321035781563E-32,
-1.));
#4258=DIRECTION('ref_axis',(1.,1.67721524748506E-47,3.70074341541719E-16));
#4259=DIRECTION('center_axis',(3.70074341541719E-16,-4.5321035781563E-32,
-1.));
#4260=DIRECTION('ref_axis',(1.,1.67721524748506E-47,3.70074341541719E-16));
#4261=DIRECTION('center_axis',(3.70074341541719E-16,-4.5321035781563E-32,
-1.));
#4262=DIRECTION('ref_axis',(1.,1.67721524748506E-47,3.70074341541719E-16));
#4263=DIRECTION('center_axis',(3.70074341541719E-16,-4.5321035781563E-32,
-1.));
#4264=DIRECTION('ref_axis',(-1.,0.,-4.13201107266635E-16));
#4265=DIRECTION('center_axis',(-1.29125346020823E-16,-1.,-2.46494162343979E-33));
#4266=DIRECTION('ref_axis',(1.,-1.29125346020823E-16,3.68929560059495E-16));
#4267=DIRECTION('center_axis',(3.70074341541719E-16,-4.5321035781563E-32,
-1.));
#4268=DIRECTION('ref_axis',(1.,1.67721524748506E-47,3.70074341541719E-16));
#4269=DIRECTION('center_axis',(3.70074341541719E-16,-4.5321035781563E-32,
-1.));
#4270=DIRECTION('ref_axis',(1.,1.67721524748506E-47,3.70074341541719E-16));
#4271=DIRECTION('center_axis',(3.70074341541719E-16,-4.5321035781563E-32,
-1.));
#4272=DIRECTION('ref_axis',(1.,1.67721524748506E-47,3.70074341541719E-16));
#4273=DIRECTION('center_axis',(3.70074341541719E-16,-4.5321035781563E-32,
-1.));
#4274=DIRECTION('ref_axis',(1.,1.67721524748506E-47,3.70074341541719E-16));
#4275=DIRECTION('center_axis',(3.70074341541719E-16,-4.5321035781563E-32,
-1.));
#4276=DIRECTION('ref_axis',(1.,1.67721524748506E-47,3.70074341541719E-16));
#4277=DIRECTION('center_axis',(3.70074341541719E-16,-4.5321035781563E-32,
-1.));
#4278=DIRECTION('ref_axis',(1.,1.67721524748506E-47,3.70074341541719E-16));
#4279=DIRECTION('center_axis',(3.70074341541719E-16,-4.5321035781563E-32,
-1.));
#4280=DIRECTION('ref_axis',(1.,1.67721524748506E-47,3.70074341541719E-16));
#4281=DIRECTION('center_axis',(0.,-1.,0.));
#4282=DIRECTION('ref_axis',(-1.,0.,0.));
#4283=DIRECTION('',(0.,-1.,0.));
#4284=DIRECTION('',(0.,-1.,0.));
#4285=DIRECTION('center_axis',(1.,0.,3.17206578464331E-16));
#4286=DIRECTION('ref_axis',(-3.17206578464331E-16,0.,1.));
#4287=DIRECTION('',(0.,-1.,0.));
#4288=DIRECTION('center_axis',(-1.,0.,0.));
#4289=DIRECTION('ref_axis',(0.,0.,-1.));
#4290=DIRECTION('',(0.,-1.,0.));
#4291=DIRECTION('center_axis',(0.,-1.,0.));
#4292=DIRECTION('ref_axis',(1.,0.,0.));
#4293=DIRECTION('center_axis',(0.,-1.,0.));
#4294=DIRECTION('ref_axis',(-1.,0.,0.));
#4295=DIRECTION('',(0.,-1.,0.));
#4296=DIRECTION('',(0.,-1.,0.));
#4297=DIRECTION('center_axis',(1.,0.,0.));
#4298=DIRECTION('ref_axis',(0.,0.,1.));
#4299=DIRECTION('',(0.,-1.,0.));
#4300=DIRECTION('center_axis',(-1.,0.,0.));
#4301=DIRECTION('ref_axis',(0.,0.,-1.));
#4302=DIRECTION('',(0.,-1.,0.));
#4303=DIRECTION('center_axis',(0.,-1.,0.));
#4304=DIRECTION('ref_axis',(1.,0.,0.));
#4305=DIRECTION('center_axis',(0.,-1.,0.));
#4306=DIRECTION('ref_axis',(-1.,0.,0.));
#4307=DIRECTION('',(0.,-1.,0.));
#4308=DIRECTION('',(0.,-1.,0.));
#4309=DIRECTION('center_axis',(1.,0.,0.));
#4310=DIRECTION('ref_axis',(0.,0.,1.));
#4311=DIRECTION('',(0.,-1.,0.));
#4312=DIRECTION('center_axis',(-1.,0.,0.));
#4313=DIRECTION('ref_axis',(0.,0.,-1.));
#4314=DIRECTION('',(0.,-1.,0.));
#4315=DIRECTION('center_axis',(0.,-1.,0.));
#4316=DIRECTION('ref_axis',(1.,0.,0.));
#4317=DIRECTION('center_axis',(0.,-1.,0.));
#4318=DIRECTION('ref_axis',(-1.,0.,8.8817841970012E-15));
#4319=DIRECTION('',(0.,-1.,0.));
#4320=DIRECTION('',(0.,-1.,0.));
#4321=DIRECTION('center_axis',(1.,0.,0.));
#4322=DIRECTION('ref_axis',(0.,0.,1.));
#4323=DIRECTION('',(0.,-1.,0.));
#4324=DIRECTION('center_axis',(-1.,0.,0.));
#4325=DIRECTION('ref_axis',(0.,0.,-1.));
#4326=DIRECTION('',(0.,-1.,0.));
#4327=DIRECTION('center_axis',(0.,-1.,0.));
#4328=DIRECTION('ref_axis',(1.,0.,0.));
#4329=DIRECTION('center_axis',(0.,-1.,0.));
#4330=DIRECTION('ref_axis',(-1.,0.,8.8817841970012E-15));
#4331=DIRECTION('',(0.,-1.,0.));
#4332=DIRECTION('',(0.,-1.,0.));
#4333=DIRECTION('center_axis',(1.,0.,0.));
#4334=DIRECTION('ref_axis',(0.,0.,1.));
#4335=DIRECTION('',(0.,-1.,0.));
#4336=DIRECTION('center_axis',(-1.,0.,0.));
#4337=DIRECTION('ref_axis',(0.,0.,-1.));
#4338=DIRECTION('',(0.,-1.,0.));
#4339=DIRECTION('center_axis',(0.,-1.,0.));
#4340=DIRECTION('ref_axis',(1.,0.,0.));
#4341=DIRECTION('center_axis',(-1.77635683940025E-15,1.,0.));
#4342=DIRECTION('ref_axis',(-1.,-1.77635683940025E-15,0.));
#4343=DIRECTION('',(0.,0.,1.));
#4344=DIRECTION('',(-1.,-1.77635683940025E-15,0.));
#4345=DIRECTION('',(0.,0.,1.));
#4346=DIRECTION('center_axis',(1.,0.,0.));
#4347=DIRECTION('ref_axis',(0.,1.,0.));
#4348=DIRECTION('',(0.,1.,0.));
#4349=DIRECTION('',(0.,0.,1.));
#4350=DIRECTION('center_axis',(1.90323946268299E-15,-1.,0.));
#4351=DIRECTION('ref_axis',(1.,1.90323946268299E-15,0.));
#4352=DIRECTION('',(1.,1.90323946268299E-15,0.));
#4353=DIRECTION('',(0.,0.,1.));
#4354=DIRECTION('center_axis',(-1.,0.,0.));
#4355=DIRECTION('ref_axis',(0.,-1.,0.));
#4356=DIRECTION('',(0.,-1.,0.));
#4357=DIRECTION('',(0.,0.,1.));
#4358=DIRECTION('center_axis',(0.,1.,0.));
#4359=DIRECTION('ref_axis',(-1.,0.,0.));
#4360=DIRECTION('',(-1.,0.,0.));
#4361=DIRECTION('',(0.,0.,1.));
#4362=DIRECTION('center_axis',(1.,0.,0.));
#4363=DIRECTION('ref_axis',(0.,1.,0.));
#4364=DIRECTION('',(0.,1.,0.));
#4365=DIRECTION('',(0.,0.,1.));
#4366=DIRECTION('center_axis',(0.,-1.,0.));
#4367=DIRECTION('ref_axis',(1.,0.,0.));
#4368=DIRECTION('',(1.,0.,0.));
#4369=DIRECTION('',(0.,0.,1.));
#4370=DIRECTION('center_axis',(1.,0.,0.));
#4371=DIRECTION('ref_axis',(0.,1.,0.));
#4372=DIRECTION('',(0.,1.,0.));
#4373=DIRECTION('center_axis',(0.,0.,1.));
#4374=DIRECTION('ref_axis',(1.,0.,0.));
#4375=DIRECTION('',(0.851680909364948,-1.73808917153097E-15,0.524060710818217));
#4376=DIRECTION('center_axis',(0.,0.,1.));
#4377=DIRECTION('ref_axis',(0.,-1.,0.));
#4378=DIRECTION('',(0.,1.,0.));
#4379=DIRECTION('center_axis',(0.,-1.,0.));
#4380=DIRECTION('ref_axis',(0.,0.,-1.));
#4381=DIRECTION('',(1.,0.,0.));
#4382=DIRECTION('',(0.,0.,-1.));
#4383=DIRECTION('center_axis',(0.,0.,-1.));
#4384=DIRECTION('ref_axis',(0.,1.,0.));
#4385=DIRECTION('',(1.,0.,0.));
#4386=DIRECTION('',(0.,1.,0.));
#4387=DIRECTION('center_axis',(0.,1.,0.));
#4388=DIRECTION('ref_axis',(0.,0.,1.));
#4389=DIRECTION('',(0.,0.,1.));
#4390=DIRECTION('center_axis',(0.,1.,0.));
#4391=DIRECTION('ref_axis',(0.,0.,1.));
#4392=DIRECTION('',(0.,0.,-1.));
#4393=DIRECTION('center_axis',(1.,0.,0.));
#4394=DIRECTION('ref_axis',(0.,2.7755575615629E-15,1.));
#4395=DIRECTION('center_axis',(-1.,0.,0.));
#4396=DIRECTION('ref_axis',(0.,2.7755575615629E-15,1.));
#4397=DIRECTION('',(1.,0.,0.));
#4398=DIRECTION('center_axis',(-1.,0.,0.));
#4399=DIRECTION('ref_axis',(0.,2.7755575615629E-15,1.));
#4400=DIRECTION('',(1.,0.,0.));
#4401=DIRECTION('center_axis',(0.,1.,-7.93016233615556E-15));
#4402=DIRECTION('ref_axis',(0.,7.93016233615556E-15,1.));
#4403=DIRECTION('',(0.,7.93016233615556E-15,1.));
#4404=DIRECTION('',(0.,7.93016233615556E-15,1.));
#4405=DIRECTION('',(1.,0.,0.));
#4406=DIRECTION('center_axis',(1.,0.,0.));
#4407=DIRECTION('ref_axis',(0.,-1.,5.5511151231258E-15));
#4408=DIRECTION('center_axis',(-1.,0.,0.));
#4409=DIRECTION('ref_axis',(0.,-1.,5.5511151231258E-15));
#4410=DIRECTION('center_axis',(-1.,0.,0.));
#4411=DIRECTION('ref_axis',(0.,-1.,5.5511151231258E-15));
#4412=DIRECTION('',(1.,0.,0.));
#4413=DIRECTION('center_axis',(0.,0.,1.));
#4414=DIRECTION('ref_axis',(0.,-1.,0.));
#4415=DIRECTION('',(0.,-1.,0.));
#4416=DIRECTION('',(0.,-1.,0.));
#4417=DIRECTION('',(1.,0.,0.));
#4418=DIRECTION('center_axis',(1.,0.,0.));
#4419=DIRECTION('ref_axis',(0.,-2.7755575615629E-15,-1.));
#4420=DIRECTION('center_axis',(-1.,0.,0.));
#4421=DIRECTION('ref_axis',(0.,-2.7755575615629E-15,-1.));
#4422=DIRECTION('center_axis',(-1.,0.,0.));
#4423=DIRECTION('ref_axis',(0.,-2.7755575615629E-15,-1.));
#4424=DIRECTION('',(1.,0.,0.));
#4425=DIRECTION('center_axis',(0.,-1.,1.58603246723111E-14));
#4426=DIRECTION('ref_axis',(0.,-1.58603246723111E-14,-1.));
#4427=DIRECTION('',(0.,-1.58603246723111E-14,-1.));
#4428=DIRECTION('',(0.,-1.58603246723111E-14,-1.));
#4429=DIRECTION('',(1.,0.,0.));
#4430=DIRECTION('center_axis',(1.,0.,0.));
#4431=DIRECTION('ref_axis',(0.,1.,-5.55111512312579E-15));
#4432=DIRECTION('center_axis',(-1.,0.,0.));
#4433=DIRECTION('ref_axis',(0.,1.,-5.55111512312579E-15));
#4434=DIRECTION('center_axis',(-1.,0.,0.));
#4435=DIRECTION('ref_axis',(0.,1.,-5.55111512312579E-15));
#4436=DIRECTION('',(1.,0.,0.));
#4437=DIRECTION('center_axis',(0.,0.,-1.));
#4438=DIRECTION('ref_axis',(0.,1.,0.));
#4439=DIRECTION('',(0.,1.,0.));
#4440=DIRECTION('',(0.,1.,0.));
#4441=DIRECTION('center_axis',(0.,-1.,0.));
#4442=DIRECTION('ref_axis',(0.,0.,-1.));
#4443=DIRECTION('',(0.,0.,-1.));
#4444=DIRECTION('center_axis',(1.,0.,0.));
#4445=DIRECTION('ref_axis',(0.,1.,0.));
#4446=DIRECTION('',(0.,0.,-1.));
#4447=DIRECTION('',(0.,1.,0.));
#4448=DIRECTION('',(0.,0.,1.));
#4449=DIRECTION('center_axis',(1.,0.,0.));
#4450=DIRECTION('ref_axis',(0.,1.,0.));
#4451=DIRECTION('',(0.,1.,0.));
#4452=DIRECTION('',(0.,0.,-1.));
#4453=DIRECTION('',(0.,0.,1.));
#4454=DIRECTION('center_axis',(0.,0.,1.));
#4455=DIRECTION('ref_axis',(0.,-1.,0.));
#4456=DIRECTION('',(1.,0.,0.));
#4457=DIRECTION('',(1.,0.,0.));
#4458=DIRECTION('center_axis',(0.,-1.,0.));
#4459=DIRECTION('ref_axis',(0.,0.,-1.));
#4460=DIRECTION('',(-1.,0.,0.));
#4461=DIRECTION('',(-0.60481053718304,0.,-0.796369395514646));
#4462=DIRECTION('center_axis',(0.,0.,-1.));
#4463=DIRECTION('ref_axis',(0.,1.,0.));
#4464=DIRECTION('',(-1.,0.,0.));
#4465=DIRECTION('center_axis',(0.,1.,0.));
#4466=DIRECTION('ref_axis',(0.,0.,1.));
#4467=DIRECTION('',(0.604810537355034,0.,0.796369395384024));
#4468=DIRECTION('center_axis',(0.,1.,0.));
#4469=DIRECTION('ref_axis',(0.,0.,1.));
#4470=DIRECTION('center_axis',(0.,-1.,0.));
#4471=DIRECTION('ref_axis',(0.,0.,-1.));
#4472=DIRECTION('center_axis',(5.73122238556322E-7,-0.999999999999836,0.));
#4473=DIRECTION('ref_axis',(0.,0.,1.));
#4474=DIRECTION('',(0.,0.,-1.));
#4475=DIRECTION('',(-0.999999999999836,-5.73122238556322E-7,0.));
#4476=DIRECTION('',(0.,0.,1.));
#4477=DIRECTION('',(0.999999999999836,5.73122238556322E-7,0.));
#4478=DIRECTION('center_axis',(0.,0.,1.));
#4479=DIRECTION('ref_axis',(1.,0.,0.));
#4480=DIRECTION('',(-2.19851824528945E-16,-1.,0.));
#4481=DIRECTION('center_axis',(3.70074341541719E-16,-4.5321035781563E-32,
-1.));
#4482=DIRECTION('ref_axis',(1.,1.67721524748506E-47,3.70074341541719E-16));
#4483=DIRECTION('',(-1.,2.56493795172388E-16,0.));
#4484=DIRECTION('center_axis',(0.,0.,-1.));
#4485=DIRECTION('ref_axis',(0.995663936678011,-0.0930232508507736,0.));
#4486=DIRECTION('center_axis',(0.,0.,-1.));
#4487=DIRECTION('ref_axis',(0.0930238264510857,-0.995663882900449,0.));
#4488=DIRECTION('center_axis',(0.,0.,-1.));
#4489=DIRECTION('ref_axis',(-0.999999999999836,-5.73122292735097E-7,0.));
#4490=DIRECTION('center_axis',(1.,-2.19851824528945E-16,0.));
#4491=DIRECTION('ref_axis',(0.,0.,-1.));
#4492=DIRECTION('',(2.19851824528945E-16,1.,0.));
#4493=DIRECTION('',(2.19851824528945E-16,1.,3.60404834177317E-32));
#4494=DIRECTION('',(0.,1.34237390980752E-6,-0.999999999999099));
#4495=DIRECTION('center_axis',(0.,0.,1.));
#4496=DIRECTION('ref_axis',(-0.999999999999836,-5.73122292735097E-7,0.));
#4497=DIRECTION('center_axis',(0.,0.,-1.));
#4498=DIRECTION('ref_axis',(-0.999999999999836,-5.73122292735097E-7,0.));
#4499=DIRECTION('',(0.,0.,1.));
#4500=DIRECTION('center_axis',(0.,0.,1.));
#4501=DIRECTION('ref_axis',(0.0930238264510857,-0.995663882900449,0.));
#4502=DIRECTION('center_axis',(0.,0.,-1.));
#4503=DIRECTION('ref_axis',(0.0930238264510857,-0.995663882900449,0.));
#4504=DIRECTION('',(0.,0.,1.));
#4505=DIRECTION('center_axis',(0.,0.,1.));
#4506=DIRECTION('ref_axis',(0.995663936678011,-0.0930232508507736,0.));
#4507=DIRECTION('center_axis',(0.,0.,-1.));
#4508=DIRECTION('ref_axis',(0.995663936678011,-0.0930232508507736,0.));
#4509=DIRECTION('',(0.,0.,1.));
#4510=DIRECTION('center_axis',(-2.56493795172388E-16,-1.,0.));
#4511=DIRECTION('ref_axis',(0.,0.,-1.));
#4512=DIRECTION('',(1.34237391662845E-6,0.,0.999999999999099));
#4513=DIRECTION('',(1.,-2.56493795172388E-16,3.70074341541719E-16));
#4514=DIRECTION('',(1.,-2.56493795172388E-16,0.));
#4515=DIRECTION('center_axis',(0.,0.,1.));
#4516=DIRECTION('ref_axis',(1.,0.,0.));
#4517=DIRECTION('center_axis',(3.70074341541719E-16,-4.5321035781563E-32,
-1.));
#4518=DIRECTION('ref_axis',(1.,1.67721524748506E-47,3.70074341541719E-16));
#4519=DIRECTION('center_axis',(-3.70074341541719E-16,4.5321035781563E-32,
1.));
#4520=DIRECTION('ref_axis',(1.,0.,3.70074341541719E-16));
#4521=DIRECTION('center_axis',(3.70074341541719E-16,-4.5321035781563E-32,
-1.));
#4522=DIRECTION('ref_axis',(1.,1.67721524748506E-47,3.70074341541719E-16));
#4523=DIRECTION('',(-1.,1.46567883019297E-16,-3.70074341541719E-16));
#4524=DIRECTION('center_axis',(3.70074341541719E-16,-4.5321035781563E-32,
-1.));
#4525=DIRECTION('ref_axis',(1.,1.67721524748506E-47,3.70074341541719E-16));
#4526=DIRECTION('center_axis',(-3.70074341541719E-16,4.5321035781563E-32,
1.));
#4527=DIRECTION('ref_axis',(1.,-1.23416610809398E-16,3.70249832428194E-16));
#4528=DIRECTION('center_axis',(3.70074341541719E-16,-4.5321035781563E-32,
-1.));
#4529=DIRECTION('ref_axis',(1.,1.67721524748506E-47,3.70074341541719E-16));
#4530=DIRECTION('',(-1.34237392538807E-6,0.,-0.999999999999099));
#4531=DIRECTION('center_axis',(1.,-2.19851824528945E-16,0.));
#4532=DIRECTION('ref_axis',(0.,0.,-1.));
#4533=DIRECTION('',(-2.19851824528945E-16,-1.,0.));
#4534=DIRECTION('',(0.,1.34237391428593E-6,0.999999999999099));
#4535=DIRECTION('',(2.19851824528945E-16,1.,3.60404834177317E-32));
#4536=DIRECTION('',(2.19851824528945E-16,1.,0.));
#4537=DIRECTION('',(0.,0.,1.));
#4538=DIRECTION('center_axis',(0.,0.,1.));
#4539=DIRECTION('ref_axis',(1.,0.,0.));
#4540=DIRECTION('center_axis',(3.70074341541719E-16,-4.5321035781563E-32,
-1.));
#4541=DIRECTION('ref_axis',(1.,1.67721524748506E-47,3.70074341541719E-16));
#4542=DIRECTION('',(-1.,1.46567883019297E-16,0.));
#4543=DIRECTION('center_axis',(0.,0.,-1.));
#4544=DIRECTION('ref_axis',(3.55271367880048E-15,-1.,0.));
#4545=DIRECTION('center_axis',(0.,0.,-1.));
#4546=DIRECTION('ref_axis',(0.995663936120639,0.0930232568165445,0.));
#4547=DIRECTION('center_axis',(0.,0.,-1.));
#4548=DIRECTION('ref_axis',(0.0930232548088524,0.995663936308214,0.));
#4549=DIRECTION('center_axis',(0.,0.,1.));
#4550=DIRECTION('ref_axis',(1.,0.,0.));
#4551=DIRECTION('center_axis',(0.,0.,-1.));
#4552=DIRECTION('ref_axis',(0.0930232548088524,0.995663936308214,0.));
#4553=DIRECTION('center_axis',(0.,0.,-1.));
#4554=DIRECTION('ref_axis',(0.995663936120639,0.0930232568165445,0.));
#4555=DIRECTION('center_axis',(0.,0.,-1.));
#4556=DIRECTION('ref_axis',(3.55271367880048E-15,-1.,0.));
#4557=DIRECTION('',(1.,-1.46567883019297E-16,0.));
#4558=DIRECTION('center_axis',(3.70074341541719E-16,-4.5321035781563E-32,
-1.));
#4559=DIRECTION('ref_axis',(1.,1.67721524748506E-47,3.70074341541719E-16));
#4560=DIRECTION('center_axis',(0.,0.,1.));
#4561=DIRECTION('ref_axis',(0.0930232548088524,0.995663936308214,0.));
#4562=DIRECTION('',(0.,0.,1.));
#4563=DIRECTION('center_axis',(0.,0.,1.));
#4564=DIRECTION('ref_axis',(0.995663936120639,0.0930232568165445,0.));
#4565=DIRECTION('',(0.,0.,1.));
#4566=DIRECTION('center_axis',(0.,0.,1.));
#4567=DIRECTION('ref_axis',(3.55271367880048E-15,-1.,0.));
#4568=DIRECTION('',(0.,0.,1.));
#4569=DIRECTION('center_axis',(1.46567883019297E-16,1.,0.));
#4570=DIRECTION('ref_axis',(0.,0.,1.));
#4571=DIRECTION('center_axis',(-3.70074341541719E-16,4.5321035781563E-32,
1.));
#4572=DIRECTION('ref_axis',(1.,0.,3.70074341541719E-16));
#4573=DIRECTION('center_axis',(3.70074341541719E-16,-4.5321035781563E-32,
-1.));
#4574=DIRECTION('ref_axis',(1.,1.67721524748506E-47,3.70074341541719E-16));
#4575=DIRECTION('',(-1.4656788295565E-16,-1.,-8.91997699441292E-33));
#4576=DIRECTION('center_axis',(3.70074341541719E-16,-4.5321035781563E-32,
-1.));
#4577=DIRECTION('ref_axis',(1.,1.67721524748506E-47,3.70074341541719E-16));
#4578=DIRECTION('center_axis',(-3.70074341541719E-16,4.5321035781563E-32,
1.));
#4579=DIRECTION('ref_axis',(1.,-1.23416610809398E-16,3.70249832428194E-16));
#4580=DIRECTION('center_axis',(3.70074341541719E-16,-4.5321035781563E-32,
-1.));
#4581=DIRECTION('ref_axis',(1.,1.67721524748506E-47,3.70074341541719E-16));
#4582=DIRECTION('',(0.,-1.34237390520063E-6,-0.999999999999099));
#4583=DIRECTION('center_axis',(0.,0.,1.));
#4584=DIRECTION('ref_axis',(1.,0.,0.));
#4585=DIRECTION('center_axis',(3.70074341541719E-16,-4.5321035781563E-32,
-1.));
#4586=DIRECTION('ref_axis',(1.,1.67721524748506E-47,3.70074341541719E-16));
#4587=DIRECTION('',(-1.4656788295565E-16,-1.,0.));
#4588=DIRECTION('center_axis',(0.,0.,-1.));
#4589=DIRECTION('ref_axis',(1.,0.,0.));
#4590=DIRECTION('center_axis',(0.,0.,-1.));
#4591=DIRECTION('ref_axis',(-0.0930232568165442,0.995663936120639,0.));
#4592=DIRECTION('center_axis',(0.,0.,-1.));
#4593=DIRECTION('ref_axis',(-0.995663936308214,0.093023254808851,0.));
#4594=DIRECTION('',(-1.,1.46567883019297E-16,0.));
#4595=DIRECTION('center_axis',(-1.,1.4656788295565E-16,0.));
#4596=DIRECTION('ref_axis',(0.,0.,1.));
#4597=DIRECTION('',(1.4656788295565E-16,1.,0.));
#4598=DIRECTION('',(0.,0.,1.));
#4599=DIRECTION('center_axis',(0.,0.,1.));
#4600=DIRECTION('ref_axis',(1.,0.,0.));
#4601=DIRECTION('center_axis',(3.70074341541719E-16,-4.5321035781563E-32,
-1.));
#4602=DIRECTION('ref_axis',(1.,1.67721524748506E-47,3.70074341541719E-16));
#4603=DIRECTION('',(1.,-1.46567883019297E-16,0.));
#4604=DIRECTION('center_axis',(0.,0.,-1.));
#4605=DIRECTION('ref_axis',(-0.995663936308214,0.093023254808851,0.));
#4606=DIRECTION('center_axis',(0.,0.,-1.));
#4607=DIRECTION('ref_axis',(-0.0930232568165442,0.995663936120639,0.));
#4608=DIRECTION('center_axis',(0.,0.,-1.));
#4609=DIRECTION('ref_axis',(1.,0.,0.));
#4610=DIRECTION('center_axis',(1.46567883019297E-16,1.,0.));
#4611=DIRECTION('ref_axis',(0.,0.,1.));
#4612=DIRECTION('',(0.,0.,1.));
#4613=DIRECTION('',(-1.34237392312876E-6,0.,0.999999999999099));
#4614=DIRECTION('',(-1.,1.46567883019297E-16,-3.70074341541719E-16));
#4615=DIRECTION('center_axis',(0.,0.,1.));
#4616=DIRECTION('ref_axis',(1.,0.,0.));
#4617=DIRECTION('',(0.,0.,1.));
#4618=DIRECTION('center_axis',(0.,0.,1.));
#4619=DIRECTION('ref_axis',(-0.0930232568165442,0.995663936120639,0.));
#4620=DIRECTION('',(0.,0.,1.));
#4621=DIRECTION('center_axis',(0.,0.,1.));
#4622=DIRECTION('ref_axis',(-0.995663936308214,0.093023254808851,0.));
#4623=DIRECTION('center_axis',(-3.70074341541719E-16,4.5321035781563E-32,
1.));
#4624=DIRECTION('ref_axis',(1.,-1.23416610809398E-16,3.70249832428194E-16));
#4625=DIRECTION('center_axis',(3.70074341541719E-16,-4.5321035781563E-32,
-1.));
#4626=DIRECTION('ref_axis',(1.,1.67721524748506E-47,3.70074341541719E-16));
#4627=DIRECTION('',(0.,-1.34237393093043E-6,0.999999999999099));
#4628=DIRECTION('center_axis',(3.70074341541719E-16,-4.5321035781563E-32,
-1.));
#4629=DIRECTION('ref_axis',(1.,1.67721524748506E-47,3.70074341541719E-16));
#4630=DIRECTION('center_axis',(-3.70074341541719E-16,4.5321035781563E-32,
1.));
#4631=DIRECTION('ref_axis',(1.,0.,3.70074341541719E-16));
#4632=DIRECTION('center_axis',(3.70074341541719E-16,-4.5321035781563E-32,
-1.));
#4633=DIRECTION('ref_axis',(1.,1.67721524748506E-47,3.70074341541719E-16));
#4634=DIRECTION('',(-1.4656788295565E-16,-1.,-8.91997699441292E-33));
#4635=DIRECTION('center_axis',(0.,0.,1.));
#4636=DIRECTION('ref_axis',(1.,0.,0.));
#4637=DIRECTION('center_axis',(3.70074341541719E-16,-4.5321035781563E-32,
-1.));
#4638=DIRECTION('ref_axis',(1.,1.67721524748506E-47,3.70074341541719E-16));
#4639=DIRECTION('',(1.,-2.56493795172388E-16,0.));
#4640=DIRECTION('center_axis',(0.,0.,-1.));
#4641=DIRECTION('ref_axis',(-5.3290705182007E-15,1.,0.));
#4642=DIRECTION('center_axis',(0.,0.,-1.));
#4643=DIRECTION('ref_axis',(-0.995663936120639,-0.0930232568165439,0.));
#4644=DIRECTION('center_axis',(0.,0.,-1.));
#4645=DIRECTION('ref_axis',(-0.0930226851767741,-0.995663989527844,0.));
#4646=DIRECTION('',(-1.4656788295565E-16,-1.,0.));
#4647=DIRECTION('center_axis',(-1.,1.4656788295565E-16,0.));
#4648=DIRECTION('ref_axis',(0.,0.,1.));
#4649=DIRECTION('',(0.,0.,-1.));
#4650=DIRECTION('',(1.4656788295565E-16,1.,0.));
#4651=DIRECTION('center_axis',(0.,0.,1.));
#4652=DIRECTION('ref_axis',(-0.0930226851767741,-0.995663989527844,0.));
#4653=DIRECTION('',(0.,0.,1.));
#4654=DIRECTION('center_axis',(0.,0.,-1.));
#4655=DIRECTION('ref_axis',(-0.0930226851767741,-0.995663989527844,0.));
#4656=DIRECTION('center_axis',(0.,0.,1.));
#4657=DIRECTION('ref_axis',(1.,0.,0.));
#4658=DIRECTION('center_axis',(0.,0.,-1.));
#4659=DIRECTION('ref_axis',(-0.995663936120639,-0.0930232568165439,0.));
#4660=DIRECTION('center_axis',(0.,0.,-1.));
#4661=DIRECTION('ref_axis',(-5.3290705182007E-15,1.,0.));
#4662=DIRECTION('',(-1.,2.56493795172388E-16,0.));
#4663=DIRECTION('center_axis',(3.70074341541719E-16,-4.5321035781563E-32,
-1.));
#4664=DIRECTION('ref_axis',(1.,1.67721524748506E-47,3.70074341541719E-16));
#4665=DIRECTION('center_axis',(-2.56493795172388E-16,-1.,0.));
#4666=DIRECTION('ref_axis',(0.,0.,-1.));
#4667=DIRECTION('',(0.,0.,1.));
#4668=DIRECTION('',(1.,-2.56493795172388E-16,3.70074341541719E-16));
#4669=DIRECTION('',(1.34237391982827E-6,0.,-0.999999999999099));
#4670=DIRECTION('center_axis',(0.,0.,1.));
#4671=DIRECTION('ref_axis',(-0.995663936120639,-0.0930232568165439,0.));
#4672=DIRECTION('',(0.,0.,1.));
#4673=DIRECTION('center_axis',(0.,0.,1.));
#4674=DIRECTION('ref_axis',(-5.3290705182007E-15,1.,0.));
#4675=DIRECTION('center_axis',(0.,0.,1.));
#4676=DIRECTION('ref_axis',(-1.,0.,0.));
#4677=DIRECTION('center_axis',(0.,0.,-1.));
#4678=DIRECTION('ref_axis',(-1.,0.,0.));
#4679=DIRECTION('center_axis',(0.,0.,1.));
#4680=DIRECTION('ref_axis',(-1.,0.,0.));
#4681=DIRECTION('center_axis',(0.,0.,-1.));
#4682=DIRECTION('ref_axis',(-1.,0.,0.));
#4683=DIRECTION('center_axis',(-3.70074341541719E-16,4.5321035781563E-32,
1.));
#4684=DIRECTION('ref_axis',(1.,0.,3.70074341541719E-16));
#4685=DIRECTION('center_axis',(3.70074341541719E-16,-4.5321035781563E-32,
-1.));
#4686=DIRECTION('ref_axis',(-1.,0.,0.));
#4687=DIRECTION('center_axis',(0.,0.,1.));
#4688=DIRECTION('ref_axis',(-1.,0.,0.));
#4689=DIRECTION('center_axis',(0.,0.,-1.));
#4690=DIRECTION('ref_axis',(-1.,0.,0.));
#4691=DIRECTION('center_axis',(0.,0.,1.));
#4692=DIRECTION('ref_axis',(-1.,0.,0.));
#4693=DIRECTION('center_axis',(0.,0.,-1.));
#4694=DIRECTION('ref_axis',(-1.,0.,0.));
#4695=DIRECTION('',(0.,0.,-1.));
#4696=DIRECTION('center_axis',(0.,0.,1.));
#4697=DIRECTION('ref_axis',(-1.,0.,0.));
#4698=DIRECTION('center_axis',(0.,0.,1.));
#4699=DIRECTION('ref_axis',(-1.,0.,0.));
#4700=DIRECTION('',(0.,0.,-1.));
#4701=DIRECTION('center_axis',(0.,0.,1.));
#4702=DIRECTION('ref_axis',(-1.,0.,0.));
#4703=DIRECTION('center_axis',(0.,0.,1.));
#4704=DIRECTION('ref_axis',(-1.,0.,0.));
#4705=DIRECTION('center_axis',(0.,0.,-1.));
#4706=DIRECTION('ref_axis',(-1.,0.,0.));
#4707=DIRECTION('',(0.,0.,-1.));
#4708=DIRECTION('center_axis',(0.,0.,1.));
#4709=DIRECTION('ref_axis',(-1.,0.,0.));
#4710=DIRECTION('center_axis',(0.,0.,1.));
#4711=DIRECTION('ref_axis',(-1.,0.,0.));
#4712=DIRECTION('',(0.,0.,-1.));
#4713=DIRECTION('center_axis',(0.,0.,1.));
#4714=DIRECTION('ref_axis',(-1.,0.,0.));
#4715=DIRECTION('center_axis',(0.,0.,1.));
#4716=DIRECTION('ref_axis',(-1.,0.,0.));
#4717=DIRECTION('center_axis',(0.,0.,-1.));
#4718=DIRECTION('ref_axis',(-1.,0.,0.));
#4719=DIRECTION('',(0.,0.,-1.));
#4720=DIRECTION('center_axis',(0.,0.,1.));
#4721=DIRECTION('ref_axis',(-1.,0.,0.));
#4722=DIRECTION('center_axis',(0.,0.,1.));
#4723=DIRECTION('ref_axis',(-1.,0.,0.));
#4724=DIRECTION('',(0.,0.,-1.));
#4725=DIRECTION('center_axis',(0.,0.,1.));
#4726=DIRECTION('ref_axis',(-1.,0.,0.));
#4727=DIRECTION('center_axis',(0.,0.,1.));
#4728=DIRECTION('ref_axis',(-1.,0.,0.));
#4729=DIRECTION('center_axis',(0.,0.,-1.));
#4730=DIRECTION('ref_axis',(-1.,0.,0.));
#4731=DIRECTION('',(0.,0.,-1.));
#4732=DIRECTION('center_axis',(0.,0.,1.));
#4733=DIRECTION('ref_axis',(-1.,0.,0.));
#4734=DIRECTION('center_axis',(0.,0.,1.));
#4735=DIRECTION('ref_axis',(-1.,0.,0.));
#4736=DIRECTION('',(0.,0.,-1.));
#4737=DIRECTION('center_axis',(0.,0.,1.));
#4738=DIRECTION('ref_axis',(-1.,0.,0.));
#4739=DIRECTION('center_axis',(0.,0.,-1.));
#4740=DIRECTION('ref_axis',(1.,0.,0.));
#4741=DIRECTION('',(0.,0.,1.));
#4742=DIRECTION('center_axis',(0.,0.,-1.));
#4743=DIRECTION('ref_axis',(1.,0.,0.));
#4744=DIRECTION('center_axis',(0.,0.,-1.));
#4745=DIRECTION('ref_axis',(1.,0.,0.));
#4746=DIRECTION('center_axis',(0.,0.,1.));
#4747=DIRECTION('ref_axis',(1.,0.,0.));
#4748=DIRECTION('center_axis',(0.,0.,-1.));
#4749=DIRECTION('ref_axis',(1.,0.,0.));
#4750=DIRECTION('',(0.,0.,1.));
#4751=DIRECTION('center_axis',(0.,0.,-1.));
#4752=DIRECTION('ref_axis',(1.,0.,0.));
#4753=DIRECTION('center_axis',(0.,0.,-1.));
#4754=DIRECTION('ref_axis',(1.,0.,0.));
#4755=DIRECTION('center_axis',(0.,0.,1.));
#4756=DIRECTION('ref_axis',(1.,0.,0.));
#4757=DIRECTION('center_axis',(0.,0.,-1.));
#4758=DIRECTION('ref_axis',(1.,0.,0.));
#4759=DIRECTION('',(0.,0.,1.));
#4760=DIRECTION('center_axis',(0.,0.,-1.));
#4761=DIRECTION('ref_axis',(1.,0.,0.));
#4762=DIRECTION('center_axis',(0.,0.,-1.));
#4763=DIRECTION('ref_axis',(1.,0.,0.));
#4764=DIRECTION('center_axis',(0.,0.,1.));
#4765=DIRECTION('ref_axis',(1.,0.,0.));
#4766=DIRECTION('center_axis',(0.,0.,-1.));
#4767=DIRECTION('ref_axis',(1.,0.,0.));
#4768=DIRECTION('',(0.,0.,1.));
#4769=DIRECTION('center_axis',(0.,0.,-1.));
#4770=DIRECTION('ref_axis',(1.,0.,0.));
#4771=DIRECTION('center_axis',(0.,0.,-1.));
#4772=DIRECTION('ref_axis',(1.,0.,0.));
#4773=DIRECTION('center_axis',(0.,0.,1.));
#4774=DIRECTION('ref_axis',(1.,0.,0.));
#4775=DIRECTION('center_axis',(0.,0.,-1.));
#4776=DIRECTION('ref_axis',(1.,0.,0.));
#4777=DIRECTION('',(0.,0.,-1.));
#4778=DIRECTION('center_axis',(-3.70074341541719E-16,4.5321035781563E-32,
1.));
#4779=DIRECTION('ref_axis',(1.,0.,0.));
#4780=DIRECTION('center_axis',(0.,0.,-1.));
#4781=DIRECTION('ref_axis',(1.,0.,0.));
#4782=DIRECTION('',(0.,0.,-1.));
#4783=DIRECTION('center_axis',(-3.70074341541719E-16,4.5321035781563E-32,
1.));
#4784=DIRECTION('ref_axis',(1.,0.,0.));
#4785=DIRECTION('center_axis',(0.,0.,-1.));
#4786=DIRECTION('ref_axis',(1.,0.,0.));
#4787=DIRECTION('',(0.,0.,-1.));
#4788=DIRECTION('center_axis',(-3.70074341541719E-16,4.5321035781563E-32,
1.));
#4789=DIRECTION('ref_axis',(1.,0.,0.));
#4790=DIRECTION('center_axis',(0.,0.,-1.));
#4791=DIRECTION('ref_axis',(1.,0.,0.));
#4792=DIRECTION('',(0.,0.,-1.));
#4793=DIRECTION('center_axis',(-3.70074341541719E-16,4.5321035781563E-32,
1.));
#4794=DIRECTION('ref_axis',(1.,0.,0.));
#4795=DIRECTION('center_axis',(-0.866025403784439,0.5,0.));
#4796=DIRECTION('ref_axis',(0.5,0.866025403784439,0.));
#4797=DIRECTION('',(0.,0.,-1.));
#4798=DIRECTION('',(0.5,0.866025403784439,1.85037170770859E-16));
#4799=DIRECTION('',(0.,0.,-1.));
#4800=DIRECTION('',(-0.5,-0.866025403784439,-1.85037170770859E-16));
#4801=DIRECTION('center_axis',(0.500000003791055,0.866025401595672,0.));
#4802=DIRECTION('ref_axis',(0.866025401595672,-0.500000003791055,0.));
#4803=DIRECTION('',(0.866025401595672,-0.500000003791055,3.20493780253921E-16));
#4804=DIRECTION('',(-3.70074341541719E-16,4.5321035781563E-32,1.));
#4805=DIRECTION('center_axis',(0.,-1.,0.));
#4806=DIRECTION('ref_axis',(-1.,0.,0.));
#4807=DIRECTION('',(1.,0.,3.70074341541719E-16));
#4808=DIRECTION('',(3.70074341541719E-16,-4.5321035781563E-32,-1.));
#4809=DIRECTION('',(-1.,0.,-3.70074341541719E-16));
#4810=DIRECTION('',(0.,0.,-1.));
#4811=DIRECTION('center_axis',(0.,1.,0.));
#4812=DIRECTION('ref_axis',(1.,0.,0.));
#4813=DIRECTION('',(0.,0.,-1.));
#4814=DIRECTION('',(1.,0.,3.70074341541719E-16));
#4815=DIRECTION('',(-3.70074341541719E-16,4.5321035781563E-32,1.));
#4816=DIRECTION('',(-1.,0.,-3.70074341541719E-16));
#4817=DIRECTION('center_axis',(-0.819914400867367,0.572486135421904,0.));
#4818=DIRECTION('ref_axis',(0.572486135421904,0.819914400867367,0.));
#4819=DIRECTION('',(0.,0.,-1.));
#4820=DIRECTION('',(0.572486135421904,0.819914400867367,2.11862429608024E-16));
#4821=DIRECTION('',(0.,0.,-1.));
#4822=DIRECTION('center_axis',(-0.86602540378444,-0.499999999999998,0.));
#4823=DIRECTION('ref_axis',(-0.499999999999998,0.86602540378444,0.));
#4824=DIRECTION('',(0.499999999999998,-0.86602540378444,1.85037170770859E-16));
#4825=DIRECTION('',(3.70074341541719E-16,-4.5321035781563E-32,-1.));
#4826=DIRECTION('',(-0.499999999999998,0.86602540378444,-1.85037170770859E-16));
#4827=DIRECTION('center_axis',(-0.118322761302343,0.992975188087693,0.));
#4828=DIRECTION('ref_axis',(0.992975188087693,0.118322761302343,0.));
#4829=DIRECTION('',(0.,0.,-1.));
#4830=DIRECTION('',(0.992975188087693,0.118322761302343,3.67474638898817E-16));
#4831=DIRECTION('',(0.,0.,-1.));
#4832=DIRECTION('center_axis',(0.866025403784439,0.499999999999999,0.));
#4833=DIRECTION('ref_axis',(0.499999999999999,-0.866025403784439,0.));
#4834=DIRECTION('',(0.499999999999999,-0.866025403784439,1.85037170770859E-16));
#4835=DIRECTION('',(-3.70074341541719E-16,4.5321035781563E-32,1.));
#4836=DIRECTION('',(-0.499999999999999,0.866025403784439,-1.85037170770859E-16));
#4837=DIRECTION('center_axis',(0.227474552377982,0.973784025346707,0.));
#4838=DIRECTION('ref_axis',(0.973784025346707,-0.227474552377982,0.));
#4839=DIRECTION('',(0.,0.,-1.));
#4840=DIRECTION('',(0.973784025346707,-0.227474552377982,3.60372481984027E-16));
#4841=DIRECTION('',(0.,0.,-1.));
#4842=DIRECTION('center_axis',(-0.866025403784438,0.500000000000001,0.));
#4843=DIRECTION('ref_axis',(0.500000000000001,0.866025403784438,0.));
#4844=DIRECTION('',(-0.500000000000001,-0.866025403784438,-1.8503717077086E-16));
#4845=DIRECTION('',(3.70074341541719E-16,-4.5321035781563E-32,-1.));
#4846=DIRECTION('',(0.500000000000001,0.866025403784438,1.8503717077086E-16));
#4847=DIRECTION('center_axis',(0.978871263670583,-0.204477502821107,0.));
#4848=DIRECTION('ref_axis',(-0.204477502821107,-0.978871263670583,0.));
#4849=DIRECTION('',(0.,0.,-1.));
#4850=DIRECTION('',(-0.204477502821107,-0.978871263670583,-7.56718772166162E-17));
#4851=DIRECTION('',(0.,0.,-1.));
#4852=DIRECTION('center_axis',(0.,-1.,0.));
#4853=DIRECTION('ref_axis',(-1.,0.,0.));
#4854=DIRECTION('',(-1.,0.,-3.70074341541719E-16));
#4855=DIRECTION('',(-3.70074341541719E-16,4.5321035781563E-32,1.));
#4856=DIRECTION('',(1.,0.,3.70074341541719E-16));
#4857=DIRECTION('center_axis',(0.662271038486242,-0.74926435360449,0.));
#4858=DIRECTION('ref_axis',(-0.74926435360449,-0.662271038486242,0.));
#4859=DIRECTION('',(0.,0.,-1.));
#4860=DIRECTION('',(-0.74926435360449,-0.662271038486242,-2.77283512300863E-16));
#4861=DIRECTION('',(0.,0.,-1.));
#4862=DIRECTION('center_axis',(0.866025403784439,0.499999999999999,0.));
#4863=DIRECTION('ref_axis',(0.499999999999999,-0.866025403784439,0.));
#4864=DIRECTION('',(-0.499999999999999,0.866025403784439,-1.85037170770859E-16));
#4865=DIRECTION('',(3.70074341541719E-16,-4.5321035781563E-32,-1.));
#4866=DIRECTION('',(0.499999999999999,-0.866025403784439,1.85037170770859E-16));
#4867=DIRECTION('center_axis',(0.325047752214712,-0.945697604300742,0.));
#4868=DIRECTION('ref_axis',(-0.945697604300742,-0.325047752214712,0.));
#4869=DIRECTION('',(0.,0.,-1.));
#4870=DIRECTION('',(-0.945697604300742,-0.325047752214712,-3.49978418209178E-16));
#4871=DIRECTION('',(0.,0.,-1.));
#4872=DIRECTION('center_axis',(-0.866025403784439,-0.5,0.));
#4873=DIRECTION('ref_axis',(-0.499999999999999,0.866025403784439,0.));
#4874=DIRECTION('',(-0.499999999999999,0.866025403784439,-1.85037170770859E-16));
#4875=DIRECTION('',(-3.70074341541719E-16,4.5321035781563E-32,1.));
#4876=DIRECTION('',(0.499999999999999,-0.866025403784439,1.85037170770859E-16));
#4877=DIRECTION('center_axis',(-0.144280427981325,-0.989536840194202,0.));
#4878=DIRECTION('ref_axis',(-0.989536840194202,0.144280427981325,0.));
#4879=DIRECTION('',(0.,0.,-1.));
#4880=DIRECTION('',(-0.989536840194202,0.144280427981325,-3.66202194566142E-16));
#4881=DIRECTION('',(0.,0.,-1.));
#4882=DIRECTION('center_axis',(0.866025403784439,-0.5,0.));
#4883=DIRECTION('ref_axis',(-0.5,-0.866025403784439,0.));
#4884=DIRECTION('',(0.5,0.866025403784439,1.85037170770859E-16));
#4885=DIRECTION('',(3.70074341541719E-16,-4.5321035781563E-32,-1.));
#4886=DIRECTION('',(-0.5,-0.866025403784439,-1.85037170770859E-16));
#4887=DIRECTION('center_axis',(0.727304051017716,0.686315392056174,0.));
#4888=DIRECTION('ref_axis',(0.686315392056174,-0.727304051017716,0.));
#4889=DIRECTION('',(0.,0.,-1.));
#4890=DIRECTION('',(0.686315392056174,-0.727304051017716,2.53987716805135E-16));
#4891=DIRECTION('',(0.,0.,-1.));
#4892=DIRECTION('center_axis',(0.866025403784438,-0.5,0.));
#4893=DIRECTION('ref_axis',(-0.5,-0.866025403784438,0.));
#4894=DIRECTION('',(-0.5,-0.866025403784438,-1.8503717077086E-16));
#4895=DIRECTION('',(-3.70074341541719E-16,4.5321035781563E-32,1.));
#4896=DIRECTION('',(0.5,0.866025403784438,1.8503717077086E-16));
#4897=DIRECTION('center_axis',(0.978871265174574,0.204477495621228,0.));
#4898=DIRECTION('ref_axis',(0.204477495621228,-0.978871265174574,0.));
#4899=DIRECTION('',(0.,0.,-1.));
#4900=DIRECTION('',(0.204477495621228,-0.978871265174574,7.56718745521258E-17));
#4901=DIRECTION('',(0.,0.,-1.));
#4902=DIRECTION('center_axis',(0.,1.,0.));
#4903=DIRECTION('ref_axis',(1.,0.,0.));
#4904=DIRECTION('',(-1.,0.,-3.70074341541719E-16));
#4905=DIRECTION('',(3.70074341541719E-16,-4.5321035781563E-32,-1.));
#4906=DIRECTION('',(1.,0.,3.70074341541719E-16));
#4907=DIRECTION('center_axis',(3.70074341541719E-16,-4.5321035781563E-32,
-1.));
#4908=DIRECTION('ref_axis',(-1.,0.,-3.52816723497924E-16));
#4909=DIRECTION('center_axis',(0.,0.,1.));
#4910=DIRECTION('ref_axis',(-1.,0.,0.));
#4911=DIRECTION('center_axis',(3.70074341541719E-16,-4.5321035781563E-32,
-1.));
#4912=DIRECTION('ref_axis',(1.,1.67721524748506E-47,3.70074341541719E-16));
#4913=DIRECTION('center_axis',(0.,0.,1.));
#4914=DIRECTION('ref_axis',(-1.,0.,0.));
#4915=DIRECTION('center_axis',(3.70074341541719E-16,-4.5321035781563E-32,
-1.));
#4916=DIRECTION('ref_axis',(1.,1.67721524748506E-47,3.70074341541719E-16));
#4917=DIRECTION('center_axis',(0.,0.,1.));
#4918=DIRECTION('ref_axis',(-1.,0.,0.));
#4919=DIRECTION('center_axis',(3.70074341541719E-16,-4.5321035781563E-32,
-1.));
#4920=DIRECTION('ref_axis',(1.,1.67721524748506E-47,3.70074341541719E-16));
#4921=DIRECTION('center_axis',(0.,0.,1.));
#4922=DIRECTION('ref_axis',(-1.,0.,0.));
#4923=DIRECTION('center_axis',(3.70074341541719E-16,-4.5321035781563E-32,
-1.));
#4924=DIRECTION('ref_axis',(1.,1.67721524748506E-47,3.70074341541719E-16));
#4925=DIRECTION('center_axis',(0.,0.,1.));
#4926=DIRECTION('ref_axis',(-1.,0.,0.));
#4927=DIRECTION('center_axis',(3.70074341541719E-16,-4.5321035781563E-32,
-1.));
#4928=DIRECTION('ref_axis',(1.,1.67721524748506E-47,3.70074341541719E-16));
#4929=DIRECTION('center_axis',(-1.28631097108618E-16,-1.,-2.28203278269773E-33));
#4930=DIRECTION('ref_axis',(1.,-1.28631097108618E-16,3.67517420310338E-16));
#4931=DIRECTION('center_axis',(3.70074341541719E-16,-4.5321035781563E-32,
-1.));
#4932=DIRECTION('ref_axis',(1.,1.67721524748506E-47,3.70074341541719E-16));
#4933=DIRECTION('center_axis',(3.70074341541719E-16,-4.5321035781563E-32,
-1.));
#4934=DIRECTION('ref_axis',(1.,1.67721524748506E-47,3.70074341541719E-16));
#4935=DIRECTION('center_axis',(3.70074341541719E-16,-4.5321035781563E-32,
-1.));
#4936=DIRECTION('ref_axis',(1.,1.67721524748506E-47,3.70074341541719E-16));
#4937=DIRECTION('center_axis',(0.,0.,1.));
#4938=DIRECTION('ref_axis',(-1.,0.,0.));
#4939=DIRECTION('center_axis',(3.70074341541719E-16,-4.5321035781563E-32,
-1.));
#4940=DIRECTION('ref_axis',(1.,1.67721524748506E-47,3.70074341541719E-16));
#4941=DIRECTION('center_axis',(3.70074341541719E-16,-4.5321035781563E-32,
-1.));
#4942=DIRECTION('ref_axis',(-1.,0.,-3.70074341541719E-16));
#4943=DIRECTION('center_axis',(3.70074341541719E-16,-4.5321035781563E-32,
-1.));
#4944=DIRECTION('ref_axis',(1.,1.67721524748506E-47,3.70074341541719E-16));
#4945=DIRECTION('center_axis',(3.70074341541719E-16,-4.5321035781563E-32,
-1.));
#4946=DIRECTION('ref_axis',(-1.,0.,-3.70074341541719E-16));
#4947=DIRECTION('center_axis',(3.70074341541719E-16,-4.5321035781563E-32,
-1.));
#4948=DIRECTION('ref_axis',(1.,1.67721524748506E-47,3.70074341541719E-16));
#4949=DIRECTION('center_axis',(3.70074341541719E-16,-4.5321035781563E-32,
-1.));
#4950=DIRECTION('ref_axis',(-1.,0.,-3.70074341541719E-16));
#4951=DIRECTION('center_axis',(3.70074341541719E-16,-4.5321035781563E-32,
-1.));
#4952=DIRECTION('ref_axis',(1.,1.67721524748506E-47,3.70074341541719E-16));
#4953=DIRECTION('center_axis',(3.70074341541719E-16,-4.5321035781563E-32,
-1.));
#4954=DIRECTION('ref_axis',(-1.,0.,-3.70074341541719E-16));
#4955=DIRECTION('center_axis',(3.70074341541719E-16,-4.5321035781563E-32,
-1.));
#4956=DIRECTION('ref_axis',(1.,1.67721524748506E-47,3.70074341541719E-16));
#4957=DIRECTION('center_axis',(3.70074341541719E-16,-4.5321035781563E-32,
-1.));
#4958=DIRECTION('ref_axis',(-1.,0.,-3.70074341541719E-16));
#4959=DIRECTION('center_axis',(3.70074341541719E-16,-4.5321035781563E-32,
-1.));
#4960=DIRECTION('ref_axis',(1.,1.67721524748506E-47,3.70074341541719E-16));
#4961=DIRECTION('center_axis',(3.70074341541719E-16,-4.5321035781563E-32,
-1.));
#4962=DIRECTION('ref_axis',(-1.,0.,-3.70074341541719E-16));
#4963=DIRECTION('center_axis',(3.70074341541719E-16,-4.5321035781563E-32,
-1.));
#4964=DIRECTION('ref_axis',(1.,1.67721524748506E-47,3.70074341541719E-16));
#4965=DIRECTION('center_axis',(3.70074341541719E-16,-4.5321035781563E-32,
-1.));
#4966=DIRECTION('ref_axis',(-1.,0.,-3.81013393725871E-16));
#4967=DIRECTION('center_axis',(3.70074341541719E-16,-4.5321035781563E-32,
-1.));
#4968=DIRECTION('ref_axis',(1.,1.67721524748506E-47,3.70074341541719E-16));
#4969=DIRECTION('center_axis',(3.70074341541719E-16,-4.5321035781563E-32,
-1.));
#4970=DIRECTION('ref_axis',(-1.,0.,-3.81013393725871E-16));
#4971=DIRECTION('center_axis',(3.70074341541719E-16,-4.5321035781563E-32,
-1.));
#4972=DIRECTION('ref_axis',(1.,1.67721524748506E-47,3.70074341541719E-16));
#4973=DIRECTION('center_axis',(3.70074341541719E-16,-4.5321035781563E-32,
-1.));
#4974=DIRECTION('ref_axis',(-1.,0.,-3.81013393725871E-16));
#4975=DIRECTION('center_axis',(3.70074341541719E-16,-4.5321035781563E-32,
-1.));
#4976=DIRECTION('ref_axis',(1.,1.67721524748506E-47,3.70074341541719E-16));
#4977=DIRECTION('center_axis',(3.70074341541719E-16,-4.5321035781563E-32,
-1.));
#4978=DIRECTION('ref_axis',(-1.,0.,-3.81013393725871E-16));
#4979=DIRECTION('center_axis',(3.70074341541719E-16,-4.5321035781563E-32,
-1.));
#4980=DIRECTION('ref_axis',(1.,1.67721524748506E-47,3.70074341541719E-16));
#4981=DIRECTION('center_axis',(3.70074341541719E-16,-4.5321035781563E-32,
-1.));
#4982=DIRECTION('ref_axis',(1.,-4.37753284843065E-9,3.81013393725871E-16));
#4983=DIRECTION('center_axis',(3.70074341541719E-16,-4.5321035781563E-32,
-1.));
#4984=DIRECTION('ref_axis',(1.,1.67721524748506E-47,3.70074341541719E-16));
#4985=DIRECTION('center_axis',(3.70074341541719E-16,-4.5321035781563E-32,
-1.));
#4986=DIRECTION('ref_axis',(-1.,0.,-3.81013393725871E-16));
#4987=DIRECTION('center_axis',(3.70074341541719E-16,-4.5321035781563E-32,
-1.));
#4988=DIRECTION('ref_axis',(1.,1.67721524748506E-47,3.70074341541719E-16));
#4989=DIRECTION('center_axis',(-3.70074341541719E-16,4.5321035781563E-32,
1.));
#4990=DIRECTION('ref_axis',(1.,0.,3.70074341541719E-16));
#4991=DIRECTION('center_axis',(3.70074341541719E-16,-4.5321035781563E-32,
-1.));
#4992=DIRECTION('ref_axis',(1.,1.67721524748506E-47,3.70074341541719E-16));
#4993=DIRECTION('center_axis',(3.70074341541719E-16,-4.5321035781563E-32,
-1.));
#4994=DIRECTION('ref_axis',(1.,1.67721524748506E-47,3.70074341541719E-16));
#4995=DIRECTION('center_axis',(3.70074341541719E-16,-4.5321035781563E-32,
-1.));
#4996=DIRECTION('ref_axis',(-1.,0.,0.));
#4997=DIRECTION('center_axis',(-3.70074341541719E-16,4.5321035781563E-32,
1.));
#4998=DIRECTION('ref_axis',(1.,0.,3.70074341541719E-16));
#4999=DIRECTION('center_axis',(3.70074341541719E-16,-4.5321035781563E-32,
-1.));
#5000=DIRECTION('ref_axis',(1.,1.67721524748506E-47,3.70074341541719E-16));
#5001=DIRECTION('center_axis',(3.70074341541719E-16,-4.5321035781563E-32,
-1.));
#5002=DIRECTION('ref_axis',(1.,1.67721524748506E-47,3.70074341541719E-16));
#5003=DIRECTION('center_axis',(3.70074341541719E-16,-4.5321035781563E-32,
-1.));
#5004=DIRECTION('ref_axis',(1.,1.67721524748506E-47,3.70074341541719E-16));
#5005=DIRECTION('center_axis',(3.70074341541719E-16,-4.5321035781563E-32,
-1.));
#5006=DIRECTION('ref_axis',(-1.,0.,0.));
#5007=DIRECTION('center_axis',(-3.70074341541719E-16,4.5321035781563E-32,
1.));
#5008=DIRECTION('ref_axis',(1.,0.,3.70074341541719E-16));
#5009=DIRECTION('center_axis',(3.70074341541719E-16,-4.5321035781563E-32,
-1.));
#5010=DIRECTION('ref_axis',(1.,1.67721524748506E-47,3.70074341541719E-16));
#5011=DIRECTION('center_axis',(3.70074341541719E-16,-4.5321035781563E-32,
-1.));
#5012=DIRECTION('ref_axis',(1.,1.67721524748506E-47,3.70074341541719E-16));
#5013=DIRECTION('center_axis',(3.70074341541719E-16,-4.5321035781563E-32,
-1.));
#5014=DIRECTION('ref_axis',(-1.,0.,0.));
#5015=DIRECTION('center_axis',(-3.70074341541719E-16,4.5321035781563E-32,
1.));
#5016=DIRECTION('ref_axis',(1.,0.,3.70074341541719E-16));
#5017=DIRECTION('center_axis',(3.70074341541719E-16,-4.5321035781563E-32,
-1.));
#5018=DIRECTION('ref_axis',(1.,1.67721524748506E-47,3.70074341541719E-16));
#5019=DIRECTION('center_axis',(3.70074341541719E-16,-4.5321035781563E-32,
-1.));
#5020=DIRECTION('ref_axis',(1.,1.67721524748506E-47,3.70074341541719E-16));
#5021=DIRECTION('center_axis',(3.70074341541719E-16,-4.5321035781563E-32,
-1.));
#5022=DIRECTION('ref_axis',(-1.,0.,0.));
#5023=DIRECTION('center_axis',(-3.70074341541719E-16,4.5321035781563E-32,
1.));
#5024=DIRECTION('ref_axis',(1.,0.,3.70074341541719E-16));
#5025=DIRECTION('center_axis',(3.70074341541719E-16,-4.5321035781563E-32,
-1.));
#5026=DIRECTION('ref_axis',(1.,1.67721524748506E-47,3.70074341541719E-16));
#5027=DIRECTION('center_axis',(3.70074341541719E-16,-4.5321035781563E-32,
-1.));
#5028=DIRECTION('ref_axis',(1.,1.67721524748506E-47,3.70074341541719E-16));
#5029=DIRECTION('center_axis',(3.70074341541719E-16,-4.5321035781563E-32,
-1.));
#5030=DIRECTION('ref_axis',(-1.,0.,0.));
#5031=DIRECTION('center_axis',(-3.70074341541719E-16,4.5321035781563E-32,
1.));
#5032=DIRECTION('ref_axis',(1.,0.,3.70074341541719E-16));
#5033=DIRECTION('center_axis',(3.70074341541719E-16,-4.5321035781563E-32,
-1.));
#5034=DIRECTION('ref_axis',(1.,1.67721524748506E-47,3.70074341541719E-16));
#5035=DIRECTION('center_axis',(3.70074341541719E-16,-4.5321035781563E-32,
-1.));
#5036=DIRECTION('ref_axis',(1.,1.67721524748506E-47,3.70074341541719E-16));
#5037=DIRECTION('center_axis',(3.70074341541719E-16,-4.5321035781563E-32,
-1.));
#5038=DIRECTION('ref_axis',(-1.,0.,0.));
#5039=DIRECTION('center_axis',(3.70074341541719E-16,-4.5321035781563E-32,
-1.));
#5040=DIRECTION('ref_axis',(1.,-1.23416610809398E-16,3.70249832428194E-16));
#5041=DIRECTION('center_axis',(3.70074341541719E-16,-4.5321035781563E-32,
-1.));
#5042=DIRECTION('ref_axis',(-0.999999998504571,5.46887451587562E-5,-3.69898850101824E-16));
#5043=DIRECTION('center_axis',(3.70074341541719E-16,-4.5321035781563E-32,
-1.));
#5044=DIRECTION('ref_axis',(1.,-1.23416610809398E-16,3.70249832428194E-16));
#5045=DIRECTION('center_axis',(3.70074341541719E-16,-4.5321035781563E-32,
-1.));
#5046=DIRECTION('ref_axis',(1.,-1.23416610809398E-16,3.70249832428194E-16));
#5047=DIRECTION('center_axis',(3.70074341541719E-16,-4.5321035781563E-32,
-1.));
#5048=DIRECTION('ref_axis',(1.,-1.23416610809398E-16,3.70249832428194E-16));
#5049=DIRECTION('center_axis',(3.70074341541719E-16,-4.5321035781563E-32,
-1.));
#5050=DIRECTION('ref_axis',(1.,-1.23416610809398E-16,3.70249832428194E-16));
#5051=DIRECTION('center_axis',(0.,0.,-1.));
#5052=DIRECTION('ref_axis',(-1.,0.,0.));
#5053=DIRECTION('',(0.,0.,-1.));
#5054=DIRECTION('center_axis',(0.,0.,-1.));
#5055=DIRECTION('ref_axis',(-1.,0.,0.));
#5056=DIRECTION('center_axis',(0.,0.,1.));
#5057=DIRECTION('ref_axis',(-1.,0.,0.));
#5058=DIRECTION('center_axis',(0.,0.,-1.));
#5059=DIRECTION('ref_axis',(-1.,0.,0.));
#5060=DIRECTION('',(0.,0.,-1.));
#5061=DIRECTION('center_axis',(0.,0.,-1.));
#5062=DIRECTION('ref_axis',(-1.,0.,0.));
#5063=DIRECTION('center_axis',(0.,0.,1.));
#5064=DIRECTION('ref_axis',(-1.,0.,0.));
#5065=DIRECTION('center_axis',(0.,0.,-1.));
#5066=DIRECTION('ref_axis',(-1.,0.,0.));
#5067=DIRECTION('',(0.,0.,-1.));
#5068=DIRECTION('center_axis',(0.,0.,-1.));
#5069=DIRECTION('ref_axis',(-1.,0.,0.));
#5070=DIRECTION('center_axis',(0.,0.,1.));
#5071=DIRECTION('ref_axis',(-1.,0.,0.));
#5072=DIRECTION('center_axis',(0.,0.,-1.));
#5073=DIRECTION('ref_axis',(-1.,0.,0.));
#5074=DIRECTION('',(0.,0.,-1.));
#5075=DIRECTION('center_axis',(0.,0.,-1.));
#5076=DIRECTION('ref_axis',(-1.,0.,0.));
#5077=DIRECTION('center_axis',(0.,0.,1.));
#5078=DIRECTION('ref_axis',(-1.,0.,0.));
#5079=DIRECTION('center_axis',(0.,0.,-1.));
#5080=DIRECTION('ref_axis',(-1.,0.,0.));
#5081=DIRECTION('',(0.,0.,-1.));
#5082=DIRECTION('center_axis',(0.,0.,-1.));
#5083=DIRECTION('ref_axis',(-1.,0.,0.));
#5084=DIRECTION('center_axis',(0.,0.,1.));
#5085=DIRECTION('ref_axis',(-1.,0.,0.));
#5086=DIRECTION('center_axis',(0.,0.,-1.));
#5087=DIRECTION('ref_axis',(-1.,0.,0.));
#5088=DIRECTION('',(0.,0.,-1.));
#5089=DIRECTION('center_axis',(0.,0.,-1.));
#5090=DIRECTION('ref_axis',(-1.,0.,0.));
#5091=DIRECTION('center_axis',(0.,0.,1.));
#5092=DIRECTION('ref_axis',(-1.,0.,0.));
#5093=DIRECTION('center_axis',(3.70074341541719E-16,-4.5321035781563E-32,
-1.));
#5094=DIRECTION('ref_axis',(1.,-1.23416610809398E-16,3.70249832428194E-16));
#5095=DIRECTION('',(-3.70074341541719E-16,4.5321035781563E-32,1.));
#5096=DIRECTION('center_axis',(3.70074341541719E-16,-4.5321035781563E-32,
-1.));
#5097=DIRECTION('ref_axis',(1.,1.67721524748506E-47,3.70074341541719E-16));
#5098=DIRECTION('center_axis',(3.70074341541719E-16,-4.5321035781563E-32,
-1.));
#5099=DIRECTION('ref_axis',(1.,1.67721524748506E-47,3.70074341541719E-16));
#5100=DIRECTION('center_axis',(-3.70074341541719E-16,4.5321035781563E-32,
1.));
#5101=DIRECTION('ref_axis',(1.,0.,3.70074341541719E-16));
#5102=DIRECTION('center_axis',(3.70074341541719E-16,-4.5321035781563E-32,
-1.));
#5103=DIRECTION('ref_axis',(1.,1.67721524748506E-47,3.70074341541719E-16));
#5104=DIRECTION('center_axis',(-3.70074341541719E-16,4.5321035781563E-32,
1.));
#5105=DIRECTION('ref_axis',(-1.,-9.39268861055245E-10,-3.69898850655244E-16));
#5106=DIRECTION('center_axis',(3.70074341541719E-16,-4.5321035781563E-32,
-1.));
#5107=DIRECTION('ref_axis',(1.,1.67721524748506E-47,3.70074341541719E-16));
#5108=DIRECTION('center_axis',(3.70074341541719E-16,-4.5321035781563E-32,
-1.));
#5109=DIRECTION('ref_axis',(1.,1.67721524748506E-47,3.70074341541719E-16));
#5110=DIRECTION('center_axis',(3.70074341541719E-16,-4.5321035781563E-32,
-1.));
#5111=DIRECTION('ref_axis',(1.,-1.23416610809398E-16,3.70249832428194E-16));
#5112=DIRECTION('center_axis',(3.70074341541719E-16,-4.5321035781563E-32,
-1.));
#5113=DIRECTION('ref_axis',(1.,1.67721524748506E-47,3.70074341541719E-16));
#5114=DIRECTION('center_axis',(3.70074341541719E-16,-4.5321035781563E-32,
-1.));
#5115=DIRECTION('ref_axis',(1.,1.67721524748506E-47,3.70074341541719E-16));
#5116=DIRECTION('',(0.513651596020512,-1.26297317412035E-16,0.857998856587572));
#5117=DIRECTION('center_axis',(3.70074341541719E-16,-4.5321035781563E-32,
-1.));
#5118=DIRECTION('ref_axis',(1.,1.67721524748506E-47,3.70074341541719E-16));
#5119=DIRECTION('center_axis',(3.70074341541719E-16,-4.5321035781563E-32,
-1.));
#5120=DIRECTION('ref_axis',(1.,1.67721524748506E-47,3.70074341541719E-16));
#5121=DIRECTION('center_axis',(3.70074341541719E-16,-4.5321035781563E-32,
-1.));
#5122=DIRECTION('ref_axis',(-1.,0.,-3.69863388839906E-16));
#5123=DIRECTION('center_axis',(-1.24473255859584E-16,-1.,-7.43322420226265E-34));
#5124=DIRECTION('ref_axis',(1.,-1.24473255859584E-16,3.55637873884525E-16));
#5125=DIRECTION('center_axis',(3.70074341541719E-16,-4.5321035781563E-32,
-1.));
#5126=DIRECTION('ref_axis',(-1.,0.,-3.70074341541719E-16));
#5127=DIRECTION('center_axis',(-3.70074341541719E-16,4.5321035781563E-32,
1.));
#5128=DIRECTION('ref_axis',(-1.,-2.55094232240996E-9,-3.69898850655244E-16));
#5129=DIRECTION('center_axis',(3.70074341541719E-16,-4.5321035781563E-32,
-1.));
#5130=DIRECTION('ref_axis',(1.,-1.23416610809398E-16,3.70249832428194E-16));
#5131=DIRECTION('',(0.380896873741857,-9.3655414948435E-17,0.924617527182824));
#5132=CARTESIAN_POINT('',(0.,0.,0.));
#5133=CARTESIAN_POINT('Origin',(137.630006537074,-5.30000025173649,-56.401092315415));
#5134=CARTESIAN_POINT('',(139.630006537074,-5.30000025173649,-56.401092315415));
#5135=CARTESIAN_POINT('Origin',(137.630006537074,-5.30000025173649,-56.401092315415));
#5136=CARTESIAN_POINT('Origin',(137.630006537074,43.3000020566396,-56.401092315415));
#5137=CARTESIAN_POINT('',(139.630006537074,43.3000020566396,-56.401092315415));
#5138=CARTESIAN_POINT('Origin',(137.630006537074,43.3000020566396,-56.401092315415));
#5139=CARTESIAN_POINT('Origin',(112.370005337289,-5.30000025173649,-56.401092315415));
#5140=CARTESIAN_POINT('',(114.370005337289,-5.30000025173649,-56.401092315415));
#5141=CARTESIAN_POINT('Origin',(112.370005337289,-5.30000025173649,-56.401092315415));
#5142=CARTESIAN_POINT('Origin',(112.370005337289,43.3000020566396,-56.401092315415));
#5143=CARTESIAN_POINT('',(114.370005337289,43.3000020566396,-56.401092315415));
#5144=CARTESIAN_POINT('Origin',(112.370005337289,43.3000020566396,-56.401092315415));
#5145=CARTESIAN_POINT('Origin',(137.630006537074,-5.30000025173649,-60.001092315415));
#5146=CARTESIAN_POINT('',(139.630006537074,-5.30000025173649,-50.701092315415));
#5147=CARTESIAN_POINT('Origin',(137.630006537074,-5.30000025173649,-50.701092315415));
#5148=CARTESIAN_POINT('',(139.630006537074,-5.30000025173649,-60.001092315415));
#5149=CARTESIAN_POINT('Origin',(137.630006537074,-5.30000025173649,-60.001092315415));
#5150=CARTESIAN_POINT('',(140.630006537074,-5.30000025173649,-50.701092315415));
#5151=CARTESIAN_POINT('Origin',(137.630006537074,-5.30000025173649,-50.701092315415));
#5152=CARTESIAN_POINT('',(140.630006537074,-5.30000025173686,-58.6928164322212));
#5153=CARTESIAN_POINT('',(140.630006537074,-5.30000025173649,-60.001092315415));
#5154=CARTESIAN_POINT('',(136.767817973573,-2.42656487209627,-60.001092315415));
#5155=CARTESIAN_POINT('Ctrl Pts',(136.767817973573,-2.42656487209627,-60.001092315415));
#5156=CARTESIAN_POINT('Ctrl Pts',(136.785220088158,-2.42134328114553,-60.001092315415));
#5157=CARTESIAN_POINT('Ctrl Pts',(136.80267797593,-2.41627727372007,-60.0010444539413));
#5158=CARTESIAN_POINT('Ctrl Pts',(137.071717001117,-2.34085322903819,-59.9995498815939));
#5159=CARTESIAN_POINT('Ctrl Pts',(137.330615700456,-2.30366531535226,-59.9878449289937));
#5160=CARTESIAN_POINT('Ctrl Pts',(137.79574274362,-2.29757135061101,-59.9433024942907));
#5161=CARTESIAN_POINT('Ctrl Pts',(137.999244379739,-2.31590410832579,-59.9157053822295));
#5162=CARTESIAN_POINT('Ctrl Pts',(138.40647832798,-2.39449287055972,-59.8427153236689));
#5163=CARTESIAN_POINT('Ctrl Pts',(138.60780022895,-2.45616939246504,-59.7969499869089));
#5164=CARTESIAN_POINT('Ctrl Pts',(139.06397859636,-2.64932985173518,-59.6707202559968));
#5165=CARTESIAN_POINT('Ctrl Pts',(139.307733873049,-2.79717665428261,-59.5843496985709));
#5166=CARTESIAN_POINT('Ctrl Pts',(139.846837946837,-3.23661095412455,-59.3526916778476));
#5167=CARTESIAN_POINT('Ctrl Pts',(140.110072180721,-3.5622068445291,-59.1991303296361));
#5168=CARTESIAN_POINT('Ctrl Pts',(140.466470765886,-4.2563155427839,-58.9354984098008));
#5169=CARTESIAN_POINT('Ctrl Pts',(140.575704746741,-4.61663576415138,-58.8227839077754));
#5170=CARTESIAN_POINT('Ctrl Pts',(140.624785985285,-5.09578505054797,-58.7254791652884));
#5171=CARTESIAN_POINT('Ctrl Pts',(140.630006537074,-5.19779397584643,-58.7076165436259));
#5172=CARTESIAN_POINT('Ctrl Pts',(140.630006537074,-5.30000025173722,-58.6928164322212));
#5173=CARTESIAN_POINT('',(135.586471280994,-7.49635260442468,-60.001092315415));
#5174=CARTESIAN_POINT('Origin',(137.630006537074,-5.30000025173649,-60.001092315415));
#5175=CARTESIAN_POINT('Ctrl Pts',(140.630006537074,-5.30000025173722,-58.6928164322212));
#5176=CARTESIAN_POINT('Ctrl Pts',(140.630006537074,-5.52611642188609,-58.6600733890036));
#5177=CARTESIAN_POINT('Ctrl Pts',(140.604509869726,-5.75321435011256,-58.6424288637252));
#5178=CARTESIAN_POINT('Ctrl Pts',(140.474247793957,-6.31500041312505,-58.6420191184112));
#5179=CARTESIAN_POINT('Ctrl Pts',(140.339731177634,-6.63126300988176,-58.6816348143867));
#5180=CARTESIAN_POINT('Ctrl Pts',(139.948615541593,-7.242596821209,-58.8317490663523));
#5181=CARTESIAN_POINT('Ctrl Pts',(139.68281417743,-7.51945366467709,-58.9485915435098));
#5182=CARTESIAN_POINT('Ctrl Pts',(139.038770293119,-7.98151503847554,-59.21868792328));
#5183=CARTESIAN_POINT('Ctrl Pts',(138.650011463495,-8.15250313940874,-59.374273252572));
#5184=CARTESIAN_POINT('Ctrl Pts',(137.971585703281,-8.29286391536778,-59.6020245176321));
#5185=CARTESIAN_POINT('Ctrl Pts',(137.696456439743,-8.31208604003161,-59.684114725191));
#5186=CARTESIAN_POINT('Ctrl Pts',(137.213352737314,-8.27810577099759,-59.8053385413979));
#5187=CARTESIAN_POINT('Ctrl Pts',(137.007752493103,-8.24225794452027,-59.849734831209));
#5188=CARTESIAN_POINT('Ctrl Pts',(136.60951216693,-8.12847999046171,-59.9208148822118));
#5189=CARTESIAN_POINT('Ctrl Pts',(136.418533909176,-8.05225424337808,-59.9476185936094));
#5190=CARTESIAN_POINT('Ctrl Pts',(136.000299313374,-7.83274964672566,-59.9906129381341));
#5191=CARTESIAN_POINT('Ctrl Pts',(135.781960985691,-7.67824058940961,-60.001092315415));
#5192=CARTESIAN_POINT('Ctrl Pts',(135.586471280994,-7.49635260442469,-60.001092315415));
#5193=CARTESIAN_POINT('Origin',(137.630006537074,-5.30000025173649,-50.701092315415));
#5194=CARTESIAN_POINT('Origin',(139.020862710552,19.5,-60.001092315415));
#5195=CARTESIAN_POINT('',(139.020862710552,19.5,-60.001092315415));
#5196=CARTESIAN_POINT('Origin',(31.1999993022529,19.5,-60.001092315415));
#5197=CARTESIAN_POINT('',(136.981583072055,40.3709156786007,-60.001092315415));
#5198=CARTESIAN_POINT('Origin',(31.1999993022529,19.5,-60.001092315415));
#5199=CARTESIAN_POINT('',(135.795722966608,45.6739025985993,-60.001092315415));
#5200=CARTESIAN_POINT('Origin',(137.630006537074,43.3000020566396,-60.001092315415));
#5201=CARTESIAN_POINT('Origin',(31.1999993022529,19.5,-60.001092315415));
#5202=CARTESIAN_POINT('',(115.370005337289,43.3000020566396,-60.001092315415));
#5203=CARTESIAN_POINT('Origin',(112.370005337289,43.3000020566396,-60.001092315415));
#5204=CARTESIAN_POINT('',(129.000001743436,12.5000000000002,-60.001092315415));
#5205=CARTESIAN_POINT('',(134.000001743436,12.5000000000002,-60.001092315415));
#5206=CARTESIAN_POINT('',(136.510432226994,12.5000000000002,-60.001092315415));
#5207=CARTESIAN_POINT('',(134.000001743436,10.5000000000002,-60.001092315415));
#5208=CARTESIAN_POINT('',(134.000001743436,15.0000000000001,-60.001092315415));
#5209=CARTESIAN_POINT('',(127.000001713634,10.5000000000002,-60.001092315415));
#5210=CARTESIAN_POINT('',(133.010432212093,10.5000000000002,-60.001092315415));
#5211=CARTESIAN_POINT('',(127.000001713634,28.5000000000003,-60.001092315415));
#5212=CARTESIAN_POINT('',(127.000001713634,24.0000000000001,-60.001092315415));
#5213=CARTESIAN_POINT('',(134.000001743436,28.5000000000003,-60.001092315415));
#5214=CARTESIAN_POINT('',(136.510432226994,28.5000000000003,-60.001092315415));
#5215=CARTESIAN_POINT('',(134.000001743436,26.5000000000003,-60.001092315415));
#5216=CARTESIAN_POINT('',(134.000001743436,23.0000000000001,-60.001092315415));
#5217=CARTESIAN_POINT('',(129.000001743436,26.5000000000003,-60.001092315415));
#5218=CARTESIAN_POINT('',(134.010432226994,26.5000000000003,-60.001092315415));
#5219=CARTESIAN_POINT('',(129.000001743436,16.0000000000001,-60.001092315415));
#5220=CARTESIAN_POINT('',(-8.80000069774711,19.5,-60.001092315415));
#5221=CARTESIAN_POINT('Origin',(-11.8000006977471,19.5,-60.001092315415));
#5222=CARTESIAN_POINT('',(77.1999993022529,19.5,-60.001092315415));
#5223=CARTESIAN_POINT('Origin',(74.1999993022529,19.5,-60.001092315415));
#5224=CARTESIAN_POINT('',(27.4499979642779,92.5,-60.001092315415));
#5225=CARTESIAN_POINT('Origin',(31.1999979642778,92.5,-60.001092315415));
#5226=CARTESIAN_POINT('',(-45.55,19.4999979642779,-60.001092315415));
#5227=CARTESIAN_POINT('Origin',(-41.8,19.4999979642779,-60.001092315415));
#5228=CARTESIAN_POINT('',(27.4500020357221,-53.4999999999999,-60.001092315415));
#5229=CARTESIAN_POINT('Origin',(31.2000020357221,-53.4999999999999,-60.001092315415));
#5230=CARTESIAN_POINT('',(100.45,19.5000020357221,-60.001092315415));
#5231=CARTESIAN_POINT('Origin',(104.2,19.5000020357221,-60.001092315415));
#5232=CARTESIAN_POINT('',(34.1999993022529,-23.5,-60.001092315415));
#5233=CARTESIAN_POINT('Origin',(31.1999993022529,-23.5,-60.001092315415));
#5234=CARTESIAN_POINT('',(34.1999993022529,62.5,-60.001092315415));
#5235=CARTESIAN_POINT('Origin',(31.1999993022529,62.5,-60.001092315415));
#5236=CARTESIAN_POINT('',(115.370005337289,-5.30000025173649,-60.001092315415));
#5237=CARTESIAN_POINT('Origin',(112.370005337289,-5.30000025173649,-60.001092315415));
#5238=CARTESIAN_POINT('Origin',(31.1999993022529,19.5,-52.0010923154151));
#5239=CARTESIAN_POINT('',(140.630006537074,43.3000020566396,-58.8299243477818));
#5240=CARTESIAN_POINT('Ctrl Pts',(135.795722966608,45.6739025985993,-60.001092315415));
#5241=CARTESIAN_POINT('Ctrl Pts',(135.903725528283,45.7573548414156,-60.001092315415));
#5242=CARTESIAN_POINT('Ctrl Pts',(136.017446637003,45.8334575095147,-59.9981517330735));
#5243=CARTESIAN_POINT('Ctrl Pts',(136.319468467247,46.0068747455389,-59.9819740633583));
#5244=CARTESIAN_POINT('Ctrl Pts',(136.512561179486,46.0920238143653,-59.9640793520709));
#5245=CARTESIAN_POINT('Ctrl Pts',(136.904739943495,46.2180131924737,-59.9119367289753));
#5246=CARTESIAN_POINT('Ctrl Pts',(137.101457805514,46.2598080987083,-59.8785847808433));
#5247=CARTESIAN_POINT('Ctrl Pts',(137.5515997613,46.3096600867283,-59.7865944784471));
#5248=CARTESIAN_POINT('Ctrl Pts',(137.80340793727,46.3053027349423,-59.7240533386843));
#5249=CARTESIAN_POINT('Ctrl Pts',(138.434322757341,46.2161499299082,-59.5442060090143));
#5250=CARTESIAN_POINT('Ctrl Pts',(138.80204091669,46.0880464688697,-59.4165612893494));
#5251=CARTESIAN_POINT('Ctrl Pts',(139.475336791983,45.6980589131855,-59.1629534889568));
#5252=CARTESIAN_POINT('Ctrl Pts',(139.778698835004,45.4322383783309,-59.0375391800639));
#5253=CARTESIAN_POINT('Ctrl Pts',(140.226912284782,44.8397632488754,-58.8654734518745));
#5254=CARTESIAN_POINT('Ctrl Pts',(140.386390197999,44.5341470942513,-58.8111439706061));
#5255=CARTESIAN_POINT('Ctrl Pts',(140.583761520338,43.9086393668466,-58.7771559331206));
#5256=CARTESIAN_POINT('Ctrl Pts',(140.630006537074,43.604876426846,-58.7903838516086));
#5257=CARTESIAN_POINT('Ctrl Pts',(140.630006537074,43.3000020566396,-58.8299243477818));
#5258=CARTESIAN_POINT('Ctrl Pts',(140.630006537074,43.3000020566396,-58.8299243477818));
#5259=CARTESIAN_POINT('Ctrl Pts',(140.630006537074,43.2619410736829,-58.8348606438369));
#5260=CARTESIAN_POINT('Ctrl Pts',(140.629282279245,43.2238618913563,-58.840200288458));
#5261=CARTESIAN_POINT('Ctrl Pts',(140.613310437874,42.8046699502224,-58.9032951030708));
#5262=CARTESIAN_POINT('Ctrl Pts',(140.526656827057,42.4363209508912,-58.9983084863877));
#5263=CARTESIAN_POINT('Ctrl Pts',(140.211408298103,41.7155779992309,-59.2332568464893));
#5264=CARTESIAN_POINT('Ctrl Pts',(139.966785826141,41.373191649689,-59.3759542360164));
#5265=CARTESIAN_POINT('Ctrl Pts',(139.43693835973,40.8860407412416,-59.6026544953084));
#5266=CARTESIAN_POINT('Ctrl Pts',(139.181422566703,40.713696747222,-59.6917997000431));
#5267=CARTESIAN_POINT('Ctrl Pts',(138.707032355217,40.4918267773578,-59.8177226351576));
#5268=CARTESIAN_POINT('Ctrl Pts',(138.502642238263,40.4215071723038,-59.8618401740101));
#5269=CARTESIAN_POINT('Ctrl Pts',(138.097400009913,40.3300193580667,-59.9294261615684));
#5270=CARTESIAN_POINT('Ctrl Pts',(137.899539605741,40.3054497993319,-59.9540960237974));
#5271=CARTESIAN_POINT('Ctrl Pts',(137.458666215685,40.2952175082997,-59.991784926715));
#5272=CARTESIAN_POINT('Ctrl Pts',(137.217699904128,40.3186455593069,-60.001092315415));
#5273=CARTESIAN_POINT('Ctrl Pts',(136.981583072055,40.3709156786007,-60.001092315415));
#5274=CARTESIAN_POINT('',(139.153004870078,19.5,-60.0000008940697));
#5275=CARTESIAN_POINT('Origin',(139.020862710552,19.5,-52.0010923154151));
#5276=CARTESIAN_POINT('',(138.688842455088,29.5000004395843,-60.0000008940697));
#5277=CARTESIAN_POINT('Origin',(31.1999993022529,19.5,-60.0000008940697));
#5278=CARTESIAN_POINT('',(143.204463441622,29.5000004395843,-58.5257530344008));
#5279=CARTESIAN_POINT('Ctrl Pts',(138.688842455088,29.5000004395843,-60.0000008940697));
#5280=CARTESIAN_POINT('Ctrl Pts',(139.148326963752,29.5000004395843,-59.9924428365751));
#5281=CARTESIAN_POINT('Ctrl Pts',(139.64163646198,29.5000004395843,-59.9429587626731));
#5282=CARTESIAN_POINT('Ctrl Pts',(140.656582587004,29.5000004395843,-59.7416354694329));
#5283=CARTESIAN_POINT('Ctrl Pts',(141.176315466455,29.5000004395843,-59.5798141740006));
#5284=CARTESIAN_POINT('Ctrl Pts',(142.092763100066,29.5000004395843,-59.2010921484039));
#5285=CARTESIAN_POINT('Ctrl Pts',(142.574026697136,29.5000004395843,-58.9495049812896));
#5286=CARTESIAN_POINT('Ctrl Pts',(143.084329128489,29.5000004395843,-58.6094233569547));
#5287=CARTESIAN_POINT('Ctrl Pts',(143.144729060715,29.5000004395843,-58.5679655564549));
#5288=CARTESIAN_POINT('Ctrl Pts',(143.204463441622,29.5000004395843,-58.5257530344008));
#5289=CARTESIAN_POINT('',(144.962091915173,29.5000004395843,-56.8277797575907));
#5290=CARTESIAN_POINT('Ctrl Pts',(143.204463441622,29.5000004395843,-58.5257530344008));
#5291=CARTESIAN_POINT('Ctrl Pts',(143.585078341077,29.5000004395843,-58.2567837307378));
#5292=CARTESIAN_POINT('Ctrl Pts',(143.937702921483,29.5000004395843,-57.9557986829349));
#5293=CARTESIAN_POINT('Ctrl Pts',(144.487493024333,29.5000004395843,-57.4072820768658));
#5294=CARTESIAN_POINT('Ctrl Pts',(144.733798220611,29.5000004395843,-57.1283783876045));
#5295=CARTESIAN_POINT('Ctrl Pts',(144.962091915173,29.5000004395843,-56.8277797575907));
#5296=CARTESIAN_POINT('',(144.962091966257,9.50000014156104,-56.8277797575907));
#5297=CARTESIAN_POINT('Origin',(31.1999993022529,19.5,-56.8277797575907));
#5298=CARTESIAN_POINT('',(143.204463441622,9.50000014156104,-58.525753071067));
#5299=CARTESIAN_POINT('Ctrl Pts',(144.962091966257,9.50000014156104,-56.8277797575907));
#5300=CARTESIAN_POINT('Ctrl Pts',(144.732481862412,9.50000014156104,-57.1301117287681));
#5301=CARTESIAN_POINT('Ctrl Pts',(144.484596263512,9.50000014156104,-57.4105595761751));
#5302=CARTESIAN_POINT('Ctrl Pts',(143.934368182281,9.50000014156104,-57.9586470492733));
#5303=CARTESIAN_POINT('Ctrl Pts',(143.583321703545,9.50000014156104,-58.2580251356159));
#5304=CARTESIAN_POINT('Ctrl Pts',(143.204463441622,9.50000014156104,-58.525753071067));
#5305=CARTESIAN_POINT('',(138.688842509154,9.50000014156104,-60.0000008940697));
#5306=CARTESIAN_POINT('Ctrl Pts',(143.204463441622,9.50000014156104,-58.525753071067));
#5307=CARTESIAN_POINT('Ctrl Pts',(143.143440096082,9.50000014156104,-58.5688764656389));
#5308=CARTESIAN_POINT('Ctrl Pts',(143.081719900771,9.50000014156104,-58.6112137545705));
#5309=CARTESIAN_POINT('Ctrl Pts',(142.570343557154,9.50000014156104,-58.9515745524377));
#5310=CARTESIAN_POINT('Ctrl Pts',(142.089441963902,9.50000014156104,-59.2026749281861));
#5311=CARTESIAN_POINT('Ctrl Pts',(141.173774520689,9.50000014156104,-59.5806520871199));
#5312=CARTESIAN_POINT('Ctrl Pts',(140.654517383799,9.50000014156104,-59.7421534375988));
#5313=CARTESIAN_POINT('Ctrl Pts',(139.64059192133,9.50000014156104,-59.9430669423805));
#5314=CARTESIAN_POINT('Ctrl Pts',(139.147823487712,9.50000014156104,-59.9924511191345));
#5315=CARTESIAN_POINT('Ctrl Pts',(138.688842509154,9.50000014156104,-60.0000008940697));
#5316=CARTESIAN_POINT('Origin',(31.1999993022529,19.5,-60.0000008940697));
#5317=CARTESIAN_POINT('Origin',(137.630006537074,43.3000020566396,-60.001092315415));
#5318=CARTESIAN_POINT('',(139.630006537074,43.3000020566396,-50.701092315415));
#5319=CARTESIAN_POINT('Origin',(137.630006537074,43.3000020566396,-50.701092315415));
#5320=CARTESIAN_POINT('',(139.630006537074,43.3000020566396,-60.001092315415));
#5321=CARTESIAN_POINT('Origin',(137.630006537074,43.3000020566396,-60.001092315415));
#5322=CARTESIAN_POINT('',(140.630006537074,43.3000020566396,-50.701092315415));
#5323=CARTESIAN_POINT('Origin',(137.630006537074,43.3000020566396,-50.701092315415));
#5324=CARTESIAN_POINT('',(140.630006537074,43.3000020566396,-60.001092315415));
#5325=CARTESIAN_POINT('Origin',(137.630006537074,43.3000020566396,-50.701092315415));
#5326=CARTESIAN_POINT('Origin',(112.370005337289,-5.30000025173649,-60.001092315415));
#5327=CARTESIAN_POINT('',(114.370005337289,-5.30000025173649,-50.701092315415));
#5328=CARTESIAN_POINT('Origin',(112.370005337289,-5.30000025173649,-50.701092315415));
#5329=CARTESIAN_POINT('',(114.370005337289,-5.30000025173649,-60.001092315415));
#5330=CARTESIAN_POINT('Origin',(112.370005337289,-5.30000025173649,-60.001092315415));
#5331=CARTESIAN_POINT('',(115.370005337289,-5.30000025173649,-50.701092315415));
#5332=CARTESIAN_POINT('Origin',(112.370005337289,-5.30000025173649,-50.701092315415));
#5333=CARTESIAN_POINT('',(115.370005337289,-5.30000025173649,-60.001092315415));
#5334=CARTESIAN_POINT('Origin',(112.370005337289,-5.30000025173649,-50.701092315415));
#5335=CARTESIAN_POINT('Origin',(112.370005337289,43.3000020566396,-60.001092315415));
#5336=CARTESIAN_POINT('',(114.370005337289,43.3000020566396,-50.701092315415));
#5337=CARTESIAN_POINT('Origin',(112.370005337289,43.3000020566396,-50.701092315415));
#5338=CARTESIAN_POINT('',(114.370005337289,43.3000020566396,-60.001092315415));
#5339=CARTESIAN_POINT('Origin',(112.370005337289,43.3000020566396,-60.001092315415));
#5340=CARTESIAN_POINT('',(115.370005337289,43.3000020566396,-50.701092315415));
#5341=CARTESIAN_POINT('Origin',(112.370005337289,43.3000020566396,-50.701092315415));
#5342=CARTESIAN_POINT('',(115.370005337289,43.3000020566396,-60.001092315415));
#5343=CARTESIAN_POINT('Origin',(112.370005337289,43.3000020566396,-50.701092315415));
#5344=CARTESIAN_POINT('Origin',(143.204463441622,19.582044616958,-43.5000007972121));
#5345=CARTESIAN_POINT('',(150.528432145904,27.5676455323321,-43.9797695127144));
#5346=CARTESIAN_POINT('',(150.919631874065,19.4999999941306,-35.5004215158435));
#5347=CARTESIAN_POINT('Ctrl Pts',(150.528432145904,27.5676455323322,-43.9797695127144));
#5348=CARTESIAN_POINT('Ctrl Pts',(150.744202122624,27.6039020569972,-43.3762909464851));
#5349=CARTESIAN_POINT('Ctrl Pts',(150.918443882229,27.5724252260149,-42.7597448360606));
#5350=CARTESIAN_POINT('Ctrl Pts',(151.187178590559,27.3557879525661,-41.5029618773119));
#5351=CARTESIAN_POINT('Ctrl Pts',(151.276306912738,27.1678889231478,-40.8751048468626));
#5352=CARTESIAN_POINT('Ctrl Pts',(151.395338514612,26.5235812601975,-39.4142998145009));
#5353=CARTESIAN_POINT('Ctrl Pts',(151.382566215617,25.9980418899959,-38.6303028468478));
#5354=CARTESIAN_POINT('Ctrl Pts',(151.269314124484,24.608841475143,-37.1858215852201));
#5355=CARTESIAN_POINT('Ctrl Pts',(151.159866516569,23.7238719789851,-36.5731538254206));
#5356=CARTESIAN_POINT('Ctrl Pts',(151.017278253368,22.1430908038801,-35.8927467286999));
#5357=CARTESIAN_POINT('Ctrl Pts',(150.971538184339,21.5110370931661,-35.708267127873));
#5358=CARTESIAN_POINT('Ctrl Pts',(150.926971587201,20.4117294105782,-35.5300680556328));
#5359=CARTESIAN_POINT('Ctrl Pts',(150.918090360887,19.9562517410212,-35.4957421440502));
#5360=CARTESIAN_POINT('Ctrl Pts',(150.919631874065,19.4999999882611,-35.5004215158435));
#5361=CARTESIAN_POINT('',(150.003663618435,26.7779094886542,-46.9956450508921));
#5362=CARTESIAN_POINT('Ctrl Pts',(150.003663618435,26.7779094886543,-46.9956450508921));
#5363=CARTESIAN_POINT('Ctrl Pts',(150.070784140078,26.9478997446861,-46.6457161613543));
#5364=CARTESIAN_POINT('Ctrl Pts',(150.136091102292,27.0923842578486,-46.2833326422611));
#5365=CARTESIAN_POINT('Ctrl Pts',(150.310574595111,27.4081108758255,-45.2846142569632));
#5366=CARTESIAN_POINT('Ctrl Pts',(150.417709523864,27.5282259734645,-44.6358957985807));
#5367=CARTESIAN_POINT('Ctrl Pts',(150.528432145904,27.5676455323322,-43.9797695127144));
#5368=CARTESIAN_POINT('',(148.247779764359,19.5,-51.4995800787011));
#5369=CARTESIAN_POINT('Ctrl Pts',(148.247779764359,19.5,-51.4995800787011));
#5370=CARTESIAN_POINT('Ctrl Pts',(148.247705775153,19.5149857269745,-51.4997337740626));
#5371=CARTESIAN_POINT('Ctrl Pts',(148.2476491787,19.5299719356611,-51.4998453604767));
#5372=CARTESIAN_POINT('Ctrl Pts',(148.247572011278,19.559472173695,-51.499982118279));
#5373=CARTESIAN_POINT('Ctrl Pts',(148.24755036039,19.5739860728598,-51.5000099043253));
#5374=CARTESIAN_POINT('Ctrl Pts',(148.247540075251,19.601961960392,-51.4999873299573));
#5375=CARTESIAN_POINT('Ctrl Pts',(148.247549161752,19.615423867443,-51.4999424876122));
#5376=CARTESIAN_POINT('Ctrl Pts',(148.247609879341,19.6507739793396,-51.4997355048632));
#5377=CARTESIAN_POINT('Ctrl Pts',(148.247684581313,19.6726616178013,-51.499517511747));
#5378=CARTESIAN_POINT('Ctrl Pts',(148.248071001782,19.7483061350424,-51.4984536238559));
#5379=CARTESIAN_POINT('Ctrl Pts',(148.24856944319,19.8020531404295,-51.4971556860598));
#5380=CARTESIAN_POINT('Ctrl Pts',(148.259794951105,20.6373051901423,-51.4685590812801));
#5381=CARTESIAN_POINT('Ctrl Pts',(148.317644368985,21.4071096307193,-51.3275630725054));
#5382=CARTESIAN_POINT('Ctrl Pts',(148.550416774306,23.0996393828459,-50.7559165782314));
#5383=CARTESIAN_POINT('Ctrl Pts',(148.752453076843,23.976030177516,-50.2579972821297));
#5384=CARTESIAN_POINT('Ctrl Pts',(149.271601843412,25.5402318805909,-48.9418801857338));
#5385=CARTESIAN_POINT('Ctrl Pts',(149.59057656273,26.1974965234698,-48.1161454569464));
#5386=CARTESIAN_POINT('Ctrl Pts',(149.95406962492,26.7111094428168,-47.1307194830799));
#5387=CARTESIAN_POINT('Ctrl Pts',(149.978824850507,26.7449935884161,-47.0634031959023));
#5388=CARTESIAN_POINT('Ctrl Pts',(150.003663618435,26.7779094886543,-46.9956450508922));
#5389=CARTESIAN_POINT('',(150.013601986712,12.3861797452618,-46.9956450508921));
#5390=CARTESIAN_POINT('Ctrl Pts',(150.013601986712,12.3861797452616,-46.9956450508922));
#5391=CARTESIAN_POINT('Ctrl Pts',(149.823485516395,12.6376795138042,-47.5133631647391));
#5392=CARTESIAN_POINT('Ctrl Pts',(149.638394316171,12.945374076384,-48.004599473499));
#5393=CARTESIAN_POINT('Ctrl Pts',(149.25988859786,13.7247990906588,-48.9909693619896));
#5394=CARTESIAN_POINT('Ctrl Pts',(149.071210006058,14.2133084034718,-49.4706578367923));
#5395=CARTESIAN_POINT('Ctrl Pts',(148.729394871118,15.3485443084423,-50.3277572112218));
#5396=CARTESIAN_POINT('Ctrl Pts',(148.581350203694,15.9986942276229,-50.6915942075505));
#5397=CARTESIAN_POINT('Ctrl Pts',(148.386289574677,17.2288657035334,-51.1673749397866));
#5398=CARTESIAN_POINT('Ctrl Pts',(148.324438769825,17.7842136571103,-51.3166234988488));
#5399=CARTESIAN_POINT('Ctrl Pts',(148.266140538296,18.6843105869066,-51.4565219030963));
#5400=CARTESIAN_POINT('Ctrl Pts',(148.253241335472,19.0184361895151,-51.4871742796658));
#5401=CARTESIAN_POINT('Ctrl Pts',(148.248502282968,19.3979510563532,-51.4980040455558));
#5402=CARTESIAN_POINT('Ctrl Pts',(148.248102239772,19.4420620877222,-51.4988976919199));
#5403=CARTESIAN_POINT('Ctrl Pts',(148.24782689868,19.4907863982563,-51.4994816030212));
#5404=CARTESIAN_POINT('Ctrl Pts',(148.247802509683,19.4953931763664,-51.4995328305813));
#5405=CARTESIAN_POINT('Ctrl Pts',(148.247779764359,19.5,-51.4995800787011));
#5406=CARTESIAN_POINT('',(150.539412687752,11.5964437015838,-43.9797695127144));
#5407=CARTESIAN_POINT('Ctrl Pts',(150.539412687752,11.5964437015838,-43.9797695127144));
#5408=CARTESIAN_POINT('Ctrl Pts',(150.428642791422,11.635864420942,-44.635915114584));
#5409=CARTESIAN_POINT('Ctrl Pts',(150.321351213612,11.7559853823307,-45.2846404347762));
#5410=CARTESIAN_POINT('Ctrl Pts',(150.146449266272,12.0717111188377,-46.2833497388569));
#5411=CARTESIAN_POINT('Ctrl Pts',(150.080948985507,12.2161962432447,-46.6457300646507));
#5412=CARTESIAN_POINT('Ctrl Pts',(150.013601986712,12.3861797452616,-46.9956450508922));
#5413=CARTESIAN_POINT('',(150.701414553078,11.582044616958,-43.5000007972108));
#5414=CARTESIAN_POINT('Ctrl Pts',(150.701414553078,11.582044616958,-43.5000007972094));
#5415=CARTESIAN_POINT('Ctrl Pts',(150.650377006079,11.582044616958,-43.6604837900073));
#5416=CARTESIAN_POINT('Ctrl Pts',(150.596376145671,11.5868732787304,-43.8204728036359));
#5417=CARTESIAN_POINT('Ctrl Pts',(150.539412687752,11.5964437015838,-43.9797695127144));
#5418=CARTESIAN_POINT('',(153.835053166179,11.582044616958,-43.5000007972113));
#5419=CARTESIAN_POINT('',(143.204463441622,11.582044616958,-43.5000007972121));
#5420=CARTESIAN_POINT('',(151.174006114697,19.5,-51.4995800787011));
#5421=CARTESIAN_POINT('Ctrl Pts',(151.174006114697,19.5,-51.4995800787011));
#5422=CARTESIAN_POINT('Ctrl Pts',(151.174012196898,19.4986658483962,-51.4995663954869));
#5423=CARTESIAN_POINT('Ctrl Pts',(151.174018405198,19.4973317000078,-51.4995523785103));
#5424=CARTESIAN_POINT('Ctrl Pts',(151.17425313147,19.4478938567051,-51.499020600103));
#5425=CARTESIAN_POINT('Ctrl Pts',(151.174645441445,19.3997973371955,-51.4980693067147));
#5426=CARTESIAN_POINT('Ctrl Pts',(151.176112202392,19.2729757962175,-51.4944164272618));
#5427=CARTESIAN_POINT('Ctrl Pts',(151.177461965467,19.1942837248448,-51.4909859595615));
#5428=CARTESIAN_POINT('Ctrl Pts',(151.188709949985,18.6996436772415,-51.4621004239841));
#5429=CARTESIAN_POINT('Ctrl Pts',(151.210420635733,18.2868303725562,-51.405382085758));
#5430=CARTESIAN_POINT('Ctrl Pts',(151.311486573443,17.0618213382043,-51.1387859869069));
#5431=CARTESIAN_POINT('Ctrl Pts',(151.42620023974,16.28175288476,-50.834323650372));
#5432=CARTESIAN_POINT('Ctrl Pts',(151.752821414024,14.7511236952343,-49.9459789614241));
#5433=CARTESIAN_POINT('Ctrl Pts',(151.973047225455,14.0331990299217,-49.3368676880106));
#5434=CARTESIAN_POINT('Ctrl Pts',(152.511363495667,12.7381539635892,-47.7848104058598));
#5435=CARTESIAN_POINT('Ctrl Pts',(152.835413198646,12.2196628332385,-46.8128573900652));
#5436=CARTESIAN_POINT('Ctrl Pts',(153.38955025399,11.6931204163392,-45.0346842751055));
#5437=CARTESIAN_POINT('Ctrl Pts',(153.617383133243,11.582044616958,-44.2697232746535));
#5438=CARTESIAN_POINT('Ctrl Pts',(153.835053166179,11.582044616958,-43.5000007972104));
#5439=CARTESIAN_POINT('',(155.717353730883,19.5,-35.5004215157231));
#5440=CARTESIAN_POINT('Ctrl Pts',(155.717353730883,19.5,-35.5004215157231));
#5441=CARTESIAN_POINT('Ctrl Pts',(155.717387676216,19.5254582090995,-35.500160413365));
#5442=CARTESIAN_POINT('Ctrl Pts',(155.717398012754,19.5509176829881,-35.5000208398233));
#5443=CARTESIAN_POINT('Ctrl Pts',(155.717357493946,19.6286444539875,-35.4999657793598));
#5444=CARTESIAN_POINT('Ctrl Pts',(155.717230753402,19.6809101558845,-35.5004409743474));
#5445=CARTESIAN_POINT('Ctrl Pts',(155.716683285344,19.8073690548554,-35.502830247229));
#5446=CARTESIAN_POINT('Ctrl Pts',(155.716161486016,19.8815465410352,-35.5052646519356));
#5447=CARTESIAN_POINT('Ctrl Pts',(155.714144721464,20.0885074151443,-35.5149411387278));
#5448=CARTESIAN_POINT('Ctrl Pts',(155.712206782869,20.2211527946429,-35.5244620761269));
#5449=CARTESIAN_POINT('Ctrl Pts',(155.690395036342,21.3391214526823,-35.6327731164897));
#5450=CARTESIAN_POINT('Ctrl Pts',(155.636052229984,22.2967845048675,-35.910316751781));
#5451=CARTESIAN_POINT('Ctrl Pts',(155.477089122101,23.8503454518462,-36.6920532972235));
#5452=CARTESIAN_POINT('Ctrl Pts',(155.38818981878,24.4694894649229,-37.1225130064597));
#5453=CARTESIAN_POINT('Ctrl Pts',(155.278769470212,25.0182436850698,-37.6307811138248));
#5454=CARTESIAN_POINT('Ctrl Pts',(155.175829290127,25.5344991986309,-38.1089482115179));
#5455=CARTESIAN_POINT('Ctrl Pts',(155.055706190589,25.9832408787467,-38.6511038285623));
#5456=CARTESIAN_POINT('Ctrl Pts',(154.804608728153,26.6631496824522,-39.7325421778098));
#5457=CARTESIAN_POINT('Ctrl Pts',(154.679723620223,26.9161192688518,-40.2531699029272));
#5458=CARTESIAN_POINT('Ctrl Pts',(154.307497742099,27.4515409572656,-41.7429273878723));
#5459=CARTESIAN_POINT('Ctrl Pts',(154.041548434899,27.6080241046835,-42.7411898829898));
#5460=CARTESIAN_POINT('Ctrl Pts',(153.454793667898,27.5472187119088,-44.7943939032275));
#5461=CARTESIAN_POINT('Ctrl Pts',(153.135879669708,27.3064424756135,-45.8338370065982));
#5462=CARTESIAN_POINT('Ctrl Pts',(152.548940562125,26.4873578585415,-47.6458502344782));
#5463=CARTESIAN_POINT('Ctrl Pts',(152.282315048103,25.9547779504674,-48.4273489138888));
#5464=CARTESIAN_POINT('Ctrl Pts',(151.843977462638,24.7307403272292,-49.6756254889112));
#5465=CARTESIAN_POINT('Ctrl Pts',(151.666170175763,24.0795847610396,-50.1663166557778));
#5466=CARTESIAN_POINT('Ctrl Pts',(151.41005604271,22.7755281811415,-50.8647978632047));
#5467=CARTESIAN_POINT('Ctrl Pts',(151.320453528795,22.1521605128003,-51.1054266012756));
#5468=CARTESIAN_POINT('Ctrl Pts',(151.231635244298,21.18835654483,-51.3437510796782));
#5469=CARTESIAN_POINT('Ctrl Pts',(151.209747150006,20.8694414108748,-51.4023984604578));
#5470=CARTESIAN_POINT('Ctrl Pts',(151.185855459098,20.3405069098396,-51.4666907466935));
#5471=CARTESIAN_POINT('Ctrl Pts',(151.179552681478,20.1326815352379,-51.4837523665436));
#5472=CARTESIAN_POINT('Ctrl Pts',(151.175323166128,19.8596936975075,-51.4954430271153));
#5473=CARTESIAN_POINT('Ctrl Pts',(151.1746178229,19.7950237057956,-51.4974270185517));
#5474=CARTESIAN_POINT('Ctrl Pts',(151.173952098917,19.6896969115034,-51.4993797034321));
#5475=CARTESIAN_POINT('Ctrl Pts',(151.173812252637,19.6490548933514,-51.499823393611));
#5476=CARTESIAN_POINT('Ctrl Pts',(151.173769148095,19.5722731984028,-51.5000764511081));
#5477=CARTESIAN_POINT('Ctrl Pts',(151.173841378624,19.5361354197794,-51.4999506877757));
#5478=CARTESIAN_POINT('Ctrl Pts',(151.174006114697,19.5,-51.4995800787011));
#5479=CARTESIAN_POINT('Ctrl Pts',(153.835053166179,11.582044616958,-43.5000007972104));
#5480=CARTESIAN_POINT('Ctrl Pts',(153.910765771281,11.582044616958,-43.2322666806348));
#5481=CARTESIAN_POINT('Ctrl Pts',(153.985274706063,11.5954843239606,-42.9639638076199));
#5482=CARTESIAN_POINT('Ctrl Pts',(154.315187160984,11.7176863051319,-41.75402361124));
#5483=CARTESIAN_POINT('Ctrl Pts',(154.54983020687,11.9798606112418,-40.8305256118449));
#5484=CARTESIAN_POINT('Ctrl Pts',(154.944361542323,12.7892911548537,-39.184299666634));
#5485=CARTESIAN_POINT('Ctrl Pts',(155.106408039263,13.3041358178795,-38.4630101038525));
#5486=CARTESIAN_POINT('Ctrl Pts',(155.362881092704,14.4936864441801,-37.2757307884649));
#5487=CARTESIAN_POINT('Ctrl Pts',(155.460992236147,15.1395137155609,-36.7988322552058));
#5488=CARTESIAN_POINT('Ctrl Pts',(155.599462507636,16.441913302744,-36.1114565155651));
#5489=CARTESIAN_POINT('Ctrl Pts',(155.645976778449,17.0740422754567,-35.8734712914133));
#5490=CARTESIAN_POINT('Ctrl Pts',(155.688994094964,18.0084175599344,-35.651059800152));
#5491=CARTESIAN_POINT('Ctrl Pts',(155.698829387911,18.2907646813237,-35.5996913211208));
#5492=CARTESIAN_POINT('Ctrl Pts',(155.710519352937,18.7767992857601,-35.5380403957587));
#5493=CARTESIAN_POINT('Ctrl Pts',(155.713860654264,18.9791722102702,-35.5201638320104));
#5494=CARTESIAN_POINT('Ctrl Pts',(155.716406867687,19.2598849057159,-35.5061099924885));
#5495=CARTESIAN_POINT('Ctrl Pts',(155.716891674717,19.3377971679511,-35.5033502089663));
#5496=CARTESIAN_POINT('Ctrl Pts',(155.717250083564,19.4438232057396,-35.5011456326098));
#5497=CARTESIAN_POINT('Ctrl Pts',(155.717316277498,19.4719108330127,-35.5007096014918));
#5498=CARTESIAN_POINT('Ctrl Pts',(155.717353730883,19.5,-35.5004215157231));
#5499=CARTESIAN_POINT('Ctrl Pts',(150.919631874065,19.4999999882611,-35.5004215158435));
#5500=CARTESIAN_POINT('Ctrl Pts',(150.919866079288,19.4306807343789,-35.5011324622879));
#5501=CARTESIAN_POINT('Ctrl Pts',(150.920337015023,19.3613436078361,-35.5027446788246));
#5502=CARTESIAN_POINT('Ctrl Pts',(150.926690133852,18.7383792734856,-35.5253451847228));
#5503=CARTESIAN_POINT('Ctrl Pts',(150.947694356828,18.1893880831587,-35.6027739095394));
#5504=CARTESIAN_POINT('Ctrl Pts',(151.026171933121,16.9078381725431,-35.9212223258149));
#5505=CARTESIAN_POINT('Ctrl Pts',(151.094331489145,16.1946573854,-36.2122742604403));
#5506=CARTESIAN_POINT('Ctrl Pts',(151.257183823064,14.6375876106838,-37.1255175655764));
#5507=CARTESIAN_POINT('Ctrl Pts',(151.350401332888,13.8500284695244,-37.8225602367148));
#5508=CARTESIAN_POINT('Ctrl Pts',(151.399829769537,12.6296829804176,-39.4249067313352));
#5509=CARTESIAN_POINT('Ctrl Pts',(151.363562210872,12.1901457535594,-40.2929171169835));
#5510=CARTESIAN_POINT('Ctrl Pts',(151.116901118216,11.6893560171432,-41.9731022181788));
#5511=CARTESIAN_POINT('Ctrl Pts',(150.94243479333,11.582044616958,-42.7421342508108));
#5512=CARTESIAN_POINT('Ctrl Pts',(150.701414553078,11.582044616958,-43.5000007972094));
#5513=CARTESIAN_POINT('Ctrl Pts',(150.226377141273,19.5,-46.9956450508922));
#5514=CARTESIAN_POINT('Ctrl Pts',(150.226377141273,-99.52637783902,-46.9956450508922));
#5515=CARTESIAN_POINT('Ctrl Pts',(31.1999993022529,-99.52637783902,-46.9956450508922));
#5516=CARTESIAN_POINT('Ctrl Pts',(-87.8263785367671,-99.52637783902,-46.9956450508922));
#5517=CARTESIAN_POINT('Ctrl Pts',(-87.8263785367671,19.5,-46.9956450508922));
#5518=CARTESIAN_POINT('Ctrl Pts',(-87.8263785367671,138.52637783902,-46.9956450508922));
#5519=CARTESIAN_POINT('Ctrl Pts',(31.1999993022529,138.52637783902,-46.9956450508922));
#5520=CARTESIAN_POINT('Ctrl Pts',(150.226377141273,138.52637783902,-46.9956450508922));
#5521=CARTESIAN_POINT('Ctrl Pts',(150.226377141273,19.5,-46.9956450508922));
#5522=CARTESIAN_POINT('Ctrl Pts',(150.047555573467,19.5,-47.4476742352749));
#5523=CARTESIAN_POINT('Ctrl Pts',(150.047555573467,-99.3475562712139,-47.4476742352749));
#5524=CARTESIAN_POINT('Ctrl Pts',(31.1999993022529,-99.3475562712139,-47.4476742352749));
#5525=CARTESIAN_POINT('Ctrl Pts',(-87.647556968961,-99.3475562712138,-47.447674235275));
#5526=CARTESIAN_POINT('Ctrl Pts',(-87.647556968961,19.5,-47.447674235275));
#5527=CARTESIAN_POINT('Ctrl Pts',(-87.647556968961,138.347556271214,-47.447674235275));
#5528=CARTESIAN_POINT('Ctrl Pts',(31.1999993022529,138.347556271214,-47.4476742352749));
#5529=CARTESIAN_POINT('Ctrl Pts',(150.047555573467,138.347556271214,-47.4476742352749));
#5530=CARTESIAN_POINT('Ctrl Pts',(150.047555573467,19.5,-47.4476742352749));
#5531=CARTESIAN_POINT('Ctrl Pts',(149.390515644557,19.5,-49.0617489034217));
#5532=CARTESIAN_POINT('Ctrl Pts',(149.390515644557,-98.6905163423038,-49.0617489034217));
#5533=CARTESIAN_POINT('Ctrl Pts',(31.1999993022529,-98.6905163423038,-49.0617489034218));
#5534=CARTESIAN_POINT('Ctrl Pts',(-86.9905170400509,-98.6905163423038,-49.0617489034218));
#5535=CARTESIAN_POINT('Ctrl Pts',(-86.9905170400509,19.5,-49.0617489034218));
#5536=CARTESIAN_POINT('Ctrl Pts',(-86.9905170400509,137.690516342304,-49.0617489034218));
#5537=CARTESIAN_POINT('Ctrl Pts',(31.1999993022529,137.690516342304,-49.0617489034218));
#5538=CARTESIAN_POINT('Ctrl Pts',(149.390515644557,137.690516342304,-49.0617489034217));
#5539=CARTESIAN_POINT('Ctrl Pts',(149.390515644557,19.5,-49.0617489034217));
#5540=CARTESIAN_POINT('Ctrl Pts',(148.495843696912,19.5,-51.0584337097952));
#5541=CARTESIAN_POINT('Ctrl Pts',(148.495843696912,-97.7958443946587,-51.0584337097952));
#5542=CARTESIAN_POINT('Ctrl Pts',(31.1999993022529,-97.7958443946587,-51.0584337097953));
#5543=CARTESIAN_POINT('Ctrl Pts',(-86.0958450924058,-97.7958443946586,-51.0584337097953));
#5544=CARTESIAN_POINT('Ctrl Pts',(-86.0958450924058,19.5,-51.0584337097953));
#5545=CARTESIAN_POINT('Ctrl Pts',(-86.0958450924057,136.795844394659,-51.0584337097953));
#5546=CARTESIAN_POINT('Ctrl Pts',(31.1999993022529,136.795844394659,-51.0584337097953));
#5547=CARTESIAN_POINT('Ctrl Pts',(148.495843696912,136.795844394659,-51.0584337097952));
#5548=CARTESIAN_POINT('Ctrl Pts',(148.495843696912,19.5,-51.0584337097952));
#5549=CARTESIAN_POINT('Ctrl Pts',(147.551455582292,19.5,-52.9726349830848));
#5550=CARTESIAN_POINT('Ctrl Pts',(147.551455582292,-96.8514562800395,-52.9726349830848));
#5551=CARTESIAN_POINT('Ctrl Pts',(31.1999993022529,-96.8514562800395,-52.9726349830849));
#5552=CARTESIAN_POINT('Ctrl Pts',(-85.1514569777866,-96.8514562800394,-52.9726349830849));
#5553=CARTESIAN_POINT('Ctrl Pts',(-85.1514569777866,19.5,-52.9726349830849));
#5554=CARTESIAN_POINT('Ctrl Pts',(-85.1514569777865,135.851456280039,-52.9726349830849));
#5555=CARTESIAN_POINT('Ctrl Pts',(31.1999993022529,135.851456280039,-52.9726349830849));
#5556=CARTESIAN_POINT('Ctrl Pts',(147.551455582292,135.851456280039,-52.9726349830848));
#5557=CARTESIAN_POINT('Ctrl Pts',(147.551455582292,19.5,-52.9726349830848));
#5558=CARTESIAN_POINT('Ctrl Pts',(146.567745019558,19.5,-54.82159682527));
#5559=CARTESIAN_POINT('Ctrl Pts',(146.567745019557,-95.8677457173046,-54.82159682527));
#5560=CARTESIAN_POINT('Ctrl Pts',(31.1999993022529,-95.8677457173046,-54.82159682527));
#5561=CARTESIAN_POINT('Ctrl Pts',(-84.1677464150517,-95.8677457173046,-54.8215968252701));
#5562=CARTESIAN_POINT('Ctrl Pts',(-84.1677464150517,19.5,-54.8215968252701));
#5563=CARTESIAN_POINT('Ctrl Pts',(-84.1677464150517,134.867745717305,-54.8215968252701));
#5564=CARTESIAN_POINT('Ctrl Pts',(31.1999993022529,134.867745717305,-54.82159682527));
#5565=CARTESIAN_POINT('Ctrl Pts',(146.567745019558,134.867745717305,-54.82159682527));
#5566=CARTESIAN_POINT('Ctrl Pts',(146.567745019558,19.5,-54.82159682527));
#5567=CARTESIAN_POINT('Ctrl Pts',(145.773602025797,19.5,-56.2363580526683));
#5568=CARTESIAN_POINT('Ctrl Pts',(145.773602025797,-95.0736027235445,-56.2363580526683));
#5569=CARTESIAN_POINT('Ctrl Pts',(31.1999993022529,-95.0736027235445,-56.2363580526684));
#5570=CARTESIAN_POINT('Ctrl Pts',(-83.3736034212916,-95.0736027235445,-56.2363580526684));
#5571=CARTESIAN_POINT('Ctrl Pts',(-83.3736034212916,19.5,-56.2363580526684));
#5572=CARTESIAN_POINT('Ctrl Pts',(-83.3736034212916,134.073602723545,-56.2363580526684));
#5573=CARTESIAN_POINT('Ctrl Pts',(31.1999993022529,134.073602723545,-56.2363580526684));
#5574=CARTESIAN_POINT('Ctrl Pts',(145.773602025797,134.073602723544,-56.2363580526683));
#5575=CARTESIAN_POINT('Ctrl Pts',(145.773602025797,19.5,-56.2363580526683));
#5576=CARTESIAN_POINT('Ctrl Pts',(145.54606478711,19.5,-56.6357163268584));
#5577=CARTESIAN_POINT('Ctrl Pts',(145.54606478711,-94.8460654848571,-56.6357163268584));
#5578=CARTESIAN_POINT('Ctrl Pts',(31.1999993022529,-94.8460654848571,-56.6357163268584));
#5579=CARTESIAN_POINT('Ctrl Pts',(-83.1460661826042,-94.846065484857,-56.6357163268585));
#5580=CARTESIAN_POINT('Ctrl Pts',(-83.1460661826042,19.5,-56.6357163268585));
#5581=CARTESIAN_POINT('Ctrl Pts',(-83.1460661826041,133.846065484857,-56.6357163268585));
#5582=CARTESIAN_POINT('Ctrl Pts',(31.1999993022529,133.846065484857,-56.6357163268584));
#5583=CARTESIAN_POINT('Ctrl Pts',(145.54606478711,133.846065484857,-56.6357163268584));
#5584=CARTESIAN_POINT('Ctrl Pts',(145.54606478711,19.5,-56.6357163268584));
#5585=CARTESIAN_POINT('',(40.1999993026257,138.185629380606,-46.9956450508922));
#5586=CARTESIAN_POINT('Origin',(31.1999993022529,19.5,-46.9956450508922));
#5587=CARTESIAN_POINT('',(40.1999993026257,136.249245801547,-51.4000000357628));
#5588=CARTESIAN_POINT('Ctrl Pts',(40.1999993026257,138.185629380606,-46.9956450508922));
#5589=CARTESIAN_POINT('Ctrl Pts',(40.1999993026257,137.594068833407,-48.4867242045751));
#5590=CARTESIAN_POINT('Ctrl Pts',(40.1999993026257,136.943550159316,-49.9566376808238));
#5591=CARTESIAN_POINT('Ctrl Pts',(40.1999993026257,136.249245801547,-51.4000000357628));
#5592=CARTESIAN_POINT('',(38.1999993026257,136.386211313532,-51.4000000357628));
#5593=CARTESIAN_POINT('Ctrl Pts',(40.1999993026257,136.249245801547,-51.4000000357628));
#5594=CARTESIAN_POINT('Ctrl Pts',(40.1999993026257,136.191004753026,-51.5210750888092));
#5595=CARTESIAN_POINT('Ctrl Pts',(40.1780141412481,136.133960456785,-51.642344987514));
#5596=CARTESIAN_POINT('Ctrl Pts',(40.0934001123758,136.032748463163,-51.8632828513978));
#5597=CARTESIAN_POINT('Ctrl Pts',(40.0346231467503,135.988282262322,-51.9630874842403));
#5598=CARTESIAN_POINT('Ctrl Pts',(39.8943912884184,135.918435358474,-52.1262758139814));
#5599=CARTESIAN_POINT('Ctrl Pts',(39.8187422837231,135.89150806538,-52.1920836197557));
#5600=CARTESIAN_POINT('Ctrl Pts',(39.6619903721069,135.854005775317,-52.2908621743212));
#5601=CARTESIAN_POINT('Ctrl Pts',(39.5848869945546,135.841662387048,-52.3269129354807));
#5602=CARTESIAN_POINT('Ctrl Pts',(39.4425499662087,135.829255466918,-52.3722412641314));
#5603=CARTESIAN_POINT('Ctrl Pts',(39.3798388022533,135.826933190434,-52.3857834409593));
#5604=CARTESIAN_POINT('Ctrl Pts',(39.2852834572376,135.828017943848,-52.3968413790662));
#5605=CARTESIAN_POINT('Ctrl Pts',(39.2542855435396,135.829088265506,-52.3990075506203));
#5606=CARTESIAN_POINT('Ctrl Pts',(39.2188817250772,135.831119312212,-52.3998313451228));
#5607=CARTESIAN_POINT('Ctrl Pts',(39.2145021593081,135.831384668722,-52.3999044537733));
#5608=CARTESIAN_POINT('Ctrl Pts',(39.2079056303255,135.83180558063,-52.3999712392069));
#5609=CARTESIAN_POINT('Ctrl Pts',(39.2056883173883,135.8319506775,-52.399986311042));
#5610=CARTESIAN_POINT('Ctrl Pts',(39.2018685438843,135.832206859923,-52.3999995730193));
#5611=CARTESIAN_POINT('Ctrl Pts',(39.2002659977304,135.832316226301,-52.4000012840636));
#5612=CARTESIAN_POINT('Ctrl Pts',(39.1969602135795,135.83254572351,-52.3999968684704));
#5613=CARTESIAN_POINT('Ctrl Pts',(39.1952570014197,135.832666097829,-52.3999902412371));
#5614=CARTESIAN_POINT('Ctrl Pts',(39.1911485115907,135.832961606749,-52.399963760081));
#5615=CARTESIAN_POINT('Ctrl Pts',(39.1887434368396,135.833138847743,-52.3999395783828));
#5616=CARTESIAN_POINT('Ctrl Pts',(39.1799048527435,135.833805824421,-52.3998188275186));
#5617=CARTESIAN_POINT('Ctrl Pts',(39.1734743371121,135.834321513586,-52.3996688645111));
#5618=CARTESIAN_POINT('Ctrl Pts',(39.0798560047998,135.84227166794,-52.3965823550217));
#5619=CARTESIAN_POINT('Ctrl Pts',(38.994177043936,135.855142289517,-52.3823406128925));
#5620=CARTESIAN_POINT('Ctrl Pts',(38.8015508801999,135.896737963208,-52.3244195186409));
#5621=CARTESIAN_POINT('Ctrl Pts',(38.699565724489,135.928936660615,-52.2729312051571));
#5622=CARTESIAN_POINT('Ctrl Pts',(38.5072537207485,136.010817392535,-52.1322337467094));
#5623=CARTESIAN_POINT('Ctrl Pts',(38.4219080709127,136.061615991852,-52.0399903000745));
#5624=CARTESIAN_POINT('Ctrl Pts',(38.2778972585325,136.181453288413,-51.8135213466027));
#5625=CARTESIAN_POINT('Ctrl Pts',(38.228094450617,136.251510750686,-51.6757976666262));
#5626=CARTESIAN_POINT('Ctrl Pts',(38.2029848239071,136.343141243267,-51.4891571800905));
#5627=CARTESIAN_POINT('Ctrl Pts',(38.1999993026257,136.364776755784,-51.4446117804842));
#5628=CARTESIAN_POINT('Ctrl Pts',(38.1999993026257,136.386211313532,-51.4000000357628));
#5629=CARTESIAN_POINT('',(38.1999993026257,138.320362823348,-46.9956450508922));
#5630=CARTESIAN_POINT('Ctrl Pts',(38.1999993026257,136.386211313532,-51.4000000357628));
#5631=CARTESIAN_POINT('Ctrl Pts',(38.1999993026257,137.079725465006,-49.956589042603));
#5632=CARTESIAN_POINT('Ctrl Pts',(38.1999993026257,137.729491314233,-48.4866781454084));
#5633=CARTESIAN_POINT('Ctrl Pts',(38.1999993026257,138.320362823348,-46.9956450508922));
#5634=CARTESIAN_POINT('',(36.1999993026257,138.421312730198,-46.9956450508922));
#5635=CARTESIAN_POINT('Origin',(31.1999993022529,19.5,-46.9956450508922));
#5636=CARTESIAN_POINT('',(36.1999993026257,135.493231744275,-53.4000000357628));
#5637=CARTESIAN_POINT('Ctrl Pts',(36.1999993026257,138.421312730197,-46.9956450508922));
#5638=CARTESIAN_POINT('Ctrl Pts',(36.1999993026257,137.557766180658,-49.1766106085372));
#5639=CARTESIAN_POINT('Ctrl Pts',(36.1999993026257,136.562847241407,-51.3242362860685));
#5640=CARTESIAN_POINT('Ctrl Pts',(36.1999993026257,135.493231744275,-53.4000000357628));
#5641=CARTESIAN_POINT('',(34.1999993026257,135.56218079324,-53.4000000357628));
#5642=CARTESIAN_POINT('Ctrl Pts',(36.1999993026257,135.493231744275,-53.4000000357628));
#5643=CARTESIAN_POINT('Ctrl Pts',(36.1999993026257,135.455093289446,-53.4740139428322));
#5644=CARTESIAN_POINT('Ctrl Pts',(36.191783422422,135.417129698249,-53.5480990204269));
#5645=CARTESIAN_POINT('Ctrl Pts',(36.1484808989861,135.319738656216,-53.739300697727));
#5646=CARTESIAN_POINT('Ctrl Pts',(36.0998941999356,135.262057989707,-53.8537175480754));
#5647=CARTESIAN_POINT('Ctrl Pts',(35.9720744347892,135.167532138116,-54.0439907044392));
#5648=CARTESIAN_POINT('Ctrl Pts',(35.8998495098108,135.129167901949,-54.1223883768734));
#5649=CARTESIAN_POINT('Ctrl Pts',(35.7445162746656,135.071350149784,-54.2434671219436));
#5650=CARTESIAN_POINT('Ctrl Pts',(35.6662851952059,135.050072560444,-54.2893545422999));
#5651=CARTESIAN_POINT('Ctrl Pts',(35.4721941426193,135.014871098752,-54.3695090769406));
#5652=CARTESIAN_POINT('Ctrl Pts',(35.3547858571637,135.005472607577,-54.3952159962992));
#5653=CARTESIAN_POINT('Ctrl Pts',(35.2277539647485,135.007555581829,-54.3996396747256));
#5654=CARTESIAN_POINT('Ctrl Pts',(35.2207049486667,135.007710244488,-54.3998105064467));
#5655=CARTESIAN_POINT('Ctrl Pts',(35.2110010959595,135.007976895402,-54.3999430385492));
#5656=CARTESIAN_POINT('Ctrl Pts',(35.2083465650244,135.008055374785,-54.3999687198774));
#5657=CARTESIAN_POINT('Ctrl Pts',(35.2038806278965,135.00819671684,-54.3999941443123));
#5658=CARTESIAN_POINT('Ctrl Pts',(35.2020691732357,135.008256624814,-54.3999995340561));
#5659=CARTESIAN_POINT('Ctrl Pts',(35.2002578337873,135.008319105485,-54.4000000023438));
#5660=CARTESIAN_POINT('Ctrl Pts',(35.1999292951131,135.008330438157,-54.4000000872813));
#5661=CARTESIAN_POINT('Ctrl Pts',(35.1996007593594,135.008341855496,-54.4000000103132));
#5662=CARTESIAN_POINT('Ctrl Pts',(35.1976457905304,135.008410299361,-54.3999985888968));
#5663=CARTESIAN_POINT('Ctrl Pts',(35.19601946889,135.008469314673,-54.3999934385051));
#5664=CARTESIAN_POINT('Ctrl Pts',(35.1921837476725,135.008613402301,-54.3999719349976));
#5665=CARTESIAN_POINT('Ctrl Pts',(35.1899744630365,135.008700227566,-54.3999522261368));
#5666=CARTESIAN_POINT('Ctrl Pts',(35.182318435312,135.009014393769,-54.399858556458));
#5667=CARTESIAN_POINT('Ctrl Pts',(35.1768732070318,135.009261145535,-54.3997474203526));
#5668=CARTESIAN_POINT('Ctrl Pts',(35.1182122217065,135.012170318459,-54.3980708509524));
#5669=CARTESIAN_POINT('Ctrl Pts',(35.0653984939417,135.017016363883,-54.3923083222361));
#5670=CARTESIAN_POINT('Ctrl Pts',(34.8969192632117,135.039591655463,-54.3603216837298));
#5671=CARTESIAN_POINT('Ctrl Pts',(34.7872005182768,135.065520028203,-54.3180329280952));
#5672=CARTESIAN_POINT('Ctrl Pts',(34.5944708384541,135.132108991854,-54.203315045334));
#5673=CARTESIAN_POINT('Ctrl Pts',(34.512008354156,135.171466037205,-54.1333477013616));
#5674=CARTESIAN_POINT('Ctrl Pts',(34.3506163940291,135.274360133005,-53.9464083348955));
#5675=CARTESIAN_POINT('Ctrl Pts',(34.2834718957147,135.340878459588,-53.8227882245426));
#5676=CARTESIAN_POINT('Ctrl Pts',(34.2145899972114,135.460124333986,-53.5969490686607));
#5677=CARTESIAN_POINT('Ctrl Pts',(34.1999993026257,135.511392268036,-53.4986220610024));
#5678=CARTESIAN_POINT('Ctrl Pts',(34.1999993026257,135.56218079324,-53.4000000357628));
#5679=CARTESIAN_POINT('',(34.1999993026257,138.488565087049,-46.9956450508922));
#5680=CARTESIAN_POINT('Ctrl Pts',(34.1999993026257,135.56218079324,-53.4000000357628));
#5681=CARTESIAN_POINT('Ctrl Pts',(34.1999993026257,136.631186783033,-51.3241859560325));
#5682=CARTESIAN_POINT('Ctrl Pts',(34.1999993026257,137.625525651503,-49.1765625008083));
#5683=CARTESIAN_POINT('Ctrl Pts',(34.1999993026257,138.488565087049,-46.9956450508922));
#5684=CARTESIAN_POINT('',(32.1999993026257,138.522177015363,-46.9956450508922));
#5685=CARTESIAN_POINT('Origin',(31.1999993022529,19.5,-46.9956450508922));
#5686=CARTESIAN_POINT('',(32.1999993026257,134.532837392561,-55.4000000357628));
#5687=CARTESIAN_POINT('Ctrl Pts',(32.1999993026257,138.522177015363,-46.9956450508922));
#5688=CARTESIAN_POINT('Ctrl Pts',(32.1999993026257,137.384810355677,-49.8706046252768));
#5689=CARTESIAN_POINT('Ctrl Pts',(32.1999993026257,136.005019203522,-52.717741726956));
#5690=CARTESIAN_POINT('Ctrl Pts',(32.1999993026257,134.532837392561,-55.4000000357628));
#5691=CARTESIAN_POINT('',(30.1999993026257,134.532837392567,-55.4000000357628));
#5692=CARTESIAN_POINT('Ctrl Pts',(32.1999993026257,134.532837392561,-55.4000000357628));
#5693=CARTESIAN_POINT('Ctrl Pts',(32.1999993026257,134.478326467102,-55.4993168332163));
#5694=CARTESIAN_POINT('Ctrl Pts',(32.1852055193983,134.423744942524,-55.5985364128255));
#5695=CARTESIAN_POINT('Ctrl Pts',(32.1204969351898,134.307919497095,-55.8086439614617));
#5696=CARTESIAN_POINT('Ctrl Pts',(32.0644499066484,134.24762442927,-55.9177202760872));
#5697=CARTESIAN_POINT('Ctrl Pts',(31.9259149159417,134.149308159301,-56.0952234668868));
#5698=CARTESIAN_POINT('Ctrl Pts',(31.8504222566244,134.109547241605,-56.1668660099081));
#5699=CARTESIAN_POINT('Ctrl Pts',(31.69259740359,134.049775614643,-56.2744457217303));
#5700=CARTESIAN_POINT('Ctrl Pts',(31.6150112298873,134.027735126581,-56.3140650112827));
#5701=CARTESIAN_POINT('Ctrl Pts',(31.4362461559769,133.99272061644,-56.3769778540423));
#5702=CARTESIAN_POINT('Ctrl Pts',(31.3351668277587,133.982024572392,-56.3961757456304));
#5703=CARTESIAN_POINT('Ctrl Pts',(31.2256767316942,133.980066587821,-56.3996908927907));
#5704=CARTESIAN_POINT('Ctrl Pts',(31.219263889472,133.979986299052,-56.3998350334468));
#5705=CARTESIAN_POINT('Ctrl Pts',(31.2103254117055,133.979922312455,-56.3999499071226));
#5706=CARTESIAN_POINT('Ctrl Pts',(31.2078009116341,133.979909566547,-56.3999727895384));
#5707=CARTESIAN_POINT('Ctrl Pts',(31.2035173347711,133.979896975099,-56.3999953946543));
#5708=CARTESIAN_POINT('Ctrl Pts',(31.2017583001594,133.979894389919,-56.4000000357629));
#5709=CARTESIAN_POINT('Ctrl Pts',(31.1999993025476,133.979894389919,-56.4000000357628));
#5710=CARTESIAN_POINT('Ctrl Pts',(31.1995874799442,133.979894389919,-56.4000000357627));
#5711=CARTESIAN_POINT('Ctrl Pts',(31.1991756574293,133.979894531621,-56.3999997813682));
#5712=CARTESIAN_POINT('Ctrl Pts',(31.1971375806773,133.979895934183,-56.3999972633833));
#5713=CARTESIAN_POINT('Ctrl Pts',(31.1955113813497,133.979899263019,-56.3999912872075));
#5714=CARTESIAN_POINT('Ctrl Pts',(31.1911346273462,133.979914168925,-56.3999645270013));
#5715=CARTESIAN_POINT('Ctrl Pts',(31.1883841909835,133.979929857963,-56.3999363608533));
#5716=CARTESIAN_POINT('Ctrl Pts',(31.1783211865589,133.98001038752,-56.3997917879369));
#5717=CARTESIAN_POINT('Ctrl Pts',(31.1710105500834,133.980113586627,-56.3996065167826));
#5718=CARTESIAN_POINT('Ctrl Pts',(31.0585638270417,133.982388450068,-56.3955224720387));
#5719=CARTESIAN_POINT('Ctrl Pts',(30.9556251591058,133.993721760055,-56.3751807236273));
#5720=CARTESIAN_POINT('Ctrl Pts',(30.8107979179074,134.023014743515,-56.3225454735677));
#5721=CARTESIAN_POINT('Ctrl Pts',(30.764947809183,134.034565303249,-56.3017843537013));
#5722=CARTESIAN_POINT('Ctrl Pts',(30.6437738498248,134.071311747572,-56.2356964181771));
#5723=CARTESIAN_POINT('Ctrl Pts',(30.5735802268145,134.099957022753,-56.1841391589546));
#5724=CARTESIAN_POINT('Ctrl Pts',(30.4142331870145,134.183834132586,-56.0329497998087));
#5725=CARTESIAN_POINT('Ctrl Pts',(30.3385710135416,134.244213256363,-55.9239192637));
#5726=CARTESIAN_POINT('Ctrl Pts',(30.2288937166836,134.380382934791,-55.6773163036545));
#5727=CARTESIAN_POINT('Ctrl Pts',(30.1999993026257,134.45665560867,-55.5388002989624));
#5728=CARTESIAN_POINT('Ctrl Pts',(30.1999993026257,134.532837392568,-55.4000000357628));
#5729=CARTESIAN_POINT('',(30.1999993026257,138.522177015369,-46.9956450508922));
#5730=CARTESIAN_POINT('Ctrl Pts',(30.1999993026257,134.532837392567,-55.4000000357628));
#5731=CARTESIAN_POINT('Ctrl Pts',(30.1999993026257,136.005019203536,-52.7177417269429));
#5732=CARTESIAN_POINT('Ctrl Pts',(30.1999993026257,137.384810355684,-49.8706046252758));
#5733=CARTESIAN_POINT('Ctrl Pts',(30.1999993026257,138.522177015369,-46.9956450508922));
#5734=CARTESIAN_POINT('',(28.1999993026257,138.488565087068,-46.9956450508922));
#5735=CARTESIAN_POINT('Origin',(31.1999993022529,19.5,-46.9956450508922));
#5736=CARTESIAN_POINT('',(28.1999993026257,135.562180793259,-53.4000000357628));
#5737=CARTESIAN_POINT('Ctrl Pts',(28.1999993026257,138.488565087068,-46.9956450508922));
#5738=CARTESIAN_POINT('Ctrl Pts',(28.1999993026257,137.625525651522,-49.1765625008082));
#5739=CARTESIAN_POINT('Ctrl Pts',(28.1999993026257,136.631186783052,-51.3241859560327));
#5740=CARTESIAN_POINT('Ctrl Pts',(28.1999993026257,135.562180793259,-53.4000000357628));
#5741=CARTESIAN_POINT('',(26.1999993026257,135.493231744308,-53.4000000357628));
#5742=CARTESIAN_POINT('Ctrl Pts',(28.1999993026256,135.562180793259,-53.4000000357628));
#5743=CARTESIAN_POINT('Ctrl Pts',(28.1999993026256,135.541663455294,-53.4398409528693));
#5744=CARTESIAN_POINT('Ctrl Pts',(28.1976182382715,135.521055513343,-53.4796584427548));
#5745=CARTESIAN_POINT('Ctrl Pts',(28.1774106373367,135.433532012945,-53.6479246040345));
#5746=CARTESIAN_POINT('Ctrl Pts',(28.1369439996451,135.367093934993,-53.7735455266006));
#5747=CARTESIAN_POINT('Ctrl Pts',(28.0184481818624,135.253156012518,-53.9851246175955));
#5748=CARTESIAN_POINT('Ctrl Pts',(27.9478260543353,135.204618239098,-54.0736813706718));
#5749=CARTESIAN_POINT('Ctrl Pts',(27.7918357929469,135.127372425512,-54.2114889032122));
#5750=CARTESIAN_POINT('Ctrl Pts',(27.7120344102454,135.096972108886,-54.2644058777142));
#5751=CARTESIAN_POINT('Ctrl Pts',(27.5556090489829,135.053239160933,-54.3377124478685));
#5752=CARTESIAN_POINT('Ctrl Pts',(27.482700309418,135.037832115068,-54.3623338793948));
#5753=CARTESIAN_POINT('Ctrl Pts',(27.3537289286624,135.019093933554,-54.3896050978546));
#5754=CARTESIAN_POINT('Ctrl Pts',(27.2995351093205,135.013586288273,-54.3965402200981));
#5755=CARTESIAN_POINT('Ctrl Pts',(27.2351740047592,135.009845688878,-54.3994278632348));
#5756=CARTESIAN_POINT('Ctrl Pts',(27.2255184098844,135.009357810198,-54.3997210702234));
#5757=CARTESIAN_POINT('Ctrl Pts',(27.2128579649757,135.008814261316,-54.3999218575285));
#5758=CARTESIAN_POINT('Ctrl Pts',(27.2098588188372,135.008692564224,-54.3999559282878));
#5759=CARTESIAN_POINT('Ctrl Pts',(27.2049727710054,135.008505813213,-54.3999894477438));
#5760=CARTESIAN_POINT('Ctrl Pts',(27.2030860901617,135.008436497294,-54.399997051507));
#5761=CARTESIAN_POINT('Ctrl Pts',(27.2011993603155,135.008369975272,-54.3999993156933));
#5762=CARTESIAN_POINT('Ctrl Pts',(27.2004193774779,135.00834247476,-54.4000002517184));
#5763=CARTESIAN_POINT('Ctrl Pts',(27.1996393756931,135.008315451362,-54.4000002752044));
#5764=CARTESIAN_POINT('Ctrl Pts',(27.197207973995,135.008232704183,-54.3999975035397));
#5765=CARTESIAN_POINT('Ctrl Pts',(27.1955565811416,135.008178644505,-54.3999915304299));
#5766=CARTESIAN_POINT('Ctrl Pts',(27.1916003180408,135.008054264215,-54.3999674200947));
#5767=CARTESIAN_POINT('Ctrl Pts',(27.1892954512248,135.007985974249,-54.3999454045905));
#5768=CARTESIAN_POINT('Ctrl Pts',(27.180980440242,135.007754666488,-54.3998372282265));
#5769=CARTESIAN_POINT('Ctrl Pts',(27.1749706208566,135.007615860694,-54.3997048444584));
#5770=CARTESIAN_POINT('Ctrl Pts',(27.0952819386976,135.006151850538,-54.3972303232449));
#5771=CARTESIAN_POINT('Ctrl Pts',(27.0222519362641,135.009080053481,-54.3868086549027));
#5772=CARTESIAN_POINT('Ctrl Pts',(26.8418590547613,135.027087578997,-54.3404649240456));
#5773=CARTESIAN_POINT('Ctrl Pts',(26.7396237372083,135.047600224533,-54.2944942094605));
#5774=CARTESIAN_POINT('Ctrl Pts',(26.5508521658641,135.106328981773,-54.1695383753043));
#5775=CARTESIAN_POINT('Ctrl Pts',(26.4675946583664,135.144920673531,-54.0900356684891));
#5776=CARTESIAN_POINT('Ctrl Pts',(26.3155196286546,135.24506845932,-53.8874752836652));
#5777=CARTESIAN_POINT('Ctrl Pts',(26.2571700427287,135.30919277135,-53.7600546334671));
#5778=CARTESIAN_POINT('Ctrl Pts',(26.2087105933876,135.414873796641,-53.5525016134232));
#5779=CARTESIAN_POINT('Ctrl Pts',(26.1999993026257,135.453959971034,-53.4762133325647));
#5780=CARTESIAN_POINT('Ctrl Pts',(26.1999993026257,135.493231744308,-53.4000000357628));
#5781=CARTESIAN_POINT('',(26.1999993026257,138.421312730229,-46.9956450508922));
#5782=CARTESIAN_POINT('Ctrl Pts',(26.1999993026257,135.493231744308,-53.4000000357628));
#5783=CARTESIAN_POINT('Ctrl Pts',(26.1999993026257,136.562847241439,-51.3242362860689));
#5784=CARTESIAN_POINT('Ctrl Pts',(26.1999993026257,137.557766180689,-49.1766106085373));
#5785=CARTESIAN_POINT('Ctrl Pts',(26.1999993026257,138.421312730229,-46.9956450508922));
#5786=CARTESIAN_POINT('',(24.1999993026257,138.320362823391,-46.9956450508922));
#5787=CARTESIAN_POINT('Origin',(31.1999993022529,19.5,-46.9956450508922));
#5788=CARTESIAN_POINT('',(24.1999993026257,136.386211313576,-51.4000000357628));
#5789=CARTESIAN_POINT('Ctrl Pts',(24.1999993026257,138.320362823391,-46.9956450508922));
#5790=CARTESIAN_POINT('Ctrl Pts',(24.1999993026257,137.729491314278,-48.4866781454083));
#5791=CARTESIAN_POINT('Ctrl Pts',(24.1999993026257,137.079725465051,-49.9565890426013));
#5792=CARTESIAN_POINT('Ctrl Pts',(24.1999993026257,136.386211313576,-51.4000000357628));
#5793=CARTESIAN_POINT('',(22.1999993026257,136.249245801605,-51.4000000357628));
#5794=CARTESIAN_POINT('Ctrl Pts',(24.1999993026256,136.386211313576,-51.4000000357628));
#5795=CARTESIAN_POINT('Ctrl Pts',(24.1999993026256,136.383587339201,-51.4054613135915));
#5796=CARTESIAN_POINT('Ctrl Pts',(24.1999545639056,136.380960142236,-51.410922040695));
#5797=CARTESIAN_POINT('Ctrl Pts',(24.1976570572243,136.313404750442,-51.5511523528944));
#5798=CARTESIAN_POINT('Ctrl Pts',(24.1682192484663,136.247090564661,-51.6843763402464));
#5799=CARTESIAN_POINT('Ctrl Pts',(24.0654993860788,136.128707251498,-51.914265277826));
#5800=CARTESIAN_POINT('Ctrl Pts',(23.9991584358863,136.076231582638,-52.0128809257653));
#5801=CARTESIAN_POINT('Ctrl Pts',(23.8464916451544,135.98955168933,-52.1693302485439));
#5802=CARTESIAN_POINT('Ctrl Pts',(23.7660136083906,135.954058753751,-52.230708240966));
#5803=CARTESIAN_POINT('Ctrl Pts',(23.6046953411148,135.900283511232,-52.3180519383894));
#5804=CARTESIAN_POINT('Ctrl Pts',(23.5279625264475,135.880183261604,-52.3483432686731));
#5805=CARTESIAN_POINT('Ctrl Pts',(23.398065080151,135.855013289886,-52.381509970485));
#5806=CARTESIAN_POINT('Ctrl Pts',(23.3475861131654,135.847194024017,-52.3903863890716));
#5807=CARTESIAN_POINT('Ctrl Pts',(23.2717083568693,135.838376959483,-52.397733488049));
#5808=CARTESIAN_POINT('Ctrl Pts',(23.2469176434521,135.835949593238,-52.3992082752409));
#5809=CARTESIAN_POINT('Ctrl Pts',(23.2179192004461,135.833641980984,-52.3998480206978));
#5810=CARTESIAN_POINT('Ctrl Pts',(23.2137817599236,135.83332531649,-52.3999136184957));
#5811=CARTESIAN_POINT('Ctrl Pts',(23.2074766945607,135.832861934097,-52.3999744268855));
#5812=CARTESIAN_POINT('Ctrl Pts',(23.205309932361,135.832706140805,-52.3999882821796));
#5813=CARTESIAN_POINT('Ctrl Pts',(23.2015469905138,135.832441573147,-52.4000001116888));
#5814=CARTESIAN_POINT('Ctrl Pts',(23.1999509272228,135.832331227938,-52.400001308412));
#5815=CARTESIAN_POINT('Ctrl Pts',(23.1983547964485,135.832222750457,-52.3999986835616));
#5816=CARTESIAN_POINT('Ctrl Pts',(23.1967308697483,135.832112383888,-52.3999960130005));
#5817=CARTESIAN_POINT('Ctrl Pts',(23.1951068197551,135.832003947033,-52.3999893865137));
#5818=CARTESIAN_POINT('Ctrl Pts',(23.191064868981,135.831738893622,-52.3999630460227));
#5819=CARTESIAN_POINT('Ctrl Pts',(23.1886469545833,135.831584633852,-52.3999385198553));
#5820=CARTESIAN_POINT('Ctrl Pts',(23.1797181148756,135.831030857624,-52.399815555072));
#5821=CARTESIAN_POINT('Ctrl Pts',(23.1732067465144,135.830658179131,-52.3996622779837));
#5822=CARTESIAN_POINT('Ctrl Pts',(23.0767388874636,135.825599190329,-52.396447776591));
#5823=CARTESIAN_POINT('Ctrl Pts',(22.9876889531138,135.826887677178,-52.3813232053867));
#5824=CARTESIAN_POINT('Ctrl Pts',(22.8389948129676,135.839397939476,-52.3348922386059));
#5825=CARTESIAN_POINT('Ctrl Pts',(22.7785231969539,135.847826450991,-52.3091786971029));
#5826=CARTESIAN_POINT('Ctrl Pts',(22.6309948322897,135.877019148119,-52.2287419582946));
#5827=CARTESIAN_POINT('Ctrl Pts',(22.5501347589831,135.901820976345,-52.1665976480074));
#5828=CARTESIAN_POINT('Ctrl Pts',(22.388715890794,135.97220083133,-51.9994539564763));
#5829=CARTESIAN_POINT('Ctrl Pts',(22.3183437230099,136.021170827721,-51.8888188181113));
#5830=CARTESIAN_POINT('Ctrl Pts',(22.2236348068059,136.129753653333,-51.651290610494));
#5831=CARTESIAN_POINT('Ctrl Pts',(22.1999993026257,136.188854080092,-51.5255460393363));
#5832=CARTESIAN_POINT('Ctrl Pts',(22.1999993026257,136.249245801605,-51.4000000357628));
#5833=CARTESIAN_POINT('',(22.1999993026257,138.185629380662,-46.9956450508922));
#5834=CARTESIAN_POINT('Ctrl Pts',(22.1999993026257,136.249245801605,-51.4000000357628));
#5835=CARTESIAN_POINT('Ctrl Pts',(22.1999993026257,136.943550159371,-49.9566376808266));
#5836=CARTESIAN_POINT('Ctrl Pts',(22.1999993026257,137.594068833463,-48.4867242045755));
#5837=CARTESIAN_POINT('Ctrl Pts',(22.1999993026257,138.185629380662,-46.9956450508922));
#5838=CARTESIAN_POINT('Origin',(31.1999993022529,19.5,-46.9956450508922));
#5839=CARTESIAN_POINT('',(147.925459586059,19.5,-52.1610032889558));
#5840=CARTESIAN_POINT('Ctrl Pts',(148.247779764359,19.5,-51.4995800787014));
#5841=CARTESIAN_POINT('Ctrl Pts',(148.183750482574,19.5,-51.6325860160132));
#5842=CARTESIAN_POINT('Ctrl Pts',(148.119500237672,19.5,-51.7652253559041));
#5843=CARTESIAN_POINT('Ctrl Pts',(148.055032705271,19.5,-51.8975041965517));
#5844=CARTESIAN_POINT('Ctrl Pts',(147.99035138152,19.5,-52.0294283383762));
#5845=CARTESIAN_POINT('Ctrl Pts',(147.925459586059,19.5,-52.1610032889558));
#5846=CARTESIAN_POINT('',(147.496315156616,9.5000001415616,-52.1610032889558));
#5847=CARTESIAN_POINT('Ctrl Pts',(147.496315153096,9.50000014186419,-52.1610032889558));
#5848=CARTESIAN_POINT('Ctrl Pts',(147.782405831913,12.8271311238026,-52.1610032889558));
#5849=CARTESIAN_POINT('Ctrl Pts',(147.925459586059,16.1635960439591,-52.1610032889558));
#5850=CARTESIAN_POINT('Ctrl Pts',(147.925459586059,19.5,-52.1610032889558));
#5851=CARTESIAN_POINT('',(146.817724623669,9.50000014156104,-53.5000007972121));
#5852=CARTESIAN_POINT('Ctrl Pts',(147.496315156615,9.50000014156103,-52.1610032889558));
#5853=CARTESIAN_POINT('Ctrl Pts',(147.274874161568,9.50000014156103,-52.6083474890777));
#5854=CARTESIAN_POINT('Ctrl Pts',(147.048447730019,9.50000014156103,-53.0549844695526));
#5855=CARTESIAN_POINT('Ctrl Pts',(146.817724623669,9.50000014156103,-53.5000007972121));
#5856=CARTESIAN_POINT('',(145.704463441622,9.50000014156103,-55.5760504997149));
#5857=CARTESIAN_POINT('Ctrl Pts',(146.817724623669,9.50000014156104,-53.5000007972121));
#5858=CARTESIAN_POINT('Ctrl Pts',(146.456809027229,9.50000014156104,-54.1961310455584));
#5859=CARTESIAN_POINT('Ctrl Pts',(146.084825993202,9.50000014156104,-54.8893671489493));
#5860=CARTESIAN_POINT('Ctrl Pts',(145.704463441622,9.50000014156104,-55.5760504997149));
#5861=CARTESIAN_POINT('',(145.107956419824,9.50000014156104,-56.6357163268584));
#5862=CARTESIAN_POINT('Ctrl Pts',(145.704463441622,9.50000014156104,-55.5760504997149));
#5863=CARTESIAN_POINT('Ctrl Pts',(145.507745079633,9.50000014156104,-55.931193831798));
#5864=CARTESIAN_POINT('Ctrl Pts',(145.308785692928,9.50000014156104,-56.2845846121382));
#5865=CARTESIAN_POINT('Ctrl Pts',(145.107956419824,9.50000014156104,-56.6357163268584));
#5866=CARTESIAN_POINT('',(145.107956368805,29.5000004395843,-56.6357163268584));
#5867=CARTESIAN_POINT('Origin',(31.1999993022529,19.5,-56.6357163268584));
#5868=CARTESIAN_POINT('',(145.704463441622,29.5000004395843,-55.5760504080885));
#5869=CARTESIAN_POINT('Ctrl Pts',(145.107956368805,29.5000004395843,-56.6357163268584));
#5870=CARTESIAN_POINT('Ctrl Pts',(145.30878565927,29.5000004395843,-56.2845845819419));
#5871=CARTESIAN_POINT('Ctrl Pts',(145.507745063013,29.5000004395843,-55.931193771016));
#5872=CARTESIAN_POINT('Ctrl Pts',(145.704463441622,29.5000004395843,-55.5760504080885));
#5873=CARTESIAN_POINT('',(146.817724573405,29.5000004395843,-53.5000007972121));
#5874=CARTESIAN_POINT('Ctrl Pts',(145.704463441622,29.5000004395843,-55.5760504080885));
#5875=CARTESIAN_POINT('Ctrl Pts',(146.084825975706,29.5000004395843,-54.8893670872856));
#5876=CARTESIAN_POINT('Ctrl Pts',(146.456808992859,29.5000004395843,-54.1961310145997));
#5877=CARTESIAN_POINT('Ctrl Pts',(146.817724573405,29.5000004395843,-53.5000007972121));
#5878=CARTESIAN_POINT('',(147.496315106644,29.5000004395837,-52.1610032889558));
#5879=CARTESIAN_POINT('Ctrl Pts',(146.817724573405,29.5000004395843,-53.5000007972121));
#5880=CARTESIAN_POINT('Ctrl Pts',(147.025814544726,29.5000004395843,-53.0986390251528));
#5881=CARTESIAN_POINT('Ctrl Pts',(147.230357027795,29.5000004395844,-52.6960607233864));
#5882=CARTESIAN_POINT('Ctrl Pts',(147.452707766819,29.5000004395844,-52.248992434652));
#5883=CARTESIAN_POINT('Ctrl Pts',(147.474530686921,29.5000004395843,-52.2050111015555));
#5884=CARTESIAN_POINT('Ctrl Pts',(147.496315106644,29.5000004395843,-52.1610032889558));
#5885=CARTESIAN_POINT('Ctrl Pts',(147.925459586059,19.5,-52.1610032889558));
#5886=CARTESIAN_POINT('Ctrl Pts',(147.925459586059,22.8364041507325,-52.1610032889558));
#5887=CARTESIAN_POINT('Ctrl Pts',(147.782405817233,26.1728692424187,-52.1610032889558));
#5888=CARTESIAN_POINT('Ctrl Pts',(147.496315103127,29.5000004392812,-52.1610032889558));
#5889=CARTESIAN_POINT('Ctrl Pts',(150.800842900269,19.5,-43.9797695127144));
#5890=CARTESIAN_POINT('Ctrl Pts',(150.800842900269,-100.100843598016,-43.9797695127144));
#5891=CARTESIAN_POINT('Ctrl Pts',(31.1999993022529,-100.100843598016,-43.9797695127144));
#5892=CARTESIAN_POINT('Ctrl Pts',(-88.4008442957635,-100.100843598016,-43.9797695127145));
#5893=CARTESIAN_POINT('Ctrl Pts',(-88.4008442957635,19.5,-43.9797695127145));
#5894=CARTESIAN_POINT('Ctrl Pts',(-88.4008442957635,139.100843598016,-43.9797695127145));
#5895=CARTESIAN_POINT('Ctrl Pts',(31.1999993022529,139.100843598016,-43.9797695127144));
#5896=CARTESIAN_POINT('Ctrl Pts',(150.800842900269,139.100843598016,-43.9797695127144));
#5897=CARTESIAN_POINT('Ctrl Pts',(150.800842900269,19.5,-43.9797695127144));
#5898=CARTESIAN_POINT('Ctrl Pts',(150.764144282353,19.5,-44.1926135043038));
#5899=CARTESIAN_POINT('Ctrl Pts',(150.764144282353,-100.0641449801,-44.1926135043038));
#5900=CARTESIAN_POINT('Ctrl Pts',(31.1999993022529,-100.0641449801,-44.1926135043039));
#5901=CARTESIAN_POINT('Ctrl Pts',(-88.3641456778474,-100.0641449801,-44.1926135043039));
#5902=CARTESIAN_POINT('Ctrl Pts',(-88.3641456778474,19.5,-44.1926135043039));
#5903=CARTESIAN_POINT('Ctrl Pts',(-88.3641456778473,139.0641449801,-44.1926135043039));
#5904=CARTESIAN_POINT('Ctrl Pts',(31.1999993022529,139.0641449801,-44.1926135043039));
#5905=CARTESIAN_POINT('Ctrl Pts',(150.764144282353,139.0641449801,-44.1926135043038));
#5906=CARTESIAN_POINT('Ctrl Pts',(150.764144282353,19.5,-44.1926135043038));
#5907=CARTESIAN_POINT('Ctrl Pts',(150.694751333775,19.5,-44.591389567784));
#5908=CARTESIAN_POINT('Ctrl Pts',(150.694751333775,-99.9947520315217,-44.591389567784));
#5909=CARTESIAN_POINT('Ctrl Pts',(31.1999993022529,-99.9947520315217,-44.5913895677841));
#5910=CARTESIAN_POINT('Ctrl Pts',(-88.2947527292688,-99.9947520315217,-44.5913895677841));
#5911=CARTESIAN_POINT('Ctrl Pts',(-88.2947527292688,19.5,-44.5913895677841));
#5912=CARTESIAN_POINT('Ctrl Pts',(-88.2947527292688,138.994752031522,-44.5913895677841));
#5913=CARTESIAN_POINT('Ctrl Pts',(31.1999993022529,138.994752031522,-44.5913895677841));
#5914=CARTESIAN_POINT('Ctrl Pts',(150.694751333775,138.994752031522,-44.591389567784));
#5915=CARTESIAN_POINT('Ctrl Pts',(150.694751333775,19.5,-44.591389567784));
#5916=CARTESIAN_POINT('Ctrl Pts',(150.602663966053,19.5,-45.1088905327606));
#5917=CARTESIAN_POINT('Ctrl Pts',(150.602663966053,-99.9026646638001,-45.1088905327606));
#5918=CARTESIAN_POINT('Ctrl Pts',(31.1999993022529,-99.9026646638001,-45.1088905327606));
#5919=CARTESIAN_POINT('Ctrl Pts',(-88.2026653615472,-99.9026646638001,-45.1088905327606));
#5920=CARTESIAN_POINT('Ctrl Pts',(-88.2026653615472,19.5,-45.1088905327606));
#5921=CARTESIAN_POINT('Ctrl Pts',(-88.2026653615472,138.9026646638,-45.1088905327606));
#5922=CARTESIAN_POINT('Ctrl Pts',(31.1999993022529,138.9026646638,-45.1088905327606));
#5923=CARTESIAN_POINT('Ctrl Pts',(150.602663966053,138.9026646638,-45.1088905327606));
#5924=CARTESIAN_POINT('Ctrl Pts',(150.602663966053,19.5,-45.1088905327606));
#5925=CARTESIAN_POINT('Ctrl Pts',(150.500573592886,19.5,-45.6598202441446));
#5926=CARTESIAN_POINT('Ctrl Pts',(150.500573592886,-99.8005742906332,-45.6598202441446));
#5927=CARTESIAN_POINT('Ctrl Pts',(31.1999993022529,-99.8005742906332,-45.6598202441446));
#5928=CARTESIAN_POINT('Ctrl Pts',(-88.1005749883803,-99.8005742906332,-45.6598202441446));
#5929=CARTESIAN_POINT('Ctrl Pts',(-88.1005749883803,19.5,-45.6598202441446));
#5930=CARTESIAN_POINT('Ctrl Pts',(-88.1005749883803,138.800574290633,-45.6598202441446));
#5931=CARTESIAN_POINT('Ctrl Pts',(31.1999993022529,138.800574290633,-45.6598202441446));
#5932=CARTESIAN_POINT('Ctrl Pts',(150.500573592886,138.800574290633,-45.6598202441446));
#5933=CARTESIAN_POINT('Ctrl Pts',(150.500573592886,19.5,-45.6598202441446));
#5934=CARTESIAN_POINT('Ctrl Pts',(150.395917501749,19.5,-46.1941943549714));
#5935=CARTESIAN_POINT('Ctrl Pts',(150.395917501749,-99.6959181994962,-46.1941943549714));
#5936=CARTESIAN_POINT('Ctrl Pts',(31.1999993022529,-99.6959181994962,-46.1941943549715));
#5937=CARTESIAN_POINT('Ctrl Pts',(-87.9959188972433,-99.6959181994962,-46.1941943549715));
#5938=CARTESIAN_POINT('Ctrl Pts',(-87.9959188972433,19.5,-46.1941943549715));
#5939=CARTESIAN_POINT('Ctrl Pts',(-87.9959188972433,138.695918199496,-46.1941943549715));
#5940=CARTESIAN_POINT('Ctrl Pts',(31.1999993022529,138.695918199496,-46.1941943549715));
#5941=CARTESIAN_POINT('Ctrl Pts',(150.395917501749,138.695918199496,-46.1941943549714));
#5942=CARTESIAN_POINT('Ctrl Pts',(150.395917501749,19.5,-46.1941943549714));
#5943=CARTESIAN_POINT('Ctrl Pts',(150.323459013472,19.5,-46.5459747904262));
#5944=CARTESIAN_POINT('Ctrl Pts',(150.323459013472,-99.6234597112186,-46.5459747904262));
#5945=CARTESIAN_POINT('Ctrl Pts',(31.1999993022529,-99.6234597112186,-46.5459747904262));
#5946=CARTESIAN_POINT('Ctrl Pts',(-87.9234604089658,-99.6234597112186,-46.5459747904263));
#5947=CARTESIAN_POINT('Ctrl Pts',(-87.9234604089658,19.5,-46.5459747904263));
#5948=CARTESIAN_POINT('Ctrl Pts',(-87.9234604089657,138.623459711219,-46.5459747904263));
#5949=CARTESIAN_POINT('Ctrl Pts',(31.1999993022529,138.623459711219,-46.5459747904262));
#5950=CARTESIAN_POINT('Ctrl Pts',(150.323459013472,138.623459711219,-46.5459747904262));
#5951=CARTESIAN_POINT('Ctrl Pts',(150.323459013472,19.5,-46.5459747904262));
#5952=CARTESIAN_POINT('Ctrl Pts',(150.273370611566,19.5,-46.7812100924985));
#5953=CARTESIAN_POINT('Ctrl Pts',(150.273370611566,-99.5733713093131,-46.7812100924985));
#5954=CARTESIAN_POINT('Ctrl Pts',(31.1999993022529,-99.5733713093131,-46.7812100924986));
#5955=CARTESIAN_POINT('Ctrl Pts',(-87.8733720070602,-99.5733713093131,-46.7812100924986));
#5956=CARTESIAN_POINT('Ctrl Pts',(-87.8733720070602,19.5,-46.7812100924986));
#5957=CARTESIAN_POINT('Ctrl Pts',(-87.8733720070602,138.573371309313,-46.7812100924986));
#5958=CARTESIAN_POINT('Ctrl Pts',(31.1999993022529,138.573371309313,-46.7812100924986));
#5959=CARTESIAN_POINT('Ctrl Pts',(150.273370611566,138.573371309313,-46.7812100924985));
#5960=CARTESIAN_POINT('Ctrl Pts',(150.273370611566,19.5,-46.7812100924985));
#5961=CARTESIAN_POINT('Ctrl Pts',(150.241746769718,19.5,-46.9261484306929));
#5962=CARTESIAN_POINT('Ctrl Pts',(150.241746769718,-99.5417474674655,-46.9261484306929));
#5963=CARTESIAN_POINT('Ctrl Pts',(31.1999993022529,-99.5417474674655,-46.926148430693));
#5964=CARTESIAN_POINT('Ctrl Pts',(-87.8417481652126,-99.5417474674655,-46.926148430693));
#5965=CARTESIAN_POINT('Ctrl Pts',(-87.8417481652126,19.5,-46.926148430693));
#5966=CARTESIAN_POINT('Ctrl Pts',(-87.8417481652126,138.541747467466,-46.926148430693));
#5967=CARTESIAN_POINT('Ctrl Pts',(31.1999993022529,138.541747467466,-46.926148430693));
#5968=CARTESIAN_POINT('Ctrl Pts',(150.241746769718,138.541747467466,-46.9261484306929));
#5969=CARTESIAN_POINT('Ctrl Pts',(150.241746769718,19.5,-46.9261484306929));
#5970=CARTESIAN_POINT('Ctrl Pts',(150.226377141273,19.5,-46.9956450508921));
#5971=CARTESIAN_POINT('Ctrl Pts',(150.226377141273,-99.52637783902,-46.9956450508921));
#5972=CARTESIAN_POINT('Ctrl Pts',(31.1999993022529,-99.52637783902,-46.9956450508922));
#5973=CARTESIAN_POINT('Ctrl Pts',(-87.8263785367672,-99.52637783902,-46.9956450508922));
#5974=CARTESIAN_POINT('Ctrl Pts',(-87.8263785367672,19.5,-46.9956450508922));
#5975=CARTESIAN_POINT('Ctrl Pts',(-87.8263785367671,138.52637783902,-46.9956450508922));
#5976=CARTESIAN_POINT('Ctrl Pts',(31.1999993022529,138.52637783902,-46.9956450508922));
#5977=CARTESIAN_POINT('Ctrl Pts',(150.226377141273,138.52637783902,-46.9956450508921));
#5978=CARTESIAN_POINT('Ctrl Pts',(150.226377141273,19.5,-46.9956450508921));
#5979=CARTESIAN_POINT('',(36.1999993026257,138.996283579672,-43.9797695127144));
#5980=CARTESIAN_POINT('Origin',(31.1999993022529,19.5,-43.9797695127144));
#5981=CARTESIAN_POINT('Ctrl Pts',(36.1999993026257,138.996283579672,-43.9797695127144));
#5982=CARTESIAN_POINT('Ctrl Pts',(36.1999993026257,138.8936120678,-44.5747213348128));
#5983=CARTESIAN_POINT('Ctrl Pts',(36.1999993026257,138.769855824115,-45.2745625881815));
#5984=CARTESIAN_POINT('Ctrl Pts',(36.1999993026257,138.574053383564,-46.2789222260656));
#5985=CARTESIAN_POINT('Ctrl Pts',(36.1999993026257,138.497626405902,-46.6508832308635));
#5986=CARTESIAN_POINT('Ctrl Pts',(36.1999993026257,138.421312730198,-46.9956450508922));
#5987=CARTESIAN_POINT('',(38.1999993026257,138.642386873821,-45.4000000357628));
#5988=CARTESIAN_POINT('Ctrl Pts',(38.1999993026257,138.320362823348,-46.9956450508922));
#5989=CARTESIAN_POINT('Ctrl Pts',(38.1999993026257,138.432777771065,-46.4882198469061));
#5990=CARTESIAN_POINT('Ctrl Pts',(38.1999993026257,138.537817940303,-45.9611318759752));
#5991=CARTESIAN_POINT('Ctrl Pts',(38.1999993026257,138.642386873821,-45.4000000357628));
#5992=CARTESIAN_POINT('',(40.1999993026257,138.508018007148,-45.4000000357628));
#5993=CARTESIAN_POINT('Ctrl Pts',(38.1999993026257,138.642386873821,-45.4000000357628));
#5994=CARTESIAN_POINT('Ctrl Pts',(38.1999993026257,138.656321713266,-45.3252236960074));
#5995=CARTESIAN_POINT('Ctrl Pts',(38.2083859153748,138.669642206597,-45.250429254876));
#5996=CARTESIAN_POINT('Ctrl Pts',(38.2502379751775,138.700709092147,-45.0674477312063));
#5997=CARTESIAN_POINT('Ctrl Pts',(38.2936821323276,138.717138712616,-44.9625258999834));
#5998=CARTESIAN_POINT('Ctrl Pts',(38.4099947872632,138.743317872183,-44.7779658499157));
#5999=CARTESIAN_POINT('Ctrl Pts',(38.4797912104801,138.753290180022,-44.698258214788));
#6000=CARTESIAN_POINT('Ctrl Pts',(38.6340075000406,138.766499403033,-44.5701405804472));
#6001=CARTESIAN_POINT('Ctrl Pts',(38.7153791440793,138.770236696407,-44.5201170979973));
#6002=CARTESIAN_POINT('Ctrl Pts',(38.873617052147,138.772219267425,-44.4516069321736));
#6003=CARTESIAN_POINT('Ctrl Pts',(38.9478558583974,138.771354772728,-44.4292308723241));
#6004=CARTESIAN_POINT('Ctrl Pts',(39.072471184828,138.767096014183,-44.4069389165912));
#6005=CARTESIAN_POINT('Ctrl Pts',(39.1215778976566,138.764735768699,-44.4018630262212));
#6006=CARTESIAN_POINT('Ctrl Pts',(39.1775449873129,138.761281995348,-44.4002295662307));
#6007=CARTESIAN_POINT('Ctrl Pts',(39.1842653705525,138.760854799719,-44.4001012354798));
#6008=CARTESIAN_POINT('Ctrl Pts',(39.1926718763049,138.760304829071,-44.40002546008));
#6009=CARTESIAN_POINT('Ctrl Pts',(39.1943579747929,138.760193736416,-44.4000145267133));
#6010=CARTESIAN_POINT('Ctrl Pts',(39.1970283422562,138.760016550264,-44.4000039646484));
#6011=CARTESIAN_POINT('Ctrl Pts',(39.198012627745,138.759950972862,-44.4000015248044));
#6012=CARTESIAN_POINT('Ctrl Pts',(39.1998583049911,138.759827504428,-44.3999996746948));
#6013=CARTESIAN_POINT('Ctrl Pts',(39.2007196990588,138.759769675827,-44.3999999242574));
#6014=CARTESIAN_POINT('Ctrl Pts',(39.2026449385403,138.759639969643,-44.4000029695646));
#6015=CARTESIAN_POINT('Ctrl Pts',(39.2037087755612,138.759567985046,-44.4000063500132));
#6016=CARTESIAN_POINT('Ctrl Pts',(39.2063926675432,138.759385591357,-44.400019161146));
#6017=CARTESIAN_POINT('Ctrl Pts',(39.208012681866,138.759274772989,-44.4000308311427));
#6018=CARTESIAN_POINT('Ctrl Pts',(39.2166320145824,138.758681306877,-44.4001138677429));
#6019=CARTESIAN_POINT('Ctrl Pts',(39.2236295953839,138.758185980477,-44.4002547783327));
#6020=CARTESIAN_POINT('Ctrl Pts',(39.3230413770145,138.750956983117,-44.4033006831006));
#6021=CARTESIAN_POINT('Ctrl Pts',(39.414411283758,138.741952408331,-44.4189280365379));
#6022=CARTESIAN_POINT('Ctrl Pts',(39.6041977404097,138.718152229176,-44.4790874311961));
#6023=CARTESIAN_POINT('Ctrl Pts',(39.7000716966787,138.70281366179,-44.5275014925872));
#6024=CARTESIAN_POINT('Ctrl Pts',(39.8825529120173,138.666270761558,-44.6595665585663));
#6025=CARTESIAN_POINT('Ctrl Pts',(39.965398575136,138.644869733151,-44.7456649872178));
#6026=CARTESIAN_POINT('Ctrl Pts',(40.1040065427612,138.597383141436,-44.9528616398533));
#6027=CARTESIAN_POINT('Ctrl Pts',(40.1547153532659,138.571446570277,-45.0749588642631));
#6028=CARTESIAN_POINT('Ctrl Pts',(40.1934744570379,138.533011424638,-45.2681564953104));
#6029=CARTESIAN_POINT('Ctrl Pts',(40.1999993026257,138.520322387879,-45.334047435831));
#6030=CARTESIAN_POINT('Ctrl Pts',(40.1999993026257,138.508018007148,-45.4000000357628));
#6031=CARTESIAN_POINT('Ctrl Pts',(40.1999993026257,138.508018007148,-45.4000000357628));
#6032=CARTESIAN_POINT('Ctrl Pts',(40.1999993026257,138.403330482855,-45.9611346884402));
#6033=CARTESIAN_POINT('Ctrl Pts',(40.1999993026257,138.298171443995,-46.4882220977249));
#6034=CARTESIAN_POINT('Ctrl Pts',(40.1999993026257,138.185629380606,-46.9956450508922));
#6035=CARTESIAN_POINT('Origin',(31.1999993022529,19.5,-39.5679520075766));
#6036=CARTESIAN_POINT('',(150.592385659772,19.5,-34.6162944950971));
#6037=CARTESIAN_POINT('Origin',(138.572357021797,19.5,-39.5679520075766));
#6038=CARTESIAN_POINT('',(-88.1923870449775,19.5,-34.6162944993357));
#6039=CARTESIAN_POINT('Origin',(31.1999993022529,19.5,-34.6162944950972));
#6040=CARTESIAN_POINT('Origin',(31.1999993022529,19.5,-34.6162944950972));
#6041=CARTESIAN_POINT('',(26.1999993026257,138.996283579704,-43.9797695127145));
#6042=CARTESIAN_POINT('Origin',(31.1999993022529,19.5,-43.9797695127144));
#6043=CARTESIAN_POINT('',(26.1999993026257,139.19034239666,-43.4000000357628));
#6044=CARTESIAN_POINT('Ctrl Pts',(26.1999993026257,138.996283579704,-43.9797695127144));
#6045=CARTESIAN_POINT('Ctrl Pts',(26.1999993026257,139.064533546614,-43.7907625741624));
#6046=CARTESIAN_POINT('Ctrl Pts',(26.1999993026257,139.129481822516,-43.5971202367121));
#6047=CARTESIAN_POINT('Ctrl Pts',(26.1999993026257,139.19034239666,-43.4000000357628));
#6048=CARTESIAN_POINT('',(28.1999993026257,139.257162888189,-43.4000000357628));
#6049=CARTESIAN_POINT('Ctrl Pts',(26.1999993026257,139.19034239666,-43.4000000357628));
#6050=CARTESIAN_POINT('Ctrl Pts',(26.1999993026257,139.191038946831,-43.3977439921477));
#6051=CARTESIAN_POINT('Ctrl Pts',(26.2000069372246,139.191735180355,-43.3954878251487));
#6052=CARTESIAN_POINT('Ctrl Pts',(26.2001132814812,139.19658110435,-43.3797764545104));
#6053=CARTESIAN_POINT('Ctrl Pts',(26.2004759411383,139.200718896099,-43.3663200796998));
#6054=CARTESIAN_POINT('Ctrl Pts',(26.2023123880672,139.212651349678,-43.3273973021277));
#6055=CARTESIAN_POINT('Ctrl Pts',(26.2044891755248,139.220404822171,-43.301959449596));
#6056=CARTESIAN_POINT('Ctrl Pts',(26.2212692903173,139.261309390438,-43.1670027723776));
#6057=CARTESIAN_POINT('Ctrl Pts',(26.2530311027656,139.292943341773,-43.0598488060607));
#6058=CARTESIAN_POINT('Ctrl Pts',(26.3517441733435,139.351419853191,-42.8585764230145));
#6059=CARTESIAN_POINT('Ctrl Pts',(26.4183523770426,139.377838522132,-42.7659408052732));
#6060=CARTESIAN_POINT('Ctrl Pts',(26.5916150058033,139.426651119084,-42.5959955104258));
#6061=CARTESIAN_POINT('Ctrl Pts',(26.7005766676793,139.447634976382,-42.5239086298778));
#6062=CARTESIAN_POINT('Ctrl Pts',(26.9409527048946,139.479000705719,-42.4254902074438));
#6063=CARTESIAN_POINT('Ctrl Pts',(27.0696501202362,139.489130611081,-42.4000000357628));
#6064=CARTESIAN_POINT('Ctrl Pts',(27.1999993026256,139.493475820068,-42.4000000357628));
#6065=CARTESIAN_POINT('Ctrl Pts',(27.2750453873306,139.495977492236,-42.4000000357628));
#6066=CARTESIAN_POINT('Ctrl Pts',(27.3498782366176,139.496522271241,-42.4084496205916));
#6067=CARTESIAN_POINT('Ctrl Pts',(27.5005116452512,139.493494021029,-42.4429183940628));
#6068=CARTESIAN_POINT('Ctrl Pts',(27.5754795734983,139.489690876504,-42.4697883229917));
#6069=CARTESIAN_POINT('Ctrl Pts',(27.746534097783,139.474957182378,-42.5551185815346));
#6070=CARTESIAN_POINT('Ctrl Pts',(27.8371175514801,139.461860108671,-42.621295671317));
#6071=CARTESIAN_POINT('Ctrl Pts',(27.9864986479135,139.428039593889,-42.7739336566188));
#6072=CARTESIAN_POINT('Ctrl Pts',(28.0461056561234,139.408180442567,-42.8574316319013));
#6073=CARTESIAN_POINT('Ctrl Pts',(28.1321157770793,139.364711151828,-43.0271011594545));
#6074=CARTESIAN_POINT('Ctrl Pts',(28.1613022208953,139.342072401658,-43.1108543586867));
#6075=CARTESIAN_POINT('Ctrl Pts',(28.1850077924059,139.309450080441,-43.2250941893177));
#6076=CARTESIAN_POINT('Ctrl Pts',(28.1896368435569,139.301185134009,-43.2535574502765));
#6077=CARTESIAN_POINT('Ctrl Pts',(28.1954602062637,139.286700133927,-43.3026179988873));
#6078=CARTESIAN_POINT('Ctrl Pts',(28.1972546527968,139.280565985525,-43.3231528001091));
#6079=CARTESIAN_POINT('Ctrl Pts',(28.1991077749219,139.270633650848,-43.3560185687552));
#6080=CARTESIAN_POINT('Ctrl Pts',(28.1995737874327,139.266885368454,-43.3683364324136));
#6081=CARTESIAN_POINT('Ctrl Pts',(28.1999369430565,139.26113562805,-43.3871027319935));
#6082=CARTESIAN_POINT('Ctrl Pts',(28.1999993026257,139.259152501259,-43.3935523167502));
#6083=CARTESIAN_POINT('Ctrl Pts',(28.1999993026257,139.257162888189,-43.4000000357628));
#6084=CARTESIAN_POINT('',(28.1999993026257,139.063212525256,-43.9797695127145));
#6085=CARTESIAN_POINT('Ctrl Pts',(28.1999993026257,139.257162888189,-43.4000000357628));
#6086=CARTESIAN_POINT('Ctrl Pts',(28.1999993026257,139.1963385399,-43.5971128878313));
#6087=CARTESIAN_POINT('Ctrl Pts',(28.1999993026257,139.131429584317,-43.7907478966978));
#6088=CARTESIAN_POINT('Ctrl Pts',(28.1999993026257,139.063212525256,-43.9797695127145));
#6089=CARTESIAN_POINT('',(30.1999993026257,139.096662952433,-43.9797695127145));
#6090=CARTESIAN_POINT('Origin',(31.1999993022529,19.5,-43.9797695127144));
#6091=CARTESIAN_POINT('',(30.1999993026257,139.738459704195,-41.4000000357628));
#6092=CARTESIAN_POINT('Ctrl Pts',(30.1999993026257,139.096662952433,-43.9797695127145));
#6093=CARTESIAN_POINT('Ctrl Pts',(30.1999993026257,139.310103163165,-43.3881858024845));
#6094=CARTESIAN_POINT('Ctrl Pts',(30.1999993026257,139.489704202953,-42.7511227270677));
#6095=CARTESIAN_POINT('Ctrl Pts',(30.1999993026257,139.664952831436,-41.8701163410651));
#6096=CARTESIAN_POINT('Ctrl Pts',(30.1999993026257,139.705034310206,-41.6348075505636));
#6097=CARTESIAN_POINT('Ctrl Pts',(30.1999993026257,139.738459704195,-41.4000000357628));
#6098=CARTESIAN_POINT('',(32.1999993026257,139.738459704189,-41.4000000357628));
#6099=CARTESIAN_POINT('Ctrl Pts',(30.1999993026257,139.738459704195,-41.4000000357628));
#6100=CARTESIAN_POINT('Ctrl Pts',(30.1999993026257,139.739232568135,-41.3945708024951));
#6101=CARTESIAN_POINT('Ctrl Pts',(30.2000435174718,139.740002352434,-41.3891411617906));
#6102=CARTESIAN_POINT('Ctrl Pts',(30.2003002492063,139.742227551943,-41.3733816076661));
#6103=CARTESIAN_POINT('Ctrl Pts',(30.2006286343601,139.743674549915,-41.3630531063713));
#6104=CARTESIAN_POINT('Ctrl Pts',(30.2021186092973,139.748051017785,-41.3315679432876));
#6105=CARTESIAN_POINT('Ctrl Pts',(30.2037926365028,139.750940760113,-41.3104359034732));
#6106=CARTESIAN_POINT('Ctrl Pts',(30.2192815822438,139.769657752492,-41.1712941111113));
#6107=CARTESIAN_POINT('Ctrl Pts',(30.2533819350261,139.783610398794,-41.0562858676504));
#6108=CARTESIAN_POINT('Ctrl Pts',(30.3549004044671,139.805888812552,-40.8549382253345));
#6109=CARTESIAN_POINT('Ctrl Pts',(30.4175956968912,139.814533301306,-40.7681862406189));
#6110=CARTESIAN_POINT('Ctrl Pts',(30.5842261008919,139.829985287362,-40.6015643301392));
#6111=CARTESIAN_POINT('Ctrl Pts',(30.6924521719322,139.835892619734,-40.5287214512826));
#6112=CARTESIAN_POINT('Ctrl Pts',(30.934529773694,139.84383701484,-40.4267024425623));
#6113=CARTESIAN_POINT('Ctrl Pts',(31.0665881928099,139.845703342684,-40.4000000357628));
#6114=CARTESIAN_POINT('Ctrl Pts',(31.1999993026257,139.845703342683,-40.4000000357628));
#6115=CARTESIAN_POINT('Ctrl Pts',(31.3282006826963,139.845703342683,-40.4000000357628));
#6116=CARTESIAN_POINT('Ctrl Pts',(31.455202790434,139.84397549919,-40.4246574261991));
#6117=CARTESIAN_POINT('Ctrl Pts',(31.680547750072,139.836934998214,-40.5155452535615));
#6118=CARTESIAN_POINT('Ctrl Pts',(31.7787878687714,139.832041197614,-40.5764975625155));
#6119=CARTESIAN_POINT('Ctrl Pts',(31.94263340745,139.81893684123,-40.7221882544192));
#6120=CARTESIAN_POINT('Ctrl Pts',(32.0092981662761,139.811124001719,-40.8034110662548));
#6121=CARTESIAN_POINT('Ctrl Pts',(32.1073807679674,139.793314848388,-40.9703165169227));
#6122=CARTESIAN_POINT('Ctrl Pts',(32.1420325884906,139.783875542189,-41.0528725979463));
#6123=CARTESIAN_POINT('Ctrl Pts',(32.1777865755262,139.767504159753,-41.1850042582405));
#6124=CARTESIAN_POINT('Ctrl Pts',(32.1869451764394,139.761454026658,-41.2320074181135));
#6125=CARTESIAN_POINT('Ctrl Pts',(32.1955222948226,139.752002699538,-41.302636459056));
#6126=CARTESIAN_POINT('Ctrl Pts',(32.1975239221792,139.748831407034,-41.3259088522663));
#6127=CARTESIAN_POINT('Ctrl Pts',(32.199255471636,139.744106078096,-41.3599646807619));
#6128=CARTESIAN_POINT('Ctrl Pts',(32.199628235722,139.742602245891,-41.3707145191815));
#6129=CARTESIAN_POINT('Ctrl Pts',(32.1999420578026,139.740214510108,-41.3876442953175));
#6130=CARTESIAN_POINT('Ctrl Pts',(32.1999993026257,139.739339105512,-41.3938223961184));
#6131=CARTESIAN_POINT('Ctrl Pts',(32.1999993026257,139.738459704189,-41.4000000357628));
#6132=CARTESIAN_POINT('',(32.1999993026257,139.096662952427,-43.9797695127145));
#6133=CARTESIAN_POINT('Ctrl Pts',(32.1999993026257,139.738459704189,-41.4000000357628));
#6134=CARTESIAN_POINT('Ctrl Pts',(32.1999993026257,139.705035458897,-41.6347994811689));
#6135=CARTESIAN_POINT('Ctrl Pts',(32.1999993026257,139.664955590552,-41.8701001479731));
#6136=CARTESIAN_POINT('Ctrl Pts',(32.1999993026257,139.48970851866,-42.7511074526106));
#6137=CARTESIAN_POINT('Ctrl Pts',(32.1999993026257,139.310105519004,-43.3881792728809));
#6138=CARTESIAN_POINT('Ctrl Pts',(32.1999993026257,139.096662952427,-43.9797695127144));
#6139=CARTESIAN_POINT('',(34.1999993026257,139.063212525237,-43.9797695127144));
#6140=CARTESIAN_POINT('Origin',(31.1999993022529,19.5,-43.9797695127144));
#6141=CARTESIAN_POINT('',(34.1999993026257,139.25716288817,-43.4000000357628));
#6142=CARTESIAN_POINT('Ctrl Pts',(34.1999993026257,139.063212525237,-43.9797695127144));
#6143=CARTESIAN_POINT('Ctrl Pts',(34.1999993026257,139.131425654415,-43.7907587859526));
#6144=CARTESIAN_POINT('Ctrl Pts',(34.1999993026257,139.196337382696,-43.5971166379106));
#6145=CARTESIAN_POINT('Ctrl Pts',(34.1999993026257,139.25716288817,-43.4000000357628));
#6146=CARTESIAN_POINT('',(36.1999993026257,139.190342396629,-43.4000000357628));
#6147=CARTESIAN_POINT('Ctrl Pts',(34.1999993026257,139.25716288817,-43.4000000357628));
#6148=CARTESIAN_POINT('Ctrl Pts',(34.1999993026257,139.259966347071,-43.3909148947742));
#6149=CARTESIAN_POINT('Ctrl Pts',(34.2001231121065,139.262756953071,-43.381825965426));
#6150=CARTESIAN_POINT('Ctrl Pts',(34.2007350529477,139.269611086998,-43.3593895180964));
#6151=CARTESIAN_POINT('Ctrl Pts',(34.2013665697724,139.273658302101,-43.3460423512714));
#6152=CARTESIAN_POINT('Ctrl Pts',(34.2039647443805,139.285251386673,-43.3075227189997));
#6153=CARTESIAN_POINT('Ctrl Pts',(34.2066181805152,139.292711081747,-43.2823793725778));
#6154=CARTESIAN_POINT('Ctrl Pts',(34.2257281030491,139.331480114236,-43.1498077581169));
#6155=CARTESIAN_POINT('Ctrl Pts',(34.2587502952689,139.360203902305,-43.0447565615302));
#6156=CARTESIAN_POINT('Ctrl Pts',(34.3590436643598,139.410673094769,-42.8476383430821));
#6157=CARTESIAN_POINT('Ctrl Pts',(34.425805502538,139.432008435738,-42.7571351415159));
#6158=CARTESIAN_POINT('Ctrl Pts',(34.598184801787,139.46812773302,-42.5913821077844));
#6159=CARTESIAN_POINT('Ctrl Pts',(34.7057829016683,139.481385682258,-42.5213128108962));
#6160=CARTESIAN_POINT('Ctrl Pts',(34.9435231109375,139.496316892546,-42.4249177506469));
#6161=CARTESIAN_POINT('Ctrl Pts',(35.071148976242,139.497771064448,-42.4000000357628));
#6162=CARTESIAN_POINT('Ctrl Pts',(35.1999993026258,139.493475820043,-42.4000000357628));
#6163=CARTESIAN_POINT('Ctrl Pts',(35.273676369026,139.491019784299,-42.4000000357628));
#6164=CARTESIAN_POINT('Ctrl Pts',(35.3470295110387,139.486695022856,-42.4081435698207));
#6165=CARTESIAN_POINT('Ctrl Pts',(35.4943354204661,139.474074815584,-42.4411612380694));
#6166=CARTESIAN_POINT('Ctrl Pts',(35.5675287717189,139.465622882845,-42.4667993262697));
#6167=CARTESIAN_POINT('Ctrl Pts',(35.7398622809847,139.43985592481,-42.5504951496009));
#6168=CARTESIAN_POINT('Ctrl Pts',(35.8329130991189,139.4204460723,-42.61754034227));
#6169=CARTESIAN_POINT('Ctrl Pts',(35.986006755767,139.375845096234,-42.7729449604599));
#6170=CARTESIAN_POINT('Ctrl Pts',(36.0469619649947,139.351465018066,-42.8583315146775));
#6171=CARTESIAN_POINT('Ctrl Pts',(36.1279904776409,139.304662534645,-43.019571334706));
#6172=CARTESIAN_POINT('Ctrl Pts',(36.1543124347063,139.283523439177,-43.0916333226528));
#6173=CARTESIAN_POINT('Ctrl Pts',(36.1829286463305,139.248111361902,-43.2103652524715));
#6174=CARTESIAN_POINT('Ctrl Pts',(36.1905845819047,139.234478775423,-43.2556471757221));
#6175=CARTESIAN_POINT('Ctrl Pts',(36.1971727580715,139.214289834279,-43.3220134222709));
#6176=CARTESIAN_POINT('Ctrl Pts',(36.198583661252,139.207919029787,-43.3428589801665));
#6177=CARTESIAN_POINT('Ctrl Pts',(36.1997799522439,139.19780006046,-43.375812515847));
#6178=CARTESIAN_POINT('Ctrl Pts',(36.1999993026257,139.194076004607,-43.3879073211387));
#6179=CARTESIAN_POINT('Ctrl Pts',(36.1999993026257,139.190342396629,-43.4000000357628));
#6180=CARTESIAN_POINT('Ctrl Pts',(36.1999993026257,139.190342396629,-43.4000000357628));
#6181=CARTESIAN_POINT('Ctrl Pts',(36.1999993026257,139.129483482006,-43.5971148617198));
#6182=CARTESIAN_POINT('Ctrl Pts',(36.1999993026257,139.064538107286,-43.7907499440548));
#6183=CARTESIAN_POINT('Ctrl Pts',(36.1999993026257,138.996283579672,-43.9797695127144));
#6184=CARTESIAN_POINT('Ctrl Pts',(145.780840637799,19.5,-61.5999999999999));
#6185=CARTESIAN_POINT('Ctrl Pts',(145.780840637799,-95.0808413355458,-61.5999999999999));
#6186=CARTESIAN_POINT('Ctrl Pts',(31.1999993022529,-95.0808413355458,-61.5999999999999));
#6187=CARTESIAN_POINT('Ctrl Pts',(-83.3808420332929,-95.0808413355458,-61.6));
#6188=CARTESIAN_POINT('Ctrl Pts',(-83.3808420332929,19.5,-61.6));
#6189=CARTESIAN_POINT('Ctrl Pts',(-83.3808420332929,134.080841335546,-61.6));
#6190=CARTESIAN_POINT('Ctrl Pts',(31.1999993022529,134.080841335546,-61.5999999999999));
#6191=CARTESIAN_POINT('Ctrl Pts',(145.780840637799,134.080841335546,-61.5999999999999));
#6192=CARTESIAN_POINT('Ctrl Pts',(145.780840637799,19.5,-61.5999999999999));
#6193=CARTESIAN_POINT('Ctrl Pts',(146.379420968981,19.5,-60.6376457217891));
#6194=CARTESIAN_POINT('Ctrl Pts',(146.379420968981,-95.6794216667276,-60.6376457217891));
#6195=CARTESIAN_POINT('Ctrl Pts',(31.1999993022529,-95.6794216667276,-60.6376457217891));
#6196=CARTESIAN_POINT('Ctrl Pts',(-83.9794223644747,-95.6794216667276,-60.6376457217892));
#6197=CARTESIAN_POINT('Ctrl Pts',(-83.9794223644748,19.5,-60.6376457217892));
#6198=CARTESIAN_POINT('Ctrl Pts',(-83.9794223644747,134.679421666728,-60.6376457217892));
#6199=CARTESIAN_POINT('Ctrl Pts',(31.1999993022529,134.679421666728,-60.6376457217891));
#6200=CARTESIAN_POINT('Ctrl Pts',(146.379420968981,134.679421666728,-60.6376457217891));
#6201=CARTESIAN_POINT('Ctrl Pts',(146.379420968981,19.5,-60.6376457217891));
#6202=CARTESIAN_POINT('Ctrl Pts',(147.555444824173,19.5,-58.6778693241751));
#6203=CARTESIAN_POINT('Ctrl Pts',(147.555444824173,-96.8554455219204,-58.6778693241751));
#6204=CARTESIAN_POINT('Ctrl Pts',(31.1999993022529,-96.8554455219204,-58.6778693241752));
#6205=CARTESIAN_POINT('Ctrl Pts',(-85.1554462196675,-96.8554455219204,-58.6778693241752));
#6206=CARTESIAN_POINT('Ctrl Pts',(-85.1554462196675,19.5,-58.6778693241752));
#6207=CARTESIAN_POINT('Ctrl Pts',(-85.1554462196675,135.85544552192,-58.6778693241752));
#6208=CARTESIAN_POINT('Ctrl Pts',(31.1999993022529,135.85544552192,-58.6778693241752));
#6209=CARTESIAN_POINT('Ctrl Pts',(147.555444824173,135.85544552192,-58.6778693241751));
#6210=CARTESIAN_POINT('Ctrl Pts',(147.555444824173,19.5,-58.6778693241751));
#6211=CARTESIAN_POINT('Ctrl Pts',(149.256096845501,19.5,-55.6330454355722));
#6212=CARTESIAN_POINT('Ctrl Pts',(149.256096845501,-98.5560975432485,-55.6330454355722));
#6213=CARTESIAN_POINT('Ctrl Pts',(31.1999993022529,-98.5560975432485,-55.6330454355723));
#6214=CARTESIAN_POINT('Ctrl Pts',(-86.8560982409956,-98.5560975432484,-55.6330454355723));
#6215=CARTESIAN_POINT('Ctrl Pts',(-86.8560982409956,19.5,-55.6330454355723));
#6216=CARTESIAN_POINT('Ctrl Pts',(-86.8560982409955,137.556097543248,-55.6330454355723));
#6217=CARTESIAN_POINT('Ctrl Pts',(31.1999993022529,137.556097543248,-55.6330454355723));
#6218=CARTESIAN_POINT('Ctrl Pts',(149.256096845501,137.556097543248,-55.6330454355722));
#6219=CARTESIAN_POINT('Ctrl Pts',(149.256096845501,19.5,-55.6330454355722));
#6220=CARTESIAN_POINT('Ctrl Pts',(151.388056028593,19.5,-51.3483462177548));
#6221=CARTESIAN_POINT('Ctrl Pts',(151.388056028593,-100.68805672634,-51.3483462177548));
#6222=CARTESIAN_POINT('Ctrl Pts',(31.1999993022529,-100.68805672634,-51.3483462177548));
#6223=CARTESIAN_POINT('Ctrl Pts',(-88.9880574240867,-100.68805672634,-51.3483462177549));
#6224=CARTESIAN_POINT('Ctrl Pts',(-88.9880574240867,19.5,-51.3483462177549));
#6225=CARTESIAN_POINT('Ctrl Pts',(-88.9880574240867,139.68805672634,-51.3483462177549));
#6226=CARTESIAN_POINT('Ctrl Pts',(31.1999993022529,139.68805672634,-51.3483462177548));
#6227=CARTESIAN_POINT('Ctrl Pts',(151.388056028593,139.68805672634,-51.3483462177548));
#6228=CARTESIAN_POINT('Ctrl Pts',(151.388056028593,19.5,-51.3483462177548));
#6229=CARTESIAN_POINT('Ctrl Pts',(153.525980680527,19.5,-45.9180842146923));
#6230=CARTESIAN_POINT('Ctrl Pts',(153.525980680527,-102.825981378274,-45.9180842146923));
#6231=CARTESIAN_POINT('Ctrl Pts',(31.1999993022529,-102.825981378274,-45.9180842146923));
#6232=CARTESIAN_POINT('Ctrl Pts',(-91.1259820760209,-102.825981378274,-45.9180842146923));
#6233=CARTESIAN_POINT('Ctrl Pts',(-91.1259820760209,19.5,-45.9180842146923));
#6234=CARTESIAN_POINT('Ctrl Pts',(-91.1259820760209,141.825981378274,-45.9180842146923));
#6235=CARTESIAN_POINT('Ctrl Pts',(31.1999993022529,141.825981378274,-45.9180842146923));
#6236=CARTESIAN_POINT('Ctrl Pts',(153.525980680527,141.825981378274,-45.9180842146923));
#6237=CARTESIAN_POINT('Ctrl Pts',(153.525980680527,19.5,-45.9180842146923));
#6238=CARTESIAN_POINT('Ctrl Pts',(154.844555984682,19.5,-41.0839010750261));
#6239=CARTESIAN_POINT('Ctrl Pts',(154.844555984682,-104.144556682429,-41.0839010750261));
#6240=CARTESIAN_POINT('Ctrl Pts',(31.1999993022529,-104.144556682429,-41.0839010750261));
#6241=CARTESIAN_POINT('Ctrl Pts',(-92.4445573801765,-104.144556682429,-41.0839010750261));
#6242=CARTESIAN_POINT('Ctrl Pts',(-92.4445573801765,19.5,-41.0839010750261));
#6243=CARTESIAN_POINT('Ctrl Pts',(-92.4445573801765,143.144556682429,-41.0839010750261));
#6244=CARTESIAN_POINT('Ctrl Pts',(31.1999993022529,143.144556682429,-41.0839010750261));
#6245=CARTESIAN_POINT('Ctrl Pts',(154.844555984682,143.144556682429,-41.0839010750261));
#6246=CARTESIAN_POINT('Ctrl Pts',(154.844555984682,19.5,-41.0839010750261));
#6247=CARTESIAN_POINT('Ctrl Pts',(155.53195282865,19.5,-37.1579890210614));
#6248=CARTESIAN_POINT('Ctrl Pts',(155.53195282865,-104.831953526397,-37.1579890210614));
#6249=CARTESIAN_POINT('Ctrl Pts',(31.1999993022529,-104.831953526397,-37.1579890210614));
#6250=CARTESIAN_POINT('Ctrl Pts',(-93.1319542241439,-104.831953526397,-37.1579890210615));
#6251=CARTESIAN_POINT('Ctrl Pts',(-93.131954224144,19.5,-37.1579890210615));
#6252=CARTESIAN_POINT('Ctrl Pts',(-93.1319542241439,143.831953526397,-37.1579890210615));
#6253=CARTESIAN_POINT('Ctrl Pts',(31.1999993022529,143.831953526397,-37.1579890210614));
#6254=CARTESIAN_POINT('Ctrl Pts',(155.53195282865,143.831953526397,-37.1579890210614));
#6255=CARTESIAN_POINT('Ctrl Pts',(155.53195282865,19.5,-37.1579890210614));
#6256=CARTESIAN_POINT('Ctrl Pts',(155.840166210314,19.5,-34.5584301451278));
#6257=CARTESIAN_POINT('Ctrl Pts',(155.840166210314,-105.140166908061,-34.5584301451278));
#6258=CARTESIAN_POINT('Ctrl Pts',(31.1999993022529,-105.140166908061,-34.5584301451278));
#6259=CARTESIAN_POINT('Ctrl Pts',(-93.4401676058084,-105.140166908061,-34.5584301451278));
#6260=CARTESIAN_POINT('Ctrl Pts',(-93.4401676058084,19.5,-34.5584301451278));
#6261=CARTESIAN_POINT('Ctrl Pts',(-93.4401676058084,144.140166908061,-34.5584301451278));
#6262=CARTESIAN_POINT('Ctrl Pts',(31.1999993022529,144.140166908061,-34.5584301451278));
#6263=CARTESIAN_POINT('Ctrl Pts',(155.840166210314,144.140166908061,-34.5584301451278));
#6264=CARTESIAN_POINT('Ctrl Pts',(155.840166210314,19.5,-34.5584301451278));
#6265=CARTESIAN_POINT('Ctrl Pts',(155.938466266093,19.5,-33.5660586439255));
#6266=CARTESIAN_POINT('Ctrl Pts',(155.938466266092,-105.23846696384,-33.5660586439255));
#6267=CARTESIAN_POINT('Ctrl Pts',(31.1999993022529,-105.23846696384,-33.5660586439255));
#6268=CARTESIAN_POINT('Ctrl Pts',(-93.5384676615867,-105.23846696384,-33.5660586439256));
#6269=CARTESIAN_POINT('Ctrl Pts',(-93.5384676615867,19.5,-33.5660586439256));
#6270=CARTESIAN_POINT('Ctrl Pts',(-93.5384676615867,144.23846696384,-33.5660586439256));
#6271=CARTESIAN_POINT('Ctrl Pts',(31.1999993022529,144.23846696384,-33.5660586439255));
#6272=CARTESIAN_POINT('Ctrl Pts',(155.938466266092,144.23846696384,-33.5660586439255));
#6273=CARTESIAN_POINT('Ctrl Pts',(155.938466266093,19.5,-33.5660586439255));
#6274=CARTESIAN_POINT('',(150.247577263438,19.5,-53.5000007972121));
#6275=CARTESIAN_POINT('Ctrl Pts',(151.174006114697,19.5,-51.4995800787012));
#6276=CARTESIAN_POINT('Ctrl Pts',(150.993007047183,19.5,-51.9067762431367));
#6277=CARTESIAN_POINT('Ctrl Pts',(150.809748579644,19.5,-52.3102238621751));
#6278=CARTESIAN_POINT('Ctrl Pts',(150.62435389203,19.5,-52.710127302295));
#6279=CARTESIAN_POINT('Ctrl Pts',(150.436931767689,19.5,-53.1066670447393));
#6280=CARTESIAN_POINT('Ctrl Pts',(150.247577263438,19.5,-53.5000007972125));
#6281=CARTESIAN_POINT('',(149.826833575249,29.5000004395843,-53.5000007972121));
#6282=CARTESIAN_POINT('Ctrl Pts',(150.247577263438,19.5,-53.5000007972121));
#6283=CARTESIAN_POINT('Ctrl Pts',(150.247577263438,22.8362856046394,-53.5000007972121));
#6284=CARTESIAN_POINT('Ctrl Pts',(150.107329080327,26.172571206329,-53.5000007972121));
#6285=CARTESIAN_POINT('Ctrl Pts',(149.826833575249,29.5000004395843,-53.5000007972121));
#6286=CARTESIAN_POINT('',(147.704463441622,29.5000004395843,-57.5895562557335));
#6287=CARTESIAN_POINT('Ctrl Pts',(149.826833575249,29.5000004395843,-53.5000007972121));
#6288=CARTESIAN_POINT('Ctrl Pts',(149.163835214156,29.5000004395843,-54.8723366406653));
#6289=CARTESIAN_POINT('Ctrl Pts',(148.449852660824,29.5000004395842,-56.2442588692124));
#6290=CARTESIAN_POINT('Ctrl Pts',(147.704463441622,29.5000004395842,-57.5895562557336));
#6291=CARTESIAN_POINT('',(146.31928960877,29.5000004395843,-60.0000008940697));
#6292=CARTESIAN_POINT('Ctrl Pts',(147.704463441622,29.5000004395843,-57.5895562557335));
#6293=CARTESIAN_POINT('Ctrl Pts',(147.252792564243,29.5000004395843,-58.4047433221028));
#6294=CARTESIAN_POINT('Ctrl Pts',(146.789617384785,29.5000004395843,-59.2101695780056));
#6295=CARTESIAN_POINT('Ctrl Pts',(146.31928960877,29.5000004395843,-60.0000008940697));
#6296=CARTESIAN_POINT('',(146.752805453674,19.5,-60.0000008940697));
#6297=CARTESIAN_POINT('Ctrl Pts',(146.31928960877,29.5000004395843,-60.0000008940697));
#6298=CARTESIAN_POINT('Ctrl Pts',(146.608299838386,26.1729353333655,-60.0000008940697));
#6299=CARTESIAN_POINT('Ctrl Pts',(146.752805453674,22.8364676665355,-60.0000008940697));
#6300=CARTESIAN_POINT('Ctrl Pts',(146.752805453674,19.5,-60.0000008940697));
#6301=CARTESIAN_POINT('',(145.780840637799,19.5,-61.5999999999999));
#6302=CARTESIAN_POINT('Ctrl Pts',(146.752805453674,19.5,-60.0000008940697));
#6303=CARTESIAN_POINT('Ctrl Pts',(146.560707950772,19.5,-60.3238090878108));
#6304=CARTESIAN_POINT('Ctrl Pts',(146.367455538689,19.5,-60.6457011846003));
#6305=CARTESIAN_POINT('Ctrl Pts',(146.173058122513,19.5,-60.9656936178632));
#6306=CARTESIAN_POINT('Ctrl Pts',(145.977519874757,19.5,-61.2837933101663));
#6307=CARTESIAN_POINT('Ctrl Pts',(145.780840637799,19.5,-61.5999999999999));
#6308=CARTESIAN_POINT('Origin',(31.1999993022529,19.5,-61.5999999999999));
#6309=CARTESIAN_POINT('',(146.319289659252,9.50000014156104,-60.0000008940697));
#6310=CARTESIAN_POINT('Ctrl Pts',(146.752805453674,19.5,-60.0000008940697));
#6311=CARTESIAN_POINT('Ctrl Pts',(146.752805453674,16.1635325279092,-60.0000008940697));
#6312=CARTESIAN_POINT('Ctrl Pts',(146.60829985556,12.8270650591539,-60.0000008940697));
#6313=CARTESIAN_POINT('Ctrl Pts',(146.319289659252,9.50000014156103,-60.0000008940697));
#6314=CARTESIAN_POINT('',(147.704463441622,9.50000014156103,-57.5895563457614));
#6315=CARTESIAN_POINT('Ctrl Pts',(146.319289659252,9.50000014156104,-60.0000008940697));
#6316=CARTESIAN_POINT('Ctrl Pts',(146.789617284389,9.50000014156104,-59.2101698310321));
#6317=CARTESIAN_POINT('Ctrl Pts',(147.252792483246,9.50000014156104,-58.4047435564169));
#6318=CARTESIAN_POINT('Ctrl Pts',(147.704463441622,9.50000014156104,-57.5895563457615));
#6319=CARTESIAN_POINT('',(149.826833624238,9.50000014156104,-53.5000007972121));
#6320=CARTESIAN_POINT('Ctrl Pts',(147.704463441622,9.50000014156104,-57.5895563457615));
#6321=CARTESIAN_POINT('Ctrl Pts',(148.44985262375,9.50000014156104,-56.2442590292876));
#6322=CARTESIAN_POINT('Ctrl Pts',(149.163835313756,9.50000014156104,-54.8723365364721));
#6323=CARTESIAN_POINT('Ctrl Pts',(149.826833624238,9.50000014156104,-53.5000007972121));
#6324=CARTESIAN_POINT('Ctrl Pts',(149.826833624238,9.50000014156105,-53.5000007972121));
#6325=CARTESIAN_POINT('Ctrl Pts',(150.107329096403,12.827429179118,-53.5000007972121));
#6326=CARTESIAN_POINT('Ctrl Pts',(150.247577263439,16.1637145897628,-53.5000007972121));
#6327=CARTESIAN_POINT('Ctrl Pts',(150.247577263439,19.5,-53.5000007972121));
#6328=CARTESIAN_POINT('',(155.938466266098,19.5,-33.5660586438836));
#6329=CARTESIAN_POINT('Ctrl Pts',(155.938466266093,19.5,-33.5660586439255));
#6330=CARTESIAN_POINT('Ctrl Pts',(155.899311489581,19.5,-33.9613390335252));
#6331=CARTESIAN_POINT('Ctrl Pts',(155.857590094164,19.5,-34.3523611743037));
#6332=CARTESIAN_POINT('Ctrl Pts',(155.813331665171,19.5,-34.7391741509557));
#6333=CARTESIAN_POINT('Ctrl Pts',(155.766572501004,19.5,-35.121838185751));
#6334=CARTESIAN_POINT('Ctrl Pts',(155.717353730883,19.5,-35.5004215157231));
#6335=CARTESIAN_POINT('Origin',(31.1999993022529,19.5,-33.5660586438837));
#6336=CARTESIAN_POINT('',(22.1999993026257,141.48518950058,-45.4000000357628));
#6337=CARTESIAN_POINT('',(22.1999993026257,139.180251623103,-51.4000000357628));
#6338=CARTESIAN_POINT('Ctrl Pts',(22.1999993026257,141.48518950058,-45.4000000357628));
#6339=CARTESIAN_POINT('Ctrl Pts',(22.1999993026257,140.824773451251,-47.447396995481));
#6340=CARTESIAN_POINT('Ctrl Pts',(22.1999993026257,140.05037938103,-49.4396440264858));
#6341=CARTESIAN_POINT('Ctrl Pts',(22.1999993026257,139.180251623103,-51.4000000357628));
#6342=CARTESIAN_POINT('',(24.1999993026257,139.313866595515,-51.4000000357628));
#6343=CARTESIAN_POINT('Ctrl Pts',(22.1999993026257,139.180251623103,-51.4000000357628));
#6344=CARTESIAN_POINT('Ctrl Pts',(22.1999993026257,139.129090641501,-51.515263267871));
#6345=CARTESIAN_POINT('Ctrl Pts',(22.2199238881808,139.079002401251,-51.6306160589545));
#6346=CARTESIAN_POINT('Ctrl Pts',(22.2987317835743,138.986993778235,-51.8480285657458));
#6347=CARTESIAN_POINT('Ctrl Pts',(22.3562424962336,138.945297551365,-51.9494080462746));
#6348=CARTESIAN_POINT('Ctrl Pts',(22.4951043535555,138.879416731607,-52.1162889294642));
#6349=CARTESIAN_POINT('Ctrl Pts',(22.5708498661395,138.85390176071,-52.1839918002425));
#6350=CARTESIAN_POINT('Ctrl Pts',(22.7287115365225,138.818263939238,-52.2861324994428));
#6351=CARTESIAN_POINT('Ctrl Pts',(22.8068662374814,138.806526705624,-52.3235822332795));
#6352=CARTESIAN_POINT('Ctrl Pts',(22.9657555599965,138.793640526324,-52.3754816833322));
#6353=CARTESIAN_POINT('Ctrl Pts',(23.0448155710353,138.791827002933,-52.3911525679385));
#6354=CARTESIAN_POINT('Ctrl Pts',(23.1395094331229,138.794943707624,-52.3982749457732));
#6355=CARTESIAN_POINT('Ctrl Pts',(23.1540383707187,138.795566545761,-52.3990491094854));
#6356=CARTESIAN_POINT('Ctrl Pts',(23.1749488561889,138.796670302661,-52.3997065773044));
#6357=CARTESIAN_POINT('Ctrl Pts',(23.1813250775719,138.797034595758,-52.3998459873179));
#6358=CARTESIAN_POINT('Ctrl Pts',(23.1923895806216,138.797714787378,-52.3999820765676));
#6359=CARTESIAN_POINT('Ctrl Pts',(23.1970779310586,138.79801797974,-52.4000067543587));
#6360=CARTESIAN_POINT('Ctrl Pts',(23.2017653137848,138.798336068145,-52.3999984763756));
#6361=CARTESIAN_POINT('Ctrl Pts',(23.2044496770692,138.798518230534,-52.3999937357527));
#6362=CARTESIAN_POINT('Ctrl Pts',(23.2071336703896,138.798705274679,-52.3999781870003));
#6363=CARTESIAN_POINT('Ctrl Pts',(23.2157260496298,138.799319767831,-52.3998938236277));
#6364=CARTESIAN_POINT('Ctrl Pts',(23.2216324571072,138.799765948917,-52.3997834533077));
#6365=CARTESIAN_POINT('Ctrl Pts',(23.2392142521926,138.801164825777,-52.3992991293887));
#6366=CARTESIAN_POINT('Ctrl Pts',(23.2508782059083,138.802185829224,-52.3987730101495));
#6367=CARTESIAN_POINT('Ctrl Pts',(23.3290907503257,138.809654766005,-52.3938733408889));
#6368=CARTESIAN_POINT('Ctrl Pts',(23.3946814082144,138.818952977192,-52.3830795065199));
#6369=CARTESIAN_POINT('Ctrl Pts',(23.5550854294272,138.849166107337,-52.3401791798097));
#6370=CARTESIAN_POINT('Ctrl Pts',(23.6461212086906,138.873355813297,-52.3002815396406));
#6371=CARTESIAN_POINT('Ctrl Pts',(23.8286873202538,138.937062801221,-52.1864841976637));
#6372=CARTESIAN_POINT('Ctrl Pts',(23.9151542793687,138.978195018278,-52.1082159847916));
#6373=CARTESIAN_POINT('Ctrl Pts',(24.0734900441366,139.079280983406,-51.9070935424246));
#6374=CARTESIAN_POINT('Ctrl Pts',(24.1356878584615,139.140717143304,-51.7793316241533));
#6375=CARTESIAN_POINT('Ctrl Pts',(24.1898271905486,139.240193475467,-51.5643867934261));
#6376=CARTESIAN_POINT('Ctrl Pts',(24.1999993026257,139.277356795748,-51.482346691509));
#6377=CARTESIAN_POINT('Ctrl Pts',(24.1999993026257,139.313866595515,-51.4000000357628));
#6378=CARTESIAN_POINT('',(24.1999993026257,141.616282524039,-45.4000000357628));
#6379=CARTESIAN_POINT('Ctrl Pts',(24.1999993026257,139.313866595515,-51.4000000357628));
#6380=CARTESIAN_POINT('Ctrl Pts',(24.1999993026257,140.18306232503,-49.4395575800169));
#6381=CARTESIAN_POINT('Ctrl Pts',(24.1999993026257,140.956600990104,-47.447317694052));
#6382=CARTESIAN_POINT('Ctrl Pts',(24.1999993026257,141.616282524039,-45.4000000357628));
#6383=CARTESIAN_POINT('Ctrl Pts',(24.1999993026257,141.616282524039,-45.4000000357628));
#6384=CARTESIAN_POINT('Ctrl Pts',(24.1999993026257,141.622844908007,-45.379633716734));
#6385=CARTESIAN_POINT('Ctrl Pts',(24.1993771393555,141.629367590616,-45.3592396274315));
#6386=CARTESIAN_POINT('Ctrl Pts',(24.1906074430642,141.674802689518,-45.2161052182949));
#6387=CARTESIAN_POINT('Ctrl Pts',(24.1604567768571,141.711493848109,-45.0948976455504));
#6388=CARTESIAN_POINT('Ctrl Pts',(24.0619014803672,141.772844393789,-44.8809659638434));
#6389=CARTESIAN_POINT('Ctrl Pts',(23.9987694860215,141.798007993713,-44.7879184965813));
#6390=CARTESIAN_POINT('Ctrl Pts',(23.8520128438149,141.836236731755,-44.6353431937512));
#6391=CARTESIAN_POINT('Ctrl Pts',(23.7726759757609,141.850146910615,-44.5741130626652));
#6392=CARTESIAN_POINT('Ctrl Pts',(23.5740296731784,141.871445168583,-44.463939982874));
#6393=CARTESIAN_POINT('Ctrl Pts',(23.4521063630255,141.875857777707,-44.4239495487315));
#6394=CARTESIAN_POINT('Ctrl Pts',(23.2993567826231,141.871867692144,-44.4045937147467));
#6395=CARTESIAN_POINT('Ctrl Pts',(23.2728932741707,141.870845730694,-44.4023073085753));
#6396=CARTESIAN_POINT('Ctrl Pts',(23.237569289893,141.86904436247,-44.4006670855667));
#6397=CARTESIAN_POINT('Ctrl Pts',(23.2287524990958,141.868558536631,-44.4003745892337));
#6398=CARTESIAN_POINT('Ctrl Pts',(23.2142438314885,141.867699601268,-44.4000852917063));
#6399=CARTESIAN_POINT('Ctrl Pts',(23.2085527362058,141.867347623492,-44.4000204259953));
#6400=CARTESIAN_POINT('Ctrl Pts',(23.1975091221308,141.866635415565,-44.3999888078793));
#6401=CARTESIAN_POINT('Ctrl Pts',(23.1921567652449,141.866276926081,-44.4000164694836));
#6402=CARTESIAN_POINT('Ctrl Pts',(23.1797846672051,141.865417511327,-44.4001797154707));
#6403=CARTESIAN_POINT('Ctrl Pts',(23.1727663690475,141.864907084104,-44.4003462827251));
#6404=CARTESIAN_POINT('Ctrl Pts',(23.1502792231131,141.863198261351,-44.4011168580205));
#6405=CARTESIAN_POINT('Ctrl Pts',(23.1348297903206,141.861912809724,-44.402006014341));
#6406=CARTESIAN_POINT('Ctrl Pts',(23.0082005238003,141.850462751072,-44.4122434888193));
#6407=CARTESIAN_POINT('Ctrl Pts',(22.8999841208014,141.834879686148,-44.4397197745231));
#6408=CARTESIAN_POINT('Ctrl Pts',(22.711747372218,141.796958555162,-44.5221131480029));
#6409=CARTESIAN_POINT('Ctrl Pts',(22.6309848507823,141.776042855842,-44.5723180498962));
#6410=CARTESIAN_POINT('Ctrl Pts',(22.459011396697,141.71985415159,-44.715995081224));
#6411=CARTESIAN_POINT('Ctrl Pts',(22.3771840056857,141.682639705119,-44.8174146062838));
#6412=CARTESIAN_POINT('Ctrl Pts',(22.2518579694675,141.599797620462,-45.0531633251985));
#6413=CARTESIAN_POINT('Ctrl Pts',(22.2130733564963,141.554369380111,-45.1876755521076));
#6414=CARTESIAN_POINT('Ctrl Pts',(22.200925016618,141.501266461774,-45.3503105987152));
#6415=CARTESIAN_POINT('Ctrl Pts',(22.1999993026257,141.49320269228,-45.3751578406939));
#6416=CARTESIAN_POINT('Ctrl Pts',(22.1999993026257,141.48518950058,-45.4000000357628));
#6417=CARTESIAN_POINT('',(38.1999993026257,141.616282523997,-45.4000000357628));
#6418=CARTESIAN_POINT('',(38.1999993026257,139.313866595471,-51.4000000357628));
#6419=CARTESIAN_POINT('Ctrl Pts',(38.1999993026257,141.616282523997,-45.4000000357628));
#6420=CARTESIAN_POINT('Ctrl Pts',(38.1999993026257,140.95660104081,-47.4473175365534));
#6421=CARTESIAN_POINT('Ctrl Pts',(38.1999993026257,140.183062800888,-49.4395565066368));
#6422=CARTESIAN_POINT('Ctrl Pts',(38.1999993026257,139.313866595471,-51.4000000357628));
#6423=CARTESIAN_POINT('',(40.1999993026257,139.180251623047,-51.4000000357628));
#6424=CARTESIAN_POINT('Ctrl Pts',(38.1999993026257,139.313866595471,-51.4000000357628));
#6425=CARTESIAN_POINT('Ctrl Pts',(38.1999993026257,139.271088989922,-51.4964835218481));
#6426=CARTESIAN_POINT('Ctrl Pts',(38.2139636341075,139.22744111066,-51.5924837767899));
#6427=CARTESIAN_POINT('Ctrl Pts',(38.2762859526727,139.129708414277,-51.8020881069192));
#6428=CARTESIAN_POINT('Ctrl Pts',(38.3325648110617,139.0762847964,-51.9128340317171));
#6429=CARTESIAN_POINT('Ctrl Pts',(38.4728934173221,138.985145469172,-52.0945595847679));
#6430=CARTESIAN_POINT('Ctrl Pts',(38.550934241327,138.946597459309,-52.1683899844922));
#6431=CARTESIAN_POINT('Ctrl Pts',(38.7139598273401,138.885935391292,-52.2784031320182));
#6432=CARTESIAN_POINT('Ctrl Pts',(38.7944201239607,138.862359403447,-52.3185371559088));
#6433=CARTESIAN_POINT('Ctrl Pts',(38.9575040076745,138.826474207689,-52.3735731745581));
#6434=CARTESIAN_POINT('Ctrl Pts',(39.0382748738796,138.813462336841,-52.3903058729451));
#6435=CARTESIAN_POINT('Ctrl Pts',(39.1363058855628,138.80335516143,-52.3980900940521));
#6436=CARTESIAN_POINT('Ctrl Pts',(39.1518097015706,138.801921000092,-52.398959126234));
#6437=CARTESIAN_POINT('Ctrl Pts',(39.1738864135466,138.800113099482,-52.3996804823953));
#6438=CARTESIAN_POINT('Ctrl Pts',(39.1804350077403,138.799606034924,-52.3998301057515));
#6439=CARTESIAN_POINT('Ctrl Pts',(39.1917051495393,138.798783690329,-52.3999767732961));
#6440=CARTESIAN_POINT('Ctrl Pts',(39.1964249571262,138.798454466557,-52.4000047903022));
#6441=CARTESIAN_POINT('Ctrl Pts',(39.2054304869057,138.797855252774,-52.3999944667568));
#6442=CARTESIAN_POINT('Ctrl Pts',(39.2097158694624,138.797582612417,-52.3999620144942));
#6443=CARTESIAN_POINT('Ctrl Pts',(39.2197021318226,138.796976430868,-52.3998221707616));
#6444=CARTESIAN_POINT('Ctrl Pts',(39.2254029751621,138.796652516658,-52.3996935789329));
#6445=CARTESIAN_POINT('Ctrl Pts',(39.245407929807,138.795593626305,-52.3990710407433));
#6446=CARTESIAN_POINT('Ctrl Pts',(39.2597066857752,138.794976315684,-52.3983187020657));
#6447=CARTESIAN_POINT('Ctrl Pts',(39.3922126017356,138.79055367793,-52.3884875727047));
#6448=CARTESIAN_POINT('Ctrl Pts',(39.507474274112,138.79630399364,-52.3588066866779));
#6449=CARTESIAN_POINT('Ctrl Pts',(39.6940235405787,138.8223115736,-52.2738205364984));
#6450=CARTESIAN_POINT('Ctrl Pts',(39.767639624643,138.838248562108,-52.2277253748779));
#6451=CARTESIAN_POINT('Ctrl Pts',(39.9309326458749,138.887783627776,-52.093880831518));
#6452=CARTESIAN_POINT('Ctrl Pts',(40.0105039816741,138.925595391791,-51.9981910106134));
#6453=CARTESIAN_POINT('Ctrl Pts',(40.1399053423011,139.019611487842,-51.7695157546494));
#6454=CARTESIAN_POINT('Ctrl Pts',(40.1817284711891,139.077018744659,-51.634894248246));
#6455=CARTESIAN_POINT('Ctrl Pts',(40.1984049854862,139.151378171492,-51.4652521197822));
#6456=CARTESIAN_POINT('Ctrl Pts',(40.1999993026257,139.165780566884,-51.4326026296367));
#6457=CARTESIAN_POINT('Ctrl Pts',(40.1999993026257,139.180251623047,-51.4000000357628));
#6458=CARTESIAN_POINT('',(40.1999993026257,141.485189500525,-45.4000000357628));
#6459=CARTESIAN_POINT('Ctrl Pts',(40.1999993026257,139.180251623047,-51.4000000357628));
#6460=CARTESIAN_POINT('Ctrl Pts',(40.1999993026257,140.050378903452,-49.4396451023211));
#6461=CARTESIAN_POINT('Ctrl Pts',(40.1999993026257,140.824773400284,-47.4473971533154));
#6462=CARTESIAN_POINT('Ctrl Pts',(40.1999993026257,141.485189500525,-45.4000000357628));
#6463=CARTESIAN_POINT('Ctrl Pts',(40.1999993026257,141.485189500525,-45.4000000357628));
#6464=CARTESIAN_POINT('Ctrl Pts',(40.1999993026257,141.514280556923,-45.3098130385155));
#6465=CARTESIAN_POINT('Ctrl Pts',(40.1877979258667,141.543912526062,-45.2199413532474));
#6466=CARTESIAN_POINT('Ctrl Pts',(40.1315357367744,141.612374188336,-45.0169917155733));
#6467=CARTESIAN_POINT('Ctrl Pts',(40.0786416507282,141.650567952778,-44.9073567429463));
#6468=CARTESIAN_POINT('Ctrl Pts',(39.9437751224173,141.717461590253,-44.7230449213751));
#6469=CARTESIAN_POINT('Ctrl Pts',(39.8666007329056,141.746414558407,-44.6467133404573));
#6470=CARTESIAN_POINT('Ctrl Pts',(39.7029407470842,141.793300051948,-44.5308046521453));
#6471=CARTESIAN_POINT('Ctrl Pts',(39.6204625867175,141.812025276763,-44.4879247334862));
#6472=CARTESIAN_POINT('Ctrl Pts',(39.4523350819836,141.841432650312,-44.4286198246484));
#6473=CARTESIAN_POINT('Ctrl Pts',(39.3683586959855,141.852524405044,-44.4105349607934));
#6474=CARTESIAN_POINT('Ctrl Pts',(39.2668265000831,141.861772794095,-44.4021081638153));
#6475=CARTESIAN_POINT('Ctrl Pts',(39.2509032593572,141.863104712617,-44.401168998399));
#6476=CARTESIAN_POINT('Ctrl Pts',(39.2277751088848,141.864867331408,-44.4003600403885));
#6477=CARTESIAN_POINT('Ctrl Pts',(39.2205910303669,141.865390839551,-44.4001862324441));
#6478=CARTESIAN_POINT('Ctrl Pts',(39.2080459843616,141.866263089216,-44.4000180529288));
#6479=CARTESIAN_POINT('Ctrl Pts',(39.2026865663009,141.866622384293,-44.3999892808023));
#6480=CARTESIAN_POINT('Ctrl Pts',(39.1923321387373,141.867290755983,-44.4000169571182));
#6481=CARTESIAN_POINT('Ctrl Pts',(39.1873374298326,141.867601573227,-44.4000677220677));
#6482=CARTESIAN_POINT('Ctrl Pts',(39.1741752505478,141.868390090184,-44.4003001575241));
#6483=CARTESIAN_POINT('Ctrl Pts',(39.1660083105177,141.868848348345,-44.4005444883167));
#6484=CARTESIAN_POINT('Ctrl Pts',(39.1376016725622,141.870334273698,-44.4017430515413));
#6485=CARTESIAN_POINT('Ctrl Pts',(39.117382434225,141.871201055307,-44.4032124193018));
#6486=CARTESIAN_POINT('Ctrl Pts',(38.9751865281572,141.875945945509,-44.4179058570583));
#6487=CARTESIAN_POINT('Ctrl Pts',(38.8566871428833,141.872876163397,-44.4528445978826));
#6488=CARTESIAN_POINT('Ctrl Pts',(38.6676030855007,141.855407784366,-44.5487670071706));
#6489=CARTESIAN_POINT('Ctrl Pts',(38.5938281390465,141.844356616656,-44.5997187030508));
#6490=CARTESIAN_POINT('Ctrl Pts',(38.4337534515894,141.809382018276,-44.7449634207625));
#6491=CARTESIAN_POINT('Ctrl Pts',(38.3575627959006,141.782336134231,-44.8468871513188));
#6492=CARTESIAN_POINT('Ctrl Pts',(38.2420925991098,141.715458103687,-45.0819616860853));
#6493=CARTESIAN_POINT('Ctrl Pts',(38.2081013674348,141.675313188903,-45.214833494506));
#6494=CARTESIAN_POINT('Ctrl Pts',(38.2004257217021,141.627121037602,-45.3662592981962));
#6495=CARTESIAN_POINT('Ctrl Pts',(38.1999993026257,141.621715346464,-45.383139304033));
#6496=CARTESIAN_POINT('Ctrl Pts',(38.1999993026257,141.616282523997,-45.4000000357628));
#6497=CARTESIAN_POINT('',(26.1999993026257,142.316781807111,-43.4000000357628));
#6498=CARTESIAN_POINT('',(26.1999993026257,138.490625348245,-53.4000000357628));
#6499=CARTESIAN_POINT('Ctrl Pts',(26.1999993026256,142.316781807111,-43.4000000357628));
#6500=CARTESIAN_POINT('Ctrl Pts',(26.1999993026256,141.341920696751,-46.8770786002548));
#6501=CARTESIAN_POINT('Ctrl Pts',(26.1999993026257,140.033443020246,-50.18601676953));
#6502=CARTESIAN_POINT('Ctrl Pts',(26.1999993026257,138.490625348245,-53.4000000357628));
#6503=CARTESIAN_POINT('',(28.1999993026257,138.557838552381,-53.4000000357628));
#6504=CARTESIAN_POINT('Ctrl Pts',(26.1999993026257,138.490625348245,-53.4000000357628));
#6505=CARTESIAN_POINT('Ctrl Pts',(26.1999993026257,138.47351753998,-53.4356388610632));
#6506=CARTESIAN_POINT('Ctrl Pts',(26.2019044543926,138.45643998375,-53.4713097364187));
#6507=CARTESIAN_POINT('Ctrl Pts',(26.2192348853076,138.379451814538,-53.6325604331738));
#6508=CARTESIAN_POINT('Ctrl Pts',(26.2566155085086,138.32109065457,-53.7560059680467));
#6509=CARTESIAN_POINT('Ctrl Pts',(26.3686726989406,138.222937727853,-53.9663881838544));
#6510=CARTESIAN_POINT('Ctrl Pts',(26.4362194494809,138.182037082703,-54.0552348997436));
#6511=CARTESIAN_POINT('Ctrl Pts',(26.5876290708295,138.118525228485,-54.1961618335133));
#6512=CARTESIAN_POINT('Ctrl Pts',(26.6662491526422,138.094342267946,-54.2511605512103));
#6513=CARTESIAN_POINT('Ctrl Pts',(26.8227250491425,138.061414372139,-54.3293956034981));
#6514=CARTESIAN_POINT('Ctrl Pts',(26.8970116616038,138.050772364577,-54.3562878186751));
#6515=CARTESIAN_POINT('Ctrl Pts',(27.0303431833991,138.040161812845,-54.3871833636061));
#6516=CARTESIAN_POINT('Ctrl Pts',(27.0875248374685,138.038105072734,-54.3953307111986));
#6517=CARTESIAN_POINT('Ctrl Pts',(27.1554292352195,138.03857236485,-54.3990590720397));
#6518=CARTESIAN_POINT('Ctrl Pts',(27.1656895148058,138.03872047163,-54.3994640118445));
#6519=CARTESIAN_POINT('Ctrl Pts',(27.1813942435267,138.039065599121,-54.3998417610032));
#6520=CARTESIAN_POINT('Ctrl Pts',(27.1868358278061,138.03920692982,-54.3999282001054));
#6521=CARTESIAN_POINT('Ctrl Pts',(27.1967435945173,138.039503824951,-54.4000047106154));
#6522=CARTESIAN_POINT('Ctrl Pts',(27.2012096058407,138.039652293697,-54.4000092734573));
#6523=CARTESIAN_POINT('Ctrl Pts',(27.205674991155,138.039815373286,-54.3999839289129));
#6524=CARTESIAN_POINT('Ctrl Pts',(27.2072383516898,138.039872468513,-54.3999750556225));
#6525=CARTESIAN_POINT('Ctrl Pts',(27.2088016218252,138.039931354159,-54.399962516524));
#6526=CARTESIAN_POINT('Ctrl Pts',(27.2161625231718,138.040217071224,-54.3998862131041));
#6527=CARTESIAN_POINT('Ctrl Pts',(27.2219585388664,138.040466718197,-54.399775702658));
#6528=CARTESIAN_POINT('Ctrl Pts',(27.2372496123182,138.041190397651,-54.3993511678193));
#6529=CARTESIAN_POINT('Ctrl Pts',(27.2467391882528,138.041705779533,-54.3989522451625));
#6530=CARTESIAN_POINT('Ctrl Pts',(27.3065997184306,138.045374680873,-54.3955816308054));
#6531=CARTESIAN_POINT('Ctrl Pts',(27.3565178276597,138.050305639159,-54.3889455529949));
#6532=CARTESIAN_POINT('Ctrl Pts',(27.5058750660764,138.070686711217,-54.3575735505576));
#6533=CARTESIAN_POINT('Ctrl Pts',(27.6010559746697,138.091538524158,-54.3214908194896));
#6534=CARTESIAN_POINT('Ctrl Pts',(27.7784960652652,138.145974387031,-54.2222083939394));
#6535=CARTESIAN_POINT('Ctrl Pts',(27.8589070006438,138.179559940787,-54.1588695228551));
#6536=CARTESIAN_POINT('Ctrl Pts',(28.0224977393402,138.269457174338,-53.9853347130194));
#6537=CARTESIAN_POINT('Ctrl Pts',(28.0939665792698,138.328875905422,-53.8677848795985));
#6538=CARTESIAN_POINT('Ctrl Pts',(28.1797553836252,138.445735495742,-53.6318284640854));
#6539=CARTESIAN_POINT('Ctrl Pts',(28.1999993026257,138.502103764716,-53.5161718052127));
#6540=CARTESIAN_POINT('Ctrl Pts',(28.1999993026257,138.557838552381,-53.4000000357628));
#6541=CARTESIAN_POINT('',(28.1999993026257,142.38190222101,-43.4000000357628));
#6542=CARTESIAN_POINT('Ctrl Pts',(28.1999993026257,138.557838552381,-53.4000000357628));
#6543=CARTESIAN_POINT('Ctrl Pts',(28.1999993026257,140.099840510426,-50.1859015621383));
#6544=CARTESIAN_POINT('Ctrl Pts',(28.1999993026256,141.407587234878,-46.8769733136908));
#6545=CARTESIAN_POINT('Ctrl Pts',(28.1999993026256,142.38190222101,-43.4000000357628));
#6546=CARTESIAN_POINT('Ctrl Pts',(28.1999993026257,142.38190222101,-43.4000000357628));
#6547=CARTESIAN_POINT('Ctrl Pts',(28.1999993026257,142.408903049142,-43.3036439710053));
#6548=CARTESIAN_POINT('Ctrl Pts',(28.1860735952052,142.435244920092,-43.2073863781796));
#6549=CARTESIAN_POINT('Ctrl Pts',(28.1250430057374,142.489885805272,-43.0026997841681));
#6550=CARTESIAN_POINT('Ctrl Pts',(28.0723519652368,142.517139675442,-42.8971304178959));
#6551=CARTESIAN_POINT('Ctrl Pts',(27.939262331839,142.561554101251,-42.7184462993225));
#6552=CARTESIAN_POINT('Ctrl Pts',(27.8633211150999,142.579213418651,-42.6441744852135));
#6553=CARTESIAN_POINT('Ctrl Pts',(27.7018413155251,142.604742788862,-42.5302154887182));
#6554=CARTESIAN_POINT('Ctrl Pts',(27.619960572703,142.613487975592,-42.487798928036));
#6555=CARTESIAN_POINT('Ctrl Pts',(27.4534291565807,142.623877835701,-42.4289589469624));
#6556=CARTESIAN_POINT('Ctrl Pts',(27.3703963788426,142.625992300899,-42.4109925248368));
#6557=CARTESIAN_POINT('Ctrl Pts',(27.2695132233699,142.625048503721,-42.4022813373166));
#6558=CARTESIAN_POINT('Ctrl Pts',(27.2529669091989,142.624782845225,-42.4012662891574));
#6559=CARTESIAN_POINT('Ctrl Pts',(27.2289313790961,142.624236526628,-42.4003906807182));
#6560=CARTESIAN_POINT('Ctrl Pts',(27.2214556410177,142.624044118788,-42.400202288713));
#6561=CARTESIAN_POINT('Ctrl Pts',(27.2083986942742,142.623668825755,-42.400019737291));
#6562=CARTESIAN_POINT('Ctrl Pts',(27.2028181350043,142.623495909278,-42.3999884397734));
#6563=CARTESIAN_POINT('Ctrl Pts',(27.1920343930322,142.623137593967,-42.4000182168543));
#6564=CARTESIAN_POINT('Ctrl Pts',(27.1868313628875,142.62295383145,-42.40007320101));
#6565=CARTESIAN_POINT('Ctrl Pts',(27.1731139964816,142.622440676658,-42.4003252301478));
#6566=CARTESIAN_POINT('Ctrl Pts',(27.1646021488548,142.622093105863,-42.4005904417133));
#6567=CARTESIAN_POINT('Ctrl Pts',(27.1349640750042,142.620781336266,-42.4018929084153));
#6568=CARTESIAN_POINT('Ctrl Pts',(27.1138763387208,142.61966803949,-42.4034914008892));
#6569=CARTESIAN_POINT('Ctrl Pts',(26.9677583121281,142.610702312146,-42.4192363490196));
#6570=CARTESIAN_POINT('Ctrl Pts',(26.8469381129798,142.596895801004,-42.4561327132838));
#6571=CARTESIAN_POINT('Ctrl Pts',(26.648623207078,142.562515106416,-42.559870992049));
#6572=CARTESIAN_POINT('Ctrl Pts',(26.5685551976929,142.544114272315,-42.6183936066553));
#6573=CARTESIAN_POINT('Ctrl Pts',(26.4047602356806,142.49503619053,-42.7795724286207));
#6574=CARTESIAN_POINT('Ctrl Pts',(26.3306374120478,142.462764672205,-42.8889689563417));
#6575=CARTESIAN_POINT('Ctrl Pts',(26.2270114899908,142.392246837969,-43.1327200396383));
#6576=CARTESIAN_POINT('Ctrl Pts',(26.1999993026257,142.354405144372,-43.2658072793521));
#6577=CARTESIAN_POINT('Ctrl Pts',(26.1999993026257,142.316781807111,-43.4000000357628));
#6578=CARTESIAN_POINT('',(34.1999993026257,142.381902220992,-43.4000000357628));
#6579=CARTESIAN_POINT('',(34.1999993026257,138.557838552362,-53.4000000357628));
#6580=CARTESIAN_POINT('Ctrl Pts',(34.1999993026257,142.381902220992,-43.4000000357628));
#6581=CARTESIAN_POINT('Ctrl Pts',(34.1999993026257,141.407587434849,-46.8769726000039));
#6582=CARTESIAN_POINT('Ctrl Pts',(34.1999993026257,140.09984446487,-50.1858933195859));
#6583=CARTESIAN_POINT('Ctrl Pts',(34.1999993026257,138.557838552362,-53.4000000357628));
#6584=CARTESIAN_POINT('',(36.1999993026257,138.490625348213,-53.4000000357628));
#6585=CARTESIAN_POINT('Ctrl Pts',(34.1999993026257,138.557838552362,-53.4000000357628));
#6586=CARTESIAN_POINT('Ctrl Pts',(34.1999993026257,138.507694814207,-53.5045180043847));
#6587=CARTESIAN_POINT('Ctrl Pts',(34.2163858318589,138.457024887371,-53.6086487191069));
#6588=CARTESIAN_POINT('Ctrl Pts',(34.2857958476846,138.351398370319,-53.8226304513147));
#6589=CARTESIAN_POINT('Ctrl Pts',(34.3434916461679,138.297163703897,-53.9305675841084));
#6590=CARTESIAN_POINT('Ctrl Pts',(34.4849204017636,138.206911375422,-54.1065731927152));
#6591=CARTESIAN_POINT('Ctrl Pts',(34.5623892777761,138.169692498559,-54.1776371438294));
#6592=CARTESIAN_POINT('Ctrl Pts',(34.7234183976914,138.112696611495,-54.2833759697868));
#6593=CARTESIAN_POINT('Ctrl Pts',(34.8024889576769,138.091225847183,-54.3218703925297));
#6594=CARTESIAN_POINT('Ctrl Pts',(34.9405939748896,138.064296751251,-54.3674359216932));
#6595=CARTESIAN_POINT('Ctrl Pts',(34.9962311591981,138.055931897492,-54.3807012703995));
#6596=CARTESIAN_POINT('Ctrl Pts',(35.086324761661,138.046343923126,-54.3940884046342));
#6597=CARTESIAN_POINT('Ctrl Pts',(35.1199209054765,138.043609000901,-54.3973614680834));
#6598=CARTESIAN_POINT('Ctrl Pts',(35.1623423896777,138.041215278995,-54.3993283557408));
#6599=CARTESIAN_POINT('Ctrl Pts',(35.1710084584948,138.040781470188,-54.3996173388814));
#6600=CARTESIAN_POINT('Ctrl Pts',(35.1847700089575,138.040180266891,-54.399897025665));
#6601=CARTESIAN_POINT('Ctrl Pts',(35.189861647336,138.039976854143,-54.3999616163015));
#6602=CARTESIAN_POINT('Ctrl Pts',(35.1949541857684,138.039792441529,-54.3999873090799));
#6603=CARTESIAN_POINT('Ctrl Pts',(35.1953501472375,138.039778102847,-54.3999893067773));
#6604=CARTESIAN_POINT('Ctrl Pts',(35.1957461134965,138.039763879055,-54.3999910693115));
#6605=CARTESIAN_POINT('Ctrl Pts',(35.2006359337245,138.039589649243,-54.4000099305535));
#6606=CARTESIAN_POINT('Ctrl Pts',(35.205130212634,138.039444333517,-54.3999969734066));
#6607=CARTESIAN_POINT('Ctrl Pts',(35.2153771999788,138.039146816094,-54.3998983383716));
#6608=CARTESIAN_POINT('Ctrl Pts',(35.2211296545078,138.039004084582,-54.3997933214107));
#6609=CARTESIAN_POINT('Ctrl Pts',(35.2382555836915,138.038651508357,-54.3993327751251));
#6610=CARTESIAN_POINT('Ctrl Pts',(35.2496246437275,138.038512497029,-54.3988327706441));
#6611=CARTESIAN_POINT('Ctrl Pts',(35.3258796004519,138.038218734773,-54.3941737466064));
#6612=CARTESIAN_POINT('Ctrl Pts',(35.3900969174996,138.041079427243,-54.383898114963));
#6613=CARTESIAN_POINT('Ctrl Pts',(35.5453644700731,138.055674004002,-54.3433381280942));
#6614=CARTESIAN_POINT('Ctrl Pts',(35.6331021520404,138.070858305183,-54.3062203913468));
#6615=CARTESIAN_POINT('Ctrl Pts',(35.8091994633042,138.116368127242,-54.2007975675757));
#6616=CARTESIAN_POINT('Ctrl Pts',(35.8929317438031,138.148532302177,-54.1290165464652));
#6617=CARTESIAN_POINT('Ctrl Pts',(36.0515621545267,138.234111022736,-53.9419728250945));
#6618=CARTESIAN_POINT('Ctrl Pts',(36.1163551826309,138.290168497013,-53.8218433983072));
#6619=CARTESIAN_POINT('Ctrl Pts',(36.185190473915,138.395560021489,-53.598772597294));
#6620=CARTESIAN_POINT('Ctrl Pts',(36.1999993026257,138.442923086149,-53.4993729395208));
#6621=CARTESIAN_POINT('Ctrl Pts',(36.1999993026257,138.490625348213,-53.4000000357628));
#6622=CARTESIAN_POINT('',(36.1999993026257,142.31678180708,-43.4000000357628));
#6623=CARTESIAN_POINT('Ctrl Pts',(36.1999993026257,138.490625348213,-53.4000000357628));
#6624=CARTESIAN_POINT('Ctrl Pts',(36.1999993026257,140.033439059215,-50.1860250210474));
#6625=CARTESIAN_POINT('Ctrl Pts',(36.1999993026257,141.341920496428,-46.877079314649));
#6626=CARTESIAN_POINT('Ctrl Pts',(36.1999993026257,142.31678180708,-43.4000000357628));
#6627=CARTESIAN_POINT('Ctrl Pts',(36.1999993026257,142.31678180708,-43.4000000357628));
#6628=CARTESIAN_POINT('Ctrl Pts',(36.1999993026257,142.344961921113,-43.2994888250799));
#6629=CARTESIAN_POINT('Ctrl Pts',(36.1848443018599,142.373338962849,-43.199343155542));
#6630=CARTESIAN_POINT('Ctrl Pts',(36.1198606749966,142.43325040804,-42.990426123715));
#6631=CARTESIAN_POINT('Ctrl Pts',(36.065066136009,142.46411026365,-42.8844424262559));
#6632=CARTESIAN_POINT('Ctrl Pts',(35.928082141993,142.517122688998,-42.7064058465076));
#6633=CARTESIAN_POINT('Ctrl Pts',(35.8503690404692,142.539566049115,-42.6328974966048));
#6634=CARTESIAN_POINT('Ctrl Pts',(35.6866687845626,142.574916817296,-42.5216864059079));
#6635=CARTESIAN_POINT('Ctrl Pts',(35.6044256777032,142.588573518988,-42.4808328708978));
#6636=CARTESIAN_POINT('Ctrl Pts',(35.4649265503529,142.605641838095,-42.4341475517917));
#6637=CARTESIAN_POINT('Ctrl Pts',(35.4110221417261,142.610933077317,-42.4209439860061));
#6638=CARTESIAN_POINT('Ctrl Pts',(35.3220831231617,142.617592095179,-42.4068796333116));
#6639=CARTESIAN_POINT('Ctrl Pts',(35.2876889357468,142.61968130909,-42.4032518482723));
#6640=CARTESIAN_POINT('Ctrl Pts',(35.2431699664295,142.621762369351,-42.4008823514548));
#6641=CARTESIAN_POINT('Ctrl Pts',(35.2331824799741,142.622189053657,-42.4005007652394));
#6642=CARTESIAN_POINT('Ctrl Pts',(35.2170835054084,142.622812102662,-42.400127327747));
#6643=CARTESIAN_POINT('Ctrl Pts',(35.2109759771106,142.623033478821,-42.4000416237617));
#6644=CARTESIAN_POINT('Ctrl Pts',(35.1993505957804,142.623426320876,-42.3999850272388));
#6645=CARTESIAN_POINT('Ctrl Pts',(35.1938331599219,142.623600534984,-42.4000038240752));
#6646=CARTESIAN_POINT('Ctrl Pts',(35.1812745331673,142.623969231611,-42.4001505620302));
#6647=CARTESIAN_POINT('Ctrl Pts',(35.1742338464199,142.624156007733,-42.4003072128485));
#6648=CARTESIAN_POINT('Ctrl Pts',(35.1528778877339,142.624662059482,-42.4010081577157));
#6649=CARTESIAN_POINT('Ctrl Pts',(35.1385712655985,142.624918576773,-42.4017856957984));
#6650=CARTESIAN_POINT('Ctrl Pts',(35.0430820203242,142.626078457465,-42.4090364038067));
#6651=CARTESIAN_POINT('Ctrl Pts',(34.9629901232794,142.62437978942,-42.4250946362239));
#6652=CARTESIAN_POINT('Ctrl Pts',(34.7917562411672,142.614728497637,-42.4817695549318));
#6653=CARTESIAN_POINT('Ctrl Pts',(34.7031994956799,142.605561959603,-42.5265765879305));
#6654=CARTESIAN_POINT('Ctrl Pts',(34.522765364982,142.576986363984,-42.6540934538206));
#6655=CARTESIAN_POINT('Ctrl Pts',(34.4371890449723,142.555894045779,-42.7421478894299));
#6656=CARTESIAN_POINT('Ctrl Pts',(34.2948661228126,142.502584658527,-42.9541578462948));
#6657=CARTESIAN_POINT('Ctrl Pts',(34.2437215005001,142.469929688107,-43.0788615561652));
#6658=CARTESIAN_POINT('Ctrl Pts',(34.2061160904847,142.417436894007,-43.2722032537066));
#6659=CARTESIAN_POINT('Ctrl Pts',(34.1999993026257,142.399797236081,-43.3361392821471));
#6660=CARTESIAN_POINT('Ctrl Pts',(34.1999993026257,142.381902220992,-43.4000000357628));
#6661=CARTESIAN_POINT('',(30.1999993026257,142.933742541488,-41.4000000357628));
#6662=CARTESIAN_POINT('',(30.1999993026257,137.596712928661,-55.4000000357628));
#6663=CARTESIAN_POINT('Ctrl Pts',(30.1999993026257,142.933742541488,-41.4000000357628));
#6664=CARTESIAN_POINT('Ctrl Pts',(30.1999993026257,142.018107693807,-45.225616266882));
#6665=CARTESIAN_POINT('Ctrl Pts',(30.1999993026257,140.492190871656,-49.7758352273745));
#6666=CARTESIAN_POINT('Ctrl Pts',(30.1999993026257,137.596712928661,-55.4000000357628));
#6667=CARTESIAN_POINT('',(32.1999993026257,137.596712928654,-55.4000000357628));
#6668=CARTESIAN_POINT('Ctrl Pts',(30.1999993026256,137.596712928661,-55.4000000357628));
#6669=CARTESIAN_POINT('Ctrl Pts',(30.1999993026257,137.540760525598,-55.5086817603149));
#6670=CARTESIAN_POINT('Ctrl Pts',(30.217714560168,137.4847415459,-55.6171834072783));
#6671=CARTESIAN_POINT('Ctrl Pts',(30.290868343432,137.37307942143,-55.8329045745177));
#6672=CARTESIAN_POINT('Ctrl Pts',(30.3488636035222,137.318057172849,-55.9388815119056));
#6673=CARTESIAN_POINT('Ctrl Pts',(30.489810416704,137.228400219868,-56.1111994663244));
#6674=CARTESIAN_POINT('Ctrl Pts',(30.5662730436084,137.192223423582,-56.1805788789526));
#6675=CARTESIAN_POINT('Ctrl Pts',(30.7250781801974,137.138162941584,-56.2841358563216));
#6676=CARTESIAN_POINT('Ctrl Pts',(30.802948982899,137.118401203344,-56.3219395328933));
#6677=CARTESIAN_POINT('Ctrl Pts',(30.9603859905869,137.091153995812,-56.374039517536));
#6678=CARTESIAN_POINT('Ctrl Pts',(31.0380459230281,137.082802844172,-56.3899949987714));
#6679=CARTESIAN_POINT('Ctrl Pts',(31.1337394664779,137.078644948068,-56.3979393680106));
#6680=CARTESIAN_POINT('Ctrl Pts',(31.1502511985996,137.078142767332,-56.3988988288228));
#6681=CARTESIAN_POINT('Ctrl Pts',(31.1733064044059,137.077741746922,-56.3996650112608));
#6682=CARTESIAN_POINT('Ctrl Pts',(31.1798298571888,137.077661721337,-56.3998179056808));
#6683=CARTESIAN_POINT('Ctrl Pts',(31.1909026170395,137.07758263536,-56.3999690048223));
#6684=CARTESIAN_POINT('Ctrl Pts',(31.1954509734741,137.07756639359,-56.4000000357611));
#6685=CARTESIAN_POINT('Ctrl Pts',(31.1999993022621,137.077566393589,-56.4000000357628));
#6686=CARTESIAN_POINT('Ctrl Pts',(31.2005771050389,137.077566393589,-56.400000035763));
#6687=CARTESIAN_POINT('Ctrl Pts',(31.2011549075871,137.077566655702,-56.3999995349791));
#6688=CARTESIAN_POINT('Ctrl Pts',(31.2058464545077,137.077570912228,-56.3999914026085));
#6689=CARTESIAN_POINT('Ctrl Pts',(31.2099599354432,137.077587930658,-56.3999588878016));
#6690=CARTESIAN_POINT('Ctrl Pts',(31.2196424176981,137.07765926076,-56.3998226067734));
#6691=CARTESIAN_POINT('Ctrl Pts',(31.2252107081255,137.07772464259,-56.3996976902285));
#6692=CARTESIAN_POINT('Ctrl Pts',(31.244401146381,137.078033931673,-56.3991067687674));
#6693=CARTESIAN_POINT('Ctrl Pts',(31.2580107553427,137.07839920531,-56.3984088819616));
#6694=CARTESIAN_POINT('Ctrl Pts',(31.3928690312846,137.08346580244,-56.3887284185819));
#6695=CARTESIAN_POINT('Ctrl Pts',(31.5101360495366,137.099497777818,-56.3581045186565));
#6696=CARTESIAN_POINT('Ctrl Pts',(31.6973747297136,137.144548689288,-56.2719047053332));
#6697=CARTESIAN_POINT('Ctrl Pts',(31.7703228703508,137.168638626017,-56.2257797729985));
#6698=CARTESIAN_POINT('Ctrl Pts',(31.9350684398596,137.239394619187,-56.090096587758));
#6699=CARTESIAN_POINT('Ctrl Pts',(32.0156305379567,137.29065413689,-55.9916315965995));
#6700=CARTESIAN_POINT('Ctrl Pts',(32.1464859471419,137.413640730697,-55.7546719962379));
#6701=CARTESIAN_POINT('Ctrl Pts',(32.1874948620592,137.486739731093,-55.6133994177107));
#6702=CARTESIAN_POINT('Ctrl Pts',(32.1991836783864,137.572694083888,-55.4466402393658));
#6703=CARTESIAN_POINT('Ctrl Pts',(32.1999993026256,137.584707995786,-55.4233183694866));
#6704=CARTESIAN_POINT('Ctrl Pts',(32.1999993026256,137.596712928654,-55.4000000357628));
#6705=CARTESIAN_POINT('',(32.1999993026257,142.933742541482,-41.4000000357628));
#6706=CARTESIAN_POINT('Ctrl Pts',(32.1999993026256,137.596712928654,-55.4000000357628));
#6707=CARTESIAN_POINT('Ctrl Pts',(32.1999993026256,140.492193601768,-49.7758299244036));
#6708=CARTESIAN_POINT('Ctrl Pts',(32.1999993026256,142.01810843815,-45.2256131569153));
#6709=CARTESIAN_POINT('Ctrl Pts',(32.1999993026256,142.933742541482,-41.4000000357628));
#6710=CARTESIAN_POINT('Ctrl Pts',(32.1999993026258,142.933742541482,-41.4000000357628));
#6711=CARTESIAN_POINT('Ctrl Pts',(32.1999993026258,142.956787988354,-41.3037137969512));
#6712=CARTESIAN_POINT('Ctrl Pts',(32.186092464389,142.979607918259,-41.2076599046367));
#6713=CARTESIAN_POINT('Ctrl Pts',(32.1250556203,143.02801654667,-41.0024890012197));
#6714=CARTESIAN_POINT('Ctrl Pts',(32.0719969928393,143.052808950351,-40.8964368455371));
#6715=CARTESIAN_POINT('Ctrl Pts',(31.9379056473896,143.094523553926,-40.7168214909497));
#6716=CARTESIAN_POINT('Ctrl Pts',(31.8611170185192,143.111739637782,-40.6421430282588));
#6717=CARTESIAN_POINT('Ctrl Pts',(31.6981328613148,143.137947866546,-40.5280240664973));
#6718=CARTESIAN_POINT('Ctrl Pts',(31.6155513093237,143.147613988808,-40.4857285754586));
#6719=CARTESIAN_POINT('Ctrl Pts',(31.4740713653322,143.158826452194,-40.4365934737788));
#6720=CARTESIAN_POINT('Ctrl Pts',(31.4185056231195,143.162040270159,-40.4224846470664));
#6721=CARTESIAN_POINT('Ctrl Pts',(31.3266773319363,143.165472594475,-40.4074112655055));
#6722=CARTESIAN_POINT('Ctrl Pts',(31.2910795454079,143.166359653821,-40.4035133677866));
#6723=CARTESIAN_POINT('Ctrl Pts',(31.2449493738448,143.166941501912,-40.4009566067786));
#6724=CARTESIAN_POINT('Ctrl Pts',(31.2345508333757,143.167035635551,-40.4005429407492));
#6725=CARTESIAN_POINT('Ctrl Pts',(31.21777792595,143.167127831383,-40.4001377875714));
#6726=CARTESIAN_POINT('Ctrl Pts',(31.2114070469445,143.167148989367,-40.4000448076063));
#6727=CARTESIAN_POINT('Ctrl Pts',(31.1992731965206,143.167162895647,-40.399983695802));
#6728=CARTESIAN_POINT('Ctrl Pts',(31.1935105835869,143.167158165148,-40.4000044843292));
#6729=CARTESIAN_POINT('Ctrl Pts',(31.1803842696415,143.167121569751,-40.4001653040179));
#6730=CARTESIAN_POINT('Ctrl Pts',(31.1730213839558,143.167082527012,-40.4003368785142));
#6731=CARTESIAN_POINT('Ctrl Pts',(31.1511519444971,143.166911537847,-40.4010882763899));
#6732=CARTESIAN_POINT('Ctrl Pts',(31.1366562472961,143.166726212362,-40.4019026626451));
#6733=CARTESIAN_POINT('Ctrl Pts',(31.0418040179349,143.165041283532,-40.4093060234491));
#6734=CARTESIAN_POINT('Ctrl Pts',(30.9625729718346,143.16140884354,-40.4252701469702));
#6735=CARTESIAN_POINT('Ctrl Pts',(30.7903824678597,143.148425974948,-40.482177499644));
#6736=CARTESIAN_POINT('Ctrl Pts',(30.7002117073414,143.137942270456,-40.5280640597486));
#6737=CARTESIAN_POINT('Ctrl Pts',(30.517734665243,143.107988087253,-40.6584574152059));
#6738=CARTESIAN_POINT('Ctrl Pts',(30.4316428669737,143.087258028847,-40.748299962765));
#6739=CARTESIAN_POINT('Ctrl Pts',(30.2904941190427,143.037232867866,-40.9631638168292));
#6740=CARTESIAN_POINT('Ctrl Pts',(30.240421328121,143.007794976589,-41.0886099955584));
#6741=CARTESIAN_POINT('Ctrl Pts',(30.2054584390889,142.962562352015,-41.2793125542297));
#6742=CARTESIAN_POINT('Ctrl Pts',(30.1999993026256,142.94818162561,-41.339672062532));
#6743=CARTESIAN_POINT('Ctrl Pts',(30.1999993026256,142.933742541488,-41.4000000357628));
#6744=CARTESIAN_POINT('Origin',(31.1999993026257,149.5,-41.4000000357628));
#6745=CARTESIAN_POINT('',(32.1999993026257,149.5,-41.4000000357628));
#6746=CARTESIAN_POINT('',(30.1999993026257,149.5,-41.4000000357628));
#6747=CARTESIAN_POINT('Origin',(32.1999993026257,149.5,-55.4000000357628));
#6748=CARTESIAN_POINT('',(32.1999993026257,149.5,-55.4000000357628));
#6749=CARTESIAN_POINT('Ctrl Pts',(32.1999993026257,139.096662952427,-43.9797695127144));
#6750=CARTESIAN_POINT('Ctrl Pts',(32.1999993026257,138.994078747268,-44.5747147645435));
#6751=CARTESIAN_POINT('Ctrl Pts',(32.1999993026257,138.870425809189,-45.2745609629494));
#6752=CARTESIAN_POINT('Ctrl Pts',(32.1999993026257,138.674788653698,-46.2789207157505));
#6753=CARTESIAN_POINT('Ctrl Pts',(32.1999993026257,138.598426247494,-46.6508822009844));
#6754=CARTESIAN_POINT('Ctrl Pts',(32.1999993026257,138.522177015363,-46.9956450508922));
#6755=CARTESIAN_POINT('Origin',(30.1999993026257,149.5,-41.4000000357628));
#6756=CARTESIAN_POINT('Ctrl Pts',(30.1999993026257,138.522177015369,-46.9956450508922));
#6757=CARTESIAN_POINT('Ctrl Pts',(30.1999993026257,138.598426247509,-46.6508822009457));
#6758=CARTESIAN_POINT('Ctrl Pts',(30.1999993026258,138.674788653713,-46.2789207157108));
#6759=CARTESIAN_POINT('Ctrl Pts',(30.1999993026258,138.87042580922,-45.2745609628119));
#6760=CARTESIAN_POINT('Ctrl Pts',(30.1999993026257,138.994078747296,-44.5747147644183));
#6761=CARTESIAN_POINT('Ctrl Pts',(30.1999993026257,139.096662952433,-43.9797695127144));
#6762=CARTESIAN_POINT('',(30.1999993026257,149.5,-55.4000000357628));
#6763=CARTESIAN_POINT('Origin',(31.1999993026257,149.5,-55.4000000357628));
#6764=CARTESIAN_POINT('Origin',(35.1999993026257,149.5,-43.4000000357628));
#6765=CARTESIAN_POINT('',(36.1999993026257,149.5,-43.4000000357628));
#6766=CARTESIAN_POINT('',(34.1999993026257,149.5,-43.4000000357628));
#6767=CARTESIAN_POINT('Origin',(36.1999993026257,149.5,-53.4000000357628));
#6768=CARTESIAN_POINT('',(36.1999993026257,149.5,-53.4000000357628));
#6769=CARTESIAN_POINT('Origin',(34.1999993026257,149.5,-43.4000000357628));
#6770=CARTESIAN_POINT('Ctrl Pts',(34.1999993026257,138.488565087049,-46.9956450508922));
#6771=CARTESIAN_POINT('Ctrl Pts',(34.1999993026257,138.564835782311,-46.6508825435136));
#6772=CARTESIAN_POINT('Ctrl Pts',(34.1999993026256,138.641219694212,-46.2789212179026));
#6773=CARTESIAN_POINT('Ctrl Pts',(34.1999993026256,138.836911898225,-45.2745615031378));
#6774=CARTESIAN_POINT('Ctrl Pts',(34.1999993026257,138.960599242671,-44.5747169516986));
#6775=CARTESIAN_POINT('Ctrl Pts',(34.1999993026257,139.063212525237,-43.9797695127144));
#6776=CARTESIAN_POINT('',(34.1999993026257,149.5,-53.4000000357628));
#6777=CARTESIAN_POINT('Origin',(35.1999993026257,149.5,-53.4000000357628));
#6778=CARTESIAN_POINT('Origin',(27.1999993026257,149.5,-43.4000000357628));
#6779=CARTESIAN_POINT('',(28.1999993026257,149.5,-43.4000000357628));
#6780=CARTESIAN_POINT('',(26.1999993026257,149.5,-43.4000000357628));
#6781=CARTESIAN_POINT('Origin',(28.1999993026257,149.5,-53.4000000357628));
#6782=CARTESIAN_POINT('',(28.1999993026257,149.5,-53.4000000357628));
#6783=CARTESIAN_POINT('Ctrl Pts',(28.1999993026257,139.063212525256,-43.9797695127144));
#6784=CARTESIAN_POINT('Ctrl Pts',(28.1999993026257,138.960599242601,-44.5747169522111));
#6785=CARTESIAN_POINT('Ctrl Pts',(28.1999993026257,138.836911898081,-45.2745615040562));
#6786=CARTESIAN_POINT('Ctrl Pts',(28.1999993026257,138.641219694071,-46.2789212186777));
#6787=CARTESIAN_POINT('Ctrl Pts',(28.1999993026257,138.564835782244,-46.6508825439049));
#6788=CARTESIAN_POINT('Ctrl Pts',(28.1999993026257,138.488565087068,-46.9956450508922));
#6789=CARTESIAN_POINT('Origin',(26.1999993026257,149.5,-43.4000000357628));
#6790=CARTESIAN_POINT('Ctrl Pts',(26.1999993026257,138.421312730229,-46.9956450508922));
#6791=CARTESIAN_POINT('Ctrl Pts',(26.1999993026257,138.497626406174,-46.6508832297757));
#6792=CARTESIAN_POINT('Ctrl Pts',(26.1999993026257,138.574053384059,-46.278922223816));
#6793=CARTESIAN_POINT('Ctrl Pts',(26.1999993026257,138.769855824564,-45.2745625858153));
#6794=CARTESIAN_POINT('Ctrl Pts',(26.1999993026257,138.893612067992,-44.5747213338819));
#6795=CARTESIAN_POINT('Ctrl Pts',(26.1999993026257,138.996283579704,-43.9797695127144));
#6796=CARTESIAN_POINT('',(26.1999993026257,149.5,-53.4000000357628));
#6797=CARTESIAN_POINT('Origin',(27.1999993026257,149.5,-53.4000000357628));
#6798=CARTESIAN_POINT('Origin',(39.1999993026257,149.5,-45.4000000357628));
#6799=CARTESIAN_POINT('',(40.1999993026257,149.5,-45.4000000357628));
#6800=CARTESIAN_POINT('',(38.1999993026257,149.5,-45.4000000357628));
#6801=CARTESIAN_POINT('Origin',(40.1999993026257,149.5,-51.4000000357628));
#6802=CARTESIAN_POINT('',(40.1999993026257,149.5,-51.4000000357628));
#6803=CARTESIAN_POINT('Origin',(38.1999993026257,149.5,-45.4000000357628));
#6804=CARTESIAN_POINT('',(38.1999993026257,149.5,-51.4000000357628));
#6805=CARTESIAN_POINT('Origin',(39.1999993026257,149.5,-51.4000000357628));
#6806=CARTESIAN_POINT('Origin',(23.1999993026257,149.5,-45.4000000357628));
#6807=CARTESIAN_POINT('',(24.1999993026257,138.642386873865,-45.4000000357628));
#6808=CARTESIAN_POINT('',(24.1999993026257,149.5,-45.4000000357628));
#6809=CARTESIAN_POINT('',(22.1999993026257,138.508018007205,-45.4000000357628));
#6810=CARTESIAN_POINT('Ctrl Pts',(22.1999993026257,138.508018007205,-45.4000000357628));
#6811=CARTESIAN_POINT('Ctrl Pts',(22.1999993026257,138.523034831662,-45.3195084907285));
#6812=CARTESIAN_POINT('Ctrl Pts',(22.2097180547126,138.538599017563,-45.2392454939414));
#6813=CARTESIAN_POINT('Ctrl Pts',(22.2563579396228,138.576833931079,-45.0497833515748));
#6814=CARTESIAN_POINT('Ctrl Pts',(22.3026341116474,138.599447869093,-44.9440719245891));
#6815=CARTESIAN_POINT('Ctrl Pts',(22.4245643031428,138.641618018253,-44.7596591433345));
#6816=CARTESIAN_POINT('Ctrl Pts',(22.4972142299895,138.661040234304,-44.6806106716277));
#6817=CARTESIAN_POINT('Ctrl Pts',(22.6556178689823,138.69462940973,-44.5558282660445));
#6818=CARTESIAN_POINT('Ctrl Pts',(22.7381918760293,138.708982273475,-44.5079226351675));
#6819=CARTESIAN_POINT('Ctrl Pts',(22.8960264342599,138.731261834063,-44.4443780675187));
#6820=CARTESIAN_POINT('Ctrl Pts',(22.9685859796394,138.73983432595,-44.4242414244909));
#6821=CARTESIAN_POINT('Ctrl Pts',(23.0855760770965,138.751107109698,-44.4056269775887));
#6822=CARTESIAN_POINT('Ctrl Pts',(23.1287236509533,138.754741910542,-44.4016026824172));
#6823=CARTESIAN_POINT('Ctrl Pts',(23.1784080867737,138.758330479538,-44.4002128359391));
#6824=CARTESIAN_POINT('Ctrl Pts',(23.1847816846159,138.758779610277,-44.400095506376));
#6825=CARTESIAN_POINT('Ctrl Pts',(23.1928123728692,138.75933137807,-44.4000244912803));
#6826=CARTESIAN_POINT('Ctrl Pts',(23.1944681307006,138.759444384266,-44.4000139619159));
#6827=CARTESIAN_POINT('Ctrl Pts',(23.1971014350422,138.759622905038,-44.400003756834));
#6828=CARTESIAN_POINT('Ctrl Pts',(23.1980789414199,138.759688909861,-44.4000014018881));
#6829=CARTESIAN_POINT('Ctrl Pts',(23.1999186258746,138.759812635816,-44.3999996673497));
#6830=CARTESIAN_POINT('Ctrl Pts',(23.2007807998932,138.759870415238,-44.3999999694558));
#6831=CARTESIAN_POINT('Ctrl Pts',(23.2027165256417,138.759999679171,-44.4000031511636));
#6832=CARTESIAN_POINT('Ctrl Pts',(23.2037900816766,138.760071051053,-44.4000066445088));
#6833=CARTESIAN_POINT('Ctrl Pts',(23.2065147098706,138.76025138183,-44.4000198981768));
#6834=CARTESIAN_POINT('Ctrl Pts',(23.2081657890141,138.760359906924,-44.40003201887));
#6835=CARTESIAN_POINT('Ctrl Pts',(23.2171834905556,138.760948529111,-44.4001205549673));
#6836=CARTESIAN_POINT('Ctrl Pts',(23.2245499692744,138.761414390853,-44.400274291872));
#6837=CARTESIAN_POINT('Ctrl Pts',(23.3273966135781,138.767709184459,-44.4035583819872));
#6838=CARTESIAN_POINT('Ctrl Pts',(23.4220360755024,138.77098183769,-44.4202764207033));
#6839=CARTESIAN_POINT('Ctrl Pts',(23.614632277844,138.772231535957,-44.4837328531828));
#6840=CARTESIAN_POINT('Ctrl Pts',(23.7102147340987,138.769524255218,-44.5333330292465));
#6841=CARTESIAN_POINT('Ctrl Pts',(23.8907147668329,138.756998613635,-44.6673280594515));
#6842=CARTESIAN_POINT('Ctrl Pts',(23.9719470200437,138.746592406254,-44.7535856091893));
#6843=CARTESIAN_POINT('Ctrl Pts',(24.1070175656675,138.717731328796,-44.9595788475616));
#6844=CARTESIAN_POINT('Ctrl Pts',(24.155968562693,138.698858901439,-45.0797711449048));
#6845=CARTESIAN_POINT('Ctrl Pts',(24.1936489502332,138.666186343212,-45.2697789575302));
#6846=CARTESIAN_POINT('Ctrl Pts',(24.1999993026256,138.654512795358,-45.3349306082289));
#6847=CARTESIAN_POINT('Ctrl Pts',(24.1999993026256,138.642386873865,-45.4000000357628));
#6848=CARTESIAN_POINT('',(22.1999993026257,149.5,-45.4000000357628));
#6849=CARTESIAN_POINT('Origin',(24.1999993026257,149.5,-51.4000000357628));
#6850=CARTESIAN_POINT('',(24.1999993026257,149.5,-51.4000000357628));
#6851=CARTESIAN_POINT('Ctrl Pts',(24.1999993026256,138.642386873865,-45.4000000357628));
#6852=CARTESIAN_POINT('Ctrl Pts',(24.1999993026256,138.53781794035,-45.9611318759582));
#6853=CARTESIAN_POINT('Ctrl Pts',(24.1999993026257,138.432777771107,-46.488219846911));
#6854=CARTESIAN_POINT('Ctrl Pts',(24.1999993026257,138.320362823391,-46.9956450508922));
#6855=CARTESIAN_POINT('Origin',(22.1999993026257,149.5,-45.4000000357628));
#6856=CARTESIAN_POINT('Ctrl Pts',(22.1999993026257,138.185629380662,-46.9956450508922));
#6857=CARTESIAN_POINT('Ctrl Pts',(22.1999993026257,138.298171444052,-46.4882220977178));
#6858=CARTESIAN_POINT('Ctrl Pts',(22.1999993026257,138.403330482907,-45.9611346884646));
#6859=CARTESIAN_POINT('Ctrl Pts',(22.1999993026257,138.508018007205,-45.4000000357628));
#6860=CARTESIAN_POINT('',(22.1999993026257,149.5,-51.4000000357628));
#6861=CARTESIAN_POINT('Origin',(23.1999993026257,149.5,-51.4000000357628));
#6862=CARTESIAN_POINT('Ctrl Pts',(150.800842900269,19.5,-43.9797695127144));
#6863=CARTESIAN_POINT('Ctrl Pts',(150.800842900269,-100.100843598016,-43.9797695127144));
#6864=CARTESIAN_POINT('Ctrl Pts',(31.1999993022529,-100.100843598016,-43.9797695127144));
#6865=CARTESIAN_POINT('Ctrl Pts',(-88.4008442957635,-100.100843598016,-43.9797695127145));
#6866=CARTESIAN_POINT('Ctrl Pts',(-88.4008442957635,19.5,-43.9797695127145));
#6867=CARTESIAN_POINT('Ctrl Pts',(-88.4008442957635,139.100843598016,-43.9797695127145));
#6868=CARTESIAN_POINT('Ctrl Pts',(31.1999993022529,139.100843598016,-43.9797695127144));
#6869=CARTESIAN_POINT('Ctrl Pts',(150.800842900269,139.100843598016,-43.9797695127144));
#6870=CARTESIAN_POINT('Ctrl Pts',(150.800842900269,19.5,-43.9797695127144));
#6871=CARTESIAN_POINT('Ctrl Pts',(150.764144282353,19.5,-44.1926135043038));
#6872=CARTESIAN_POINT('Ctrl Pts',(150.764144282353,-100.0641449801,-44.1926135043038));
#6873=CARTESIAN_POINT('Ctrl Pts',(31.1999993022529,-100.0641449801,-44.1926135043039));
#6874=CARTESIAN_POINT('Ctrl Pts',(-88.3641456778474,-100.0641449801,-44.1926135043039));
#6875=CARTESIAN_POINT('Ctrl Pts',(-88.3641456778474,19.5,-44.1926135043039));
#6876=CARTESIAN_POINT('Ctrl Pts',(-88.3641456778473,139.0641449801,-44.1926135043039));
#6877=CARTESIAN_POINT('Ctrl Pts',(31.1999993022529,139.0641449801,-44.1926135043039));
#6878=CARTESIAN_POINT('Ctrl Pts',(150.764144282353,139.0641449801,-44.1926135043038));
#6879=CARTESIAN_POINT('Ctrl Pts',(150.764144282353,19.5,-44.1926135043038));
#6880=CARTESIAN_POINT('Ctrl Pts',(150.694751333775,19.5,-44.591389567784));
#6881=CARTESIAN_POINT('Ctrl Pts',(150.694751333775,-99.9947520315217,-44.591389567784));
#6882=CARTESIAN_POINT('Ctrl Pts',(31.1999993022529,-99.9947520315217,-44.5913895677841));
#6883=CARTESIAN_POINT('Ctrl Pts',(-88.2947527292688,-99.9947520315217,-44.5913895677841));
#6884=CARTESIAN_POINT('Ctrl Pts',(-88.2947527292688,19.5,-44.5913895677841));
#6885=CARTESIAN_POINT('Ctrl Pts',(-88.2947527292688,138.994752031522,-44.5913895677841));
#6886=CARTESIAN_POINT('Ctrl Pts',(31.1999993022529,138.994752031522,-44.5913895677841));
#6887=CARTESIAN_POINT('Ctrl Pts',(150.694751333775,138.994752031522,-44.591389567784));
#6888=CARTESIAN_POINT('Ctrl Pts',(150.694751333775,19.5,-44.591389567784));
#6889=CARTESIAN_POINT('Ctrl Pts',(150.602663966053,19.5,-45.1088905327606));
#6890=CARTESIAN_POINT('Ctrl Pts',(150.602663966053,-99.9026646638001,-45.1088905327606));
#6891=CARTESIAN_POINT('Ctrl Pts',(31.1999993022529,-99.9026646638001,-45.1088905327606));
#6892=CARTESIAN_POINT('Ctrl Pts',(-88.2026653615472,-99.9026646638001,-45.1088905327606));
#6893=CARTESIAN_POINT('Ctrl Pts',(-88.2026653615472,19.5,-45.1088905327606));
#6894=CARTESIAN_POINT('Ctrl Pts',(-88.2026653615472,138.9026646638,-45.1088905327606));
#6895=CARTESIAN_POINT('Ctrl Pts',(31.1999993022529,138.9026646638,-45.1088905327606));
#6896=CARTESIAN_POINT('Ctrl Pts',(150.602663966053,138.9026646638,-45.1088905327606));
#6897=CARTESIAN_POINT('Ctrl Pts',(150.602663966053,19.5,-45.1088905327606));
#6898=CARTESIAN_POINT('Ctrl Pts',(150.500573592886,19.5,-45.6598202441446));
#6899=CARTESIAN_POINT('Ctrl Pts',(150.500573592886,-99.8005742906332,-45.6598202441446));
#6900=CARTESIAN_POINT('Ctrl Pts',(31.1999993022529,-99.8005742906332,-45.6598202441446));
#6901=CARTESIAN_POINT('Ctrl Pts',(-88.1005749883803,-99.8005742906332,-45.6598202441446));
#6902=CARTESIAN_POINT('Ctrl Pts',(-88.1005749883803,19.5,-45.6598202441446));
#6903=CARTESIAN_POINT('Ctrl Pts',(-88.1005749883803,138.800574290633,-45.6598202441446));
#6904=CARTESIAN_POINT('Ctrl Pts',(31.1999993022529,138.800574290633,-45.6598202441446));
#6905=CARTESIAN_POINT('Ctrl Pts',(150.500573592886,138.800574290633,-45.6598202441446));
#6906=CARTESIAN_POINT('Ctrl Pts',(150.500573592886,19.5,-45.6598202441446));
#6907=CARTESIAN_POINT('Ctrl Pts',(150.395917501749,19.5,-46.1941943549714));
#6908=CARTESIAN_POINT('Ctrl Pts',(150.395917501749,-99.6959181994962,-46.1941943549714));
#6909=CARTESIAN_POINT('Ctrl Pts',(31.1999993022529,-99.6959181994962,-46.1941943549715));
#6910=CARTESIAN_POINT('Ctrl Pts',(-87.9959188972433,-99.6959181994962,-46.1941943549715));
#6911=CARTESIAN_POINT('Ctrl Pts',(-87.9959188972433,19.5,-46.1941943549715));
#6912=CARTESIAN_POINT('Ctrl Pts',(-87.9959188972433,138.695918199496,-46.1941943549715));
#6913=CARTESIAN_POINT('Ctrl Pts',(31.1999993022529,138.695918199496,-46.1941943549715));
#6914=CARTESIAN_POINT('Ctrl Pts',(150.395917501749,138.695918199496,-46.1941943549714));
#6915=CARTESIAN_POINT('Ctrl Pts',(150.395917501749,19.5,-46.1941943549714));
#6916=CARTESIAN_POINT('Ctrl Pts',(150.323459013472,19.5,-46.5459747904262));
#6917=CARTESIAN_POINT('Ctrl Pts',(150.323459013472,-99.6234597112186,-46.5459747904262));
#6918=CARTESIAN_POINT('Ctrl Pts',(31.1999993022529,-99.6234597112186,-46.5459747904262));
#6919=CARTESIAN_POINT('Ctrl Pts',(-87.9234604089658,-99.6234597112186,-46.5459747904263));
#6920=CARTESIAN_POINT('Ctrl Pts',(-87.9234604089658,19.5,-46.5459747904263));
#6921=CARTESIAN_POINT('Ctrl Pts',(-87.9234604089657,138.623459711219,-46.5459747904263));
#6922=CARTESIAN_POINT('Ctrl Pts',(31.1999993022529,138.623459711219,-46.5459747904262));
#6923=CARTESIAN_POINT('Ctrl Pts',(150.323459013472,138.623459711219,-46.5459747904262));
#6924=CARTESIAN_POINT('Ctrl Pts',(150.323459013472,19.5,-46.5459747904262));
#6925=CARTESIAN_POINT('Ctrl Pts',(150.273370611566,19.5,-46.7812100924985));
#6926=CARTESIAN_POINT('Ctrl Pts',(150.273370611566,-99.5733713093131,-46.7812100924985));
#6927=CARTESIAN_POINT('Ctrl Pts',(31.1999993022529,-99.5733713093131,-46.7812100924986));
#6928=CARTESIAN_POINT('Ctrl Pts',(-87.8733720070602,-99.5733713093131,-46.7812100924986));
#6929=CARTESIAN_POINT('Ctrl Pts',(-87.8733720070602,19.5,-46.7812100924986));
#6930=CARTESIAN_POINT('Ctrl Pts',(-87.8733720070602,138.573371309313,-46.7812100924986));
#6931=CARTESIAN_POINT('Ctrl Pts',(31.1999993022529,138.573371309313,-46.7812100924986));
#6932=CARTESIAN_POINT('Ctrl Pts',(150.273370611566,138.573371309313,-46.7812100924985));
#6933=CARTESIAN_POINT('Ctrl Pts',(150.273370611566,19.5,-46.7812100924985));
#6934=CARTESIAN_POINT('Ctrl Pts',(150.241746769718,19.5,-46.9261484306929));
#6935=CARTESIAN_POINT('Ctrl Pts',(150.241746769718,-99.5417474674655,-46.9261484306929));
#6936=CARTESIAN_POINT('Ctrl Pts',(31.1999993022529,-99.5417474674655,-46.926148430693));
#6937=CARTESIAN_POINT('Ctrl Pts',(-87.8417481652126,-99.5417474674655,-46.926148430693));
#6938=CARTESIAN_POINT('Ctrl Pts',(-87.8417481652126,19.5,-46.926148430693));
#6939=CARTESIAN_POINT('Ctrl Pts',(-87.8417481652126,138.541747467466,-46.926148430693));
#6940=CARTESIAN_POINT('Ctrl Pts',(31.1999993022529,138.541747467466,-46.926148430693));
#6941=CARTESIAN_POINT('Ctrl Pts',(150.241746769718,138.541747467466,-46.9261484306929));
#6942=CARTESIAN_POINT('Ctrl Pts',(150.241746769718,19.5,-46.9261484306929));
#6943=CARTESIAN_POINT('Ctrl Pts',(150.226377141273,19.5,-46.9956450508921));
#6944=CARTESIAN_POINT('Ctrl Pts',(150.226377141273,-99.52637783902,-46.9956450508921));
#6945=CARTESIAN_POINT('Ctrl Pts',(31.1999993022529,-99.52637783902,-46.9956450508922));
#6946=CARTESIAN_POINT('Ctrl Pts',(-87.8263785367672,-99.52637783902,-46.9956450508922));
#6947=CARTESIAN_POINT('Ctrl Pts',(-87.8263785367672,19.5,-46.9956450508922));
#6948=CARTESIAN_POINT('Ctrl Pts',(-87.8263785367671,138.52637783902,-46.9956450508922));
#6949=CARTESIAN_POINT('Ctrl Pts',(31.1999993022529,138.52637783902,-46.9956450508922));
#6950=CARTESIAN_POINT('Ctrl Pts',(150.226377141273,138.52637783902,-46.9956450508921));
#6951=CARTESIAN_POINT('Ctrl Pts',(150.226377141273,19.5,-46.9956450508921));
#6952=CARTESIAN_POINT('Ctrl Pts',(150.800842900269,19.5,-43.9797695127144));
#6953=CARTESIAN_POINT('Ctrl Pts',(150.800842900269,-100.100843598016,-43.9797695127144));
#6954=CARTESIAN_POINT('Ctrl Pts',(31.1999993022529,-100.100843598016,-43.9797695127144));
#6955=CARTESIAN_POINT('Ctrl Pts',(-88.4008442957635,-100.100843598016,-43.9797695127145));
#6956=CARTESIAN_POINT('Ctrl Pts',(-88.4008442957635,19.5,-43.9797695127145));
#6957=CARTESIAN_POINT('Ctrl Pts',(-88.4008442957635,139.100843598016,-43.9797695127145));
#6958=CARTESIAN_POINT('Ctrl Pts',(31.1999993022529,139.100843598016,-43.9797695127144));
#6959=CARTESIAN_POINT('Ctrl Pts',(150.800842900269,139.100843598016,-43.9797695127144));
#6960=CARTESIAN_POINT('Ctrl Pts',(150.800842900269,19.5,-43.9797695127144));
#6961=CARTESIAN_POINT('Ctrl Pts',(150.764144282353,19.5,-44.1926135043038));
#6962=CARTESIAN_POINT('Ctrl Pts',(150.764144282353,-100.0641449801,-44.1926135043038));
#6963=CARTESIAN_POINT('Ctrl Pts',(31.1999993022529,-100.0641449801,-44.1926135043039));
#6964=CARTESIAN_POINT('Ctrl Pts',(-88.3641456778474,-100.0641449801,-44.1926135043039));
#6965=CARTESIAN_POINT('Ctrl Pts',(-88.3641456778474,19.5,-44.1926135043039));
#6966=CARTESIAN_POINT('Ctrl Pts',(-88.3641456778473,139.0641449801,-44.1926135043039));
#6967=CARTESIAN_POINT('Ctrl Pts',(31.1999993022529,139.0641449801,-44.1926135043039));
#6968=CARTESIAN_POINT('Ctrl Pts',(150.764144282353,139.0641449801,-44.1926135043038));
#6969=CARTESIAN_POINT('Ctrl Pts',(150.764144282353,19.5,-44.1926135043038));
#6970=CARTESIAN_POINT('Ctrl Pts',(150.694751333775,19.5,-44.591389567784));
#6971=CARTESIAN_POINT('Ctrl Pts',(150.694751333775,-99.9947520315217,-44.591389567784));
#6972=CARTESIAN_POINT('Ctrl Pts',(31.1999993022529,-99.9947520315217,-44.5913895677841));
#6973=CARTESIAN_POINT('Ctrl Pts',(-88.2947527292688,-99.9947520315217,-44.5913895677841));
#6974=CARTESIAN_POINT('Ctrl Pts',(-88.2947527292688,19.5,-44.5913895677841));
#6975=CARTESIAN_POINT('Ctrl Pts',(-88.2947527292688,138.994752031522,-44.5913895677841));
#6976=CARTESIAN_POINT('Ctrl Pts',(31.1999993022529,138.994752031522,-44.5913895677841));
#6977=CARTESIAN_POINT('Ctrl Pts',(150.694751333775,138.994752031522,-44.591389567784));
#6978=CARTESIAN_POINT('Ctrl Pts',(150.694751333775,19.5,-44.591389567784));
#6979=CARTESIAN_POINT('Ctrl Pts',(150.602663966053,19.5,-45.1088905327606));
#6980=CARTESIAN_POINT('Ctrl Pts',(150.602663966053,-99.9026646638001,-45.1088905327606));
#6981=CARTESIAN_POINT('Ctrl Pts',(31.1999993022529,-99.9026646638001,-45.1088905327606));
#6982=CARTESIAN_POINT('Ctrl Pts',(-88.2026653615472,-99.9026646638001,-45.1088905327606));
#6983=CARTESIAN_POINT('Ctrl Pts',(-88.2026653615472,19.5,-45.1088905327606));
#6984=CARTESIAN_POINT('Ctrl Pts',(-88.2026653615472,138.9026646638,-45.1088905327606));
#6985=CARTESIAN_POINT('Ctrl Pts',(31.1999993022529,138.9026646638,-45.1088905327606));
#6986=CARTESIAN_POINT('Ctrl Pts',(150.602663966053,138.9026646638,-45.1088905327606));
#6987=CARTESIAN_POINT('Ctrl Pts',(150.602663966053,19.5,-45.1088905327606));
#6988=CARTESIAN_POINT('Ctrl Pts',(150.500573592886,19.5,-45.6598202441446));
#6989=CARTESIAN_POINT('Ctrl Pts',(150.500573592886,-99.8005742906332,-45.6598202441446));
#6990=CARTESIAN_POINT('Ctrl Pts',(31.1999993022529,-99.8005742906332,-45.6598202441446));
#6991=CARTESIAN_POINT('Ctrl Pts',(-88.1005749883803,-99.8005742906332,-45.6598202441446));
#6992=CARTESIAN_POINT('Ctrl Pts',(-88.1005749883803,19.5,-45.6598202441446));
#6993=CARTESIAN_POINT('Ctrl Pts',(-88.1005749883803,138.800574290633,-45.6598202441446));
#6994=CARTESIAN_POINT('Ctrl Pts',(31.1999993022529,138.800574290633,-45.6598202441446));
#6995=CARTESIAN_POINT('Ctrl Pts',(150.500573592886,138.800574290633,-45.6598202441446));
#6996=CARTESIAN_POINT('Ctrl Pts',(150.500573592886,19.5,-45.6598202441446));
#6997=CARTESIAN_POINT('Ctrl Pts',(150.395917501749,19.5,-46.1941943549714));
#6998=CARTESIAN_POINT('Ctrl Pts',(150.395917501749,-99.6959181994962,-46.1941943549714));
#6999=CARTESIAN_POINT('Ctrl Pts',(31.1999993022529,-99.6959181994962,-46.1941943549715));
#7000=CARTESIAN_POINT('Ctrl Pts',(-87.9959188972433,-99.6959181994962,-46.1941943549715));
#7001=CARTESIAN_POINT('Ctrl Pts',(-87.9959188972433,19.5,-46.1941943549715));
#7002=CARTESIAN_POINT('Ctrl Pts',(-87.9959188972433,138.695918199496,-46.1941943549715));
#7003=CARTESIAN_POINT('Ctrl Pts',(31.1999993022529,138.695918199496,-46.1941943549715));
#7004=CARTESIAN_POINT('Ctrl Pts',(150.395917501749,138.695918199496,-46.1941943549714));
#7005=CARTESIAN_POINT('Ctrl Pts',(150.395917501749,19.5,-46.1941943549714));
#7006=CARTESIAN_POINT('Ctrl Pts',(150.323459013472,19.5,-46.5459747904262));
#7007=CARTESIAN_POINT('Ctrl Pts',(150.323459013472,-99.6234597112186,-46.5459747904262));
#7008=CARTESIAN_POINT('Ctrl Pts',(31.1999993022529,-99.6234597112186,-46.5459747904262));
#7009=CARTESIAN_POINT('Ctrl Pts',(-87.9234604089658,-99.6234597112186,-46.5459747904263));
#7010=CARTESIAN_POINT('Ctrl Pts',(-87.9234604089658,19.5,-46.5459747904263));
#7011=CARTESIAN_POINT('Ctrl Pts',(-87.9234604089657,138.623459711219,-46.5459747904263));
#7012=CARTESIAN_POINT('Ctrl Pts',(31.1999993022529,138.623459711219,-46.5459747904262));
#7013=CARTESIAN_POINT('Ctrl Pts',(150.323459013472,138.623459711219,-46.5459747904262));
#7014=CARTESIAN_POINT('Ctrl Pts',(150.323459013472,19.5,-46.5459747904262));
#7015=CARTESIAN_POINT('Ctrl Pts',(150.273370611566,19.5,-46.7812100924985));
#7016=CARTESIAN_POINT('Ctrl Pts',(150.273370611566,-99.5733713093131,-46.7812100924985));
#7017=CARTESIAN_POINT('Ctrl Pts',(31.1999993022529,-99.5733713093131,-46.7812100924986));
#7018=CARTESIAN_POINT('Ctrl Pts',(-87.8733720070602,-99.5733713093131,-46.7812100924986));
#7019=CARTESIAN_POINT('Ctrl Pts',(-87.8733720070602,19.5,-46.7812100924986));
#7020=CARTESIAN_POINT('Ctrl Pts',(-87.8733720070602,138.573371309313,-46.7812100924986));
#7021=CARTESIAN_POINT('Ctrl Pts',(31.1999993022529,138.573371309313,-46.7812100924986));
#7022=CARTESIAN_POINT('Ctrl Pts',(150.273370611566,138.573371309313,-46.7812100924985));
#7023=CARTESIAN_POINT('Ctrl Pts',(150.273370611566,19.5,-46.7812100924985));
#7024=CARTESIAN_POINT('Ctrl Pts',(150.241746769718,19.5,-46.9261484306929));
#7025=CARTESIAN_POINT('Ctrl Pts',(150.241746769718,-99.5417474674655,-46.9261484306929));
#7026=CARTESIAN_POINT('Ctrl Pts',(31.1999993022529,-99.5417474674655,-46.926148430693));
#7027=CARTESIAN_POINT('Ctrl Pts',(-87.8417481652126,-99.5417474674655,-46.926148430693));
#7028=CARTESIAN_POINT('Ctrl Pts',(-87.8417481652126,19.5,-46.926148430693));
#7029=CARTESIAN_POINT('Ctrl Pts',(-87.8417481652126,138.541747467466,-46.926148430693));
#7030=CARTESIAN_POINT('Ctrl Pts',(31.1999993022529,138.541747467466,-46.926148430693));
#7031=CARTESIAN_POINT('Ctrl Pts',(150.241746769718,138.541747467466,-46.9261484306929));
#7032=CARTESIAN_POINT('Ctrl Pts',(150.241746769718,19.5,-46.9261484306929));
#7033=CARTESIAN_POINT('Ctrl Pts',(150.226377141273,19.5,-46.9956450508921));
#7034=CARTESIAN_POINT('Ctrl Pts',(150.226377141273,-99.52637783902,-46.9956450508921));
#7035=CARTESIAN_POINT('Ctrl Pts',(31.1999993022529,-99.52637783902,-46.9956450508922));
#7036=CARTESIAN_POINT('Ctrl Pts',(-87.8263785367672,-99.52637783902,-46.9956450508922));
#7037=CARTESIAN_POINT('Ctrl Pts',(-87.8263785367672,19.5,-46.9956450508922));
#7038=CARTESIAN_POINT('Ctrl Pts',(-87.8263785367671,138.52637783902,-46.9956450508922));
#7039=CARTESIAN_POINT('Ctrl Pts',(31.1999993022529,138.52637783902,-46.9956450508922));
#7040=CARTESIAN_POINT('Ctrl Pts',(150.226377141273,138.52637783902,-46.9956450508921));
#7041=CARTESIAN_POINT('Ctrl Pts',(150.226377141273,19.5,-46.9956450508921));
#7042=CARTESIAN_POINT('Origin',(134.000001743436,12.5000000000002,-60.001092315415));
#7043=CARTESIAN_POINT('',(129.000001743436,12.5000000000002,-56.001092315415));
#7044=CARTESIAN_POINT('',(129.000001743436,12.5000000000002,-60.001092315415));
#7045=CARTESIAN_POINT('',(134.000001743436,12.5000000000002,-56.001092315415));
#7046=CARTESIAN_POINT('',(129.000001743436,12.5000000000002,-56.001092315415));
#7047=CARTESIAN_POINT('',(134.000001743436,12.5000000000002,-60.001092315415));
#7048=CARTESIAN_POINT('Origin',(134.000001743436,10.5000000000002,-60.001092315415));
#7049=CARTESIAN_POINT('',(134.000001743436,10.5000000000002,-56.001092315415));
#7050=CARTESIAN_POINT('',(134.000001743436,12.5000000000002,-56.001092315415));
#7051=CARTESIAN_POINT('',(134.000001743436,10.5000000000002,-60.001092315415));
#7052=CARTESIAN_POINT('Origin',(127.000001713634,10.5000000000002,-60.001092315415));
#7053=CARTESIAN_POINT('',(127.000001713634,10.5000000000002,-56.001092315415));
#7054=CARTESIAN_POINT('',(134.000001743436,10.5000000000002,-56.001092315415));
#7055=CARTESIAN_POINT('',(127.000001713634,10.5000000000002,-60.001092315415));
#7056=CARTESIAN_POINT('Origin',(127.000001713634,28.5000000000003,-60.001092315415));
#7057=CARTESIAN_POINT('',(127.000001713634,28.5000000000003,-56.001092315415));
#7058=CARTESIAN_POINT('',(127.000001713634,28.5000000000003,-56.001092315415));
#7059=CARTESIAN_POINT('',(127.000001713634,28.5000000000003,-60.001092315415));
#7060=CARTESIAN_POINT('Origin',(134.000001743436,28.5000000000003,-60.001092315415));
#7061=CARTESIAN_POINT('',(134.000001743436,28.5000000000003,-56.001092315415));
#7062=CARTESIAN_POINT('',(134.000001743436,28.5000000000003,-56.001092315415));
#7063=CARTESIAN_POINT('',(134.000001743436,28.5000000000003,-60.001092315415));
#7064=CARTESIAN_POINT('Origin',(134.000001743436,26.5000000000003,-60.001092315415));
#7065=CARTESIAN_POINT('',(134.000001743436,26.5000000000003,-56.001092315415));
#7066=CARTESIAN_POINT('',(134.000001743436,26.5000000000003,-56.001092315415));
#7067=CARTESIAN_POINT('',(134.000001743436,26.5000000000003,-60.001092315415));
#7068=CARTESIAN_POINT('Origin',(129.000001743436,26.5000000000003,-60.001092315415));
#7069=CARTESIAN_POINT('',(129.000001743436,26.5000000000003,-56.001092315415));
#7070=CARTESIAN_POINT('',(129.000001743436,26.5000000000003,-56.001092315415));
#7071=CARTESIAN_POINT('',(129.000001743436,26.5000000000003,-60.001092315415));
#7072=CARTESIAN_POINT('Origin',(129.000001743436,12.5000000000002,-60.001092315415));
#7073=CARTESIAN_POINT('',(129.000001743436,12.5000000000002,-56.001092315415));
#7074=CARTESIAN_POINT('Origin',(31.1999993022529,19.5,-56.001092315415));
#7075=CARTESIAN_POINT('Ctrl Pts',(147.482855762436,29.6553124977502,-52.1610032889558));
#7076=CARTESIAN_POINT('Ctrl Pts',(147.777919104453,26.2767056597991,-52.1610032889558));
#7077=CARTESIAN_POINT('Ctrl Pts',(147.925459586059,22.8883214037521,-52.1610032889558));
#7078=CARTESIAN_POINT('Ctrl Pts',(147.925459586059,19.5,-52.1610032889558));
#7079=CARTESIAN_POINT('Ctrl Pts',(146.76024583876,29.5922049184191,-52.6073357917079));
#7080=CARTESIAN_POINT('Ctrl Pts',(147.053475585477,26.2345935642704,-52.6073357917079));
#7081=CARTESIAN_POINT('Ctrl Pts',(147.200099214682,22.8672655512775,-52.6073357917079));
#7082=CARTESIAN_POINT('Ctrl Pts',(147.200099214682,19.5,-52.6073357917079));
#7083=CARTESIAN_POINT('Ctrl Pts',(146.037635915084,29.5290973390881,-53.05366829446));
#7084=CARTESIAN_POINT('Ctrl Pts',(146.329032066502,26.1924814687417,-53.05366829446));
#7085=CARTESIAN_POINT('Ctrl Pts',(146.474738843306,22.8462096988029,-53.05366829446));
#7086=CARTESIAN_POINT('Ctrl Pts',(146.474738843306,19.5,-53.05366829446));
#7087=CARTESIAN_POINT('Ctrl Pts',(145.315025991408,29.465989759757,-53.5000007972121));
#7088=CARTESIAN_POINT('Ctrl Pts',(145.604588547526,26.150369373213,-53.5000007972121));
#7089=CARTESIAN_POINT('Ctrl Pts',(145.749378471929,22.8251538463282,-53.5000007972121));
#7090=CARTESIAN_POINT('Ctrl Pts',(145.749378471929,19.5,-53.5000007972121));
#7091=CARTESIAN_POINT('',(145.704463441662,22.7074850421499,-53.5000007972121));
#7092=CARTESIAN_POINT('',(145.704463441622,29.5000004395843,-53.259458028392));
#7093=CARTESIAN_POINT('Ctrl Pts',(145.704463441622,29.5000004395842,-53.2594580283926));
#7094=CARTESIAN_POINT('Ctrl Pts',(145.704463677103,29.3899518662241,-53.2653492608785));
#7095=CARTESIAN_POINT('Ctrl Pts',(145.704463170754,29.2798960903067,-53.2711448167444));
#7096=CARTESIAN_POINT('Ctrl Pts',(145.704463013487,29.1698312089552,-53.2768440139361));
#7097=CARTESIAN_POINT('Ctrl Pts',(145.70446132772,27.9900246134291,-53.3379348028734));
#7098=CARTESIAN_POINT('Ctrl Pts',(145.704460948585,26.809934523166,-53.3879380528547));
#7099=CARTESIAN_POINT('Ctrl Pts',(145.704461123898,25.6291635968803,-53.4267732236236));
#7100=CARTESIAN_POINT('Ctrl Pts',(145.704461268471,24.6554300677839,-53.4587990019046));
#7101=CARTESIAN_POINT('Ctrl Pts',(145.704461796342,23.681618046903,-53.4832171476949));
#7102=CARTESIAN_POINT('Ctrl Pts',(145.704462314183,22.7074979967832,-53.5000007972121));
#7103=CARTESIAN_POINT('',(145.749378471929,19.5,-53.5000007972121));
#7104=CARTESIAN_POINT('Ctrl Pts',(145.70446267767,22.707485020749,-53.5000007972121));
#7105=CARTESIAN_POINT('Ctrl Pts',(145.734406348837,21.6385310413434,-53.5000007972121));
#7106=CARTESIAN_POINT('Ctrl Pts',(145.749378471929,20.5692623316069,-53.5000007972121));
#7107=CARTESIAN_POINT('Ctrl Pts',(145.749378471929,19.5,-53.5000007972121));
#7108=CARTESIAN_POINT('',(145.749378471929,19.5,-53.5000007972121));
#7109=CARTESIAN_POINT('Ctrl Pts',(147.496315106644,29.5000004395843,-52.1610032889558));
#7110=CARTESIAN_POINT('Ctrl Pts',(147.132312918271,29.5000004395843,-52.3841595340808));
#7111=CARTESIAN_POINT('Ctrl Pts',(146.768283170388,29.5000004395843,-52.6073249852585));
#7112=CARTESIAN_POINT('Ctrl Pts',(146.171011011785,29.5000004395843,-52.9734648066883));
#7113=CARTESIAN_POINT('Ctrl Pts',(145.93773655746,29.5000004395843,-53.1164634815634));
#7114=CARTESIAN_POINT('Ctrl Pts',(145.704463441622,29.5000004395843,-53.259458028392));
#7115=CARTESIAN_POINT('Ctrl Pts',(147.925459586059,19.5,-52.1610032889558));
#7116=CARTESIAN_POINT('Ctrl Pts',(147.925459586059,16.111678790598,-52.1610032889558));
#7117=CARTESIAN_POINT('Ctrl Pts',(147.777919119299,12.7232947050128,-52.1610032889558));
#7118=CARTESIAN_POINT('Ctrl Pts',(147.482855813187,9.34468808337611,-52.1610032889558));
#7119=CARTESIAN_POINT('Ctrl Pts',(147.200099214682,19.5,-52.6073357917079));
#7120=CARTESIAN_POINT('Ctrl Pts',(147.200099214682,16.1327346418649,-52.6073357917079));
#7121=CARTESIAN_POINT('Ctrl Pts',(147.053475600231,12.7654067982744,-52.6073357917079));
#7122=CARTESIAN_POINT('Ctrl Pts',(146.760245889196,9.40779565909591,-52.6073357917079));
#7123=CARTESIAN_POINT('Ctrl Pts',(146.474738843306,19.5,-53.05366829446));
#7124=CARTESIAN_POINT('Ctrl Pts',(146.474738843306,16.1537904931318,-53.05366829446));
#7125=CARTESIAN_POINT('Ctrl Pts',(146.329032081164,12.8075188915361,-53.05366829446));
#7126=CARTESIAN_POINT('Ctrl Pts',(146.037635965205,9.4709032348157,-53.05366829446));
#7127=CARTESIAN_POINT('Ctrl Pts',(145.749378471929,19.5,-53.5000007972121));
#7128=CARTESIAN_POINT('Ctrl Pts',(145.749378471929,16.1748463443987,-53.5000007972121));
#7129=CARTESIAN_POINT('Ctrl Pts',(145.604588562096,12.8496309847978,-53.5000007972121));
#7130=CARTESIAN_POINT('Ctrl Pts',(145.315026041214,9.5340108105355,-53.5000007972121));
#7131=CARTESIAN_POINT('',(145.704463441622,9.50000013699128,-53.2594580590143));
#7132=CARTESIAN_POINT('Ctrl Pts',(145.70446344184,9.50000014156103,-53.2594580593697));
#7133=CARTESIAN_POINT('Ctrl Pts',(145.937700686193,9.50000014156103,-53.1164855014101));
#7134=CARTESIAN_POINT('Ctrl Pts',(146.170939267501,9.50000014156103,-52.9735088173617));
#7135=CARTESIAN_POINT('Ctrl Pts',(146.768211442861,9.50000014156103,-52.6073689880574));
#7136=CARTESIAN_POINT('Ctrl Pts',(147.132277082692,9.50000014156103,-52.3841815342771));
#7137=CARTESIAN_POINT('Ctrl Pts',(147.496315156615,9.50000014156103,-52.1610032889558));
#7138=CARTESIAN_POINT('',(145.704463441662,16.2925149578442,-53.5000007972121));
#7139=CARTESIAN_POINT('Ctrl Pts',(145.749378471929,19.5,-53.5000007972121));
#7140=CARTESIAN_POINT('Ctrl Pts',(145.749378471929,18.4307376700422,-53.5000007972121));
#7141=CARTESIAN_POINT('Ctrl Pts',(145.734406348672,17.36146895953,-53.5000007972121));
#7142=CARTESIAN_POINT('Ctrl Pts',(145.704462677378,16.2925149792534,-53.5000007972121));
#7143=CARTESIAN_POINT('Ctrl Pts',(145.704462313732,16.292501997544,-53.5000007972121));
#7144=CARTESIAN_POINT('Ctrl Pts',(145.704461542602,14.842515531342,-53.4750181838423));
#7145=CARTESIAN_POINT('Ctrl Pts',(145.704460863807,13.3935061588517,-53.4331251407685));
#7146=CARTESIAN_POINT('Ctrl Pts',(145.704461262388,11.9447195448708,-53.3744311282852));
#7147=CARTESIAN_POINT('Ctrl Pts',(145.704461335505,11.6789482608074,-53.3636640609242));
#7148=CARTESIAN_POINT('Ctrl Pts',(145.704461452753,11.4131846136582,-53.3523316120535));
#7149=CARTESIAN_POINT('Ctrl Pts',(145.704461636663,11.1474241463528,-53.3404344573944));
#7150=CARTESIAN_POINT('Ctrl Pts',(145.704462016831,10.5980591930891,-53.3158413345738));
#7151=CARTESIAN_POINT('Ctrl Pts',(145.704468217001,10.0489444051341,-53.2888424948689));
#7152=CARTESIAN_POINT('Ctrl Pts',(145.704463441534,9.50000013698551,-53.2594580593125));
#7153=CARTESIAN_POINT('Origin',(145.704463441622,29.5000004395843,-53.5000007972121));
#7154=CARTESIAN_POINT('',(145.704463441622,9.50000014156103,-53.5000007972121));
#7155=CARTESIAN_POINT('Origin',(145.704463441622,9.50000014156103,-53.5000007972121));
#7156=CARTESIAN_POINT('',(147.704463441622,9.50000014156103,-60.0000008940697));
#7157=CARTESIAN_POINT('',(145.704463441622,9.50000014156103,-60.0000008940697));
#7158=CARTESIAN_POINT('',(147.704463441622,9.50000014156103,-60.0000008940697));
#7159=CARTESIAN_POINT('Origin',(145.704463441622,9.50000014156103,-60.0000008940697));
#7160=CARTESIAN_POINT('',(147.704463441622,29.5000004395843,-60.0000008940697));
#7161=CARTESIAN_POINT('',(145.704463441622,29.5000004395843,-60.0000008940697));
#7162=CARTESIAN_POINT('',(147.704463441622,29.5000004395843,-60.0000008940697));
#7163=CARTESIAN_POINT('Origin',(145.704463441622,29.5000004395843,-60.0000008940697));
#7164=CARTESIAN_POINT('',(147.704463441622,29.5000004395843,-53.5000007972121));
#7165=CARTESIAN_POINT('Origin',(145.704463441622,29.5000004395843,-60.0000008940697));
#7166=CARTESIAN_POINT('',(145.704463441622,29.5000004395843,-53.5000007972121));
#7167=CARTESIAN_POINT('Origin',(145.704463441622,16.2999989075586,-56.5899998000357));
#7168=CARTESIAN_POINT('',(145.704463441622,14.6999989075586,-56.5899998000357));
#7169=CARTESIAN_POINT('',(145.704463441622,16.2999989075586,-54.9899998000357));
#7170=CARTESIAN_POINT('Origin',(145.704463441622,16.2999989075586,-56.5899998000357));
#7171=CARTESIAN_POINT('',(147.704463441622,16.2999989075586,-54.9899998000357));
#7172=CARTESIAN_POINT('',(145.704463441622,16.2999989075586,-54.9899998000357));
#7173=CARTESIAN_POINT('',(147.704463441622,14.6999989075586,-56.5899998000357));
#7174=CARTESIAN_POINT('Origin',(147.704463441622,16.2999989075586,-56.5899998000357));
#7175=CARTESIAN_POINT('',(145.704463441622,14.6999989075586,-56.5899998000357));
#7176=CARTESIAN_POINT('Origin',(145.704463441622,14.6999989075586,-57.1499999501277));
#7177=CARTESIAN_POINT('',(145.704463441622,14.6999989075586,-57.1499999501277));
#7178=CARTESIAN_POINT('',(145.704463441622,14.6999989075586,-56.5899998000357));
#7179=CARTESIAN_POINT('',(147.704463441622,14.6999989075586,-57.1499999501277));
#7180=CARTESIAN_POINT('',(147.704463441622,14.6999989075586,-56.5899998000357));
#7181=CARTESIAN_POINT('',(145.704463441622,14.6999989075586,-57.1499999501277));
#7182=CARTESIAN_POINT('Origin',(145.704463441622,16.2999989075586,-57.1499999501277));
#7183=CARTESIAN_POINT('',(145.704463441622,16.2999989075586,-58.7499999501277));
#7184=CARTESIAN_POINT('Origin',(145.704463441622,16.2999989075586,-57.1499999501277));
#7185=CARTESIAN_POINT('',(147.704463441622,16.2999989075586,-58.7499999501277));
#7186=CARTESIAN_POINT('Origin',(147.704463441622,16.2999989075586,-57.1499999501277));
#7187=CARTESIAN_POINT('',(145.704463441622,16.2999989075586,-58.7499999501277));
#7188=CARTESIAN_POINT('Origin',(145.704463441622,22.6499987808522,-58.7499999501277));
#7189=CARTESIAN_POINT('',(145.704463441622,22.6499987808522,-58.7499999501277));
#7190=CARTESIAN_POINT('',(145.704463441622,16.2999989075586,-58.7499999501277));
#7191=CARTESIAN_POINT('',(147.704463441622,22.6499987808522,-58.7499999501277));
#7192=CARTESIAN_POINT('',(147.704463441622,16.2999989075586,-58.7499999501277));
#7193=CARTESIAN_POINT('',(145.704463441622,22.6499987808522,-58.7499999501277));
#7194=CARTESIAN_POINT('Origin',(145.704463441622,22.6499987808522,-57.1499999501277));
#7195=CARTESIAN_POINT('',(145.704463441622,24.2499987808522,-57.1499999501277));
#7196=CARTESIAN_POINT('Origin',(145.704463441622,22.6499987808522,-57.1499999501277));
#7197=CARTESIAN_POINT('',(147.704463441622,24.2499987808522,-57.1499999501277));
#7198=CARTESIAN_POINT('Origin',(147.704463441622,22.6499987808522,-57.1499999501277));
#7199=CARTESIAN_POINT('',(145.704463441622,24.2499987808522,-57.1499999501277));
#7200=CARTESIAN_POINT('Origin',(145.704463441622,24.2499987808522,-56.5899998000357));
#7201=CARTESIAN_POINT('',(145.704463441622,24.2499987808522,-56.5899998000357));
#7202=CARTESIAN_POINT('',(145.704463441622,24.2499987808522,-56.5899998000357));
#7203=CARTESIAN_POINT('',(147.704463441622,24.2499987808522,-56.5899998000357));
#7204=CARTESIAN_POINT('',(147.704463441622,24.2499987808522,-56.5899998000357));
#7205=CARTESIAN_POINT('',(145.704463441622,24.2499987808522,-56.5899998000357));
#7206=CARTESIAN_POINT('Origin',(145.704463441622,22.6499987808522,-56.5899998000357));
#7207=CARTESIAN_POINT('',(145.704463441622,22.6499987808522,-54.9899998000357));
#7208=CARTESIAN_POINT('Origin',(145.704463441622,22.6499987808522,-56.5899998000357));
#7209=CARTESIAN_POINT('',(147.704463441622,22.6499987808522,-54.9899998000357));
#7210=CARTESIAN_POINT('Origin',(147.704463441622,22.6499987808522,-56.5899998000357));
#7211=CARTESIAN_POINT('',(145.704463441622,22.6499987808522,-54.9899998000357));
#7212=CARTESIAN_POINT('Origin',(145.704463441622,16.2999989075586,-54.9899998000357));
#7213=CARTESIAN_POINT('',(145.704463441622,21.909999235766,-54.9899998000357));
#7214=CARTESIAN_POINT('',(147.704463441622,21.909999235766,-54.9899998000357));
#7215=CARTESIAN_POINT('Origin',(145.704463441622,9.50000014156103,-53.5000007972121));
#7216=CARTESIAN_POINT('',(145.704463441622,9.50000014156103,-55.1250008214265));
#7217=CARTESIAN_POINT('Origin',(147.704463441622,19.5000002905726,-56.7500008456409));
#7218=CARTESIAN_POINT('',(147.704463441622,29.5000004395843,-53.5000007972121));
#7219=CARTESIAN_POINT('',(147.704463441622,29.5000004395843,-58.3750008698553));
#7220=CARTESIAN_POINT('',(147.704463441622,9.50000014156103,-53.5000007972121));
#7221=CARTESIAN_POINT('',(147.704463441622,24.5000003650785,-53.5000007972121));
#7222=CARTESIAN_POINT('',(147.704463441622,9.50000014156104,-55.1250008214265));
#7223=CARTESIAN_POINT('Origin',(145.704463441622,19.5000002905726,-56.7500008456409));
#7224=CARTESIAN_POINT('',(145.704463441622,9.50000014156103,-60.0000008940697));
#7225=CARTESIAN_POINT('',(145.704463441622,29.5000004395843,-60.0000008940697));
#7226=CARTESIAN_POINT('',(145.704463441622,14.5000002160668,-60.0000008940697));
#7227=CARTESIAN_POINT('',(145.704463441622,9.50000014156104,-55.1250008214265));
#7228=CARTESIAN_POINT('',(145.704463441622,29.5000004395843,-58.3750008698553));
#7229=CARTESIAN_POINT('Origin',(143.204463441622,29.5000004395843,-53.5000007972121));
#7230=CARTESIAN_POINT('',(143.204463441622,29.5000004395843,-53.5000007972121));
#7231=CARTESIAN_POINT('',(143.204463441622,9.50000014156104,-53.5000007972121));
#7232=CARTESIAN_POINT('Origin',(143.204463441622,9.50000014156104,-53.5000007972121));
#7233=CARTESIAN_POINT('',(143.204463441622,9.50000014156104,-60.0000008940697));
#7234=CARTESIAN_POINT('',(145.03502419304,9.50000014156104,-56.7317480422246));
#7235=CARTESIAN_POINT('Origin',(143.204463441622,9.50000014156104,-60.0000008940697));
#7236=CARTESIAN_POINT('',(143.204463441622,29.5000004395843,-60.0000008940697));
#7237=CARTESIAN_POINT('Origin',(143.204463441622,29.5000004395843,-60.0000008940697));
#7238=CARTESIAN_POINT('',(145.035024141989,29.5000004395843,-56.7317480422246));
#7239=CARTESIAN_POINT('Origin',(143.204463441622,29.5000004395843,-60.0000008940697));
#7240=CARTESIAN_POINT('Origin',(143.204463441622,9.50000014156104,-53.5000007972121));
#7241=CARTESIAN_POINT('Origin',(36.2000613434925,-87.5338702774102,0.));
#7242=CARTESIAN_POINT('',(36.1999998919509,-87.5338702774455,1.6));
#7243=CARTESIAN_POINT('',(36.1999998919509,-87.5338702774455,0.));
#7244=CARTESIAN_POINT('',(36.1999998919509,-87.5338702774455,-1.675));
#7245=CARTESIAN_POINT('',(36.2000613434925,-87.5338702774102,1.6));
#7246=CARTESIAN_POINT('',(33.7000613434927,-87.5338717102158,1.6));
#7247=CARTESIAN_POINT('',(36.2000613434925,-87.5338702774102,0.));
#7248=CARTESIAN_POINT('',(36.2000613434925,-87.5338702774102,0.));
#7249=CARTESIAN_POINT('',(33.7000613434927,-87.5338717102158,0.));
#7250=CARTESIAN_POINT('Origin',(31.2,19.5,1.6));
#7251=CARTESIAN_POINT('',(36.1999998919509,-95.3912529354628,1.6));
#7252=CARTESIAN_POINT('',(36.1999998919509,19.5,1.6));
#7253=CARTESIAN_POINT('',(146.09125292607,14.4999998922215,1.6));
#7254=CARTESIAN_POINT('Origin',(31.1999993022529,19.5,1.59999996423501));
#7255=CARTESIAN_POINT('',(138.2338699515,14.5000005336116,1.6));
#7256=CARTESIAN_POINT('',(31.2,14.4999998922215,1.6));
#7257=CARTESIAN_POINT('',(143.212192876284,9.03488427936171,1.6));
#7258=CARTESIAN_POINT('Origin',(138.233873192896,9.50000053361533,1.6));
#7259=CARTESIAN_POINT('',(41.6651804757473,-92.512186826302,1.6));
#7260=CARTESIAN_POINT('Origin',(31.2,19.5,1.6));
#7261=CARTESIAN_POINT('Origin',(41.2000613434926,-87.5338674117988,1.6));
#7262=CARTESIAN_POINT('Origin',(36.1999998919509,19.5,-3.35));
#7263=CARTESIAN_POINT('',(36.1999998919509,-94.3902955181939,1.34110446701567E-6));
#7264=CARTESIAN_POINT('',(36.1999998919509,19.5,0.));
#7265=CARTESIAN_POINT('',(36.1999998919509,-95.3912529354628,0.));
#7266=CARTESIAN_POINT('',(36.1999998919509,19.5,-4.08006961549745E-14));
#7267=CARTESIAN_POINT('',(36.1999998919509,-95.3912514064778,0.799993699792809));
#7268=CARTESIAN_POINT('Origin',(41.2000613434926,-87.5338674117988,0.));
#7269=CARTESIAN_POINT('',(41.6651804757473,-92.512186826302,0.));
#7270=CARTESIAN_POINT('Origin',(41.2000613434926,-87.5338674117988,0.));
#7271=CARTESIAN_POINT('',(41.6651804757473,-92.512186826302,0.));
#7272=CARTESIAN_POINT('Origin',(31.2,19.5,0.));
#7273=CARTESIAN_POINT('',(143.212192876284,9.03488427936171,0.));
#7274=CARTESIAN_POINT('Origin',(31.2,19.5,0.));
#7275=CARTESIAN_POINT('',(143.212192876284,9.03488427936171,0.));
#7276=CARTESIAN_POINT('Origin',(138.233873192896,9.50000053361533,0.));
#7277=CARTESIAN_POINT('',(138.2338699515,14.5000005336116,0.));
#7278=CARTESIAN_POINT('Origin',(138.233873192896,9.50000053361533,0.));
#7279=CARTESIAN_POINT('',(138.2338699515,14.5000005336116,0.));
#7280=CARTESIAN_POINT('Origin',(31.2,14.4999998922215,-3.35));
#7281=CARTESIAN_POINT('',(146.09125292607,14.4999998922215,0.));
#7282=CARTESIAN_POINT('',(146.091250729703,14.4999998922215,0.799993366417582));
#7283=CARTESIAN_POINT('',(145.090294841604,14.4999998922215,1.34110450740569E-6));
#7284=CARTESIAN_POINT('',(88.6999983660877,14.4999998922215,-2.13717932240343E-14));
#7285=CARTESIAN_POINT('',(31.2,14.4999998922215,0.));
#7286=CARTESIAN_POINT('Origin',(31.2,19.5,0.));
#7287=CARTESIAN_POINT('Origin',(31.1999993022529,19.5,1.34110446525781E-6));
#7288=CARTESIAN_POINT('Origin',(146.199996732175,19.5,0.));
#7289=CARTESIAN_POINT('',(146.091252935463,24.4999998919509,0.));
#7290=CARTESIAN_POINT('Origin',(31.1999993022529,19.5,-4.21884749357559E-14));
#7291=CARTESIAN_POINT('',(145.090294851079,24.4999998919509,0.));
#7292=CARTESIAN_POINT('',(88.6999983660877,24.4999998919509,-2.13717932240343E-14));
#7293=CARTESIAN_POINT('Origin',(31.1999993022529,19.5,1.34110446525781E-6));
#7294=CARTESIAN_POINT('Origin',(31.1999993022529,19.5,0.799999982117485));
#7295=CARTESIAN_POINT('',(146.091252935463,24.4999998919509,1.6));
#7296=CARTESIAN_POINT('Origin',(31.1999993022529,19.5,1.59999996423501));
#7297=CARTESIAN_POINT('',(146.091250739096,24.4999998919509,0.799993728927679));
#7298=CARTESIAN_POINT('Origin',(36.1999998919509,19.5,-3.35));
#7299=CARTESIAN_POINT('',(36.199999891951,134.391252935463,1.6));
#7300=CARTESIAN_POINT('',(36.199999891951,126.533873153133,1.6));
#7301=CARTESIAN_POINT('',(36.1999998919509,19.5,1.6));
#7302=CARTESIAN_POINT('',(36.199999891951,134.391252935463,0.));
#7303=CARTESIAN_POINT('',(36.199999891951,134.391251406478,0.799993728927677));
#7304=CARTESIAN_POINT('',(36.199999891951,133.390295518194,1.34110446701567E-6));
#7305=CARTESIAN_POINT('',(36.1999998919509,19.5,-4.08006961549745E-14));
#7306=CARTESIAN_POINT('',(36.199999891951,126.533873153133,0.));
#7307=CARTESIAN_POINT('',(36.1999998919509,19.5,0.));
#7308=CARTESIAN_POINT('',(36.199999891951,126.533873153133,0.));
#7309=CARTESIAN_POINT('Origin',(31.2,19.5,0.));
#7310=CARTESIAN_POINT('Origin',(31.1999993022529,19.5,1.34110446525781E-6));
#7311=CARTESIAN_POINT('',(138.233873132969,24.5000001077785,0.));
#7312=CARTESIAN_POINT('',(31.2,24.499999891951,0.));
#7313=CARTESIAN_POINT('',(143.212192813572,29.9651163918613,0.));
#7314=CARTESIAN_POINT('Origin',(138.233873132969,29.5000001077786,0.));
#7315=CARTESIAN_POINT('',(41.6651161659952,131.512192834674,0.));
#7316=CARTESIAN_POINT('Origin',(31.2,19.5,0.));
#7317=CARTESIAN_POINT('Origin',(41.1999998919509,126.533873153133,0.));
#7318=CARTESIAN_POINT('Origin',(31.2,19.5,1.6));
#7319=CARTESIAN_POINT('',(41.6651161659952,131.512192834674,1.6));
#7320=CARTESIAN_POINT('Origin',(41.1999998919509,126.533873153133,1.6));
#7321=CARTESIAN_POINT('',(143.212192813572,29.9651163918613,1.6));
#7322=CARTESIAN_POINT('Origin',(31.2,19.5,1.6));
#7323=CARTESIAN_POINT('',(138.233873132969,24.5000001077785,1.6));
#7324=CARTESIAN_POINT('Origin',(138.233873132969,29.5000001077786,1.6));
#7325=CARTESIAN_POINT('',(31.2,24.499999891951,1.6));
#7326=CARTESIAN_POINT('Origin',(31.1999993022529,19.5,1.59999996423501));
#7327=CARTESIAN_POINT('Origin',(41.1999998919509,126.533873153133,0.));
#7328=CARTESIAN_POINT('',(41.6651161659952,131.512192834674,0.));
#7329=CARTESIAN_POINT('Origin',(31.2,19.5,0.));
#7330=CARTESIAN_POINT('',(143.212192813572,29.9651163918613,0.));
#7331=CARTESIAN_POINT('Origin',(138.233873132969,29.5000001077786,0.));
#7332=CARTESIAN_POINT('',(138.233873132969,24.5000001077785,0.));
#7333=CARTESIAN_POINT('Origin',(31.2,24.499999891951,-3.35));
#7334=CARTESIAN_POINT('Origin',(146.199996732175,19.5,0.));
#7335=CARTESIAN_POINT('',(26.1999998922215,134.39125292607,0.));
#7336=CARTESIAN_POINT('Origin',(31.1999993022529,19.5,-4.21884749357559E-14));
#7337=CARTESIAN_POINT('',(26.1999998922215,133.390295569984,0.));
#7338=CARTESIAN_POINT('',(26.1999998922215,19.5,-4.44089209850063E-14));
#7339=CARTESIAN_POINT('Origin',(31.1999993022529,19.5,1.34110446525781E-6));
#7340=CARTESIAN_POINT('Origin',(31.1999993022529,19.5,0.799999982117485));
#7341=CARTESIAN_POINT('',(26.1999998922215,134.39125292607,1.6));
#7342=CARTESIAN_POINT('Origin',(31.1999993022529,19.5,1.59999996423501));
#7343=CARTESIAN_POINT('',(26.1999998922215,134.391251457816,0.799993730129643));
#7344=CARTESIAN_POINT('Origin',(31.2,19.5,0.));
#7345=CARTESIAN_POINT('',(-82.6902962465735,24.499999891951,0.));
#7346=CARTESIAN_POINT('Origin',(31.1999993022529,19.5,1.34110446525781E-6));
#7347=CARTESIAN_POINT('',(26.1999998922215,126.533873132969,0.));
#7348=CARTESIAN_POINT('',(26.1999998922215,19.5,0.));
#7349=CARTESIAN_POINT('',(20.7348836081388,131.512192813572,0.));
#7350=CARTESIAN_POINT('Origin',(21.1999998922215,126.533873132969,0.));
#7351=CARTESIAN_POINT('',(-80.8121928346742,29.9651161659952,0.));
#7352=CARTESIAN_POINT('Origin',(31.2,19.5,0.));
#7353=CARTESIAN_POINT('',(-75.8338731531331,24.499999891951,0.));
#7354=CARTESIAN_POINT('Origin',(-75.8338731531331,29.499999891951,0.));
#7355=CARTESIAN_POINT('',(31.2,24.499999891951,0.));
#7356=CARTESIAN_POINT('Origin',(26.1999998922215,19.5,-3.35));
#7357=CARTESIAN_POINT('',(26.1999998922215,126.533873132969,1.6));
#7358=CARTESIAN_POINT('',(26.1999998922215,19.5,1.6));
#7359=CARTESIAN_POINT('',(26.1999998922215,126.533873132969,0.));
#7360=CARTESIAN_POINT('Origin',(31.2,19.5,1.6));
#7361=CARTESIAN_POINT('',(-83.6912529354628,24.499999891951,1.6));
#7362=CARTESIAN_POINT('Origin',(31.1999993022529,19.5,1.59999996423501));
#7363=CARTESIAN_POINT('',(-75.8338731531331,24.499999891951,1.6));
#7364=CARTESIAN_POINT('',(31.2,24.499999891951,1.6));
#7365=CARTESIAN_POINT('',(-80.8121928346742,29.9651161659952,1.6));
#7366=CARTESIAN_POINT('Origin',(-75.8338731531331,29.499999891951,1.6));
#7367=CARTESIAN_POINT('',(20.7348836081388,131.512192813572,1.6));
#7368=CARTESIAN_POINT('Origin',(31.2,19.5,1.6));
#7369=CARTESIAN_POINT('Origin',(21.1999998922215,126.533873132969,1.6));
#7370=CARTESIAN_POINT('Origin',(31.2,24.499999891951,-3.35));
#7371=CARTESIAN_POINT('',(-75.8338731531331,24.499999891951,0.));
#7372=CARTESIAN_POINT('',(-83.6912529354628,24.499999891951,0.));
#7373=CARTESIAN_POINT('',(-83.6912521345989,24.499999891951,0.799999999999999));
#7374=CARTESIAN_POINT('',(88.6999983660877,24.4999998919509,-2.13717932240343E-14));
#7375=CARTESIAN_POINT('Origin',(21.1999998922215,126.533873132969,0.));
#7376=CARTESIAN_POINT('',(20.7348836081388,131.512192813572,0.));
#7377=CARTESIAN_POINT('Origin',(31.2,19.5,0.));
#7378=CARTESIAN_POINT('',(-80.8121928346742,29.9651161659952,0.));
#7379=CARTESIAN_POINT('Origin',(-75.8338731531331,29.499999891951,0.));
#7380=CARTESIAN_POINT('Origin',(31.1999993022529,19.5,0.799999982117485));
#7381=CARTESIAN_POINT('',(26.1999998922215,-95.3912529260701,0.));
#7382=CARTESIAN_POINT('Origin',(31.1999993022529,19.5,-4.21884749357559E-14));
#7383=CARTESIAN_POINT('',(26.1999998922215,-95.3912529260701,1.6));
#7384=CARTESIAN_POINT('',(26.1999998922215,-95.3912514578246,0.799999982117485));
#7385=CARTESIAN_POINT('Origin',(31.1999993022529,19.5,1.59999996423501));
#7386=CARTESIAN_POINT('Origin',(146.199996732175,19.5,0.));
#7387=CARTESIAN_POINT('',(26.1999998922215,-94.3902955699835,0.));
#7388=CARTESIAN_POINT('Origin',(31.1999993022529,19.5,1.34110446525781E-6));
#7389=CARTESIAN_POINT('',(26.1999998922215,19.5,-4.44089209850063E-14));
#7390=CARTESIAN_POINT('Origin',(31.2,19.5,0.));
#7391=CARTESIAN_POINT('',(-82.6902962370982,14.4999998922215,0.));
#7392=CARTESIAN_POINT('Origin',(31.1999993022529,19.5,1.34110446525781E-6));
#7393=CARTESIAN_POINT('',(-75.8338731329687,14.4999998922215,0.));
#7394=CARTESIAN_POINT('',(31.2,14.4999998922215,0.));
#7395=CARTESIAN_POINT('',(-80.8121928135719,9.03488360813881,0.));
#7396=CARTESIAN_POINT('Origin',(-75.8338731329686,9.49999989222146,0.));
#7397=CARTESIAN_POINT('',(20.7349479176117,-92.5121988218828,0.));
#7398=CARTESIAN_POINT('Origin',(31.2,19.5,0.));
#7399=CARTESIAN_POINT('',(26.1999998922215,-87.5586681656702,0.));
#7400=CARTESIAN_POINT('Origin',(21.2000613434956,-87.5338788742432,0.));
#7401=CARTESIAN_POINT('',(26.1999998922215,19.5,0.));
#7402=CARTESIAN_POINT('Origin',(26.1999998922215,19.5,-3.35));
#7403=CARTESIAN_POINT('',(26.1999998922215,-87.5586681656702,1.6));
#7404=CARTESIAN_POINT('',(26.1999998922215,-87.5586681656702,0.));
#7405=CARTESIAN_POINT('',(26.1999998922215,19.5,1.6));
#7406=CARTESIAN_POINT('Origin',(21.2000613434956,-87.5338788742432,0.));
#7407=CARTESIAN_POINT('',(20.7349479176117,-92.5121988218828,1.6));
#7408=CARTESIAN_POINT('',(20.7349479176117,-92.5121988218828,0.));
#7409=CARTESIAN_POINT('Origin',(21.2000613434956,-87.5338788742432,1.6));
#7410=CARTESIAN_POINT('Origin',(31.2,19.5,1.6));
#7411=CARTESIAN_POINT('',(-80.8121928135719,9.0348836081388,1.6));
#7412=CARTESIAN_POINT('Origin',(31.2,19.5,1.6));
#7413=CARTESIAN_POINT('',(-75.8338731329687,14.4999998922215,1.6));
#7414=CARTESIAN_POINT('Origin',(-75.8338731329686,9.49999989222146,1.6));
#7415=CARTESIAN_POINT('',(-83.6912529260701,14.4999998922215,1.6));
#7416=CARTESIAN_POINT('',(31.2,14.4999998922215,1.6));
#7417=CARTESIAN_POINT('Origin',(31.1999993022529,19.5,1.59999996423501));
#7418=CARTESIAN_POINT('Origin',(31.2,14.4999998922215,-3.35));
#7419=CARTESIAN_POINT('',(-75.8338731329687,14.4999998922215,0.));
#7420=CARTESIAN_POINT('',(-83.6912529260701,14.4999998922215,0.));
#7421=CARTESIAN_POINT('',(88.6999983660877,14.4999998922215,-2.13717932240343E-14));
#7422=CARTESIAN_POINT('',(-83.6912521252062,14.4999998922215,0.799999982117526));
#7423=CARTESIAN_POINT('Origin',(31.2,19.5,0.));
#7424=CARTESIAN_POINT('',(-80.8121928135719,9.03488360813881,0.));
#7425=CARTESIAN_POINT('Origin',(-75.8338731329686,9.49999989222146,0.));
#7426=CARTESIAN_POINT('Origin',(31.1999993022529,62.5,-45.701092315415));
#7427=CARTESIAN_POINT('',(33.1999993022529,62.5,-45.701092315415));
#7428=CARTESIAN_POINT('Origin',(31.1999993022529,62.5,-45.701092315415));
#7429=CARTESIAN_POINT('Origin',(31.1999993022529,-23.5,-45.701092315415));
#7430=CARTESIAN_POINT('',(33.1999993022529,-23.5,-45.701092315415));
#7431=CARTESIAN_POINT('Origin',(31.1999993022529,-23.5,-45.701092315415));
#7432=CARTESIAN_POINT('Origin',(139.020862710552,19.5,-45.701092315415));
#7433=CARTESIAN_POINT('',(-9.80000069774711,19.5,-45.701092315415));
#7434=CARTESIAN_POINT('Origin',(-11.8000006977471,19.5,-45.701092315415));
#7435=CARTESIAN_POINT('Origin',(74.1999993022529,19.5,-45.701092315415));
#7436=CARTESIAN_POINT('',(76.1999993022529,19.5,-45.701092315415));
#7437=CARTESIAN_POINT('Origin',(74.1999993022529,19.5,-45.701092315415));
#7438=CARTESIAN_POINT('Origin',(31.1999993022529,62.5,-60.001092315415));
#7439=CARTESIAN_POINT('',(33.1999993022529,62.5,-40.001092315415));
#7440=CARTESIAN_POINT('Origin',(31.1999993022529,62.5,-40.001092315415));
#7441=CARTESIAN_POINT('',(33.1999993022529,62.5,-60.001092315415));
#7442=CARTESIAN_POINT('Origin',(31.1999993022529,62.5,-60.001092315415));
#7443=CARTESIAN_POINT('',(34.1999993022529,62.5,-40.001092315415));
#7444=CARTESIAN_POINT('Origin',(31.1999993022529,62.5,-40.001092315415));
#7445=CARTESIAN_POINT('',(34.1999993022529,62.5,-60.001092315415));
#7446=CARTESIAN_POINT('Origin',(31.1999993022529,62.5,-40.001092315415));
#7447=CARTESIAN_POINT('Origin',(-11.8000006977471,19.5,-60.001092315415));
#7448=CARTESIAN_POINT('',(-9.80000069774711,19.5,-40.001092315415));
#7449=CARTESIAN_POINT('Origin',(-11.8000006977471,19.5,-40.001092315415));
#7450=CARTESIAN_POINT('',(-9.80000069774711,19.5,-60.001092315415));
#7451=CARTESIAN_POINT('Origin',(-11.8000006977471,19.5,-60.001092315415));
#7452=CARTESIAN_POINT('',(-8.80000069774711,19.5,-40.001092315415));
#7453=CARTESIAN_POINT('Origin',(-11.8000006977471,19.5,-40.001092315415));
#7454=CARTESIAN_POINT('',(-8.80000069774711,19.5,-60.001092315415));
#7455=CARTESIAN_POINT('Origin',(-11.8000006977471,19.5,-40.001092315415));
#7456=CARTESIAN_POINT('Origin',(31.1999993022529,-23.5,-60.001092315415));
#7457=CARTESIAN_POINT('',(33.1999993022529,-23.5,-40.001092315415));
#7458=CARTESIAN_POINT('Origin',(31.1999993022529,-23.5,-40.001092315415));
#7459=CARTESIAN_POINT('',(33.1999993022529,-23.5,-60.001092315415));
#7460=CARTESIAN_POINT('Origin',(31.1999993022529,-23.5,-60.001092315415));
#7461=CARTESIAN_POINT('',(34.1999993022529,-23.5,-40.001092315415));
#7462=CARTESIAN_POINT('Origin',(31.1999993022529,-23.5,-40.001092315415));
#7463=CARTESIAN_POINT('',(34.1999993022529,-23.5,-60.001092315415));
#7464=CARTESIAN_POINT('Origin',(31.1999993022529,-23.5,-40.001092315415));
#7465=CARTESIAN_POINT('Origin',(74.1999993022529,19.5,-60.001092315415));
#7466=CARTESIAN_POINT('',(76.1999993022529,19.5,-40.001092315415));
#7467=CARTESIAN_POINT('Origin',(74.1999993022529,19.5,-40.001092315415));
#7468=CARTESIAN_POINT('',(76.1999993022529,19.5,-60.001092315415));
#7469=CARTESIAN_POINT('Origin',(74.1999993022529,19.5,-60.001092315415));
#7470=CARTESIAN_POINT('',(77.1999993022529,19.5,-40.001092315415));
#7471=CARTESIAN_POINT('Origin',(74.1999993022529,19.5,-40.001092315415));
#7472=CARTESIAN_POINT('',(77.1999993022529,19.5,-60.001092315415));
#7473=CARTESIAN_POINT('Origin',(74.1999993022529,19.5,-40.001092315415));
#7474=CARTESIAN_POINT('Origin',(31.1999979642778,92.5,-11.5));
#7475=CARTESIAN_POINT('',(27.4499979642779,92.5,-11.5));
#7476=CARTESIAN_POINT('',(27.4499979642779,92.5,-11.5));
#7477=CARTESIAN_POINT('Origin',(31.1999979642778,92.5,-11.5));
#7478=CARTESIAN_POINT('Origin',(31.1999979642778,92.5,-11.5));
#7479=CARTESIAN_POINT('',(28.1999979642778,92.5,-11.5));
#7480=CARTESIAN_POINT('Origin',(31.1999979642778,92.5,-11.5));
#7481=CARTESIAN_POINT('Origin',(-41.8,19.4999979642779,-11.5));
#7482=CARTESIAN_POINT('',(-45.55,19.4999979642779,-11.5));
#7483=CARTESIAN_POINT('',(-45.55,19.4999979642779,-11.5));
#7484=CARTESIAN_POINT('Origin',(-41.8,19.4999979642779,-11.5));
#7485=CARTESIAN_POINT('Origin',(-41.8,19.4999979642779,-11.5));
#7486=CARTESIAN_POINT('',(-44.8,19.4999979642779,-11.5));
#7487=CARTESIAN_POINT('Origin',(-41.8,19.4999979642779,-11.5));
#7488=CARTESIAN_POINT('Origin',(31.2000020357221,-53.4999999999999,-11.5));
#7489=CARTESIAN_POINT('',(27.4500020357221,-53.4999999999999,-11.5));
#7490=CARTESIAN_POINT('',(27.4500020357221,-53.4999999999999,-11.5));
#7491=CARTESIAN_POINT('Origin',(31.2000020357221,-53.4999999999999,-11.5));
#7492=CARTESIAN_POINT('Origin',(31.2000020357221,-53.4999999999999,-11.5));
#7493=CARTESIAN_POINT('',(28.2000020357221,-53.4999999999999,-11.5));
#7494=CARTESIAN_POINT('Origin',(31.2000020357221,-53.4999999999999,-11.5));
#7495=CARTESIAN_POINT('Origin',(104.2,19.5000020357221,-11.5));
#7496=CARTESIAN_POINT('',(100.45,19.5000020357221,-11.5));
#7497=CARTESIAN_POINT('',(100.45,19.5000020357221,-11.5));
#7498=CARTESIAN_POINT('Origin',(104.2,19.5000020357221,-11.5));
#7499=CARTESIAN_POINT('Origin',(104.2,19.5000020357221,-11.5));
#7500=CARTESIAN_POINT('',(101.2,19.5000020357221,-11.5));
#7501=CARTESIAN_POINT('Origin',(104.2,19.5000020357221,-11.5));
#7502=CARTESIAN_POINT('Origin',(-41.8,19.4999979642779,-11.5));
#7503=CARTESIAN_POINT('',(-44.8,19.4999979642779,-61.6000000000001));
#7504=CARTESIAN_POINT('',(-44.8,19.4999979642779,-11.5));
#7505=CARTESIAN_POINT('Origin',(-41.8,19.4999979642779,-61.6000000000001));
#7506=CARTESIAN_POINT('Origin',(104.2,19.5000020357221,-11.5));
#7507=CARTESIAN_POINT('',(101.2,19.5000020357221,-61.6000000000001));
#7508=CARTESIAN_POINT('',(101.2,19.5000020357221,-11.5));
#7509=CARTESIAN_POINT('Origin',(104.2,19.5000020357221,-61.6000000000001));
#7510=CARTESIAN_POINT('Origin',(31.1999979642778,92.5,-11.5));
#7511=CARTESIAN_POINT('',(28.1999979642778,92.5,-61.6000000000001));
#7512=CARTESIAN_POINT('',(28.1999979642778,92.5,-11.5));
#7513=CARTESIAN_POINT('Origin',(31.1999979642778,92.5,-61.6000000000001));
#7514=CARTESIAN_POINT('Origin',(31.2000020357221,-53.4999999999999,-11.5));
#7515=CARTESIAN_POINT('',(28.2000020357221,-53.4999999999999,-61.6000000000001));
#7516=CARTESIAN_POINT('',(28.2000020357221,-53.4999999999999,-11.5));
#7517=CARTESIAN_POINT('Origin',(31.2000020357221,-53.4999999999999,-61.6000000000001));
#7518=CARTESIAN_POINT('Origin',(89.6484770517429,100.725277712735,-11.4770981687498));
#7519=CARTESIAN_POINT('',(96.6448274050534,112.843311992222,-27.1499394800944));
#7520=CARTESIAN_POINT('',(90.2846477715246,101.827157721685,-22.4770981687498));
#7521=CARTESIAN_POINT('Ctrl Pts',(96.6448274050534,112.843311992222,-27.1499394800944));
#7522=CARTESIAN_POINT('Ctrl Pts',(96.3594713097829,112.349060736964,-26.6643273139456));
#7523=CARTESIAN_POINT('Ctrl Pts',(96.0515449061863,111.815716560942,-26.1980700570212));
#7524=CARTESIAN_POINT('Ctrl Pts',(95.1832284451505,110.31174833338,-25.0406683496388));
#7525=CARTESIAN_POINT('Ctrl Pts',(94.5967331450132,109.295908675142,-24.4274753880068));
#7526=CARTESIAN_POINT('Ctrl Pts',(93.4795833781521,107.360948519275,-23.5041562337151));
#7527=CARTESIAN_POINT('Ctrl Pts',(92.8458432507157,106.26327841976,-23.1095944150461));
#7528=CARTESIAN_POINT('Ctrl Pts',(91.5510154024107,104.02057079944,-22.5960775641989));
#7529=CARTESIAN_POINT('Ctrl Pts',(90.8899300971344,102.875537462565,-22.4770981687498));
#7530=CARTESIAN_POINT('Ctrl Pts',(90.2846477715246,101.827157721685,-22.4770981687498));
#7531=CARTESIAN_POINT('',(96.6448274050534,112.843311992222,-11.4770981687498));
#7532=CARTESIAN_POINT('',(96.6448274050534,112.843311992222,-11.4770981687498));
#7533=CARTESIAN_POINT('',(89.6484770517429,100.725277712735,-11.4770981687498));
#7534=CARTESIAN_POINT('',(79.0066285324222,82.2930553908204,-11.4770981687499));
#7535=CARTESIAN_POINT('',(89.6484770517429,100.725277712735,-21.2673254414678));
#7536=CARTESIAN_POINT('',(89.6484770517429,100.725277712735,-11.4770981687498));
#7537=CARTESIAN_POINT('',(90.2762601946637,101.812630012409,-22.4770981687498));
#7538=CARTESIAN_POINT('Ctrl Pts',(90.2762601946637,101.812630012409,-22.4770981687498));
#7539=CARTESIAN_POINT('Ctrl Pts',(90.1986242823224,101.678160667742,-22.4770981687498));
#7540=CARTESIAN_POINT('Ctrl Pts',(90.1072387853016,101.519876343828,-22.4408736925628));
#7541=CARTESIAN_POINT('Ctrl Pts',(89.9639019805276,101.271609715364,-22.3224732666885));
#7542=CARTESIAN_POINT('Ctrl Pts',(89.8865410860171,101.137616715553,-22.2194775102496));
#7543=CARTESIAN_POINT('Ctrl Pts',(89.7770184741842,100.947917987281,-22.0010968716827));
#7544=CARTESIAN_POINT('Ctrl Pts',(89.7254103733344,100.858530134527,-21.8472051026797));
#7545=CARTESIAN_POINT('Ctrl Pts',(89.6687813096472,100.760445719036,-21.5745769349471));
#7546=CARTESIAN_POINT('Ctrl Pts',(89.6508176933992,100.729331823006,-21.4119851755012));
#7547=CARTESIAN_POINT('Ctrl Pts',(89.6484770517429,100.725277712735,-21.2673254414678));
#7548=CARTESIAN_POINT('',(77.4214013891804,79.5473614371883,-22.4770981687498));
#7549=CARTESIAN_POINT('Origin',(89.6428671473788,100.728516592563,-11.4770981687498));
#7550=CARTESIAN_POINT('',(89.6428671473788,100.728516592563,-21.2270981687499));
#7551=CARTESIAN_POINT('Ctrl Pts',(89.6484770517429,100.725277712735,-21.2673254414678));
#7552=CARTESIAN_POINT('Ctrl Pts',(89.645040968084,100.727261536581,-21.2550050173728));
#7553=CARTESIAN_POINT('Ctrl Pts',(89.6428671487218,100.728516591788,-21.2399105390577));
#7554=CARTESIAN_POINT('Ctrl Pts',(89.6428671487218,100.728516591788,-21.2270981687499));
#7555=CARTESIAN_POINT('',(89.6428671473788,100.728516592563,-11.4770981687498));
#7556=CARTESIAN_POINT('',(128.063280453866,78.5464804034371,-11.4770981687498));
#7557=CARTESIAN_POINT('',(89.6428671487219,100.728516591787,-16.3520981687498));
#7558=CARTESIAN_POINT('Origin',(144.760553315675,29.499999564141,-11.4770981687498));
#7559=CARTESIAN_POINT('',(132.040252138042,29.499999564141,-22.4770981687498));
#7560=CARTESIAN_POINT('',(144.760553315675,29.499999564141,-27.1499394802287));
#7561=CARTESIAN_POINT('Ctrl Pts',(132.040252138042,29.499999564141,-22.4770981687498));
#7562=CARTESIAN_POINT('Ctrl Pts',(133.250809123921,29.499999564141,-22.4770981687498));
#7563=CARTESIAN_POINT('Ctrl Pts',(134.572971281601,29.499999564141,-22.5960772910668));
#7564=CARTESIAN_POINT('Ctrl Pts',(137.162610161013,29.499999564141,-23.1095924821093));
#7565=CARTESIAN_POINT('Ctrl Pts',(138.430082056642,29.499999564141,-23.5041528884048));
#7566=CARTESIAN_POINT('Ctrl Pts',(140.664370100652,29.499999564141,-24.4274695553547));
#7567=CARTESIAN_POINT('Ctrl Pts',(141.837356168966,29.499999564141,-25.0406618762026));
#7568=CARTESIAN_POINT('Ctrl Pts',(143.573986260337,29.499999564141,-26.1980648169614));
#7569=CARTESIAN_POINT('Ctrl Pts',(144.189840379864,29.499999564141,-26.6643247106949));
#7570=CARTESIAN_POINT('Ctrl Pts',(144.760553315675,29.499999564141,-27.1499394802287));
#7571=CARTESIAN_POINT('',(132.023477070604,29.499999564141,-22.4770981687498));
#7572=CARTESIAN_POINT('',(138.639366462134,29.499999564141,-22.4770981687498));
#7573=CARTESIAN_POINT('',(130.76726660702,29.499999564141,-21.2270981687498));
#7574=CARTESIAN_POINT('Ctrl Pts',(130.767266607022,29.499999564141,-21.2270981687498));
#7575=CARTESIAN_POINT('Ctrl Pts',(130.767266607022,29.499999564141,-21.38111976372));
#7576=CARTESIAN_POINT('Ctrl Pts',(130.803453768964,29.499999564141,-21.5623685093248));
#7577=CARTESIAN_POINT('Ctrl Pts',(130.921783623887,29.499999564141,-21.8472059126065));
#7578=CARTESIAN_POINT('Ctrl Pts',(131.024999437819,29.499999564141,-22.0010977136183));
#7579=CARTESIAN_POINT('Ctrl Pts',(131.244043736889,29.499999564141,-22.2194781271974));
#7580=CARTESIAN_POINT('Ctrl Pts',(131.398764684193,29.499999564141,-22.3224737279404));
#7581=CARTESIAN_POINT('Ctrl Pts',(131.685436582219,29.499999564141,-22.4408738074017));
#7582=CARTESIAN_POINT('Ctrl Pts',(131.868206304283,29.499999564141,-22.4770981687498));
#7583=CARTESIAN_POINT('Ctrl Pts',(132.023477070604,29.499999564141,-22.4770981687498));
#7584=CARTESIAN_POINT('',(130.76726660702,29.499999564141,-11.4770981687498));
#7585=CARTESIAN_POINT('',(130.767266607022,29.499999564141,-16.3520981687498));
#7586=CARTESIAN_POINT('',(144.760553315675,29.499999564141,-11.4770981687498));
#7587=CARTESIAN_POINT('',(144.980275035101,29.499999564141,-11.4770981687498));
#7588=CARTESIAN_POINT('',(144.760553315675,29.499999564141,-11.4770981687498));
#7589=CARTESIAN_POINT('Origin',(130.767266519469,9.49999956414104,-11.4770981687498));
#7590=CARTESIAN_POINT('',(144.760553238913,9.49999956414104,-27.1499394802287));
#7591=CARTESIAN_POINT('',(132.040252051596,9.49999956414104,-22.4770981687498));
#7592=CARTESIAN_POINT('Ctrl Pts',(144.760553238913,9.49999956414104,-27.1499394802287));
#7593=CARTESIAN_POINT('Ctrl Pts',(144.189840303225,9.49999956414104,-26.6643247111288));
#7594=CARTESIAN_POINT('Ctrl Pts',(143.573986183918,9.49999956414104,-26.1980648178348));
#7595=CARTESIAN_POINT('Ctrl Pts',(141.837356092074,9.49999956414104,-25.0406618772817));
#7596=CARTESIAN_POINT('Ctrl Pts',(140.664370023005,9.49999956414104,-24.427469556327));
#7597=CARTESIAN_POINT('Ctrl Pts',(138.43008197708,9.49999956414104,-23.5041528889624));
#7598=CARTESIAN_POINT('Ctrl Pts',(137.162610080058,9.49999956414104,-23.1095924824315));
#7599=CARTESIAN_POINT('Ctrl Pts',(134.572971197842,9.49999956414104,-22.5960772911123));
#7600=CARTESIAN_POINT('Ctrl Pts',(133.250809038753,9.49999956414104,-22.4770981687498));
#7601=CARTESIAN_POINT('Ctrl Pts',(132.040252051596,9.49999956414104,-22.4770981687498));
#7602=CARTESIAN_POINT('',(144.760553238913,9.49999956414104,-11.4770981687498));
#7603=CARTESIAN_POINT('',(144.760553238913,9.49999956414104,-11.4770981687498));
#7604=CARTESIAN_POINT('',(130.767266519469,9.49999956414104,-11.4770981687498));
#7605=CARTESIAN_POINT('',(137.983631636998,9.49999956414104,-11.4770981687498));
#7606=CARTESIAN_POINT('',(130.767266519469,9.49999956414104,-21.2270981687498));
#7607=CARTESIAN_POINT('',(130.767266519471,9.49999956414104,-16.3520981687498));
#7608=CARTESIAN_POINT('',(132.023476984144,9.49999956414104,-22.4770981687498));
#7609=CARTESIAN_POINT('Ctrl Pts',(132.023476984144,9.49999956414104,-22.4770981687498));
#7610=CARTESIAN_POINT('Ctrl Pts',(131.868206217647,9.49999956414104,-22.4770981687498));
#7611=CARTESIAN_POINT('Ctrl Pts',(131.685436495371,9.49999956414104,-22.4408738073826));
#7612=CARTESIAN_POINT('Ctrl Pts',(131.39876459706,9.49999956414104,-22.3224737278635));
#7613=CARTESIAN_POINT('Ctrl Pts',(131.244043649615,9.49999956414104,-22.2194781270946));
#7614=CARTESIAN_POINT('Ctrl Pts',(131.024999350391,9.49999956414104,-22.0010977134779));
#7615=CARTESIAN_POINT('Ctrl Pts',(130.921783536394,9.49999956414104,-21.8472059124715));
#7616=CARTESIAN_POINT('Ctrl Pts',(130.803453681426,9.49999956414104,-21.5623685092267));
#7617=CARTESIAN_POINT('Ctrl Pts',(130.767266519471,9.49999956414104,-21.381119763677));
#7618=CARTESIAN_POINT('Ctrl Pts',(130.767266519471,9.49999956414104,-21.2270981687498));
#7619=CARTESIAN_POINT('',(131.642723064031,9.49999956414104,-22.4770981687498));
#7620=CARTESIAN_POINT('Origin',(96.6331351952551,-73.851508537839,-11.4770981687498));
#7621=CARTESIAN_POINT('',(96.6404043831399,-73.8410976100268,-27.1462229435002));
#7622=CARTESIAN_POINT('',(96.6331351952551,-73.851508537839,-27.1499394800943));
#7623=CARTESIAN_POINT('Ctrl Pts',(96.6404043831399,-73.8410976100268,-27.1462229435002));
#7624=CARTESIAN_POINT('Ctrl Pts',(96.6379811019462,-73.8445682323268,-27.1474613550459));
#7625=CARTESIAN_POINT('Ctrl Pts',(96.6355581185872,-73.8480384280682,-27.1487001599386));
#7626=CARTESIAN_POINT('Ctrl Pts',(96.6331351952551,-73.851508537839,-27.1499394800943));
#7627=CARTESIAN_POINT('',(96.6404043831399,-73.8410976100268,-11.4770981687498));
#7628=CARTESIAN_POINT('',(96.6404043831399,-73.8410976100268,-11.4770981687498));
#7629=CARTESIAN_POINT('',(96.6331351952551,-73.851508537839,-11.4770981687498));
#7630=CARTESIAN_POINT('',(126.500910784936,-31.0748929787455,-11.4770981687498));
#7631=CARTESIAN_POINT('',(96.6331351952551,-73.851508537839,-11.4770981687498));
#7632=CARTESIAN_POINT('Origin',(96.6404043831399,-73.8410976100268,-11.4770981687498));
#7633=CARTESIAN_POINT('',(90.2824244417558,-62.8287533180458,-22.4770981687498));
#7634=CARTESIAN_POINT('Ctrl Pts',(90.2824244417558,-62.8287533180458,-22.4770981687498));
#7635=CARTESIAN_POINT('Ctrl Pts',(90.8877047707225,-63.8771296006381,-22.4770981687498));
#7636=CARTESIAN_POINT('Ctrl Pts',(91.5487878742216,-65.022159123924,-22.5960774219101));
#7637=CARTESIAN_POINT('Ctrl Pts',(92.8436113420371,-67.2648591570129,-23.1095934080771));
#7638=CARTESIAN_POINT('Ctrl Pts',(93.4773492920846,-68.3625254851797,-23.5041544909656));
#7639=CARTESIAN_POINT('Ctrl Pts',(94.5944960661433,-70.2974804573611,-24.4274723494688));
#7640=CARTESIAN_POINT('Ctrl Pts',(95.1809901858114,-71.3133180709666,-25.0406649772828));
#7641=CARTESIAN_POINT('Ctrl Pts',(96.0484876780965,-72.815867803043,-26.1969766836168));
#7642=CARTESIAN_POINT('Ctrl Pts',(96.3556627102815,-73.3479105656041,-26.6619434126213));
#7643=CARTESIAN_POINT('Ctrl Pts',(96.6404043831399,-73.8410976100268,-27.1462229435002));
#7644=CARTESIAN_POINT('',(90.2740368873699,-62.8142256476982,-22.4770981687498));
#7645=CARTESIAN_POINT('',(80.9161858494699,-46.6059522003942,-22.4770981687498));
#7646=CARTESIAN_POINT('',(89.6459300880483,-61.7263127586936,-21.2270981687499));
#7647=CARTESIAN_POINT('Ctrl Pts',(89.6459300881262,-61.7263127588286,-21.2270981687499));
#7648=CARTESIAN_POINT('Ctrl Pts',(89.6459300881262,-61.7263127588286,-21.3811196402033));
#7649=CARTESIAN_POINT('Ctrl Pts',(89.6640236872156,-61.7576517917433,-21.5623682274278));
#7650=CARTESIAN_POINT('Ctrl Pts',(89.7231886799396,-61.8601285651707,-21.8472055246134));
#7651=CARTESIAN_POINT('Ctrl Pts',(89.7747966797852,-61.9495162429802,-22.0010973102916));
#7652=CARTESIAN_POINT('Ctrl Pts',(89.8843190507822,-62.1392145541125,-22.2194778316504));
#7653=CARTESIAN_POINT('Ctrl Pts',(89.9616797260453,-62.2732071741759,-22.3224735069791));
#7654=CARTESIAN_POINT('Ctrl Pts',(90.1050160850074,-62.5214730304703,-22.4408737523885));
#7655=CARTESIAN_POINT('Ctrl Pts',(90.1964012507074,-62.6797567805207,-22.4770981687498));
#7656=CARTESIAN_POINT('Ctrl Pts',(90.2740368873699,-62.8142256476982,-22.4770981687498));
#7657=CARTESIAN_POINT('',(89.6459300880483,-61.7263127586936,-11.4770981687498));
#7658=CARTESIAN_POINT('',(89.6459300881262,-61.7263127588286,-16.3520981687498));
#7659=CARTESIAN_POINT('',(82.5014129927117,-49.3516461540263,-11.4770981687499));
#7660=CARTESIAN_POINT('Origin',(79.3198962690699,-83.8410975435487,-11.4770981687498));
#7661=CARTESIAN_POINT('',(79.3351487961791,-83.8392800549084,-27.149939480046));
#7662=CARTESIAN_POINT('',(79.3198962690699,-83.8410975435487,-27.1458477915301));
#7663=CARTESIAN_POINT('Ctrl Pts',(79.3351487961791,-83.8392800549084,-27.149939480046));
#7664=CARTESIAN_POINT('Ctrl Pts',(79.330064946923,-83.8398858455558,-27.1485749592366));
#7665=CARTESIAN_POINT('Ctrl Pts',(79.3249809438625,-83.8404916545305,-27.1472111095485));
#7666=CARTESIAN_POINT('Ctrl Pts',(79.3198962690699,-83.8410975435487,-27.1458477915301));
#7667=CARTESIAN_POINT('',(79.3351487961791,-83.8392800549084,-11.4770981687498));
#7668=CARTESIAN_POINT('',(79.3351487961791,-83.8392800549084,-11.4770981687498));
#7669=CARTESIAN_POINT('',(79.3198962690699,-83.8410975435487,-11.4770981687498));
#7670=CARTESIAN_POINT('',(117.869630421648,-79.2475175154429,-11.4770981687498));
#7671=CARTESIAN_POINT('',(79.3198962690699,-83.8410975435487,-11.4770981687498));
#7672=CARTESIAN_POINT('Origin',(72.3256735436836,-71.7267484237267,-11.4770981687498));
#7673=CARTESIAN_POINT('',(72.9621647221461,-72.8291834833931,-22.4770981687498));
#7674=CARTESIAN_POINT('Ctrl Pts',(79.3198962690699,-83.8410975435487,-27.1458477915301));
#7675=CARTESIAN_POINT('Ctrl Pts',(79.0352163203532,-83.3480174084753,-26.6617004257644));
#7676=CARTESIAN_POINT('Ctrl Pts',(78.7281165541241,-82.8161050103739,-26.1968615619015));
#7677=CARTESIAN_POINT('Ctrl Pts',(77.8607030173264,-81.3137006934673,-25.0406587769942));
#7678=CARTESIAN_POINT('Ctrl Pts',(77.2742110680256,-80.2978668390482,-24.4274667629279));
#7679=CARTESIAN_POINT('Ctrl Pts',(76.15706979641,-78.3629213973778,-23.5041512868113));
#7680=CARTESIAN_POINT('Ctrl Pts',(75.5233358496154,-77.2652620030485,-23.1095915567002));
#7681=CARTESIAN_POINT('Ctrl Pts',(74.2285204355782,-75.0225759195126,-22.5960771603022));
#7682=CARTESIAN_POINT('Ctrl Pts',(73.5674413801711,-73.877553407728,-22.4770981687498));
#7683=CARTESIAN_POINT('Ctrl Pts',(72.9621647221461,-72.8291834833931,-22.4770981687498));
#7684=CARTESIAN_POINT('',(72.3256735436836,-71.7267484237267,-11.4770981687498));
#7685=CARTESIAN_POINT('',(61.6837935351392,-53.2944715608762,-11.4770981687499));
#7686=CARTESIAN_POINT('',(72.3256735436836,-71.7267484237267,-21.2270981687499));
#7687=CARTESIAN_POINT('',(72.3256735437939,-71.7267484239178,-16.3520981687499));
#7688=CARTESIAN_POINT('',(72.9537772090818,-72.8146558846167,-22.4770981687498));
#7689=CARTESIAN_POINT('Ctrl Pts',(72.9537772090818,-72.8146558846166,-22.4770981687498));
#7690=CARTESIAN_POINT('Ctrl Pts',(72.8761420792699,-72.6801878953301,-22.4770981687498));
#7691=CARTESIAN_POINT('Ctrl Pts',(72.7847575227214,-72.5219052003611,-22.4408738623817));
#7692=CARTESIAN_POINT('Ctrl Pts',(72.6414219834091,-72.2736407637419,-22.3224739487682));
#7693=CARTESIAN_POINT('Ctrl Pts',(72.5640617112452,-72.1396488418667,-22.219478422566));
#7694=CARTESIAN_POINT('Ctrl Pts',(72.4545397830388,-71.9499512976702,-22.0010981167015));
#7695=CARTESIAN_POINT('Ctrl Pts',(72.4029319688956,-71.8605639415066,-21.8472063003656));
#7696=CARTESIAN_POINT('Ctrl Pts',(72.3437671066573,-71.7580873940871,-21.5623687910517));
#7697=CARTESIAN_POINT('Ctrl Pts',(72.3256735437939,-71.7267484239178,-21.3811198871623));
#7698=CARTESIAN_POINT('Ctrl Pts',(72.3256735437939,-71.7267484239178,-21.2270981687499));
#7699=CARTESIAN_POINT('',(60.0985663918974,-50.5487776072442,-22.4770981687499));
#7700=CARTESIAN_POINT('Origin',(-16.958616952069,-83.828346059862,-11.4770981687498));
#7701=CARTESIAN_POINT('',(-16.9156854909132,-83.8383747876446,-27.1422240884482));
#7702=CARTESIAN_POINT('',(-16.958616952069,-83.828346059862,-27.1499394797771));
#7703=CARTESIAN_POINT('Ctrl Pts',(-16.9156854909132,-83.8383747876446,-27.1422240884482));
#7704=CARTESIAN_POINT('Ctrl Pts',(-16.9299977907379,-83.8350314549226,-27.1447923017451));
#7705=CARTESIAN_POINT('Ctrl Pts',(-16.9443081998849,-83.8316885638602,-27.1473640823144));
#7706=CARTESIAN_POINT('Ctrl Pts',(-16.958616952069,-83.828346059862,-27.1499394797771));
#7707=CARTESIAN_POINT('',(-16.9156854909132,-83.8383747876446,-11.4770981687498));
#7708=CARTESIAN_POINT('',(-16.9156854909132,-83.8383747876446,-11.4770981687498));
#7709=CARTESIAN_POINT('',(-16.958616952069,-83.828346059862,-11.4770981687498));
#7710=CARTESIAN_POINT('',(48.4810807258948,-99.1149656280412,-11.4770981687499));
#7711=CARTESIAN_POINT('',(-16.958616952069,-83.828346059862,-11.4770981687498));
#7712=CARTESIAN_POINT('Origin',(-16.9156854909132,-83.8383747876446,-11.4770981687498));
#7713=CARTESIAN_POINT('',(-10.5600726199074,-72.8301303818239,-22.4770981687498));
#7714=CARTESIAN_POINT('Ctrl Pts',(-10.5600726199074,-72.8301303818239,-22.4770981687499));
#7715=CARTESIAN_POINT('Ctrl Pts',(-11.1653509534295,-73.8785032082048,-22.4770981687499));
#7716=CARTESIAN_POINT('Ctrl Pts',(-11.8264318564733,-75.02352892019,-22.596077279706));
#7717=CARTESIAN_POINT('Ctrl Pts',(-13.1212509464288,-77.2662213706031,-23.1095924017098));
#7718=CARTESIAN_POINT('Ctrl Pts',(-13.7549867203944,-78.3638839296856,-23.5041527492583));
#7719=CARTESIAN_POINT('Ctrl Pts',(-14.872130503445,-80.2988337212888,-24.4274693127485));
#7720=CARTESIAN_POINT('Ctrl Pts',(-15.4586234433495,-81.3146692914839,-25.0406616069433));
#7721=CARTESIAN_POINT('Ctrl Pts',(-16.325239634994,-82.815692566074,-26.1958002241595));
#7722=CARTESIAN_POINT('Ctrl Pts',(-16.6316058251429,-83.3463343731333,-26.6593786180065));
#7723=CARTESIAN_POINT('Ctrl Pts',(-16.9156854909132,-83.8383747876446,-27.1422240884482));
#7724=CARTESIAN_POINT('',(-10.5516850879831,-72.8156027503808,-22.4770981687499));
#7725=CARTESIAN_POINT('',(24.1369620844995,-12.7331034018107,-22.4770981687499));
#7726=CARTESIAN_POINT('',(-9.92357999202579,-71.7276928116898,-21.2270981687499));
#7727=CARTESIAN_POINT('Ctrl Pts',(-9.92357999229008,-71.7276928121476,-21.2270981687499));
#7728=CARTESIAN_POINT('Ctrl Pts',(-9.92357999229008,-71.7276928121476,-21.3811197744447));
#7729=CARTESIAN_POINT('Ctrl Pts',(-9.94167357168785,-71.7590318109553,-21.5623685338013));
#7730=CARTESIAN_POINT('Ctrl Pts',(-10.0008384934827,-71.8615084615298,-21.8472059462951));
#7731=CARTESIAN_POINT('Ctrl Pts',(-10.0524463923845,-71.9508959644996,-22.0010977486382));
#7732=CARTESIAN_POINT('Ctrl Pts',(-10.1619685226902,-72.1405938587423,-22.2194781528591));
#7733=CARTESIAN_POINT('Ctrl Pts',(-10.2393289788372,-72.2745860992857,-22.322473747126));
#7734=CARTESIAN_POINT('Ctrl Pts',(-10.3826648922554,-72.5228511838752,-22.4408738121784));
#7735=CARTESIAN_POINT('Ctrl Pts',(-10.4740497268336,-72.681134360406,-22.4770981687499));
#7736=CARTESIAN_POINT('Ctrl Pts',(-10.5516850879831,-72.8156027503808,-22.4770981687499));
#7737=CARTESIAN_POINT('',(-9.92357999202578,-71.7276928116898,-11.4770981687498));
#7738=CARTESIAN_POINT('',(-9.92357999229007,-71.7276928121476,-16.3520981687499));
#7739=CARTESIAN_POINT('',(25.7221892277413,-9.9874094481786,-11.4770981687499));
#7740=CARTESIAN_POINT('Origin',(-82.3516263556689,29.5054452089053,-11.4770981687498));
#7741=CARTESIAN_POINT('',(-82.3662006640619,29.4356753248006,-27.1499394795944));
#7742=CARTESIAN_POINT('',(-82.3516263556689,29.5054452089053,-27.1427547259828));
#7743=CARTESIAN_POINT('Ctrl Pts',(-82.366200664062,29.4356753248006,-27.1499394795944));
#7744=CARTESIAN_POINT('Ctrl Pts',(-82.3613425090366,29.4589322028588,-27.1475369036709));
#7745=CARTESIAN_POINT('Ctrl Pts',(-82.3564844504957,29.4821886190286,-27.1451420151025));
#7746=CARTESIAN_POINT('Ctrl Pts',(-82.3516263556689,29.5054452089053,-27.1427547259828));
#7747=CARTESIAN_POINT('',(-82.366200664062,29.4356753248006,-11.4770981687498));
#7748=CARTESIAN_POINT('',(-82.366200664062,29.4356753248006,-11.4770981687498));
#7749=CARTESIAN_POINT('',(-82.3516263556689,29.5054452089053,-11.4770981687498));
#7750=CARTESIAN_POINT('',(-78.5958710121704,47.4849340446247,-11.4770981687499));
#7751=CARTESIAN_POINT('',(-82.3516263556689,29.5054452089053,-11.4770981687498));
#7752=CARTESIAN_POINT('Origin',(-68.3667209201432,29.5054452089053,-11.4770981687498));
#7753=CARTESIAN_POINT('',(-69.6397133581875,29.5054452089053,-22.4770981687499));
#7754=CARTESIAN_POINT('Ctrl Pts',(-82.3516263556689,29.5054452089053,-27.1427547259828));
#7755=CARTESIAN_POINT('Ctrl Pts',(-81.7832919944362,29.5054452089053,-26.659721595738));
#7756=CARTESIAN_POINT('Ctrl Pts',(-81.1703462495439,29.5054452089053,-26.1959616653955));
#7757=CARTESIAN_POINT('Ctrl Pts',(-79.4368770908144,29.5054452089053,-25.040668619048));
#7758=CARTESIAN_POINT('Ctrl Pts',(-78.2638863019303,29.5054452089053,-24.4274756307481));
#7759=CARTESIAN_POINT('Ctrl Pts',(-76.0295862900328,29.5054452089053,-23.504156372939));
#7760=CARTESIAN_POINT('Ctrl Pts',(-74.7621056872671,29.5054452089053,-23.1095944954904));
#7761=CARTESIAN_POINT('Ctrl Pts',(-72.1724492907634,29.5054452089053,-22.5960775755661));
#7762=CARTESIAN_POINT('Ctrl Pts',(-70.8502783284213,29.5054452089053,-22.4770981687499));
#7763=CARTESIAN_POINT('Ctrl Pts',(-69.6397133581875,29.5054452089053,-22.4770981687499));
#7764=CARTESIAN_POINT('',(-68.3667209201432,29.5054452089053,-11.4770981687498));
#7765=CARTESIAN_POINT('',(38.416637917192,29.5054452089053,-11.4770981687499));
#7766=CARTESIAN_POINT('',(-68.3667209201432,29.5054452089053,-21.2270981687499));
#7767=CARTESIAN_POINT('',(-68.3667209208906,29.5054452089053,-16.3520981687499));
#7768=CARTESIAN_POINT('',(-69.6229382008747,29.5054452089053,-22.4770981687499));
#7769=CARTESIAN_POINT('Ctrl Pts',(-69.6229382008747,29.5054452089053,-22.4770981687499));
#7770=CARTESIAN_POINT('Ctrl Pts',(-69.4676663321455,29.5054452089053,-22.4770981687499));
#7771=CARTESIAN_POINT('Ctrl Pts',(-69.2848952851672,29.5054452089053,-22.4408736877836));
#7772=CARTESIAN_POINT('Ctrl Pts',(-68.9982216043894,29.5054452089053,-22.3224732474924));
#7773=CARTESIAN_POINT('Ctrl Pts',(-68.843499780338,29.5054452089053,-22.2194774845737));
#7774=CARTESIAN_POINT('Ctrl Pts',(-68.6244545181927,29.5054452089053,-22.0010968366434));
#7775=CARTESIAN_POINT('Ctrl Pts',(-68.5212383003551,29.5054452089053,-21.8472050689725));
#7776=CARTESIAN_POINT('Ctrl Pts',(-68.4029081616245,29.5054452089053,-21.5623678963812));
#7777=CARTESIAN_POINT('Ctrl Pts',(-68.3667209208906,29.5054452089053,-21.3811194951511));
#7778=CARTESIAN_POINT('Ctrl Pts',(-68.3667209208906,29.5054452089053,-21.2270981687499));
#7779=CARTESIAN_POINT('',(32.0757293442248,29.5054452089053,-22.4770981687499));
#7780=CARTESIAN_POINT('Origin',(-34.1980322068871,112.876104511349,-11.4770981687498));
#7781=CARTESIAN_POINT('',(-34.2314774998961,112.846542383073,-27.1456538701358));
#7782=CARTESIAN_POINT('',(-34.1980322068871,112.876104511349,-27.149939479729));
#7783=CARTESIAN_POINT('Ctrl Pts',(-34.2314774998961,112.846542383073,-27.1456538701358));
#7784=CARTESIAN_POINT('Ctrl Pts',(-34.2203291576325,112.856396347395,-27.1470794506389));
#7785=CARTESIAN_POINT('Ctrl Pts',(-34.2091808591711,112.866250273001,-27.1485079683878));
#7786=CARTESIAN_POINT('Ctrl Pts',(-34.1980322068871,112.876104511349,-27.149939479729));
#7787=CARTESIAN_POINT('',(-34.2314774998961,112.846542383073,-11.4770981687498));
#7788=CARTESIAN_POINT('',(-34.2314774998961,112.846542383073,-11.4770981687498));
#7789=CARTESIAN_POINT('',(-34.1980322068871,112.876104511349,-11.4770981687498));
#7790=CARTESIAN_POINT('',(-7.00863049968477,136.908681555516,-11.4770981687499));
#7791=CARTESIAN_POINT('',(-34.1980322068871,112.876104511349,-11.4770981687498));
#7792=CARTESIAN_POINT('Origin',(-34.2314774998961,112.846542383073,-11.4770981687498));
#7793=CARTESIAN_POINT('',(-27.8738901993008,101.834878164887,-22.4770981687498));
#7794=CARTESIAN_POINT('Ctrl Pts',(-27.8738901993008,101.834878164887,-22.4770981687499));
#7795=CARTESIAN_POINT('Ctrl Pts',(-28.4791628684157,102.883241180227,-22.4770981687499));
#7796=CARTESIAN_POINT('Ctrl Pts',(-29.1402375250943,104.028256073191,-22.596076876032));
#7797=CARTESIAN_POINT('Ctrl Pts',(-30.4350441877539,106.270926998896,-23.1095895449509));
#7798=CARTESIAN_POINT('Ctrl Pts',(-31.0687737845432,107.368578858795,-23.5041478051048));
#7799=CARTESIAN_POINT('Ctrl Pts',(-32.1859090770974,109.303513944427,-24.4274606924693));
#7800=CARTESIAN_POINT('Ctrl Pts',(-32.7723986680275,110.319343714028,-25.0406520396203));
#7801=CARTESIAN_POINT('Ctrl Pts',(-33.6397680356801,111.821671527732,-26.1967991937192));
#7802=CARTESIAN_POINT('Ctrl Pts',(-33.9468292545331,112.353517159819,-26.6615734016371));
#7803=CARTESIAN_POINT('Ctrl Pts',(-34.2314774998961,112.846542383073,-27.1456538701358));
#7804=CARTESIAN_POINT('',(-27.8655027311373,101.820350643881,-22.4770981687499));
#7805=CARTESIAN_POINT('',(6.82234890346035,41.7392292073468,-22.4770981687499));
#7806=CARTESIAN_POINT('',(-27.2374024709642,100.732449081014,-21.2270981687499));
#7807=CARTESIAN_POINT('Ctrl Pts',(-27.2374024712609,100.732449081528,-21.2270981687499));
#7808=CARTESIAN_POINT('Ctrl Pts',(-27.2374024712609,100.732449081528,-21.3811201555137));
#7809=CARTESIAN_POINT('Ctrl Pts',(-27.2554959947602,100.763787983517,-21.5623694034987));
#7810=CARTESIAN_POINT('Ctrl Pts',(-27.3146607152099,100.866264285351,-21.8472071433161));
#7811=CARTESIAN_POINT('Ctrl Pts',(-27.3662683275651,100.955651292008,-22.0010989929648));
#7812=CARTESIAN_POINT('Ctrl Pts',(-27.475789774627,101.145348002838,-22.2194790646681));
#7813=CARTESIAN_POINT('Ctrl Pts',(-27.553149608776,101.279339166049,-22.3224744288257));
#7814=CARTESIAN_POINT('Ctrl Pts',(-27.6964842574429,101.527602060025,-22.4408739819027));
#7815=CARTESIAN_POINT('Ctrl Pts',(-27.7878681520774,101.685883608525,-22.4770981687499));
#7816=CARTESIAN_POINT('Ctrl Pts',(-27.8655027311373,101.820350643881,-22.4770981687499));
#7817=CARTESIAN_POINT('',(-27.2374024709642,100.732449081014,-11.4770981687498));
#7818=CARTESIAN_POINT('',(-27.2374024712609,100.732449081528,-16.3520981687499));
#7819=CARTESIAN_POINT('',(8.40757604670213,38.9935352537147,-11.4770981687499));
#7820=CARTESIAN_POINT('Origin',(-16.9109693858262,122.846542316595,-11.4770981687498));
#7821=CARTESIAN_POINT('',(-16.943738794742,122.835279072762,-27.1499394797771));
#7822=CARTESIAN_POINT('',(-16.9109693858262,122.846542316595,-27.1468445203216));
#7823=CARTESIAN_POINT('Ctrl Pts',(-16.943738794742,122.835279072762,-27.1499394797771));
#7824=CARTESIAN_POINT('Ctrl Pts',(-16.9328153332004,122.839033599161,-27.148906057508));
#7825=CARTESIAN_POINT('Ctrl Pts',(-16.9218923673263,122.842787955192,-27.1478744212691));
#7826=CARTESIAN_POINT('Ctrl Pts',(-16.9109693858262,122.846542316595,-27.1468445203216));
#7827=CARTESIAN_POINT('',(-16.943738794742,122.835279072762,-11.4770981687498));
#7828=CARTESIAN_POINT('',(-16.943738794742,122.835279072762,-11.4770981687498));
#7829=CARTESIAN_POINT('',(-16.9109693858262,122.846542316595,-11.4770981687498));
#7830=CARTESIAN_POINT('',(39.6963098619747,142.303151696602,-11.4770981687499));
#7831=CARTESIAN_POINT('',(-16.9109693858262,122.846542316595,-11.4770981687498));
#7832=CARTESIAN_POINT('Origin',(-9.91609593272195,110.731066103304,-11.4770981687498));
#7833=CARTESIAN_POINT('',(-10.5525937406451,111.833512645533,-22.4770981687498));
#7834=CARTESIAN_POINT('Ctrl Pts',(-16.9109693858262,122.846542316595,-27.1468445203216));
#7835=CARTESIAN_POINT('Ctrl Pts',(-16.6261252559881,122.353177811478,-26.6623445916401));
#7836=CARTESIAN_POINT('Ctrl Pts',(-16.3188251655059,121.820918441592,-26.1971645640363));
#7837=CARTESIAN_POINT('Ctrl Pts',(-15.45118934324,120.318129114961,-25.0406717218522));
#7838=CARTESIAN_POINT('Ctrl Pts',(-14.8646928626835,119.302287412176,-24.4274784264171));
#7839=CARTESIAN_POINT('Ctrl Pts',(-13.7475401031421,117.367322072835,-23.5041579763909));
#7840=CARTESIAN_POINT('Ctrl Pts',(-13.1137977984036,116.269648202122,-23.1095954219723));
#7841=CARTESIAN_POINT('Ctrl Pts',(-11.8189655697839,114.026932994875,-22.5960777064814));
#7842=CARTESIAN_POINT('Ctrl Pts',(-11.1578780628183,112.881895844562,-22.4770981687499));
#7843=CARTESIAN_POINT('Ctrl Pts',(-10.5525937406451,111.833512645533,-22.4770981687499));
#7844=CARTESIAN_POINT('',(-9.91609593272194,110.731066103304,-11.4770981687498));
#7845=CARTESIAN_POINT('',(29.2255208681337,42.93579711383,-11.4770981687499));
#7846=CARTESIAN_POINT('',(-9.91609593272194,110.731066103304,-21.2270981687499));
#7847=CARTESIAN_POINT('',(-9.91609593298623,110.731066103761,-16.3520981687499));
#7848=CARTESIAN_POINT('',(-10.54420614131,111.818984897331,-22.4770981687499));
#7849=CARTESIAN_POINT('Ctrl Pts',(-10.54420614131,111.818984897331,-22.4770981687499));
#7850=CARTESIAN_POINT('Ctrl Pts',(-10.4665699533008,111.684515075193,-22.4770981687499));
#7851=CARTESIAN_POINT('Ctrl Pts',(-10.3751841249722,111.526230177436,-22.4408736327397));
#7852=CARTESIAN_POINT('Ctrl Pts',(-10.231846874404,111.277962776835,-22.3224730264079));
#7853=CARTESIAN_POINT('Ctrl Pts',(-10.1544857606548,111.143969397291,-22.2194771888623));
#7854=CARTESIAN_POINT('Ctrl Pts',(-10.0449629079958,110.954270251896,-22.0010964330924));
#7855=CARTESIAN_POINT('Ctrl Pts',(-9.99335470614596,110.864882224205,-21.847204680764));
#7856=CARTESIAN_POINT('Ctrl Pts',(-9.93418957148171,110.762405204929,-21.5623676143277));
#7857=CARTESIAN_POINT('Ctrl Pts',(-9.91609593298623,110.731066103761,-21.3811193715658));
#7858=CARTESIAN_POINT('Ctrl Pts',(-9.91609593298623,110.731066103761,-21.2270981687499));
#7859=CARTESIAN_POINT('',(27.6402937248919,45.681491067462,-22.4770981687499));
#7860=CARTESIAN_POINT('Origin',(79.3257618166891,122.843651965051,-11.4770981687498));
#7861=CARTESIAN_POINT('',(79.324612374157,122.843819560691,-11.4770981687498));
#7862=CARTESIAN_POINT('',(79.324612374157,122.843819560691,-27.1496547791962));
#7863=CARTESIAN_POINT('',(79.324612374157,122.843819560691,-11.4770981687498));
#7864=CARTESIAN_POINT('',(79.3257618166891,122.843651965051,-11.4770981687498));
#7865=CARTESIAN_POINT('',(118.954460389982,117.065549161546,-11.4770981687498));
#7866=CARTESIAN_POINT('',(79.3257618166891,122.843651965051,-11.4770981687498));
#7867=CARTESIAN_POINT('Origin',(79.324612374157,122.843819560691,-11.4770981687498));
#7868=CARTESIAN_POINT('',(72.964658108581,111.828055638899,-22.4770981687498));
#7869=CARTESIAN_POINT('Ctrl Pts',(72.964658108581,111.828055638899,-22.4770981687498));
#7870=CARTESIAN_POINT('Ctrl Pts',(73.569932771552,112.876422107699,-22.4770981687498));
#7871=CARTESIAN_POINT('Ctrl Pts',(74.2310096269342,114.021440808929,-22.5960770181247));
#7872=CARTESIAN_POINT('Ctrl Pts',(75.5258206639684,116.264119311273,-23.1095905505248));
#7873=CARTESIAN_POINT('Ctrl Pts',(76.1595524351072,117.361774937256,-23.5041495454372));
#7874=CARTESIAN_POINT('Ctrl Pts',(77.2766907162954,119.296715199354,-24.4274637267902));
#7875=CARTESIAN_POINT('Ctrl Pts',(77.8631814860582,120.312547010753,-25.0406554072995));
#7876=CARTESIAN_POINT('Ctrl Pts',(78.7314324436032,121.816401782942,-26.1979760406078));
#7877=CARTESIAN_POINT('Ctrl Pts',(79.0393025869645,122.349648513377,-26.6641395940192));
#7878=CARTESIAN_POINT('Ctrl Pts',(79.324612374157,122.843819560691,-27.1496547791962));
#7879=CARTESIAN_POINT('',(72.9562706179738,111.813528079019,-22.4770981687498));
#7880=CARTESIAN_POINT('',(63.5992150125431,95.6066323611661,-22.4770981687499));
#7881=CARTESIAN_POINT('',(72.3281686557928,110.725623568188,-21.2270981687499));
#7882=CARTESIAN_POINT('Ctrl Pts',(72.3281686559031,110.725623568379,-21.2270981687499));
#7883=CARTESIAN_POINT('Ctrl Pts',(72.3281686559031,110.725623568379,-21.3811200213781));
#7884=CARTESIAN_POINT('Ctrl Pts',(72.3462621990786,110.756962504448,-21.5623690973668));
#7885=CARTESIAN_POINT('Ctrl Pts',(72.4054269904013,110.859438929038,-21.8472067219668));
#7886=CARTESIAN_POINT('Ctrl Pts',(72.4570347036203,110.948826110396,-22.0010985549642));
#7887=CARTESIAN_POINT('Ctrl Pts',(72.5665563911823,111.138523237784,-22.2194787437131));
#7888=CARTESIAN_POINT('Ctrl Pts',(72.643916444273,111.272514780213,-22.3224741888688));
#7889=CARTESIAN_POINT('Ctrl Pts',(72.7872515381287,111.520778445279,-22.4408739221601));
#7890=CARTESIAN_POINT('Ctrl Pts',(72.8786357636207,111.679060566841,-22.4770981687498));
#7891=CARTESIAN_POINT('Ctrl Pts',(72.9562706179738,111.813528079019,-22.4770981687498));
#7892=CARTESIAN_POINT('',(72.3281686557928,110.725623568188,-11.4770981687498));
#7893=CARTESIAN_POINT('',(72.3281686559031,110.725623568379,-16.3520981687499));
#7894=CARTESIAN_POINT('',(65.1844421557849,98.3523263147981,-11.4770981687499));
#7895=CARTESIAN_POINT('Origin',(-34.2361935282208,-73.8383747211665,-11.4770981687498));
#7896=CARTESIAN_POINT('',(-34.2055766103797,-73.8708201662683,-27.1499394797289));
#7897=CARTESIAN_POINT('',(-34.2361935282208,-73.8383747211665,-27.1422566480305));
#7898=CARTESIAN_POINT('Ctrl Pts',(-34.2055766103797,-73.8708201662683,-27.1499394797289));
#7899=CARTESIAN_POINT('Ctrl Pts',(-34.2157810400572,-73.8600062997448,-27.1473748817701));
#7900=CARTESIAN_POINT('Ctrl Pts',(-34.225986621553,-73.8491912126131,-27.1448139549656));
#7901=CARTESIAN_POINT('Ctrl Pts',(-34.2361935282208,-73.8383747211665,-27.1422566480305));
#7902=CARTESIAN_POINT('',(-34.2055766103797,-73.8708201662683,-11.4770981687498));
#7903=CARTESIAN_POINT('',(-34.2055766103797,-73.8708201662683,-11.4770981687498));
#7904=CARTESIAN_POINT('',(-34.2361935282208,-73.8383747211665,-11.4770981687498));
#7905=CARTESIAN_POINT('',(-15.2717752024742,-93.93540071411,-11.4770981687499));
#7906=CARTESIAN_POINT('',(-34.2361935282208,-73.8383747211665,-11.4770981687498));
#7907=CARTESIAN_POINT('Origin',(-27.2440661772004,-61.7276548962072,-11.4770981687498));
#7908=CARTESIAN_POINT('',(-27.8805590814552,-62.8300929450335,-22.4770981687498));
#7909=CARTESIAN_POINT('Ctrl Pts',(-34.2361935282208,-73.8383747211665,-27.1422566480305));
#7910=CARTESIAN_POINT('Ctrl Pts',(-33.9521084985797,-73.3463250161583,-26.6593997068621));
#7911=CARTESIAN_POINT('Ctrl Pts',(-33.6457357734827,-72.8156718902371,-26.1958102187246));
#7912=CARTESIAN_POINT('Ctrl Pts',(-32.779112293741,-71.3146359922922,-25.0406621465472));
#7913=CARTESIAN_POINT('Ctrl Pts',(-32.1926191649519,-70.2988000949395,-24.4274697989387));
#7914=CARTESIAN_POINT('Ctrl Pts',(-31.0754749030301,-68.363849473907,-23.5041530281121));
#7915=CARTESIAN_POINT('Ctrl Pts',(-30.441738780666,-67.2661863113807,-23.109592562833));
#7916=CARTESIAN_POINT('Ctrl Pts',(-29.1469189897995,-65.0234926469542,-22.5960773024734));
#7917=CARTESIAN_POINT('Ctrl Pts',(-28.4858377344551,-63.8784663247662,-22.4770981687499));
#7918=CARTESIAN_POINT('Ctrl Pts',(-27.8805590814552,-62.8300929450335,-22.4770981687499));
#7919=CARTESIAN_POINT('',(-27.2440661772004,-61.7276548962072,-11.4770981687498));
#7920=CARTESIAN_POINT('',(11.8977448467533,6.06795049754013,-11.4770981687499));
#7921=CARTESIAN_POINT('',(-27.2440661772004,-61.7276548962072,-21.2270981687499));
#7922=CARTESIAN_POINT('',(-27.2440661774971,-61.7276548967211,-16.3520981687499));
#7923=CARTESIAN_POINT('',(-27.8721715459347,-62.8155653073617,-22.4770981687499));
#7924=CARTESIAN_POINT('Ctrl Pts',(-27.8721715459347,-62.8155653073616,-22.4770981687499));
#7925=CARTESIAN_POINT('Ctrl Pts',(-27.7945361406746,-62.6810968409851,-22.4770981687499));
#7926=CARTESIAN_POINT('Ctrl Pts',(-27.7031512530826,-62.5228135726318,-22.4408738026058));
#7927=CARTESIAN_POINT('Ctrl Pts',(-27.5598152683313,-62.2745483644896,-22.3224737086776));
#7928=CARTESIAN_POINT('Ctrl Pts',(-27.482454777103,-62.1405560631837,-22.2194781014324));
#7929=CARTESIAN_POINT('Ctrl Pts',(-27.3729326082617,-61.9508581021955,-22.0010976784573));
#7930=CARTESIAN_POINT('Ctrl Pts',(-27.3213246931985,-61.8614705712331,-21.8472058787823));
#7931=CARTESIAN_POINT('Ctrl Pts',(-27.2621597600476,-61.7589939009895,-21.5623684847497));
#7932=CARTESIAN_POINT('Ctrl Pts',(-27.2440661774971,-61.7276548967211,-21.3811197529522));
#7933=CARTESIAN_POINT('Ctrl Pts',(-27.2440661774971,-61.7276548967211,-21.2270981687499));
#7934=CARTESIAN_POINT('',(10.3125177035115,3.32225654390807,-22.4770981687499));
#7935=CARTESIAN_POINT('Origin',(-82.3678373248488,9.58304972338835,-11.4770981687498));
#7936=CARTESIAN_POINT('',(-82.3516264324313,9.50544520890529,-27.1419397159991));
#7937=CARTESIAN_POINT('',(-82.3678373248488,9.58304972338835,-27.1499394795944));
#7938=CARTESIAN_POINT('Ctrl Pts',(-82.3516264324313,9.50544520890528,-27.1419397159991));
#7939=CARTESIAN_POINT('Ctrl Pts',(-82.357030051077,9.53131332218696,-27.1445968621282));
#7940=CARTESIAN_POINT('Ctrl Pts',(-82.3624336359367,9.55718127372875,-27.1472634170152));
#7941=CARTESIAN_POINT('Ctrl Pts',(-82.3678373248488,9.58304972338835,-27.1499394795944));
#7942=CARTESIAN_POINT('',(-82.3516264324313,9.50544520890529,-11.4770981687498));
#7943=CARTESIAN_POINT('',(-82.3516264324313,9.50544520890529,-11.4770981687498));
#7944=CARTESIAN_POINT('',(-82.3678373248488,9.58304972338835,-11.4770981687498));
#7945=CARTESIAN_POINT('',(-78.6028869373544,-8.44045813467453,-11.4770981687499));
#7946=CARTESIAN_POINT('',(-82.3678373248488,9.58304972338835,-11.4770981687498));
#7947=CARTESIAN_POINT('Origin',(-82.3516264324313,9.50544520890529,-11.4770981687498));
#7948=CARTESIAN_POINT('',(-69.6407933255146,9.50544520890529,-22.4770981687499));
#7949=CARTESIAN_POINT('Ctrl Pts',(-69.6407933255146,9.50544520890529,-22.4770981687499));
#7950=CARTESIAN_POINT('Ctrl Pts',(-70.8513423327929,9.50544520890529,-22.4770981687499));
#7951=CARTESIAN_POINT('Ctrl Pts',(-72.1734956921543,9.50544520890529,-22.5960770067699));
#7952=CARTESIAN_POINT('Ctrl Pts',(-74.7631170670979,9.50544520890529,-23.1095904701681));
#7953=CARTESIAN_POINT('Ctrl Pts',(-76.0305802618646,9.50544520890529,-23.504149406365));
#7954=CARTESIAN_POINT('Ctrl Pts',(-78.2648563465894,9.50544520890529,-24.4274634843136));
#7955=CARTESIAN_POINT('Ctrl Pts',(-79.4378376977108,9.50544520890529,-25.0406551381839));
#7956=CARTESIAN_POINT('Ctrl Pts',(-81.1709420079104,9.50544520890529,-26.195711510546));
#7957=CARTESIAN_POINT('Ctrl Pts',(-81.7835605943026,9.50544520890529,-26.6591937234773));
#7958=CARTESIAN_POINT('Ctrl Pts',(-82.3516264324313,9.50544520890529,-27.1419397159991));
#7959=CARTESIAN_POINT('',(-69.6240183478873,9.50544520890529,-22.4770981687499));
#7960=CARTESIAN_POINT('',(25.0832765880807,9.50544520890529,-22.4770981687499));
#7961=CARTESIAN_POINT('',(-68.367814695048,9.50544520890529,-21.2270981687499));
#7962=CARTESIAN_POINT('Ctrl Pts',(-68.3678146957954,9.50544520890529,-21.2270981687499));
#7963=CARTESIAN_POINT('Ctrl Pts',(-68.3678146957954,9.50544520890529,-21.3811200320971));
#7964=CARTESIAN_POINT('Ctrl Pts',(-68.4040017790017,9.50544520890529,-21.5623691218302));
#7965=CARTESIAN_POINT('Ctrl Pts',(-68.52233135032,9.50544520890529,-21.8472067556374));
#7966=CARTESIAN_POINT('Ctrl Pts',(-68.6255467606376,9.50544520890529,-22.0010985899655));
#7967=CARTESIAN_POINT('Ctrl Pts',(-68.8445900973242,9.50544520890529,-22.219478769361));
#7968=CARTESIAN_POINT('Ctrl Pts',(-68.9993101685137,9.50544520890529,-22.3224742080441));
#7969=CARTESIAN_POINT('Ctrl Pts',(-69.2859802850738,9.50544520890529,-22.4408739269342));
#7970=CARTESIAN_POINT('Ctrl Pts',(-69.4687486831792,9.50544520890529,-22.4770981687499));
#7971=CARTESIAN_POINT('Ctrl Pts',(-69.6240183478873,9.50544520890529,-22.4770981687499));
#7972=CARTESIAN_POINT('',(-68.367814695048,9.50544520890529,-11.4770981687498));
#7973=CARTESIAN_POINT('',(-68.3678146957954,9.50544520890529,-16.3520981687499));
#7974=CARTESIAN_POINT('',(31.4241851610479,9.50544520890529,-11.4770981687499));
#7975=CARTESIAN_POINT('Origin',(31.1999993022529,19.5,-41.9770981687499));
#7976=CARTESIAN_POINT('Origin',(31.1999993022529,19.5,-27.1499394799116));
#7977=CARTESIAN_POINT('Origin',(31.1999993022529,19.5,-22.4770981687498));
#7978=CARTESIAN_POINT('Origin',(31.1999993022529,19.5,-27.1499394799116));
#7979=CARTESIAN_POINT('Origin',(31.1999993022529,19.5,-22.4770981687498));
#7980=CARTESIAN_POINT('Origin',(31.1999993022529,19.5,-27.1499394799116));
#7981=CARTESIAN_POINT('Origin',(31.1999993022529,19.5,-22.4770981687498));
#7982=CARTESIAN_POINT('Origin',(31.1999993022529,19.5,-27.1499394799116));
#7983=CARTESIAN_POINT('Origin',(31.1999993022529,19.5,-22.4770981687498));
#7984=CARTESIAN_POINT('Origin',(31.1999993022529,19.5,-27.1499394799116));
#7985=CARTESIAN_POINT('',(132.534872782554,19.5,-22.4770981687498));
#7986=CARTESIAN_POINT('Origin',(31.1999993022529,19.5,-22.4770981687498));
#7987=CARTESIAN_POINT('',(150.56491570865,19.5,-34.5496119127462));
#7988=CARTESIAN_POINT('Origin',(132.534872782554,19.5,-41.9770981687499));
#7989=CARTESIAN_POINT('',(-88.1649171041445,19.5,-34.5496119127463));
#7990=CARTESIAN_POINT('Origin',(31.1999993022529,19.5,-34.5496119127462));
#7991=CARTESIAN_POINT('Origin',(31.1999993022529,19.5,-34.5496119127462));
#7992=CARTESIAN_POINT('Origin',(31.1999993022529,19.5,-22.4770981687498));
#7993=CARTESIAN_POINT('Origin',(31.1999993022529,19.5,-27.1499394799116));
#7994=CARTESIAN_POINT('Origin',(31.1999993022529,19.5,-22.4770981687498));
#7995=CARTESIAN_POINT('Origin',(132.518179608593,19.5,-22.4770981687498));
#7996=CARTESIAN_POINT('Origin',(31.1999993022529,19.5,-22.4770981687499));
#7997=CARTESIAN_POINT('Origin',(132.518179608593,19.5,-22.4770981687498));
#7998=CARTESIAN_POINT('Origin',(31.1999993022529,19.5,-22.4770981687499));
#7999=CARTESIAN_POINT('Origin',(132.518179608593,19.5,-22.4770981687498));
#8000=CARTESIAN_POINT('Origin',(31.1999993022529,19.5,-22.4770981687499));
#8001=CARTESIAN_POINT('Origin',(132.518179608593,19.5,-22.4770981687498));
#8002=CARTESIAN_POINT('Origin',(31.1999993022529,19.5,-22.4770981687499));
#8003=CARTESIAN_POINT('Origin',(132.518179608593,19.5,-22.4770981687498));
#8004=CARTESIAN_POINT('Origin',(31.1999993022529,19.5,-22.4770981687499));
#8005=CARTESIAN_POINT('Origin',(132.518179608593,19.5,-22.4770981687498));
#8006=CARTESIAN_POINT('Origin',(31.1999993022529,19.5,-22.4770981687499));
#8007=CARTESIAN_POINT('Origin',(31.1999993022529,19.5,-21.2270981687499));
#8008=CARTESIAN_POINT('Origin',(31.1999993022529,19.5,-21.2270981687499));
#8009=CARTESIAN_POINT('Origin',(31.1999993022529,19.5,-21.2270981687499));
#8010=CARTESIAN_POINT('Origin',(31.1999993022529,19.5,-21.2270981687499));
#8011=CARTESIAN_POINT('Origin',(31.1999993022529,19.5,-21.2270981687499));
#8012=CARTESIAN_POINT('Origin',(31.1999993022529,19.5,-21.2270981687499));
#8013=CARTESIAN_POINT('Origin',(31.1999993022529,19.5,-21.2270981687499));
#8014=CARTESIAN_POINT('Origin',(31.1999993022529,19.5,-21.2270981687499));
#8015=CARTESIAN_POINT('Origin',(31.1999993022529,19.5,-21.2270981687499));
#8016=CARTESIAN_POINT('Origin',(31.1999993022529,19.5,-21.2270981687499));
#8017=CARTESIAN_POINT('Origin',(31.1999993022529,19.5,-21.2270981687499));
#8018=CARTESIAN_POINT('Origin',(31.1999993022529,19.5,-21.2270981687499));
#8019=CARTESIAN_POINT('Origin',(145.199996754527,19.5,-11.4770981687498));
#8020=CARTESIAN_POINT('Origin',(31.1999993022529,19.5,-11.4770981687499));
#8021=CARTESIAN_POINT('Origin',(31.1999993022529,19.5,-11.4770981687499));
#8022=CARTESIAN_POINT('',(-18.9409452708848,111.298908489227,-11.4770981687498));
#8023=CARTESIAN_POINT('Origin',(-21.7909452708848,111.298908489227,-11.4770981687498));
#8024=CARTESIAN_POINT('Origin',(145.199996754527,19.5,-11.4770981687498));
#8025=CARTESIAN_POINT('',(-82.7999981500213,19.5,-11.4770981687499));
#8026=CARTESIAN_POINT('Origin',(31.1999993022529,19.5,-11.4770981687499));
#8027=CARTESIAN_POINT('Origin',(31.1999993022529,19.5,-11.4770981687499));
#8028=CARTESIAN_POINT('Origin',(31.1999993022529,19.5,-11.4770981687499));
#8029=CARTESIAN_POINT('',(-71.9410700500973,19.5054452089053,-11.4770981687498));
#8030=CARTESIAN_POINT('Origin',(-74.7910700500972,19.5054452089053,-11.4770981687498));
#8031=CARTESIAN_POINT('Origin',(145.199996754527,19.5,-11.4770981687498));
#8032=CARTESIAN_POINT('Origin',(31.1999993022529,19.5,-11.4770981687499));
#8033=CARTESIAN_POINT('Origin',(31.1999993022529,19.5,-11.4770981687499));
#8034=CARTESIAN_POINT('',(-18.9456613375906,-72.2907408937988,-11.4770981687498));
#8035=CARTESIAN_POINT('Origin',(-21.7956613375906,-72.2907408937988,-11.4770981687498));
#8036=CARTESIAN_POINT('Origin',(145.199996754527,19.5,-11.4770981687498));
#8037=CARTESIAN_POINT('Origin',(31.1999993022529,19.5,-11.4770981687499));
#8038=CARTESIAN_POINT('Origin',(31.1999993022529,19.5,-11.4770981687499));
#8039=CARTESIAN_POINT('',(87.0498721541285,-72.293463716181,-11.4770981687498));
#8040=CARTESIAN_POINT('Origin',(84.1998721541285,-72.293463716181,-11.4770981687498));
#8041=CARTESIAN_POINT('Origin',(145.199996754527,19.5,-11.4770981687498));
#8042=CARTESIAN_POINT('Origin',(31.1999993022529,19.5,-11.4770981687499));
#8043=CARTESIAN_POINT('Origin',(31.1999993022529,19.5,-11.4770981687499));
#8044=CARTESIAN_POINT('',(140.049996933341,19.499999564141,-11.4770981687498));
#8045=CARTESIAN_POINT('Origin',(137.199996933341,19.499999564141,-11.4770981687498));
#8046=CARTESIAN_POINT('Origin',(145.199996754527,19.5,-11.4770981687498));
#8047=CARTESIAN_POINT('Origin',(31.1999993022529,19.5,-11.4770981687499));
#8048=CARTESIAN_POINT('Origin',(31.1999993022529,19.5,-11.4770981687499));
#8049=CARTESIAN_POINT('',(87.0545882208344,111.296185666845,-11.4770981687498));
#8050=CARTESIAN_POINT('Origin',(84.2045882208344,111.296185666845,-11.4770981687498));
#8051=CARTESIAN_POINT('Origin',(31.1999993022529,19.5,-16.3520981687499));
#8052=CARTESIAN_POINT('Origin',(31.1999993022529,19.5,-16.3520981687499));
#8053=CARTESIAN_POINT('Origin',(31.1999993022529,19.5,-16.3520981687499));
#8054=CARTESIAN_POINT('Origin',(31.1999993022529,19.5,-16.3520981687499));
#8055=CARTESIAN_POINT('Origin',(31.1999993022529,19.5,-16.3520981687499));
#8056=CARTESIAN_POINT('Origin',(31.1999993022529,19.5,-16.3520981687499));
#8057=CARTESIAN_POINT('Origin',(-74.7910700500972,19.5054452089053,-11.4770981687498));
#8058=CARTESIAN_POINT('',(-71.9410700500973,19.5054452089053,-20.5770981687498));
#8059=CARTESIAN_POINT('',(-71.9410700500973,19.5054452089053,-11.4770981687498));
#8060=CARTESIAN_POINT('Origin',(-74.7910700500972,19.5054452089053,-20.5770981687498));
#8061=CARTESIAN_POINT('Origin',(-74.7910700500972,19.5054452089053,-20.5770981687498));
#8062=CARTESIAN_POINT('Origin',(137.199996933341,19.499999564141,-11.4770981687498));
#8063=CARTESIAN_POINT('',(140.049996933341,19.499999564141,-20.5770981687498));
#8064=CARTESIAN_POINT('',(140.049996933341,19.499999564141,-11.4770981687498));
#8065=CARTESIAN_POINT('Origin',(137.199996933341,19.499999564141,-20.5770981687498));
#8066=CARTESIAN_POINT('Origin',(137.199996933341,19.499999564141,-20.5770981687498));
#8067=CARTESIAN_POINT('Origin',(-21.7909452708848,111.298908489227,-11.4770981687498));
#8068=CARTESIAN_POINT('',(-18.9409452708848,111.298908489227,-20.5770981687498));
#8069=CARTESIAN_POINT('',(-18.9409452708848,111.298908489227,-11.4770981687498));
#8070=CARTESIAN_POINT('Origin',(-21.7909452708848,111.298908489227,-20.5770981687498));
#8071=CARTESIAN_POINT('Origin',(-21.7909452708848,111.298908489227,-20.5770981687498));
#8072=CARTESIAN_POINT('Origin',(-21.7956613375906,-72.2907408937988,-11.4770981687498));
#8073=CARTESIAN_POINT('',(-18.9456613375906,-72.2907408937988,-20.5770981687498));
#8074=CARTESIAN_POINT('',(-18.9456613375906,-72.2907408937988,-11.4770981687498));
#8075=CARTESIAN_POINT('Origin',(-21.7956613375906,-72.2907408937988,-20.5770981687498));
#8076=CARTESIAN_POINT('Origin',(-21.7956613375906,-72.2907408937988,-20.5770981687498));
#8077=CARTESIAN_POINT('Origin',(84.1998721541285,-72.293463716181,-11.4770981687498));
#8078=CARTESIAN_POINT('',(87.0498721541285,-72.293463716181,-20.5770981687498));
#8079=CARTESIAN_POINT('',(87.0498721541285,-72.293463716181,-11.4770981687498));
#8080=CARTESIAN_POINT('Origin',(84.1998721541285,-72.293463716181,-20.5770981687498));
#8081=CARTESIAN_POINT('Origin',(84.1998721541285,-72.293463716181,-20.5770981687498));
#8082=CARTESIAN_POINT('Origin',(84.2045882208344,111.296185666845,-11.4770981687498));
#8083=CARTESIAN_POINT('',(87.0545882208344,111.296185666845,-20.5770981687498));
#8084=CARTESIAN_POINT('',(87.0545882208344,111.296185666845,-11.4770981687498));
#8085=CARTESIAN_POINT('Origin',(84.2045882208344,111.296185666845,-20.5770981687498));
#8086=CARTESIAN_POINT('Origin',(84.2045882208344,111.296185666845,-20.5770981687498));
#8087=CARTESIAN_POINT('Origin',(31.1999993022529,19.5,-5.7385484138227));
#8088=CARTESIAN_POINT('',(-82.7999981500213,19.5,1.34110442306934E-6));
#8089=CARTESIAN_POINT('',(-82.7999981500213,19.5,-5.73854841382274));
#8090=CARTESIAN_POINT('Origin',(31.1999993022529,19.5,1.34110446525781E-6));
#8091=CARTESIAN_POINT('Origin',(31.1999993022529,19.5,1.34110446525781E-6));
#8092=CARTESIAN_POINT('Origin',(146.199996732175,19.5,0.));
#8093=CARTESIAN_POINT('Origin',(31.1999993022529,19.5,-4.21884749357559E-14));
#8094=CARTESIAN_POINT('Origin',(31.1999993022529,19.5,0.799999982117485));
#8095=CARTESIAN_POINT('',(-83.8000002734368,19.5,1.59999996423499));
#8096=CARTESIAN_POINT('Origin',(31.1999993022529,19.5,1.59999996423501));
#8097=CARTESIAN_POINT('Origin',(31.1999993022529,19.5,1.59999996423501));
#8098=CARTESIAN_POINT('Origin',(31.1999993022529,19.5,1.51648061559704));
#8099=CARTESIAN_POINT('',(146.299998653926,19.5,1.43296126695912));
#8100=CARTESIAN_POINT('',(-83.9000000494204,19.5,1.43296126695903));
#8101=CARTESIAN_POINT('Origin',(31.1999993022529,19.5,1.43296126695907));
#8102=CARTESIAN_POINT('Origin',(31.1999993022529,19.5,1.43296126695907));
#8103=CARTESIAN_POINT('',(-83.8500001614286,19.5,1.516480615597));
#8104=CARTESIAN_POINT('Ctrl Pts',(155.713032468341,19.5,-26.4764454999379));
#8105=CARTESIAN_POINT('Ctrl Pts',(155.713032468341,-105.013033166088,-26.4764454999379));
#8106=CARTESIAN_POINT('Ctrl Pts',(31.1999993022529,-105.013033166088,-26.4764454999379));
#8107=CARTESIAN_POINT('Ctrl Pts',(-93.313033863835,-105.013033166088,-26.476445499938));
#8108=CARTESIAN_POINT('Ctrl Pts',(-93.3130338638351,19.5,-26.476445499938));
#8109=CARTESIAN_POINT('Ctrl Pts',(-93.313033863835,144.013033166088,-26.476445499938));
#8110=CARTESIAN_POINT('Ctrl Pts',(31.1999993022529,144.013033166088,-26.4764454999379));
#8111=CARTESIAN_POINT('Ctrl Pts',(155.713032468341,144.013033166088,-26.4764454999379));
#8112=CARTESIAN_POINT('Ctrl Pts',(155.713032468341,19.5,-26.4764454999379));
#8113=CARTESIAN_POINT('Ctrl Pts',(155.708797174027,19.5,-26.4505808152917));
#8114=CARTESIAN_POINT('Ctrl Pts',(155.708797174027,-105.008797871774,-26.4505808152917));
#8115=CARTESIAN_POINT('Ctrl Pts',(31.1999993022529,-105.008797871774,-26.4505808152917));
#8116=CARTESIAN_POINT('Ctrl Pts',(-93.3087985695214,-105.008797871774,-26.4505808152918));
#8117=CARTESIAN_POINT('Ctrl Pts',(-93.3087985695214,19.5,-26.4505808152918));
#8118=CARTESIAN_POINT('Ctrl Pts',(-93.3087985695214,144.008797871774,-26.4505808152918));
#8119=CARTESIAN_POINT('Ctrl Pts',(31.1999993022529,144.008797871774,-26.4505808152917));
#8120=CARTESIAN_POINT('Ctrl Pts',(155.708797174027,144.008797871774,-26.4505808152917));
#8121=CARTESIAN_POINT('Ctrl Pts',(155.708797174027,19.5,-26.4505808152917));
#8122=CARTESIAN_POINT('Ctrl Pts',(155.582962395454,19.5,-25.6839737476609));
#8123=CARTESIAN_POINT('Ctrl Pts',(155.582962395454,-104.882963093201,-25.6839737476609));
#8124=CARTESIAN_POINT('Ctrl Pts',(31.1999993022529,-104.882963093201,-25.6839737476609));
#8125=CARTESIAN_POINT('Ctrl Pts',(-93.1829637909486,-104.882963093201,-25.683973747661));
#8126=CARTESIAN_POINT('Ctrl Pts',(-93.1829637909486,19.5,-25.683973747661));
#8127=CARTESIAN_POINT('Ctrl Pts',(-93.1829637909486,143.882963093202,-25.683973747661));
#8128=CARTESIAN_POINT('Ctrl Pts',(31.1999993022529,143.882963093202,-25.6839737476609));
#8129=CARTESIAN_POINT('Ctrl Pts',(155.582962395454,143.882963093201,-25.6839737476609));
#8130=CARTESIAN_POINT('Ctrl Pts',(155.582962395454,19.5,-25.6839737476609));
#8131=CARTESIAN_POINT('Ctrl Pts',(155.305435961914,19.5,-24.1011724762964));
#8132=CARTESIAN_POINT('Ctrl Pts',(155.305435961914,-104.605436659661,-24.1011724762964));
#8133=CARTESIAN_POINT('Ctrl Pts',(31.1999993022529,-104.605436659661,-24.1011724762964));
#8134=CARTESIAN_POINT('Ctrl Pts',(-92.905437357408,-104.605436659661,-24.1011724762965));
#8135=CARTESIAN_POINT('Ctrl Pts',(-92.905437357408,19.5,-24.1011724762965));
#8136=CARTESIAN_POINT('Ctrl Pts',(-92.905437357408,143.605436659661,-24.1011724762965));
#8137=CARTESIAN_POINT('Ctrl Pts',(31.1999993022529,143.605436659661,-24.1011724762964));
#8138=CARTESIAN_POINT('Ctrl Pts',(155.305435961914,143.605436659661,-24.1011724762964));
#8139=CARTESIAN_POINT('Ctrl Pts',(155.305435961914,19.5,-24.1011724762964));
#8140=CARTESIAN_POINT('Ctrl Pts',(154.802370823128,19.5,-21.537654886376));
#8141=CARTESIAN_POINT('Ctrl Pts',(154.802370823128,-104.102371520875,-21.537654886376));
#8142=CARTESIAN_POINT('Ctrl Pts',(31.1999993022529,-104.102371520875,-21.537654886376));
#8143=CARTESIAN_POINT('Ctrl Pts',(-92.402372218622,-104.102371520875,-21.5376548863761));
#8144=CARTESIAN_POINT('Ctrl Pts',(-92.402372218622,19.5,-21.5376548863761));
#8145=CARTESIAN_POINT('Ctrl Pts',(-92.4023722186219,143.102371520875,-21.5376548863761));
#8146=CARTESIAN_POINT('Ctrl Pts',(31.1999993022529,143.102371520875,-21.537654886376));
#8147=CARTESIAN_POINT('Ctrl Pts',(154.802370823128,143.102371520875,-21.537654886376));
#8148=CARTESIAN_POINT('Ctrl Pts',(154.802370823128,19.5,-21.537654886376));
#8149=CARTESIAN_POINT('Ctrl Pts',(153.952986431318,19.5,-17.8114067928314));
#8150=CARTESIAN_POINT('Ctrl Pts',(153.952986431318,-103.252987129065,-17.8114067928314));
#8151=CARTESIAN_POINT('Ctrl Pts',(31.1999993022529,-103.252987129065,-17.8114067928314));
#8152=CARTESIAN_POINT('Ctrl Pts',(-91.5529878268125,-103.252987129065,-17.8114067928315));
#8153=CARTESIAN_POINT('Ctrl Pts',(-91.5529878268125,19.5,-17.8114067928315));
#8154=CARTESIAN_POINT('Ctrl Pts',(-91.5529878268125,142.252987129065,-17.8114067928315));
#8155=CARTESIAN_POINT('Ctrl Pts',(31.1999993022529,142.252987129065,-17.8114067928314));
#8156=CARTESIAN_POINT('Ctrl Pts',(153.952986431318,142.252987129065,-17.8114067928314));
#8157=CARTESIAN_POINT('Ctrl Pts',(153.952986431318,19.5,-17.8114067928314));
#8158=CARTESIAN_POINT('Ctrl Pts',(152.590504483119,19.5,-12.9020358313146));
#8159=CARTESIAN_POINT('Ctrl Pts',(152.590504483119,-101.890505180866,-12.9020358313146));
#8160=CARTESIAN_POINT('Ctrl Pts',(31.1999993022529,-101.890505180866,-12.9020358313147));
#8161=CARTESIAN_POINT('Ctrl Pts',(-90.1905058786134,-101.890505180866,-12.9020358313147));
#8162=CARTESIAN_POINT('Ctrl Pts',(-90.1905058786134,19.5,-12.9020358313147));
#8163=CARTESIAN_POINT('Ctrl Pts',(-90.1905058786134,140.890505180866,-12.9020358313147));
#8164=CARTESIAN_POINT('Ctrl Pts',(31.1999993022529,140.890505180866,-12.9020358313147));
#8165=CARTESIAN_POINT('Ctrl Pts',(152.590504483119,140.890505180866,-12.9020358313146));
#8166=CARTESIAN_POINT('Ctrl Pts',(152.590504483119,19.5,-12.9020358313146));
#8167=CARTESIAN_POINT('Ctrl Pts',(150.895592367146,19.5,-7.92379540634103));
#8168=CARTESIAN_POINT('Ctrl Pts',(150.895592367146,-100.195593064893,-7.92379540634103));
#8169=CARTESIAN_POINT('Ctrl Pts',(31.1999993022529,-100.195593064893,-7.92379540634108));
#8170=CARTESIAN_POINT('Ctrl Pts',(-88.49559376264,-100.195593064893,-7.92379540634112));
#8171=CARTESIAN_POINT('Ctrl Pts',(-88.49559376264,19.5,-7.92379540634112));
#8172=CARTESIAN_POINT('Ctrl Pts',(-88.4955937626399,139.195593064893,-7.92379540634112));
#8173=CARTESIAN_POINT('Ctrl Pts',(31.1999993022529,139.195593064893,-7.92379540634108));
#8174=CARTESIAN_POINT('Ctrl Pts',(150.895592367146,139.195593064893,-7.92379540634103));
#8175=CARTESIAN_POINT('Ctrl Pts',(150.895592367146,19.5,-7.92379540634103));
#8176=CARTESIAN_POINT('Ctrl Pts',(149.251747360809,19.5,-4.04191891082534));
#8177=CARTESIAN_POINT('Ctrl Pts',(149.251747360809,-98.5517480585564,-4.04191891082534));
#8178=CARTESIAN_POINT('Ctrl Pts',(31.1999993022529,-98.5517480585564,-4.04191891082538));
#8179=CARTESIAN_POINT('Ctrl Pts',(-86.8517487563035,-98.5517480585563,-4.04191891082542));
#8180=CARTESIAN_POINT('Ctrl Pts',(-86.8517487563035,19.5,-4.04191891082542));
#8181=CARTESIAN_POINT('Ctrl Pts',(-86.8517487563035,137.551748058556,-4.04191891082542));
#8182=CARTESIAN_POINT('Ctrl Pts',(31.1999993022529,137.551748058556,-4.04191891082538));
#8183=CARTESIAN_POINT('Ctrl Pts',(149.251747360809,137.551748058556,-4.04191891082534));
#8184=CARTESIAN_POINT('Ctrl Pts',(149.251747360809,19.5,-4.04191891082534));
#8185=CARTESIAN_POINT('Ctrl Pts',(147.845098387771,19.5,-1.25079695715853));
#8186=CARTESIAN_POINT('Ctrl Pts',(147.845098387771,-97.1450990855186,-1.25079695715853));
#8187=CARTESIAN_POINT('Ctrl Pts',(31.1999993022529,-97.1450990855186,-1.25079695715857));
#8188=CARTESIAN_POINT('Ctrl Pts',(-85.4450997832657,-97.1450990855185,-1.25079695715861));
#8189=CARTESIAN_POINT('Ctrl Pts',(-85.4450997832657,19.5,-1.25079695715861));
#8190=CARTESIAN_POINT('Ctrl Pts',(-85.4450997832656,136.145099085519,-1.25079695715861));
#8191=CARTESIAN_POINT('Ctrl Pts',(31.1999993022529,136.145099085519,-1.25079695715857));
#8192=CARTESIAN_POINT('Ctrl Pts',(147.845098387771,136.145099085519,-1.25079695715853));
#8193=CARTESIAN_POINT('Ctrl Pts',(147.845098387771,19.5,-1.25079695715853));
#8194=CARTESIAN_POINT('Ctrl Pts',(146.828218261233,19.5,0.548601113032422));
#8195=CARTESIAN_POINT('Ctrl Pts',(146.828218261233,-96.12821895898,0.548601113032422));
#8196=CARTESIAN_POINT('Ctrl Pts',(31.1999993022529,-96.12821895898,0.548601113032381));
#8197=CARTESIAN_POINT('Ctrl Pts',(-84.4282196567272,-96.12821895898,0.548601113032339));
#8198=CARTESIAN_POINT('Ctrl Pts',(-84.4282196567272,19.5,0.548601113032339));
#8199=CARTESIAN_POINT('Ctrl Pts',(-84.4282196567271,135.12821895898,0.548601113032339));
#8200=CARTESIAN_POINT('Ctrl Pts',(31.1999993022529,135.12821895898,0.548601113032381));
#8201=CARTESIAN_POINT('Ctrl Pts',(146.828218261233,135.12821895898,0.548601113032422));
#8202=CARTESIAN_POINT('Ctrl Pts',(146.828218261233,19.5,0.548601113032422));
#8203=CARTESIAN_POINT('Ctrl Pts',(146.299998653926,19.5,1.43296126695912));
#8204=CARTESIAN_POINT('Ctrl Pts',(146.299998653926,-95.5999993516733,1.43296126695912));
#8205=CARTESIAN_POINT('Ctrl Pts',(31.1999993022529,-95.5999993516733,1.43296126695907));
#8206=CARTESIAN_POINT('Ctrl Pts',(-83.9000000494204,-95.5999993516733,1.43296126695903));
#8207=CARTESIAN_POINT('Ctrl Pts',(-83.9000000494204,19.5,1.43296126695903));
#8208=CARTESIAN_POINT('Ctrl Pts',(-83.9000000494204,134.599999351673,1.43296126695903));
#8209=CARTESIAN_POINT('Ctrl Pts',(31.1999993022529,134.599999351673,1.43296126695907));
#8210=CARTESIAN_POINT('Ctrl Pts',(146.299998653926,134.599999351673,1.43296126695912));
#8211=CARTESIAN_POINT('Ctrl Pts',(146.299998653926,19.5,1.43296126695912));
#8212=CARTESIAN_POINT('',(155.713032468341,19.5,-26.4764454999379));
#8213=CARTESIAN_POINT('Ctrl Pts',(155.713032468341,19.5,-26.4764454999379));
#8214=CARTESIAN_POINT('Ctrl Pts',(155.708797174027,19.5,-26.4505808152917));
#8215=CARTESIAN_POINT('Ctrl Pts',(155.582962395454,19.5,-25.6839737476609));
#8216=CARTESIAN_POINT('Ctrl Pts',(155.305435961914,19.5,-24.1011724762964));
#8217=CARTESIAN_POINT('Ctrl Pts',(154.802370823128,19.5,-21.537654886376));
#8218=CARTESIAN_POINT('Ctrl Pts',(153.952986431318,19.5,-17.8114067928314));
#8219=CARTESIAN_POINT('Ctrl Pts',(152.590504483119,19.5,-12.9020358313146));
#8220=CARTESIAN_POINT('Ctrl Pts',(150.895592367146,19.5,-7.92379540634103));
#8221=CARTESIAN_POINT('Ctrl Pts',(149.251747360809,19.5,-4.04191891082534));
#8222=CARTESIAN_POINT('Ctrl Pts',(147.845098387771,19.5,-1.25079695715853));
#8223=CARTESIAN_POINT('Ctrl Pts',(146.828218261233,19.5,0.548601113032422));
#8224=CARTESIAN_POINT('Ctrl Pts',(146.299998653926,19.5,1.43296126695912));
#8225=CARTESIAN_POINT('Origin',(31.1999993022529,19.5,-26.4764454999379));
#8226=CARTESIAN_POINT('Ctrl Pts',(155.714928684824,19.5,-26.4880306205087));
#8227=CARTESIAN_POINT('Ctrl Pts',(155.714928684824,-105.014929382571,-26.4880306205087));
#8228=CARTESIAN_POINT('Ctrl Pts',(31.1999993022529,-105.014929382571,-26.4880306205087));
#8229=CARTESIAN_POINT('Ctrl Pts',(-93.3149300803181,-105.014929382571,-26.4880306205088));
#8230=CARTESIAN_POINT('Ctrl Pts',(-93.3149300803182,19.5,-26.4880306205088));
#8231=CARTESIAN_POINT('Ctrl Pts',(-93.3149300803181,144.014929382571,-26.4880306205088));
#8232=CARTESIAN_POINT('Ctrl Pts',(31.1999993022529,144.014929382571,-26.4880306205087));
#8233=CARTESIAN_POINT('Ctrl Pts',(155.714928684824,144.014929382571,-26.4880306205087));
#8234=CARTESIAN_POINT('Ctrl Pts',(155.714928684824,19.5,-26.4880306205087));
#8235=CARTESIAN_POINT('Ctrl Pts',(155.714549722325,19.5,-26.4857143030584));
#8236=CARTESIAN_POINT('Ctrl Pts',(155.714549722325,-105.014550420072,-26.4857143030584));
#8237=CARTESIAN_POINT('Ctrl Pts',(31.1999993022529,-105.014550420072,-26.4857143030584));
#8238=CARTESIAN_POINT('Ctrl Pts',(-93.3145511178194,-105.014550420072,-26.4857143030585));
#8239=CARTESIAN_POINT('Ctrl Pts',(-93.3145511178195,19.5,-26.4857143030585));
#8240=CARTESIAN_POINT('Ctrl Pts',(-93.3145511178194,144.014550420072,-26.4857143030585));
#8241=CARTESIAN_POINT('Ctrl Pts',(31.1999993022529,144.014550420072,-26.4857143030584));
#8242=CARTESIAN_POINT('Ctrl Pts',(155.714549722325,144.014550420072,-26.4857143030584));
#8243=CARTESIAN_POINT('Ctrl Pts',(155.714549722325,19.5,-26.4857143030584));
#8244=CARTESIAN_POINT('Ctrl Pts',(155.714170619432,19.5,-26.4833976321878));
#8245=CARTESIAN_POINT('Ctrl Pts',(155.714170619432,-105.014171317179,-26.4833976321878));
#8246=CARTESIAN_POINT('Ctrl Pts',(31.1999993022529,-105.014171317179,-26.4833976321879));
#8247=CARTESIAN_POINT('Ctrl Pts',(-93.3141720149259,-105.014171317179,-26.4833976321879));
#8248=CARTESIAN_POINT('Ctrl Pts',(-93.314172014926,19.5,-26.4833976321879));
#8249=CARTESIAN_POINT('Ctrl Pts',(-93.3141720149259,144.014171317179,-26.4833976321879));
#8250=CARTESIAN_POINT('Ctrl Pts',(31.1999993022529,144.014171317179,-26.4833976321879));
#8251=CARTESIAN_POINT('Ctrl Pts',(155.714170619432,144.014171317179,-26.4833976321878));
#8252=CARTESIAN_POINT('Ctrl Pts',(155.714170619432,19.5,-26.4833976321878));
#8253=CARTESIAN_POINT('Ctrl Pts',(155.713791376139,19.5,-26.4810806079853));
#8254=CARTESIAN_POINT('Ctrl Pts',(155.713791376139,-105.013792073886,-26.4810806079853));
#8255=CARTESIAN_POINT('Ctrl Pts',(31.1999993022529,-105.013792073886,-26.4810806079853));
#8256=CARTESIAN_POINT('Ctrl Pts',(-93.3137927716335,-105.013792073886,-26.4810806079854));
#8257=CARTESIAN_POINT('Ctrl Pts',(-93.3137927716335,19.5,-26.4810806079854));
#8258=CARTESIAN_POINT('Ctrl Pts',(-93.3137927716335,144.013792073886,-26.4810806079854));
#8259=CARTESIAN_POINT('Ctrl Pts',(31.1999993022529,144.013792073886,-26.4810806079853));
#8260=CARTESIAN_POINT('Ctrl Pts',(155.713791376139,144.013792073886,-26.4810806079853));
#8261=CARTESIAN_POINT('Ctrl Pts',(155.713791376139,19.5,-26.4810806079853));
#8262=CARTESIAN_POINT('Ctrl Pts',(155.713411992444,19.5,-26.4787632305392));
#8263=CARTESIAN_POINT('Ctrl Pts',(155.713411992444,-105.013412690191,-26.4787632305392));
#8264=CARTESIAN_POINT('Ctrl Pts',(31.1999993022529,-105.013412690191,-26.4787632305392));
#8265=CARTESIAN_POINT('Ctrl Pts',(-93.3134133879379,-105.013412690191,-26.4787632305392));
#8266=CARTESIAN_POINT('Ctrl Pts',(-93.3134133879379,19.5,-26.4787632305392));
#8267=CARTESIAN_POINT('Ctrl Pts',(-93.3134133879379,144.013412690191,-26.4787632305392));
#8268=CARTESIAN_POINT('Ctrl Pts',(31.1999993022529,144.013412690191,-26.4787632305392));
#8269=CARTESIAN_POINT('Ctrl Pts',(155.713411992444,144.013412690191,-26.4787632305392));
#8270=CARTESIAN_POINT('Ctrl Pts',(155.713411992444,19.5,-26.4787632305392));
#8271=CARTESIAN_POINT('Ctrl Pts',(155.713032468341,19.5,-26.4764454999379));
#8272=CARTESIAN_POINT('Ctrl Pts',(155.713032468341,-105.013033166088,-26.4764454999379));
#8273=CARTESIAN_POINT('Ctrl Pts',(31.1999993022529,-105.013033166088,-26.4764454999379));
#8274=CARTESIAN_POINT('Ctrl Pts',(-93.313033863835,-105.013033166088,-26.476445499938));
#8275=CARTESIAN_POINT('Ctrl Pts',(-93.3130338638351,19.5,-26.476445499938));
#8276=CARTESIAN_POINT('Ctrl Pts',(-93.313033863835,144.013033166088,-26.476445499938));
#8277=CARTESIAN_POINT('Ctrl Pts',(31.1999993022529,144.013033166088,-26.4764454999379));
#8278=CARTESIAN_POINT('Ctrl Pts',(155.713032468341,144.013033166088,-26.4764454999379));
#8279=CARTESIAN_POINT('Ctrl Pts',(155.713032468341,19.5,-26.4764454999379));
#8280=CARTESIAN_POINT('',(155.714928684824,19.5,-26.4880306205087));
#8281=CARTESIAN_POINT('Ctrl Pts',(155.714928684824,19.5,-26.4880306205087));
#8282=CARTESIAN_POINT('Ctrl Pts',(155.714549722325,19.5,-26.4857143030584));
#8283=CARTESIAN_POINT('Ctrl Pts',(155.714170619432,19.5,-26.4833976321878));
#8284=CARTESIAN_POINT('Ctrl Pts',(155.713791376139,19.5,-26.4810806079853));
#8285=CARTESIAN_POINT('Ctrl Pts',(155.713411992444,19.5,-26.4787632305391));
#8286=CARTESIAN_POINT('Ctrl Pts',(155.713032468341,19.5,-26.4764454999379));
#8287=CARTESIAN_POINT('Origin',(31.1999993022529,19.5,-26.4880306205087));
#8288=CARTESIAN_POINT('Origin',(31.1999993022529,19.5,-30.8799367507941));
#8289=CARTESIAN_POINT('Origin',(128.821179359486,19.5,-30.879936750794));
#8290=CARTESIAN_POINT('Origin',(31.1999967335923,19.5,-61.6000000000001));
#8291=CARTESIAN_POINT('Origin',(31.1999993022529,19.5,-56.7317480422246));
#8292=CARTESIAN_POINT('Ctrl Pts',(150.800842900269,19.5,-43.9797695127144));
#8293=CARTESIAN_POINT('Ctrl Pts',(150.800842900269,-100.100843598016,-43.9797695127144));
#8294=CARTESIAN_POINT('Ctrl Pts',(31.1999993022529,-100.100843598016,-43.9797695127144));
#8295=CARTESIAN_POINT('Ctrl Pts',(-88.4008442957635,-100.100843598016,-43.9797695127145));
#8296=CARTESIAN_POINT('Ctrl Pts',(-88.4008442957635,19.5,-43.9797695127145));
#8297=CARTESIAN_POINT('Ctrl Pts',(-88.4008442957635,139.100843598016,-43.9797695127145));
#8298=CARTESIAN_POINT('Ctrl Pts',(31.1999993022529,139.100843598016,-43.9797695127144));
#8299=CARTESIAN_POINT('Ctrl Pts',(150.800842900269,139.100843598016,-43.9797695127144));
#8300=CARTESIAN_POINT('Ctrl Pts',(150.800842900269,19.5,-43.9797695127144));
#8301=CARTESIAN_POINT('Ctrl Pts',(150.764144282353,19.5,-44.1926135043038));
#8302=CARTESIAN_POINT('Ctrl Pts',(150.764144282353,-100.0641449801,-44.1926135043038));
#8303=CARTESIAN_POINT('Ctrl Pts',(31.1999993022529,-100.0641449801,-44.1926135043039));
#8304=CARTESIAN_POINT('Ctrl Pts',(-88.3641456778474,-100.0641449801,-44.1926135043039));
#8305=CARTESIAN_POINT('Ctrl Pts',(-88.3641456778474,19.5,-44.1926135043039));
#8306=CARTESIAN_POINT('Ctrl Pts',(-88.3641456778473,139.0641449801,-44.1926135043039));
#8307=CARTESIAN_POINT('Ctrl Pts',(31.1999993022529,139.0641449801,-44.1926135043039));
#8308=CARTESIAN_POINT('Ctrl Pts',(150.764144282353,139.0641449801,-44.1926135043038));
#8309=CARTESIAN_POINT('Ctrl Pts',(150.764144282353,19.5,-44.1926135043038));
#8310=CARTESIAN_POINT('Ctrl Pts',(150.694751333775,19.5,-44.591389567784));
#8311=CARTESIAN_POINT('Ctrl Pts',(150.694751333775,-99.9947520315217,-44.591389567784));
#8312=CARTESIAN_POINT('Ctrl Pts',(31.1999993022529,-99.9947520315217,-44.5913895677841));
#8313=CARTESIAN_POINT('Ctrl Pts',(-88.2947527292688,-99.9947520315217,-44.5913895677841));
#8314=CARTESIAN_POINT('Ctrl Pts',(-88.2947527292688,19.5,-44.5913895677841));
#8315=CARTESIAN_POINT('Ctrl Pts',(-88.2947527292688,138.994752031522,-44.5913895677841));
#8316=CARTESIAN_POINT('Ctrl Pts',(31.1999993022529,138.994752031522,-44.5913895677841));
#8317=CARTESIAN_POINT('Ctrl Pts',(150.694751333775,138.994752031522,-44.591389567784));
#8318=CARTESIAN_POINT('Ctrl Pts',(150.694751333775,19.5,-44.591389567784));
#8319=CARTESIAN_POINT('Ctrl Pts',(150.602663966053,19.5,-45.1088905327606));
#8320=CARTESIAN_POINT('Ctrl Pts',(150.602663966053,-99.9026646638001,-45.1088905327606));
#8321=CARTESIAN_POINT('Ctrl Pts',(31.1999993022529,-99.9026646638001,-45.1088905327606));
#8322=CARTESIAN_POINT('Ctrl Pts',(-88.2026653615472,-99.9026646638001,-45.1088905327606));
#8323=CARTESIAN_POINT('Ctrl Pts',(-88.2026653615472,19.5,-45.1088905327606));
#8324=CARTESIAN_POINT('Ctrl Pts',(-88.2026653615472,138.9026646638,-45.1088905327606));
#8325=CARTESIAN_POINT('Ctrl Pts',(31.1999993022529,138.9026646638,-45.1088905327606));
#8326=CARTESIAN_POINT('Ctrl Pts',(150.602663966053,138.9026646638,-45.1088905327606));
#8327=CARTESIAN_POINT('Ctrl Pts',(150.602663966053,19.5,-45.1088905327606));
#8328=CARTESIAN_POINT('Ctrl Pts',(150.500573592886,19.5,-45.6598202441446));
#8329=CARTESIAN_POINT('Ctrl Pts',(150.500573592886,-99.8005742906332,-45.6598202441446));
#8330=CARTESIAN_POINT('Ctrl Pts',(31.1999993022529,-99.8005742906332,-45.6598202441446));
#8331=CARTESIAN_POINT('Ctrl Pts',(-88.1005749883803,-99.8005742906332,-45.6598202441446));
#8332=CARTESIAN_POINT('Ctrl Pts',(-88.1005749883803,19.5,-45.6598202441446));
#8333=CARTESIAN_POINT('Ctrl Pts',(-88.1005749883803,138.800574290633,-45.6598202441446));
#8334=CARTESIAN_POINT('Ctrl Pts',(31.1999993022529,138.800574290633,-45.6598202441446));
#8335=CARTESIAN_POINT('Ctrl Pts',(150.500573592886,138.800574290633,-45.6598202441446));
#8336=CARTESIAN_POINT('Ctrl Pts',(150.500573592886,19.5,-45.6598202441446));
#8337=CARTESIAN_POINT('Ctrl Pts',(150.395917501749,19.5,-46.1941943549714));
#8338=CARTESIAN_POINT('Ctrl Pts',(150.395917501749,-99.6959181994962,-46.1941943549714));
#8339=CARTESIAN_POINT('Ctrl Pts',(31.1999993022529,-99.6959181994962,-46.1941943549715));
#8340=CARTESIAN_POINT('Ctrl Pts',(-87.9959188972433,-99.6959181994962,-46.1941943549715));
#8341=CARTESIAN_POINT('Ctrl Pts',(-87.9959188972433,19.5,-46.1941943549715));
#8342=CARTESIAN_POINT('Ctrl Pts',(-87.9959188972433,138.695918199496,-46.1941943549715));
#8343=CARTESIAN_POINT('Ctrl Pts',(31.1999993022529,138.695918199496,-46.1941943549715));
#8344=CARTESIAN_POINT('Ctrl Pts',(150.395917501749,138.695918199496,-46.1941943549714));
#8345=CARTESIAN_POINT('Ctrl Pts',(150.395917501749,19.5,-46.1941943549714));
#8346=CARTESIAN_POINT('Ctrl Pts',(150.323459013472,19.5,-46.5459747904262));
#8347=CARTESIAN_POINT('Ctrl Pts',(150.323459013472,-99.6234597112186,-46.5459747904262));
#8348=CARTESIAN_POINT('Ctrl Pts',(31.1999993022529,-99.6234597112186,-46.5459747904262));
#8349=CARTESIAN_POINT('Ctrl Pts',(-87.9234604089658,-99.6234597112186,-46.5459747904263));
#8350=CARTESIAN_POINT('Ctrl Pts',(-87.9234604089658,19.5,-46.5459747904263));
#8351=CARTESIAN_POINT('Ctrl Pts',(-87.9234604089657,138.623459711219,-46.5459747904263));
#8352=CARTESIAN_POINT('Ctrl Pts',(31.1999993022529,138.623459711219,-46.5459747904262));
#8353=CARTESIAN_POINT('Ctrl Pts',(150.323459013472,138.623459711219,-46.5459747904262));
#8354=CARTESIAN_POINT('Ctrl Pts',(150.323459013472,19.5,-46.5459747904262));
#8355=CARTESIAN_POINT('Ctrl Pts',(150.273370611566,19.5,-46.7812100924985));
#8356=CARTESIAN_POINT('Ctrl Pts',(150.273370611566,-99.5733713093131,-46.7812100924985));
#8357=CARTESIAN_POINT('Ctrl Pts',(31.1999993022529,-99.5733713093131,-46.7812100924986));
#8358=CARTESIAN_POINT('Ctrl Pts',(-87.8733720070602,-99.5733713093131,-46.7812100924986));
#8359=CARTESIAN_POINT('Ctrl Pts',(-87.8733720070602,19.5,-46.7812100924986));
#8360=CARTESIAN_POINT('Ctrl Pts',(-87.8733720070602,138.573371309313,-46.7812100924986));
#8361=CARTESIAN_POINT('Ctrl Pts',(31.1999993022529,138.573371309313,-46.7812100924986));
#8362=CARTESIAN_POINT('Ctrl Pts',(150.273370611566,138.573371309313,-46.7812100924985));
#8363=CARTESIAN_POINT('Ctrl Pts',(150.273370611566,19.5,-46.7812100924985));
#8364=CARTESIAN_POINT('Ctrl Pts',(150.241746769718,19.5,-46.9261484306929));
#8365=CARTESIAN_POINT('Ctrl Pts',(150.241746769718,-99.5417474674655,-46.9261484306929));
#8366=CARTESIAN_POINT('Ctrl Pts',(31.1999993022529,-99.5417474674655,-46.926148430693));
#8367=CARTESIAN_POINT('Ctrl Pts',(-87.8417481652126,-99.5417474674655,-46.926148430693));
#8368=CARTESIAN_POINT('Ctrl Pts',(-87.8417481652126,19.5,-46.926148430693));
#8369=CARTESIAN_POINT('Ctrl Pts',(-87.8417481652126,138.541747467466,-46.926148430693));
#8370=CARTESIAN_POINT('Ctrl Pts',(31.1999993022529,138.541747467466,-46.926148430693));
#8371=CARTESIAN_POINT('Ctrl Pts',(150.241746769718,138.541747467466,-46.9261484306929));
#8372=CARTESIAN_POINT('Ctrl Pts',(150.241746769718,19.5,-46.9261484306929));
#8373=CARTESIAN_POINT('Ctrl Pts',(150.226377141273,19.5,-46.9956450508921));
#8374=CARTESIAN_POINT('Ctrl Pts',(150.226377141273,-99.52637783902,-46.9956450508921));
#8375=CARTESIAN_POINT('Ctrl Pts',(31.1999993022529,-99.52637783902,-46.9956450508922));
#8376=CARTESIAN_POINT('Ctrl Pts',(-87.8263785367672,-99.52637783902,-46.9956450508922));
#8377=CARTESIAN_POINT('Ctrl Pts',(-87.8263785367672,19.5,-46.9956450508922));
#8378=CARTESIAN_POINT('Ctrl Pts',(-87.8263785367671,138.52637783902,-46.9956450508922));
#8379=CARTESIAN_POINT('Ctrl Pts',(31.1999993022529,138.52637783902,-46.9956450508922));
#8380=CARTESIAN_POINT('Ctrl Pts',(150.226377141273,138.52637783902,-46.9956450508921));
#8381=CARTESIAN_POINT('Ctrl Pts',(150.226377141273,19.5,-46.9956450508921));
#8382=CARTESIAN_POINT('Origin',(31.1999993022529,19.5,-34.582953206041));
#8383=CARTESIAN_POINT('',(-88.178652074561,19.5,-34.582953206041));
#8384=UNCERTAINTY_MEASURE_WITH_UNIT(LENGTH_MEASURE(0.01),#8388,
'DISTANCE_ACCURACY_VALUE',
'Maximum model space distance between geometric entities at asserted c
onnectivities');
#8385=UNCERTAINTY_MEASURE_WITH_UNIT(LENGTH_MEASURE(0.01),#8388,
'DISTANCE_ACCURACY_VALUE',
'Maximum model space distance between geometric entities at asserted c
onnectivities');
#8386=(
GEOMETRIC_REPRESENTATION_CONTEXT(3)
GLOBAL_UNCERTAINTY_ASSIGNED_CONTEXT((#8384))
GLOBAL_UNIT_ASSIGNED_CONTEXT((#8388,#8389,#8390))
REPRESENTATION_CONTEXT('','3D')
);
#8387=(
GEOMETRIC_REPRESENTATION_CONTEXT(3)
GLOBAL_UNCERTAINTY_ASSIGNED_CONTEXT((#8385))
GLOBAL_UNIT_ASSIGNED_CONTEXT((#8388,#8389,#8390))
REPRESENTATION_CONTEXT('','3D')
);
#8388=(
LENGTH_UNIT()
NAMED_UNIT(*)
SI_UNIT(.MILLI.,.METRE.)
);
#8389=(
NAMED_UNIT(*)
PLANE_ANGLE_UNIT()
SI_UNIT($,.RADIAN.)
);
#8390=(
NAMED_UNIT(*)
SI_UNIT($,.STERADIAN.)
SOLID_ANGLE_UNIT()
);
#8391=SHAPE_DEFINITION_REPRESENTATION(#8392,#8393);
#8392=PRODUCT_DEFINITION_SHAPE('',$,#8395);
#8393=SHAPE_REPRESENTATION('',(#3743),#8386);
#8394=PRODUCT_DEFINITION_CONTEXT('part definition',#8399,'design');
#8395=PRODUCT_DEFINITION('Configuration 1','Senso v45',#8396,#8394);
#8396=PRODUCT_DEFINITION_FORMATION('',$,#8401);
#8397=PRODUCT_RELATED_PRODUCT_CATEGORY('Senso v45','Senso v45',(#8401));
#8398=APPLICATION_PROTOCOL_DEFINITION('international standard',
'automotive_design',2009,#8399);
#8399=APPLICATION_CONTEXT(
'Core Data for Automotive Mechanical Design Process');
#8400=PRODUCT_CONTEXT('part definition',#8399,'mechanical');
#8401=PRODUCT('Configuration 1','Senso v45',$,(#8400));
#8402=PRESENTATION_STYLE_ASSIGNMENT((#8407));
#8403=PRESENTATION_STYLE_ASSIGNMENT((#8408));
#8404=PRESENTATION_STYLE_ASSIGNMENT((#8409));
#8405=PRESENTATION_STYLE_ASSIGNMENT((#8410));
#8406=PRESENTATION_STYLE_ASSIGNMENT((#8411));
#8407=SURFACE_STYLE_USAGE(.BOTH.,#8412);
#8408=SURFACE_STYLE_USAGE(.BOTH.,#8413);
#8409=SURFACE_STYLE_USAGE(.BOTH.,#8414);
#8410=SURFACE_STYLE_USAGE(.BOTH.,#8415);
#8411=SURFACE_STYLE_USAGE(.BOTH.,#8416);
#8412=SURFACE_SIDE_STYLE('',(#8417));
#8413=SURFACE_SIDE_STYLE('',(#8418));
#8414=SURFACE_SIDE_STYLE('',(#8419));
#8415=SURFACE_SIDE_STYLE('',(#8420));
#8416=SURFACE_SIDE_STYLE('',(#8421));
#8417=SURFACE_STYLE_FILL_AREA(#8422);
#8418=SURFACE_STYLE_FILL_AREA(#8423);
#8419=SURFACE_STYLE_FILL_AREA(#8424);
#8420=SURFACE_STYLE_FILL_AREA(#8425);
#8421=SURFACE_STYLE_FILL_AREA(#8426);
#8422=FILL_AREA_STYLE('Silver (Solder)',(#8427));
#8423=FILL_AREA_STYLE('Silver (Other)',(#8428));
#8424=FILL_AREA_STYLE('Capacitor (Granite)',(#8429));
#8425=FILL_AREA_STYLE('Steel - Satin',(#8430));
#8426=FILL_AREA_STYLE('black50',(#8431));
#8427=FILL_AREA_STYLE_COLOUR('Silver (Solder)',#8432);
#8428=FILL_AREA_STYLE_COLOUR('Silver (Other)',#8433);
#8429=FILL_AREA_STYLE_COLOUR('Capacitor (Granite)',#8434);
#8430=FILL_AREA_STYLE_COLOUR('Steel - Satin',#8435);
#8431=FILL_AREA_STYLE_COLOUR('black50',#8436);
#8432=COLOUR_RGB('Silver (Solder)',0.984313725490196,0.980392156862745,
0.96078431372549);
#8433=COLOUR_RGB('Silver (Other)',0.984313725490196,0.980392156862745,0.96078431372549);
#8434=COLOUR_RGB('Capacitor (Granite)',0.,0.,0.);
#8435=COLOUR_RGB('Steel - Satin',0.627450980392157,0.627450980392157,0.627450980392157);
#8436=COLOUR_RGB('black50',0.196078431372549,0.196078431372549,0.196078431372549);
ENDSEC;
END-ISO-10303-21;
